Cluster,Activity_Rank,Risk_Level,Pixel_Count,Percentage,Mean_Hotspot_Frequency,Median_Hotspot_Frequency,Std_Hotspot_Frequency,Min_Hotspot_Frequency,Max_Hotspot_Frequency,Mean_FRP_Max,Median_FRP_Max,Std_FRP_Max,Min_FRP_Max,Max_FRP_Max,Ranking_Basis,Interpretation_Short,Interpretation
1,1.0,Very High,37,0.18365928720341507,5.0,5.0,0.0,5,5,12.955945945945945,11.69,3.9201788929272796,6.72,20.37,"Ranked by Hotspot Frequency (5.00), FRP (12.96), Pixel Count (37, 0.18% of dataset).",Highest Wildfire Priority,"Very high wildfire activity. This cluster ranks #1 with the highest hotspot frequency (5.00) and strong fire radiative power (12.96). The cluster contains 37 pixels (0.18% of all observations). This area should be considered the highest priority for wildfire prevention, monitoring, and mitigation."
2,2.0,Very High,75,0.37228233892584134,4.0,4.0,0.0,4,4,11.365066666666667,11.93,3.6607089748023136,4.21,20.99,"Ranked by Hotspot Frequency (4.00), FRP (11.37), Pixel Count (75, 0.37% of dataset).",Highest Wildfire Priority,"Very high wildfire activity. This cluster ranks #2 with the highest hotspot frequency (4.00) and strong fire radiative power (11.37). The cluster contains 75 pixels (0.37% of all observations). This area should be considered the highest priority for wildfire prevention, monitoring, and mitigation."
17,3.0,Very High,36,0.17869552268440386,3.0,3.0,0.0,3,3,24.075555555555557,24.3,1.0435418930448759,22.39,25.7,"Ranked by Hotspot Frequency (3.00), FRP (24.08), Pixel Count (36, 0.18% of dataset).",Highest Wildfire Priority,"Very high wildfire activity. This cluster ranks #3 with the highest hotspot frequency (3.00) and strong fire radiative power (24.08). The cluster contains 36 pixels (0.18% of all observations). This area should be considered the highest priority for wildfire prevention, monitoring, and mitigation."
18,4.0,Very High,273,1.3551077136900627,3.0,3.0,0.0,3,3,11.526556776556777,11.11,4.054913578615038,5.17,20.99,"Ranked by Hotspot Frequency (3.00), FRP (11.53), Pixel Count (273, 1.36% of dataset).",Highest Wildfire Priority,"Very high wildfire activity. This cluster ranks #4 with the highest hotspot frequency (3.00) and strong fire radiative power (11.53). The cluster contains 273 pixels (1.36% of all observations). This area should be considered the highest priority for wildfire prevention, monitoring, and mitigation."
3,5.0,Very High,58,0.28789834210265064,2.0,2.0,0.0,2,2,75.80241379310345,74.05,3.899150294455662,65.62,83.65,"Ranked by Hotspot Frequency (2.00), FRP (75.80), Pixel Count (58, 0.29% of dataset).",Highest Wildfire Priority,"Very high wildfire activity. This cluster ranks #5 with the highest hotspot frequency (2.00) and strong fire radiative power (75.80). The cluster contains 58 pixels (0.29% of all observations). This area should be considered the highest priority for wildfire prevention, monitoring, and mitigation."
22,6.0,Very High,52,0.2581157549885833,2.0,2.0,0.0,2,2,38.66423076923077,38.315,0.9384328742253476,37.09,40.17,"Ranked by Hotspot Frequency (2.00), FRP (38.66), Pixel Count (52, 0.26% of dataset).",Highest Wildfire Priority,"Very high wildfire activity. This cluster ranks #6 with the highest hotspot frequency (2.00) and strong fire radiative power (38.66). The cluster contains 52 pixels (0.26% of all observations). This area should be considered the highest priority for wildfire prevention, monitoring, and mitigation."
21,7.0,Very High,31,0.15387670008934776,2.0,2.0,0.0,2,2,35.84322580645161,35.8,0.34008221649844533,35.08,36.37,"Ranked by Hotspot Frequency (2.00), FRP (35.84), Pixel Count (31, 0.15% of dataset).",Highest Wildfire Priority,"Very high wildfire activity. This cluster ranks #7 with the highest hotspot frequency (2.00) and strong fire radiative power (35.84). The cluster contains 31 pixels (0.15% of all observations). This area should be considered the highest priority for wildfire prevention, monitoring, and mitigation."
37,8.0,Very High,124,0.615506800357391,2.0,2.0,0.0,2,2,26.483709677419355,25.87,1.2438208035928264,24.71,28.87,"Ranked by Hotspot Frequency (2.00), FRP (26.48), Pixel Count (124, 0.62% of dataset).",Highest Wildfire Priority,"Very high wildfire activity. This cluster ranks #8 with the highest hotspot frequency (2.00) and strong fire radiative power (26.48). The cluster contains 124 pixels (0.62% of all observations). This area should be considered the highest priority for wildfire prevention, monitoring, and mitigation."
36,9.0,Very High,31,0.15387670008934776,2.0,2.0,0.0,2,2,23.743225806451612,23.81,0.24371276942026326,23.22,24.17,"Ranked by Hotspot Frequency (2.00), FRP (23.74), Pixel Count (31, 0.15% of dataset).",Highest Wildfire Priority,"Very high wildfire activity. This cluster ranks #9 with the highest hotspot frequency (2.00) and strong fire radiative power (23.74). The cluster contains 31 pixels (0.15% of all observations). This area should be considered the highest priority for wildfire prevention, monitoring, and mitigation."
50,10.0,Very High,170,0.843839968231907,2.0,2.0,0.0,2,2,19.97470588235294,19.95,0.8157155906425115,18.53,21.41,"Ranked by Hotspot Frequency (2.00), FRP (19.97), Pixel Count (170, 0.84% of dataset).",Highest Wildfire Priority,"Very high wildfire activity. This cluster ranks #10 with the highest hotspot frequency (2.00) and strong fire radiative power (19.97). The cluster contains 170 pixels (0.84% of all observations). This area should be considered the highest priority for wildfire prevention, monitoring, and mitigation."
79,11.0,Very High,36,0.17869552268440386,2.0,2.0,0.0,2,2,16.74972222222222,16.7,0.26133160227803803,16.25,17.22,"Ranked by Hotspot Frequency (2.00), FRP (16.75), Pixel Count (36, 0.18% of dataset).",Highest Wildfire Priority,"Very high wildfire activity. This cluster ranks #11 with the highest hotspot frequency (2.00) and strong fire radiative power (16.75). The cluster contains 36 pixels (0.18% of all observations). This area should be considered the highest priority for wildfire prevention, monitoring, and mitigation."
80,12.0,Very High,52,0.2581157549885833,2.0,2.0,0.0,2,2,15.886538461538462,15.945,0.14993965603698292,15.58,16.1,"Ranked by Hotspot Frequency (2.00), FRP (15.89), Pixel Count (52, 0.26% of dataset).",Highest Wildfire Priority,"Very high wildfire activity. This cluster ranks #12 with the highest hotspot frequency (2.00) and strong fire radiative power (15.89). The cluster contains 52 pixels (0.26% of all observations). This area should be considered the highest priority for wildfire prevention, monitoring, and mitigation."
91,13.0,Very High,32,0.15884046460835896,2.0,2.0,0.0,2,2,14.908750000000001,14.9,0.0965785657112319,14.68,15.06,"Ranked by Hotspot Frequency (2.00), FRP (14.91), Pixel Count (32, 0.16% of dataset).",Highest Wildfire Priority,"Very high wildfire activity. This cluster ranks #13 with the highest hotspot frequency (2.00) and strong fire radiative power (14.91). The cluster contains 32 pixels (0.16% of all observations). This area should be considered the highest priority for wildfire prevention, monitoring, and mitigation."
90,14.0,Very High,26,0.12905787749429165,2.0,2.0,0.0,2,2,14.314615384615385,14.3,0.08065882564137755,14.21,14.49,"Ranked by Hotspot Frequency (2.00), FRP (14.31), Pixel Count (26, 0.13% of dataset).",Highest Wildfire Priority,"Very high wildfire activity. This cluster ranks #14 with the highest hotspot frequency (2.00) and strong fire radiative power (14.31). The cluster contains 26 pixels (0.13% of all observations). This area should be considered the highest priority for wildfire prevention, monitoring, and mitigation."
111,15.0,Very High,34,0.16876799364638143,2.0,2.0,0.0,2,2,13.513235294117647,13.545,0.09030992388957712,13.24,13.62,"Ranked by Hotspot Frequency (2.00), FRP (13.51), Pixel Count (34, 0.17% of dataset).",Highest Wildfire Priority,"Very high wildfire activity. This cluster ranks #15 with the highest hotspot frequency (2.00) and strong fire radiative power (13.51). The cluster contains 34 pixels (0.17% of all observations). This area should be considered the highest priority for wildfire prevention, monitoring, and mitigation."
112,16.0,Very High,81,0.4020649260399086,2.0,2.0,0.0,2,2,12.950740740740741,12.96,0.13378880537789506,12.72,13.18,"Ranked by Hotspot Frequency (2.00), FRP (12.95), Pixel Count (81, 0.40% of dataset).",Highest Wildfire Priority,"Very high wildfire activity. This cluster ranks #16 with the highest hotspot frequency (2.00) and strong fire radiative power (12.95). The cluster contains 81 pixels (0.40% of all observations). This area should be considered the highest priority for wildfire prevention, monitoring, and mitigation."
195,17.0,Very High,28,0.13898540653231412,2.0,2.0,0.0,2,2,12.293571428571427,12.32,0.06533187559112268,12.18,12.36,"Ranked by Hotspot Frequency (2.00), FRP (12.29), Pixel Count (28, 0.14% of dataset).",Highest Wildfire Priority,"Very high wildfire activity. This cluster ranks #17 with the highest hotspot frequency (2.00) and strong fire radiative power (12.29). The cluster contains 28 pixels (0.14% of all observations). This area should be considered the highest priority for wildfire prevention, monitoring, and mitigation."
216,18.0,Very High,160,0.7942023230417949,2.0,2.0,0.0,2,2,11.446250000000001,11.46,0.37893055403315534,10.67,12.05,"Ranked by Hotspot Frequency (2.00), FRP (11.45), Pixel Count (160, 0.79% of dataset).",Highest Wildfire Priority,"Very high wildfire activity. This cluster ranks #18 with the highest hotspot frequency (2.00) and strong fire radiative power (11.45). The cluster contains 160 pixels (0.79% of all observations). This area should be considered the highest priority for wildfire prevention, monitoring, and mitigation."
262,19.0,Very High,71,0.35242728084979646,2.0,2.0,0.0,2,2,9.780985915492959,9.77,0.1564896612703441,9.46,10.1,"Ranked by Hotspot Frequency (2.00), FRP (9.78), Pixel Count (71, 0.35% of dataset).",Highest Wildfire Priority,"Very high wildfire activity. This cluster ranks #19 with the highest hotspot frequency (2.00) and strong fire radiative power (9.78). The cluster contains 71 pixels (0.35% of all observations). This area should be considered the highest priority for wildfire prevention, monitoring, and mitigation."
284,20.0,Very High,57,0.28293457758363943,2.0,2.0,0.0,2,2,9.141929824561403,9.13,0.055370137532119515,9.04,9.29,"Ranked by Hotspot Frequency (2.00), FRP (9.14), Pixel Count (57, 0.28% of dataset).",Highest Wildfire Priority,"Very high wildfire activity. This cluster ranks #20 with the highest hotspot frequency (2.00) and strong fire radiative power (9.14). The cluster contains 57 pixels (0.28% of all observations). This area should be considered the highest priority for wildfire prevention, monitoring, and mitigation."
285,21.0,Very High,56,0.27797081306462823,2.0,2.0,0.0,2,2,8.849464285714285,8.86,0.05093381241133721,8.75,8.95,"Ranked by Hotspot Frequency (2.00), FRP (8.85), Pixel Count (56, 0.28% of dataset).",Highest Wildfire Priority,"Very high wildfire activity. This cluster ranks #21 with the highest hotspot frequency (2.00) and strong fire radiative power (8.85). The cluster contains 56 pixels (0.28% of all observations). This area should be considered the highest priority for wildfire prevention, monitoring, and mitigation."
294,22.0,Very High,54,0.26804328402660577,2.0,2.0,0.0,2,2,8.225925925925926,8.24,0.04795904378948642,8.14,8.31,"Ranked by Hotspot Frequency (2.00), FRP (8.23), Pixel Count (54, 0.27% of dataset).",Highest Wildfire Priority,"Very high wildfire activity. This cluster ranks #22 with the highest hotspot frequency (2.00) and strong fire radiative power (8.23). The cluster contains 54 pixels (0.27% of all observations). This area should be considered the highest priority for wildfire prevention, monitoring, and mitigation."
293,23.0,Very High,45,0.22336940335550481,2.0,2.0,0.0,2,2,7.982444444444444,7.98,0.04259511045112356,7.91,8.06,"Ranked by Hotspot Frequency (2.00), FRP (7.98), Pixel Count (45, 0.22% of dataset).",Highest Wildfire Priority,"Very high wildfire activity. This cluster ranks #23 with the highest hotspot frequency (2.00) and strong fire radiative power (7.98). The cluster contains 45 pixels (0.22% of all observations). This area should be considered the highest priority for wildfire prevention, monitoring, and mitigation."
328,24.0,Very High,44,0.21840563883649358,2.0,2.0,0.0,2,2,7.51,7.52,0.08296819228012982,7.38,7.65,"Ranked by Hotspot Frequency (2.00), FRP (7.51), Pixel Count (44, 0.22% of dataset).",Highest Wildfire Priority,"Very high wildfire activity. This cluster ranks #24 with the highest hotspot frequency (2.00) and strong fire radiative power (7.51). The cluster contains 44 pixels (0.22% of all observations). This area should be considered the highest priority for wildfire prevention, monitoring, and mitigation."
331,25.0,Very High,37,0.18365928720341507,2.0,2.0,0.0,2,2,7.255405405405405,7.25,0.0668993686481825,7.17,7.34,"Ranked by Hotspot Frequency (2.00), FRP (7.26), Pixel Count (37, 0.18% of dataset).",Highest Wildfire Priority,"Very high wildfire activity. This cluster ranks #25 with the highest hotspot frequency (2.00) and strong fire radiative power (7.26). The cluster contains 37 pixels (0.18% of all observations). This area should be considered the highest priority for wildfire prevention, monitoring, and mitigation."
332,26.0,Very High,46,0.22833316787451602,2.0,2.0,0.0,2,2,6.973478260869564,7.0,0.054902636702695774,6.88,7.05,"Ranked by Hotspot Frequency (2.00), FRP (6.97), Pixel Count (46, 0.23% of dataset).",Highest Wildfire Priority,"Very high wildfire activity. This cluster ranks #26 with the highest hotspot frequency (2.00) and strong fire radiative power (6.97). The cluster contains 46 pixels (0.23% of all observations). This area should be considered the highest priority for wildfire prevention, monitoring, and mitigation."
333,27.0,Very High,46,0.22833316787451602,2.0,2.0,0.0,2,2,6.637608695652173,6.62,0.0598956419341615,6.56,6.81,"Ranked by Hotspot Frequency (2.00), FRP (6.64), Pixel Count (46, 0.23% of dataset).",Highest Wildfire Priority,"Very high wildfire activity. This cluster ranks #27 with the highest hotspot frequency (2.00) and strong fire radiative power (6.64). The cluster contains 46 pixels (0.23% of all observations). This area should be considered the highest priority for wildfire prevention, monitoring, and mitigation."
309,28.0,Very High,77,0.3822098679638638,2.0,2.0,0.0,2,2,6.343376623376623,6.32,0.08058356874454171,6.19,6.51,"Ranked by Hotspot Frequency (2.00), FRP (6.34), Pixel Count (77, 0.38% of dataset).",Highest Wildfire Priority,"Very high wildfire activity. This cluster ranks #28 with the highest hotspot frequency (2.00) and strong fire radiative power (6.34). The cluster contains 77 pixels (0.38% of all observations). This area should be considered the highest priority for wildfire prevention, monitoring, and mitigation."
302,29.0,Very High,70,0.34746351633078526,2.0,2.0,0.0,2,2,5.957,5.99,0.08691741874422766,5.78,6.11,"Ranked by Hotspot Frequency (2.00), FRP (5.96), Pixel Count (70, 0.35% of dataset).",Highest Wildfire Priority,"Very high wildfire activity. This cluster ranks #29 with the highest hotspot frequency (2.00) and strong fire radiative power (5.96). The cluster contains 70 pixels (0.35% of all observations). This area should be considered the highest priority for wildfire prevention, monitoring, and mitigation."
287,30.0,Very High,148,0.7346371488136603,2.0,2.0,0.0,2,2,5.234324324324324,5.27,0.19615058134189867,4.86,5.58,"Ranked by Hotspot Frequency (2.00), FRP (5.23), Pixel Count (148, 0.73% of dataset).",Highest Wildfire Priority,"Very high wildfire activity. This cluster ranks #30 with the highest hotspot frequency (2.00) and strong fire radiative power (5.23). The cluster contains 148 pixels (0.73% of all observations). This area should be considered the highest priority for wildfire prevention, monitoring, and mitigation."
286,31.0,Very High,75,0.37228233892584134,2.0,2.0,0.0,2,2,4.520933333333333,4.53,0.13510929843102046,4.27,4.77,"Ranked by Hotspot Frequency (2.00), FRP (4.52), Pixel Count (75, 0.37% of dataset).",Highest Wildfire Priority,"Very high wildfire activity. This cluster ranks #31 with the highest hotspot frequency (2.00) and strong fire radiative power (4.52). The cluster contains 75 pixels (0.37% of all observations). This area should be considered the highest priority for wildfire prevention, monitoring, and mitigation."
210,32.0,Very High,105,0.5211952744961779,2.0,2.0,0.0,2,2,3.7537142857142856,3.77,0.2098316960312256,3.37,4.08,"Ranked by Hotspot Frequency (2.00), FRP (3.75), Pixel Count (105, 0.52% of dataset).",Highest Wildfire Priority,"Very high wildfire activity. This cluster ranks #32 with the highest hotspot frequency (2.00) and strong fire radiative power (3.75). The cluster contains 105 pixels (0.52% of all observations). This area should be considered the highest priority for wildfire prevention, monitoring, and mitigation."
0,33.0,Very High,28,0.13898540653231412,1.0,1.0,0.0,1,1,108.79214285714285,107.81,4.5617900621826735,96.64,114.52,"Ranked by Hotspot Frequency (1.00), FRP (108.79), Pixel Count (28, 0.14% of dataset).",Highest Wildfire Priority,"Very high wildfire activity. This cluster ranks #33 with the highest hotspot frequency (1.00) and strong fire radiative power (108.79). The cluster contains 28 pixels (0.14% of all observations). This area should be considered the highest priority for wildfire prevention, monitoring, and mitigation."
4,34.0,Very High,48,0.23826069691253848,1.0,1.0,0.0,1,1,76.00125,76.69,3.0462447234084156,70.36,79.97,"Ranked by Hotspot Frequency (1.00), FRP (76.00), Pixel Count (48, 0.24% of dataset).",Highest Wildfire Priority,"Very high wildfire activity. This cluster ranks #34 with the highest hotspot frequency (1.00) and strong fire radiative power (76.00). The cluster contains 48 pixels (0.24% of all observations). This area should be considered the highest priority for wildfire prevention, monitoring, and mitigation."
5,35.0,Very High,55,0.27300704854561697,1.0,1.0,0.0,1,1,64.63945454545454,65.07,2.1790444883376985,61.0,68.61,"Ranked by Hotspot Frequency (1.00), FRP (64.64), Pixel Count (55, 0.27% of dataset).",Highest Wildfire Priority,"Very high wildfire activity. This cluster ranks #35 with the highest hotspot frequency (1.00) and strong fire radiative power (64.64). The cluster contains 55 pixels (0.27% of all observations). This area should be considered the highest priority for wildfire prevention, monitoring, and mitigation."
6,36.0,Very High,44,0.21840563883649358,1.0,1.0,0.0,1,1,56.38863636363636,56.230000000000004,1.0898956444798862,55.06,57.79,"Ranked by Hotspot Frequency (1.00), FRP (56.39), Pixel Count (44, 0.22% of dataset).",Highest Wildfire Priority,"Very high wildfire activity. This cluster ranks #36 with the highest hotspot frequency (1.00) and strong fire radiative power (56.39). The cluster contains 44 pixels (0.22% of all observations). This area should be considered the highest priority for wildfire prevention, monitoring, and mitigation."
7,37.0,Very High,43,0.21344187431748238,1.0,1.0,0.0,1,1,51.387674418604654,51.71,0.5767430607640932,49.96,51.92,"Ranked by Hotspot Frequency (1.00), FRP (51.39), Pixel Count (43, 0.21% of dataset).",Highest Wildfire Priority,"Very high wildfire activity. This cluster ranks #37 with the highest hotspot frequency (1.00) and strong fire radiative power (51.39). The cluster contains 43 pixels (0.21% of all observations). This area should be considered the highest priority for wildfire prevention, monitoring, and mitigation."
9,38.0,Very High,35,0.17373175816539263,1.0,1.0,0.0,1,1,48.16571428571429,48.14,0.29822302860429073,47.54,48.51,"Ranked by Hotspot Frequency (1.00), FRP (48.17), Pixel Count (35, 0.17% of dataset).",Highest Wildfire Priority,"Very high wildfire activity. This cluster ranks #38 with the highest hotspot frequency (1.00) and strong fire radiative power (48.17). The cluster contains 35 pixels (0.17% of all observations). This area should be considered the highest priority for wildfire prevention, monitoring, and mitigation."
10,39.0,Very High,76,0.37724610344485254,1.0,1.0,0.0,1,1,45.50092105263158,45.32,0.40604819954148114,44.99,46.63,"Ranked by Hotspot Frequency (1.00), FRP (45.50), Pixel Count (76, 0.38% of dataset).",Highest Wildfire Priority,"Very high wildfire activity. This cluster ranks #39 with the highest hotspot frequency (1.00) and strong fire radiative power (45.50). The cluster contains 76 pixels (0.38% of all observations). This area should be considered the highest priority for wildfire prevention, monitoring, and mitigation."
8,40.0,Very High,49,0.2432244614315497,1.0,1.0,0.0,1,1,42.81285714285714,42.83,0.23746052303488127,41.95,43.09,"Ranked by Hotspot Frequency (1.00), FRP (42.81), Pixel Count (49, 0.24% of dataset).",Highest Wildfire Priority,"Very high wildfire activity. This cluster ranks #40 with the highest hotspot frequency (1.00) and strong fire radiative power (42.81). The cluster contains 49 pixels (0.24% of all observations). This area should be considered the highest priority for wildfire prevention, monitoring, and mitigation."
11,41.0,Very High,34,0.16876799364638143,1.0,1.0,0.0,1,1,41.194411764705876,41.16,0.17243692173838177,40.95,41.37,"Ranked by Hotspot Frequency (1.00), FRP (41.19), Pixel Count (34, 0.17% of dataset).",Highest Wildfire Priority,"Very high wildfire activity. This cluster ranks #41 with the highest hotspot frequency (1.00) and strong fire radiative power (41.19). The cluster contains 34 pixels (0.17% of all observations). This area should be considered the highest priority for wildfire prevention, monitoring, and mitigation."
12,42.0,Very High,49,0.2432244614315497,1.0,1.0,0.0,1,1,40.2604081632653,40.4,0.23712654132053465,39.83,40.51,"Ranked by Hotspot Frequency (1.00), FRP (40.26), Pixel Count (49, 0.24% of dataset).",Highest Wildfire Priority,"Very high wildfire activity. This cluster ranks #42 with the highest hotspot frequency (1.00) and strong fire radiative power (40.26). The cluster contains 49 pixels (0.24% of all observations). This area should be considered the highest priority for wildfire prevention, monitoring, and mitigation."
16,43.0,High,44,0.21840563883649358,1.0,1.0,0.0,1,1,38.986590909090914,39.09,0.17940396383863216,38.76,39.3,"Ranked by Hotspot Frequency (1.00), FRP (38.99), Pixel Count (44, 0.22% of dataset).",High Wildfire Activity,High wildfire activity. This cluster ranks #43 with high hotspot occurrence (1.00) and elevated fire radiative power (38.99). The cluster represents 44 pixels (0.22% of the dataset). Preventive monitoring is strongly recommended.
15,44.0,High,95,0.4715576293060657,1.0,1.0,0.0,1,1,38.0801052631579,38.16,0.25422177759989084,37.54,38.41,"Ranked by Hotspot Frequency (1.00), FRP (38.08), Pixel Count (95, 0.47% of dataset).",High Wildfire Activity,High wildfire activity. This cluster ranks #44 with high hotspot occurrence (1.00) and elevated fire radiative power (38.08). The cluster represents 95 pixels (0.47% of the dataset). Preventive monitoring is strongly recommended.
13,45.0,High,46,0.22833316787451602,1.0,1.0,0.0,1,1,36.41956521739131,36.52,0.16961337108899838,36.17,36.59,"Ranked by Hotspot Frequency (1.00), FRP (36.42), Pixel Count (46, 0.23% of dataset).",High Wildfire Activity,High wildfire activity. This cluster ranks #45 with high hotspot occurrence (1.00) and elevated fire radiative power (36.42). The cluster represents 46 pixels (0.23% of the dataset). Preventive monitoring is strongly recommended.
14,46.0,High,31,0.15387670008934776,1.0,1.0,0.0,1,1,35.730322580645165,35.7,0.0936121028844658,35.59,35.86,"Ranked by Hotspot Frequency (1.00), FRP (35.73), Pixel Count (31, 0.15% of dataset).",High Wildfire Activity,High wildfire activity. This cluster ranks #46 with high hotspot occurrence (1.00) and elevated fire radiative power (35.73). The cluster represents 31 pixels (0.15% of the dataset). Preventive monitoring is strongly recommended.
20,47.0,High,44,0.21840563883649358,1.0,1.0,0.0,1,1,34.2075,34.2,0.17055484012003674,33.95,34.45,"Ranked by Hotspot Frequency (1.00), FRP (34.21), Pixel Count (44, 0.22% of dataset).",High Wildfire Activity,High wildfire activity. This cluster ranks #47 with high hotspot occurrence (1.00) and elevated fire radiative power (34.21). The cluster represents 44 pixels (0.22% of the dataset). Preventive monitoring is strongly recommended.
19,48.0,High,38,0.18862305172242627,1.0,1.0,0.0,1,1,33.45368421052632,33.43,0.08826927636137107,33.36,33.7,"Ranked by Hotspot Frequency (1.00), FRP (33.45), Pixel Count (38, 0.19% of dataset).",High Wildfire Activity,High wildfire activity. This cluster ranks #48 with high hotspot occurrence (1.00) and elevated fire radiative power (33.45). The cluster represents 38 pixels (0.19% of the dataset). Preventive monitoring is strongly recommended.
24,49.0,High,36,0.17869552268440386,1.0,1.0,0.0,1,1,31.35722222222222,31.34,0.19407820384151636,31.03,31.62,"Ranked by Hotspot Frequency (1.00), FRP (31.36), Pixel Count (36, 0.18% of dataset).",High Wildfire Activity,High wildfire activity. This cluster ranks #49 with high hotspot occurrence (1.00) and elevated fire radiative power (31.36). The cluster represents 36 pixels (0.18% of the dataset). Preventive monitoring is strongly recommended.
25,50.0,High,52,0.2581157549885833,1.0,1.0,0.0,1,1,30.236923076923077,30.275,0.2648901989433157,29.89,30.73,"Ranked by Hotspot Frequency (1.00), FRP (30.24), Pixel Count (52, 0.26% of dataset).",High Wildfire Activity,High wildfire activity. This cluster ranks #50 with high hotspot occurrence (1.00) and elevated fire radiative power (30.24). The cluster represents 52 pixels (0.26% of the dataset). Preventive monitoring is strongly recommended.
23,51.0,High,42,0.20847810979847115,1.0,1.0,0.0,1,1,29.315714285714286,29.3,0.10502364094238258,29.19,29.57,"Ranked by Hotspot Frequency (1.00), FRP (29.32), Pixel Count (42, 0.21% of dataset).",High Wildfire Activity,High wildfire activity. This cluster ranks #51 with high hotspot occurrence (1.00) and elevated fire radiative power (29.32). The cluster represents 42 pixels (0.21% of the dataset). Preventive monitoring is strongly recommended.
28,52.0,High,53,0.26307951950759456,1.0,1.0,0.0,1,1,28.690377358490565,28.67,0.08761722398616516,28.58,28.82,"Ranked by Hotspot Frequency (1.00), FRP (28.69), Pixel Count (53, 0.26% of dataset).",High Wildfire Activity,High wildfire activity. This cluster ranks #52 with high hotspot occurrence (1.00) and elevated fire radiative power (28.69). The cluster represents 53 pixels (0.26% of the dataset). Preventive monitoring is strongly recommended.
27,53.0,High,42,0.20847810979847115,1.0,1.0,0.0,1,1,28.324761904761903,28.33,0.05768873987597943,28.25,28.41,"Ranked by Hotspot Frequency (1.00), FRP (28.32), Pixel Count (42, 0.21% of dataset).",High Wildfire Activity,High wildfire activity. This cluster ranks #53 with high hotspot occurrence (1.00) and elevated fire radiative power (28.32). The cluster represents 42 pixels (0.21% of the dataset). Preventive monitoring is strongly recommended.
26,54.0,High,29,0.14394917105132532,1.0,1.0,0.0,1,1,27.215862068965517,27.17,0.09689896215643894,27.08,27.38,"Ranked by Hotspot Frequency (1.00), FRP (27.22), Pixel Count (29, 0.14% of dataset).",High Wildfire Activity,High wildfire activity. This cluster ranks #54 with high hotspot occurrence (1.00) and elevated fire radiative power (27.22). The cluster represents 29 pixels (0.14% of the dataset). Preventive monitoring is strongly recommended.
29,55.0,High,89,0.4417750421919984,1.0,1.0,0.0,1,1,26.41932584269663,26.43,0.2540212846880454,25.89,26.9,"Ranked by Hotspot Frequency (1.00), FRP (26.42), Pixel Count (89, 0.44% of dataset).",High Wildfire Activity,High wildfire activity. This cluster ranks #55 with high hotspot occurrence (1.00) and elevated fire radiative power (26.42). The cluster represents 89 pixels (0.44% of the dataset). Preventive monitoring is strongly recommended.
33,56.0,High,32,0.15884046460835896,1.0,1.0,0.0,1,1,25.546875,25.52,0.07195148455057834,25.46,25.7,"Ranked by Hotspot Frequency (1.00), FRP (25.55), Pixel Count (32, 0.16% of dataset).",High Wildfire Activity,High wildfire activity. This cluster ranks #56 with high hotspot occurrence (1.00) and elevated fire radiative power (25.55). The cluster represents 32 pixels (0.16% of the dataset). Preventive monitoring is strongly recommended.
34,57.0,High,35,0.17373175816539263,1.0,1.0,0.0,1,1,25.29542857142857,25.32,0.05215039660008448,25.19,25.33,"Ranked by Hotspot Frequency (1.00), FRP (25.30), Pixel Count (35, 0.17% of dataset).",High Wildfire Activity,High wildfire activity. This cluster ranks #57 with high hotspot occurrence (1.00) and elevated fire radiative power (25.30). The cluster represents 35 pixels (0.17% of the dataset). Preventive monitoring is strongly recommended.
31,58.0,High,41,0.2035143452794599,1.0,1.0,0.0,1,1,24.712926829268294,24.71,0.0684924777781848,24.61,24.87,"Ranked by Hotspot Frequency (1.00), FRP (24.71), Pixel Count (41, 0.20% of dataset).",High Wildfire Activity,High wildfire activity. This cluster ranks #58 with high hotspot occurrence (1.00) and elevated fire radiative power (24.71). The cluster represents 41 pixels (0.20% of the dataset). Preventive monitoring is strongly recommended.
32,59.0,High,32,0.15884046460835896,1.0,1.0,0.0,1,1,24.461875,24.46,0.029450614758903794,24.42,24.49,"Ranked by Hotspot Frequency (1.00), FRP (24.46), Pixel Count (32, 0.16% of dataset).",High Wildfire Activity,High wildfire activity. This cluster ranks #59 with high hotspot occurrence (1.00) and elevated fire radiative power (24.46). The cluster represents 32 pixels (0.16% of the dataset). Preventive monitoring is strongly recommended.
30,60.0,High,30,0.14891293557033655,1.0,1.0,0.0,1,1,24.19066666666667,24.17,0.06225272924820766,24.13,24.28,"Ranked by Hotspot Frequency (1.00), FRP (24.19), Pixel Count (30, 0.15% of dataset).",High Wildfire Activity,High wildfire activity. This cluster ranks #60 with high hotspot occurrence (1.00) and elevated fire radiative power (24.19). The cluster represents 30 pixels (0.15% of the dataset). Preventive monitoring is strongly recommended.
35,61.0,High,66,0.3276084582547404,1.0,1.0,0.0,1,1,23.330151515151513,23.23,0.22098724240408546,22.99,23.74,"Ranked by Hotspot Frequency (1.00), FRP (23.33), Pixel Count (66, 0.33% of dataset).",High Wildfire Activity,High wildfire activity. This cluster ranks #61 with high hotspot occurrence (1.00) and elevated fire radiative power (23.33). The cluster represents 66 pixels (0.33% of the dataset). Preventive monitoring is strongly recommended.
40,62.0,High,34,0.16876799364638143,1.0,1.0,0.0,1,1,22.74441176470588,22.76,0.058163363271861286,22.65,22.9,"Ranked by Hotspot Frequency (1.00), FRP (22.74), Pixel Count (34, 0.17% of dataset).",High Wildfire Activity,High wildfire activity. This cluster ranks #62 with high hotspot occurrence (1.00) and elevated fire radiative power (22.74). The cluster represents 34 pixels (0.17% of the dataset). Preventive monitoring is strongly recommended.
45,63.0,High,64,0.3176809292167179,1.0,1.0,0.0,1,1,22.21,22.21,0.13801311186847204,22.0,22.39,"Ranked by Hotspot Frequency (1.00), FRP (22.21), Pixel Count (64, 0.32% of dataset).",High Wildfire Activity,High wildfire activity. This cluster ranks #63 with high hotspot occurrence (1.00) and elevated fire radiative power (22.21). The cluster represents 64 pixels (0.32% of the dataset). Preventive monitoring is strongly recommended.
44,64.0,High,99,0.49141268738211064,1.0,1.0,0.0,1,1,21.577676767676767,21.61,0.20433979445425987,21.21,21.89,"Ranked by Hotspot Frequency (1.00), FRP (21.58), Pixel Count (99, 0.49% of dataset).",High Wildfire Activity,High wildfire activity. This cluster ranks #64 with high hotspot occurrence (1.00) and elevated fire radiative power (21.58). The cluster represents 99 pixels (0.49% of the dataset). Preventive monitoring is strongly recommended.
54,65.0,High,26,0.12905787749429165,1.0,1.0,0.0,1,1,21.038846153846155,21.05,0.0181828321395593,21.02,21.06,"Ranked by Hotspot Frequency (1.00), FRP (21.04), Pixel Count (26, 0.13% of dataset).",High Wildfire Activity,High wildfire activity. This cluster ranks #65 with high hotspot occurrence (1.00) and elevated fire radiative power (21.04). The cluster represents 26 pixels (0.13% of the dataset). Preventive monitoring is strongly recommended.
55,66.0,High,55,0.27300704854561697,1.0,1.0,0.0,1,1,20.841272727272727,20.84,0.0471818603504352,20.77,20.93,"Ranked by Hotspot Frequency (1.00), FRP (20.84), Pixel Count (55, 0.27% of dataset).",High Wildfire Activity,High wildfire activity. This cluster ranks #66 with high hotspot occurrence (1.00) and elevated fire radiative power (20.84). The cluster represents 55 pixels (0.27% of the dataset). Preventive monitoring is strongly recommended.
51,67.0,High,30,0.14891293557033655,1.0,1.0,0.0,1,1,20.576666666666664,20.57,0.04633709568781241,20.5,20.65,"Ranked by Hotspot Frequency (1.00), FRP (20.58), Pixel Count (30, 0.15% of dataset).",High Wildfire Activity,High wildfire activity. This cluster ranks #67 with high hotspot occurrence (1.00) and elevated fire radiative power (20.58). The cluster represents 30 pixels (0.15% of the dataset). Preventive monitoring is strongly recommended.
58,68.0,High,35,0.17373175816539263,1.0,1.0,0.0,1,1,20.306857142857144,20.3,0.06402074243700112,20.18,20.41,"Ranked by Hotspot Frequency (1.00), FRP (20.31), Pixel Count (35, 0.17% of dataset).",High Wildfire Activity,High wildfire activity. This cluster ranks #68 with high hotspot occurrence (1.00) and elevated fire radiative power (20.31). The cluster represents 35 pixels (0.17% of the dataset). Preventive monitoring is strongly recommended.
66,69.0,High,61,0.3027896356596843,1.0,1.0,0.0,1,1,19.971967213114752,19.99,0.07458372637805834,19.83,20.08,"Ranked by Hotspot Frequency (1.00), FRP (19.97), Pixel Count (61, 0.30% of dataset).",High Wildfire Activity,High wildfire activity. This cluster ranks #69 with high hotspot occurrence (1.00) and elevated fire radiative power (19.97). The cluster represents 61 pixels (0.30% of the dataset). Preventive monitoring is strongly recommended.
76,70.0,High,37,0.18365928720341507,1.0,1.0,0.0,1,1,19.692432432432433,19.7,0.03890197120151014,19.62,19.74,"Ranked by Hotspot Frequency (1.00), FRP (19.69), Pixel Count (37, 0.18% of dataset).",High Wildfire Activity,High wildfire activity. This cluster ranks #70 with high hotspot occurrence (1.00) and elevated fire radiative power (19.69). The cluster represents 37 pixels (0.18% of the dataset). Preventive monitoring is strongly recommended.
75,71.0,High,37,0.18365928720341507,1.0,1.0,0.0,1,1,19.501621621621624,19.51,0.03531709638825609,19.44,19.55,"Ranked by Hotspot Frequency (1.00), FRP (19.50), Pixel Count (37, 0.18% of dataset).",High Wildfire Activity,High wildfire activity. This cluster ranks #71 with high hotspot occurrence (1.00) and elevated fire radiative power (19.50). The cluster represents 37 pixels (0.18% of the dataset). Preventive monitoring is strongly recommended.
71,72.0,High,44,0.21840563883649358,1.0,1.0,0.0,1,1,19.230909090909094,19.23,0.031090130178292645,19.17,19.28,"Ranked by Hotspot Frequency (1.00), FRP (19.23), Pixel Count (44, 0.22% of dataset).",High Wildfire Activity,High wildfire activity. This cluster ranks #72 with high hotspot occurrence (1.00) and elevated fire radiative power (19.23). The cluster represents 44 pixels (0.22% of the dataset). Preventive monitoring is strongly recommended.
72,73.0,High,49,0.2432244614315497,1.0,1.0,0.0,1,1,19.08795918367347,19.1,0.04188175775505326,19.02,19.14,"Ranked by Hotspot Frequency (1.00), FRP (19.09), Pixel Count (49, 0.24% of dataset).",High Wildfire Activity,High wildfire activity. This cluster ranks #73 with high hotspot occurrence (1.00) and elevated fire radiative power (19.09). The cluster represents 49 pixels (0.24% of the dataset). Preventive monitoring is strongly recommended.
61,74.0,High,50,0.24818822595056092,1.0,1.0,0.0,1,1,18.8278,18.86,0.07060352075397631,18.65,18.95,"Ranked by Hotspot Frequency (1.00), FRP (18.83), Pixel Count (50, 0.25% of dataset).",High Wildfire Activity,High wildfire activity. This cluster ranks #74 with high hotspot occurrence (1.00) and elevated fire radiative power (18.83). The cluster represents 50 pixels (0.25% of the dataset). Preventive monitoring is strongly recommended.
63,75.0,High,37,0.18365928720341507,1.0,1.0,0.0,1,1,18.526756756756757,18.53,0.02896876229991893,18.47,18.56,"Ranked by Hotspot Frequency (1.00), FRP (18.53), Pixel Count (37, 0.18% of dataset).",High Wildfire Activity,High wildfire activity. This cluster ranks #75 with high hotspot occurrence (1.00) and elevated fire radiative power (18.53). The cluster represents 37 pixels (0.18% of the dataset). Preventive monitoring is strongly recommended.
64,76.0,High,37,0.18365928720341507,1.0,1.0,0.0,1,1,18.344864864864864,18.33,0.03753676876089599,18.3,18.43,"Ranked by Hotspot Frequency (1.00), FRP (18.34), Pixel Count (37, 0.18% of dataset).",High Wildfire Activity,High wildfire activity. This cluster ranks #76 with high hotspot occurrence (1.00) and elevated fire radiative power (18.34). The cluster represents 37 pixels (0.18% of the dataset). Preventive monitoring is strongly recommended.
47,77.0,High,52,0.2581157549885833,1.0,1.0,0.0,1,1,18.05173076923077,18.04,0.05178087896943976,17.99,18.17,"Ranked by Hotspot Frequency (1.00), FRP (18.05), Pixel Count (52, 0.26% of dataset).",High Wildfire Activity,High wildfire activity. This cluster ranks #77 with high hotspot occurrence (1.00) and elevated fire radiative power (18.05). The cluster represents 52 pixels (0.26% of the dataset). Preventive monitoring is strongly recommended.
38,78.0,High,27,0.13402164201330288,1.0,1.0,0.0,1,1,17.745185185185186,17.76,0.04964259727680879,17.6,17.8,"Ranked by Hotspot Frequency (1.00), FRP (17.75), Pixel Count (27, 0.13% of dataset).",High Wildfire Activity,High wildfire activity. This cluster ranks #78 with high hotspot occurrence (1.00) and elevated fire radiative power (17.75). The cluster represents 27 pixels (0.13% of the dataset). Preventive monitoring is strongly recommended.
39,79.0,High,68,0.33753598729276285,1.0,1.0,0.0,1,1,17.323529411764707,17.28,0.11974805274810073,17.17,17.51,"Ranked by Hotspot Frequency (1.00), FRP (17.32), Pixel Count (68, 0.34% of dataset).",High Wildfire Activity,High wildfire activity. This cluster ranks #79 with high hotspot occurrence (1.00) and elevated fire radiative power (17.32). The cluster represents 68 pixels (0.34% of the dataset). Preventive monitoring is strongly recommended.
53,80.0,High,28,0.13898540653231412,1.0,1.0,0.0,1,1,16.98785714285714,16.99,0.010665674557037073,16.95,17.0,"Ranked by Hotspot Frequency (1.00), FRP (16.99), Pixel Count (28, 0.14% of dataset).",High Wildfire Activity,High wildfire activity. This cluster ranks #80 with high hotspot occurrence (1.00) and elevated fire radiative power (16.99). The cluster represents 28 pixels (0.14% of the dataset). Preventive monitoring is strongly recommended.
52,81.0,High,51,0.25315199046957215,1.0,1.0,0.0,1,1,16.888235294117646,16.89,0.01807826123861947,16.86,16.95,"Ranked by Hotspot Frequency (1.00), FRP (16.89), Pixel Count (51, 0.25% of dataset).",High Wildfire Activity,High wildfire activity. This cluster ranks #81 with high hotspot occurrence (1.00) and elevated fire radiative power (16.89). The cluster represents 51 pixels (0.25% of the dataset). Preventive monitoring is strongly recommended.
49,82.0,High,41,0.2035143452794599,1.0,1.0,0.0,1,1,16.65878048780488,16.67,0.023472869653201,16.62,16.7,"Ranked by Hotspot Frequency (1.00), FRP (16.66), Pixel Count (41, 0.20% of dataset).",High Wildfire Activity,High wildfire activity. This cluster ranks #82 with high hotspot occurrence (1.00) and elevated fire radiative power (16.66). The cluster represents 41 pixels (0.20% of the dataset). Preventive monitoring is strongly recommended.
48,83.0,High,61,0.3027896356596843,1.0,1.0,0.0,1,1,16.502131147540982,16.49,0.03061125904512688,16.45,16.57,"Ranked by Hotspot Frequency (1.00), FRP (16.50), Pixel Count (61, 0.30% of dataset).",High Wildfire Activity,High wildfire activity. This cluster ranks #83 with high hotspot occurrence (1.00) and elevated fire radiative power (16.50). The cluster represents 61 pixels (0.30% of the dataset). Preventive monitoring is strongly recommended.
42,84.0,High,37,0.18365928720341507,1.0,1.0,0.0,1,1,16.12108108108108,16.1,0.04254303597428901,16.09,16.22,"Ranked by Hotspot Frequency (1.00), FRP (16.12), Pixel Count (37, 0.18% of dataset).",High Wildfire Activity,High wildfire activity. This cluster ranks #84 with high hotspot occurrence (1.00) and elevated fire radiative power (16.12). The cluster represents 37 pixels (0.18% of the dataset). Preventive monitoring is strongly recommended.
43,85.0,High,41,0.2035143452794599,1.0,1.0,0.0,1,1,15.950000000000001,15.96,0.03570714214271466,15.9,16.01,"Ranked by Hotspot Frequency (1.00), FRP (15.95), Pixel Count (41, 0.20% of dataset).",High Wildfire Activity,High wildfire activity. This cluster ranks #85 with high hotspot occurrence (1.00) and elevated fire radiative power (15.95). The cluster represents 41 pixels (0.20% of the dataset). Preventive monitoring is strongly recommended.
60,86.0,High,51,0.25315199046957215,1.0,1.0,0.0,1,1,15.548627450980392,15.55,0.0494780601011448,15.47,15.61,"Ranked by Hotspot Frequency (1.00), FRP (15.55), Pixel Count (51, 0.25% of dataset).",High Wildfire Activity,High wildfire activity. This cluster ranks #86 with high hotspot occurrence (1.00) and elevated fire radiative power (15.55). The cluster represents 51 pixels (0.25% of the dataset). Preventive monitoring is strongly recommended.
59,87.0,High,68,0.33753598729276285,1.0,1.0,0.0,1,1,15.361323529411763,15.37,0.037452633240014604,15.3,15.44,"Ranked by Hotspot Frequency (1.00), FRP (15.36), Pixel Count (68, 0.34% of dataset).",High Wildfire Activity,High wildfire activity. This cluster ranks #87 with high hotspot occurrence (1.00) and elevated fire radiative power (15.36). The cluster represents 68 pixels (0.34% of the dataset). Preventive monitoring is strongly recommended.
41,88.0,High,41,0.2035143452794599,1.0,1.0,0.0,1,1,14.964146341463413,14.96,0.027016255269382942,14.91,15.0,"Ranked by Hotspot Frequency (1.00), FRP (14.96), Pixel Count (41, 0.20% of dataset).",High Wildfire Activity,High wildfire activity. This cluster ranks #88 with high hotspot occurrence (1.00) and elevated fire radiative power (14.96). The cluster represents 41 pixels (0.20% of the dataset). Preventive monitoring is strongly recommended.
56,89.0,High,26,0.12905787749429165,1.0,1.0,0.0,1,1,14.72653846153846,14.73,0.030586573223204606,14.67,14.76,"Ranked by Hotspot Frequency (1.00), FRP (14.73), Pixel Count (26, 0.13% of dataset).",High Wildfire Activity,High wildfire activity. This cluster ranks #89 with high hotspot occurrence (1.00) and elevated fire radiative power (14.73). The cluster represents 26 pixels (0.13% of the dataset). Preventive monitoring is strongly recommended.
57,90.0,High,30,0.14891293557033655,1.0,1.0,0.0,1,1,14.583,14.58,0.01207733699809271,14.57,14.6,"Ranked by Hotspot Frequency (1.00), FRP (14.58), Pixel Count (30, 0.15% of dataset).",High Wildfire Activity,High wildfire activity. This cluster ranks #90 with high hotspot occurrence (1.00) and elevated fire radiative power (14.58). The cluster represents 30 pixels (0.15% of the dataset). Preventive monitoring is strongly recommended.
46,91.0,High,66,0.3276084582547404,1.0,1.0,0.0,1,1,14.227121212121212,14.22,0.08016838340000185,13.95,14.35,"Ranked by Hotspot Frequency (1.00), FRP (14.23), Pixel Count (66, 0.33% of dataset).",High Wildfire Activity,High wildfire activity. This cluster ranks #91 with high hotspot occurrence (1.00) and elevated fire radiative power (14.23). The cluster represents 66 pixels (0.33% of the dataset). Preventive monitoring is strongly recommended.
65,92.0,High,41,0.2035143452794599,1.0,1.0,0.0,1,1,13.801707317073172,13.81,0.03137693731265037,13.75,13.85,"Ranked by Hotspot Frequency (1.00), FRP (13.80), Pixel Count (41, 0.20% of dataset).",High Wildfire Activity,High wildfire activity. This cluster ranks #92 with high hotspot occurrence (1.00) and elevated fire radiative power (13.80). The cluster represents 41 pixels (0.20% of the dataset). Preventive monitoring is strongly recommended.
77,93.0,High,43,0.21344187431748238,1.0,1.0,0.0,1,1,13.672325581395349,13.67,0.006109013365249053,13.67,13.69,"Ranked by Hotspot Frequency (1.00), FRP (13.67), Pixel Count (43, 0.21% of dataset).",High Wildfire Activity,High wildfire activity. This cluster ranks #93 with high hotspot occurrence (1.00) and elevated fire radiative power (13.67). The cluster represents 43 pixels (0.21% of the dataset). Preventive monitoring is strongly recommended.
84,94.0,High,51,0.25315199046957215,1.0,1.0,0.0,1,1,13.5721568627451,13.57,0.018473085880836786,13.54,13.61,"Ranked by Hotspot Frequency (1.00), FRP (13.57), Pixel Count (51, 0.25% of dataset).",High Wildfire Activity,High wildfire activity. This cluster ranks #94 with high hotspot occurrence (1.00) and elevated fire radiative power (13.57). The cluster represents 51 pixels (0.25% of the dataset). Preventive monitoring is strongly recommended.
83,95.0,High,49,0.2432244614315497,1.0,1.0,0.0,1,1,13.497142857142858,13.5,0.010606601717797872,13.48,13.51,"Ranked by Hotspot Frequency (1.00), FRP (13.50), Pixel Count (49, 0.24% of dataset).",High Wildfire Activity,High wildfire activity. This cluster ranks #95 with high hotspot occurrence (1.00) and elevated fire radiative power (13.50). The cluster represents 49 pixels (0.24% of the dataset). Preventive monitoring is strongly recommended.
81,96.0,High,34,0.16876799364638143,1.0,1.0,0.0,1,1,13.439411764705882,13.45,0.011791413535072048,13.42,13.45,"Ranked by Hotspot Frequency (1.00), FRP (13.44), Pixel Count (34, 0.17% of dataset).",High Wildfire Activity,High wildfire activity. This cluster ranks #96 with high hotspot occurrence (1.00) and elevated fire radiative power (13.44). The cluster represents 34 pixels (0.17% of the dataset). Preventive monitoring is strongly recommended.
78,97.0,High,45,0.22336940335550481,1.0,1.0,0.0,1,1,13.354222222222223,13.34,0.017899833530063854,13.34,13.38,"Ranked by Hotspot Frequency (1.00), FRP (13.35), Pixel Count (45, 0.22% of dataset).",High Wildfire Activity,High wildfire activity. This cluster ranks #97 with high hotspot occurrence (1.00) and elevated fire radiative power (13.35). The cluster represents 45 pixels (0.22% of the dataset). Preventive monitoring is strongly recommended.
82,98.0,High,36,0.17869552268440386,1.0,1.0,0.0,1,1,13.230833333333333,13.22,0.02129721645125067,13.21,13.27,"Ranked by Hotspot Frequency (1.00), FRP (13.23), Pixel Count (36, 0.18% of dataset).",High Wildfire Activity,High wildfire activity. This cluster ranks #98 with high hotspot occurrence (1.00) and elevated fire radiative power (13.23). The cluster represents 36 pixels (0.18% of the dataset). Preventive monitoring is strongly recommended.
85,99.0,High,27,0.13402164201330288,1.0,1.0,0.0,1,1,13.102592592592591,13.1,0.01583389562654352,13.09,13.14,"Ranked by Hotspot Frequency (1.00), FRP (13.10), Pixel Count (27, 0.13% of dataset).",High Wildfire Activity,High wildfire activity. This cluster ranks #99 with high hotspot occurrence (1.00) and elevated fire radiative power (13.10). The cluster represents 27 pixels (0.13% of the dataset). Preventive monitoring is strongly recommended.
96,100.0,High,78,0.387173632482875,1.0,1.0,0.0,1,1,12.948076923076924,12.95,0.021140082708047833,12.92,13.0,"Ranked by Hotspot Frequency (1.00), FRP (12.95), Pixel Count (78, 0.39% of dataset).",High Wildfire Activity,High wildfire activity. This cluster ranks #100 with high hotspot occurrence (1.00) and elevated fire radiative power (12.95). The cluster represents 78 pixels (0.39% of the dataset). Preventive monitoring is strongly recommended.
95,101.0,High,32,0.15884046460835896,1.0,1.0,0.0,1,1,12.8609375,12.86,0.014223872482102653,12.83,12.89,"Ranked by Hotspot Frequency (1.00), FRP (12.86), Pixel Count (32, 0.16% of dataset).",High Wildfire Activity,High wildfire activity. This cluster ranks #101 with high hotspot occurrence (1.00) and elevated fire radiative power (12.86). The cluster represents 32 pixels (0.16% of the dataset). Preventive monitoring is strongly recommended.
74,102.0,High,26,0.12905787749429165,1.0,1.0,0.0,1,1,12.666538461538462,12.65,0.02243966268771577,12.64,12.69,"Ranked by Hotspot Frequency (1.00), FRP (12.67), Pixel Count (26, 0.13% of dataset).",High Wildfire Activity,High wildfire activity. This cluster ranks #102 with high hotspot occurrence (1.00) and elevated fire radiative power (12.67). The cluster represents 26 pixels (0.13% of the dataset). Preventive monitoring is strongly recommended.
92,103.0,High,39,0.1935868162414375,1.0,1.0,0.0,1,1,12.45076923076923,12.44,0.01345257075502776,12.44,12.47,"Ranked by Hotspot Frequency (1.00), FRP (12.45), Pixel Count (39, 0.19% of dataset).",High Wildfire Activity,High wildfire activity. This cluster ranks #103 with high hotspot occurrence (1.00) and elevated fire radiative power (12.45). The cluster represents 39 pixels (0.19% of the dataset). Preventive monitoring is strongly recommended.
113,104.0,High,82,0.4070286905589198,1.0,1.0,0.0,1,1,12.35048780487805,12.35,0.019238749415503735,12.31,12.38,"Ranked by Hotspot Frequency (1.00), FRP (12.35), Pixel Count (82, 0.41% of dataset).",High Wildfire Activity,High wildfire activity. This cluster ranks #104 with high hotspot occurrence (1.00) and elevated fire radiative power (12.35). The cluster represents 82 pixels (0.41% of the dataset). Preventive monitoring is strongly recommended.
114,105.0,High,36,0.17869552268440386,1.0,1.0,0.0,1,1,12.279444444444444,12.28,0.007908203496349313,12.26,12.29,"Ranked by Hotspot Frequency (1.00), FRP (12.28), Pixel Count (36, 0.18% of dataset).",High Wildfire Activity,High wildfire activity. This cluster ranks #105 with high hotspot occurrence (1.00) and elevated fire radiative power (12.28). The cluster represents 36 pixels (0.18% of the dataset). Preventive monitoring is strongly recommended.
89,106.0,High,59,0.2928621066216619,1.0,1.0,0.0,1,1,12.081016949152541,12.09,0.019360011689066935,12.03,12.11,"Ranked by Hotspot Frequency (1.00), FRP (12.08), Pixel Count (59, 0.29% of dataset).",High Wildfire Activity,High wildfire activity. This cluster ranks #106 with high hotspot occurrence (1.00) and elevated fire radiative power (12.08). The cluster represents 59 pixels (0.29% of the dataset). Preventive monitoring is strongly recommended.
100,107.0,High,43,0.21344187431748238,1.0,1.0,0.0,1,1,11.933720930232557,11.94,0.01786500380685172,11.9,11.96,"Ranked by Hotspot Frequency (1.00), FRP (11.93), Pixel Count (43, 0.21% of dataset).",High Wildfire Activity,High wildfire activity. This cluster ranks #107 with high hotspot occurrence (1.00) and elevated fire radiative power (11.93). The cluster represents 43 pixels (0.21% of the dataset). Preventive monitoring is strongly recommended.
105,108.0,High,27,0.13402164201330288,1.0,1.0,0.0,1,1,11.863333333333333,11.86,0.00733799385705338,11.85,11.87,"Ranked by Hotspot Frequency (1.00), FRP (11.86), Pixel Count (27, 0.13% of dataset).",High Wildfire Activity,High wildfire activity. This cluster ranks #108 with high hotspot occurrence (1.00) and elevated fire radiative power (11.86). The cluster represents 27 pixels (0.13% of the dataset). Preventive monitoring is strongly recommended.
118,109.0,High,34,0.16876799364638143,1.0,1.0,0.0,1,1,11.816764705882354,11.82,0.008060599359357361,11.8,11.83,"Ranked by Hotspot Frequency (1.00), FRP (11.82), Pixel Count (34, 0.17% of dataset).",High Wildfire Activity,High wildfire activity. This cluster ranks #109 with high hotspot occurrence (1.00) and elevated fire radiative power (11.82). The cluster represents 34 pixels (0.17% of the dataset). Preventive monitoring is strongly recommended.
117,110.0,High,30,0.14891293557033655,1.0,1.0,0.0,1,1,11.782666666666666,11.78,0.004497764451087321,11.78,11.79,"Ranked by Hotspot Frequency (1.00), FRP (11.78), Pixel Count (30, 0.15% of dataset).",High Wildfire Activity,High wildfire activity. This cluster ranks #110 with high hotspot occurrence (1.00) and elevated fire radiative power (11.78). The cluster represents 30 pixels (0.15% of the dataset). Preventive monitoring is strongly recommended.
99,111.0,High,99,0.49141268738211064,1.0,1.0,0.0,1,1,11.65838383838384,11.67,0.03759904120323072,11.59,11.74,"Ranked by Hotspot Frequency (1.00), FRP (11.66), Pixel Count (99, 0.49% of dataset).",High Wildfire Activity,High wildfire activity. This cluster ranks #111 with high hotspot occurrence (1.00) and elevated fire radiative power (11.66). The cluster represents 99 pixels (0.49% of the dataset). Preventive monitoring is strongly recommended.
86,112.0,High,34,0.16876799364638143,1.0,1.0,0.0,1,1,11.526764705882352,11.53,0.01319333813418672,11.51,11.54,"Ranked by Hotspot Frequency (1.00), FRP (11.53), Pixel Count (34, 0.17% of dataset).",High Wildfire Activity,High wildfire activity. This cluster ranks #112 with high hotspot occurrence (1.00) and elevated fire radiative power (11.53). The cluster represents 34 pixels (0.17% of the dataset). Preventive monitoring is strongly recommended.
110,113.0,High,50,0.24818822595056092,1.0,1.0,0.0,1,1,11.3332,11.34,0.01899946293548155,11.31,11.36,"Ranked by Hotspot Frequency (1.00), FRP (11.33), Pixel Count (50, 0.25% of dataset).",High Wildfire Activity,High wildfire activity. This cluster ranks #113 with high hotspot occurrence (1.00) and elevated fire radiative power (11.33). The cluster represents 50 pixels (0.25% of the dataset). Preventive monitoring is strongly recommended.
115,114.0,High,58,0.28789834210265064,1.0,1.0,0.0,1,1,11.242068965517241,11.24,0.030822560698842656,11.18,11.28,"Ranked by Hotspot Frequency (1.00), FRP (11.24), Pixel Count (58, 0.29% of dataset).",High Wildfire Activity,High wildfire activity. This cluster ranks #114 with high hotspot occurrence (1.00) and elevated fire radiative power (11.24). The cluster represents 58 pixels (0.29% of the dataset). Preventive monitoring is strongly recommended.
116,115.0,High,36,0.17869552268440386,1.0,1.0,0.0,1,1,11.14611111111111,11.15,0.00549169647365243,11.13,11.15,"Ranked by Hotspot Frequency (1.00), FRP (11.15), Pixel Count (36, 0.18% of dataset).",High Wildfire Activity,High wildfire activity. This cluster ranks #115 with high hotspot occurrence (1.00) and elevated fire radiative power (11.15). The cluster represents 36 pixels (0.18% of the dataset). Preventive monitoring is strongly recommended.
98,116.0,High,31,0.15387670008934776,1.0,1.0,0.0,1,1,11.056451612903226,11.07,0.015176382330620857,11.04,11.07,"Ranked by Hotspot Frequency (1.00), FRP (11.06), Pixel Count (31, 0.15% of dataset).",High Wildfire Activity,High wildfire activity. This cluster ranks #116 with high hotspot occurrence (1.00) and elevated fire radiative power (11.06). The cluster represents 31 pixels (0.15% of the dataset). Preventive monitoring is strongly recommended.
97,117.0,High,124,0.615506800357391,1.0,1.0,0.0,1,1,10.931290322580645,10.93,0.05454866913097155,10.84,11.0,"Ranked by Hotspot Frequency (1.00), FRP (10.93), Pixel Count (124, 0.62% of dataset).",High Wildfire Activity,High wildfire activity. This cluster ranks #117 with high hotspot occurrence (1.00) and elevated fire radiative power (10.93). The cluster represents 124 pixels (0.62% of the dataset). Preventive monitoring is strongly recommended.
88,118.0,High,68,0.33753598729276285,1.0,1.0,0.0,1,1,10.710735294117647,10.705,0.041332874288237086,10.64,10.81,"Ranked by Hotspot Frequency (1.00), FRP (10.71), Pixel Count (68, 0.34% of dataset).",High Wildfire Activity,High wildfire activity. This cluster ranks #118 with high hotspot occurrence (1.00) and elevated fire radiative power (10.71). The cluster represents 68 pixels (0.34% of the dataset). Preventive monitoring is strongly recommended.
87,119.0,High,41,0.2035143452794599,1.0,1.0,0.0,1,1,10.533658536585365,10.53,0.0233191013507145,10.51,10.62,"Ranked by Hotspot Frequency (1.00), FRP (10.53), Pixel Count (41, 0.20% of dataset).",High Wildfire Activity,High wildfire activity. This cluster ranks #119 with high hotspot occurrence (1.00) and elevated fire radiative power (10.53). The cluster represents 41 pixels (0.20% of the dataset). Preventive monitoring is strongly recommended.
101,120.0,High,63,0.3127171646977068,1.0,1.0,0.0,1,1,10.349047619047619,10.35,0.015731034224996655,10.32,10.37,"Ranked by Hotspot Frequency (1.00), FRP (10.35), Pixel Count (63, 0.31% of dataset).",High Wildfire Activity,High wildfire activity. This cluster ranks #120 with high hotspot occurrence (1.00) and elevated fire radiative power (10.35). The cluster represents 63 pixels (0.31% of the dataset). Preventive monitoring is strongly recommended.
102,121.0,High,28,0.13898540653231412,1.0,1.0,0.0,1,1,10.272499999999999,10.27,0.005853140973806943,10.27,10.29,"Ranked by Hotspot Frequency (1.00), FRP (10.27), Pixel Count (28, 0.14% of dataset).",High Wildfire Activity,High wildfire activity. This cluster ranks #121 with high hotspot occurrence (1.00) and elevated fire radiative power (10.27). The cluster represents 28 pixels (0.14% of the dataset). Preventive monitoring is strongly recommended.
103,122.0,High,34,0.16876799364638143,1.0,1.0,0.0,1,1,10.221176470588237,10.22,0.00685994340570029,10.21,10.23,"Ranked by Hotspot Frequency (1.00), FRP (10.22), Pixel Count (34, 0.17% of dataset).",High Wildfire Activity,High wildfire activity. This cluster ranks #122 with high hotspot occurrence (1.00) and elevated fire radiative power (10.22). The cluster represents 34 pixels (0.17% of the dataset). Preventive monitoring is strongly recommended.
106,123.0,High,39,0.1935868162414375,1.0,1.0,0.0,1,1,10.173589743589742,10.18,0.010879042984027656,10.15,10.18,"Ranked by Hotspot Frequency (1.00), FRP (10.17), Pixel Count (39, 0.19% of dataset).",High Wildfire Activity,High wildfire activity. This cluster ranks #123 with high hotspot occurrence (1.00) and elevated fire radiative power (10.17). The cluster represents 39 pixels (0.19% of the dataset). Preventive monitoring is strongly recommended.
120,124.0,High,60,0.2978258711406731,1.0,1.0,0.0,1,1,10.082833333333333,10.08,0.02034379651139733,10.05,10.12,"Ranked by Hotspot Frequency (1.00), FRP (10.08), Pixel Count (60, 0.30% of dataset).",High Wildfire Activity,High wildfire activity. This cluster ranks #124 with high hotspot occurrence (1.00) and elevated fire radiative power (10.08). The cluster represents 60 pixels (0.30% of the dataset). Preventive monitoring is strongly recommended.
121,125.0,High,52,0.2581157549885833,1.0,1.0,0.0,1,1,10.002884615384614,10.0,0.0219032219370043,9.97,10.04,"Ranked by Hotspot Frequency (1.00), FRP (10.00), Pixel Count (52, 0.26% of dataset).",High Wildfire Activity,High wildfire activity. This cluster ranks #125 with high hotspot occurrence (1.00) and elevated fire radiative power (10.00). The cluster represents 52 pixels (0.26% of the dataset). Preventive monitoring is strongly recommended.
109,126.0,Moderate,33,0.1638042291273702,1.0,1.0,0.0,1,1,9.903333333333334,9.9,0.006454972243679541,9.88,9.91,"Ranked by Hotspot Frequency (1.00), FRP (9.90), Pixel Count (33, 0.16% of dataset).",Moderate Wildfire Activity,Moderate wildfire activity. This cluster ranks #126. Hotspot occurrence (1.00) and fire radiative power (9.90) indicate moderate wildfire activity. The cluster contains 33 pixels (0.16% of observations). Routine monitoring should be maintained.
108,127.0,Moderate,39,0.1935868162414375,1.0,1.0,0.0,1,1,9.847179487179487,9.84,0.008255370803211658,9.84,9.86,"Ranked by Hotspot Frequency (1.00), FRP (9.85), Pixel Count (39, 0.19% of dataset).",Moderate Wildfire Activity,Moderate wildfire activity. This cluster ranks #127. Hotspot occurrence (1.00) and fire radiative power (9.85) indicate moderate wildfire activity. The cluster contains 39 pixels (0.19% of observations). Routine monitoring should be maintained.
119,128.0,Moderate,37,0.18365928720341507,1.0,1.0,0.0,1,1,9.747297297297298,9.75,0.013259933100352868,9.72,9.77,"Ranked by Hotspot Frequency (1.00), FRP (9.75), Pixel Count (37, 0.18% of dataset).",Moderate Wildfire Activity,Moderate wildfire activity. This cluster ranks #128. Hotspot occurrence (1.00) and fire radiative power (9.75) indicate moderate wildfire activity. The cluster contains 37 pixels (0.18% of observations). Routine monitoring should be maintained.
122,129.0,Moderate,26,0.12905787749429165,1.0,1.0,0.0,1,1,9.7,9.7,0.0,9.7,9.7,"Ranked by Hotspot Frequency (1.00), FRP (9.70), Pixel Count (26, 0.13% of dataset).",Moderate Wildfire Activity,Moderate wildfire activity. This cluster ranks #129. Hotspot occurrence (1.00) and fire radiative power (9.70) indicate moderate wildfire activity. The cluster contains 26 pixels (0.13% of observations). Routine monitoring should be maintained.
123,130.0,Moderate,45,0.22336940335550481,1.0,1.0,0.0,1,1,9.674666666666667,9.68,0.008146387933534642,9.66,9.68,"Ranked by Hotspot Frequency (1.00), FRP (9.67), Pixel Count (45, 0.22% of dataset).",Moderate Wildfire Activity,Moderate wildfire activity. This cluster ranks #130. Hotspot occurrence (1.00) and fire radiative power (9.67) indicate moderate wildfire activity. The cluster contains 45 pixels (0.22% of observations). Routine monitoring should be maintained.
107,131.0,Moderate,37,0.18365928720341507,1.0,1.0,0.0,1,1,9.612432432432431,9.61,0.011644122362187278,9.58,9.63,"Ranked by Hotspot Frequency (1.00), FRP (9.61), Pixel Count (37, 0.18% of dataset).",Moderate Wildfire Activity,Moderate wildfire activity. This cluster ranks #131. Hotspot occurrence (1.00) and fire radiative power (9.61) indicate moderate wildfire activity. The cluster contains 37 pixels (0.18% of observations). Routine monitoring should be maintained.
94,132.0,Moderate,33,0.1638042291273702,1.0,1.0,0.0,1,1,9.51969696969697,9.52,0.007282190812544248,9.51,9.53,"Ranked by Hotspot Frequency (1.00), FRP (9.52), Pixel Count (33, 0.16% of dataset).",Moderate Wildfire Activity,Moderate wildfire activity. This cluster ranks #132. Hotspot occurrence (1.00) and fire radiative power (9.52) indicate moderate wildfire activity. The cluster contains 33 pixels (0.16% of observations). Routine monitoring should be maintained.
104,133.0,Moderate,80,0.39710116152089747,1.0,1.0,0.0,1,1,9.453375,9.46,0.01757038287660223,9.42,9.47,"Ranked by Hotspot Frequency (1.00), FRP (9.45), Pixel Count (80, 0.40% of dataset).",Moderate Wildfire Activity,Moderate wildfire activity. This cluster ranks #133. Hotspot occurrence (1.00) and fire radiative power (9.45) indicate moderate wildfire activity. The cluster contains 80 pixels (0.40% of observations). Routine monitoring should be maintained.
146,134.0,Moderate,35,0.17373175816539263,1.0,1.0,0.0,1,1,9.342571428571429,9.34,0.004434395736310709,9.34,9.35,"Ranked by Hotspot Frequency (1.00), FRP (9.34), Pixel Count (35, 0.17% of dataset).",Moderate Wildfire Activity,Moderate wildfire activity. This cluster ranks #134. Hotspot occurrence (1.00) and fire radiative power (9.34) indicate moderate wildfire activity. The cluster contains 35 pixels (0.17% of observations). Routine monitoring should be maintained.
147,135.0,Moderate,29,0.14394917105132532,1.0,1.0,0.0,1,1,9.31793103448276,9.32,0.00726012118396839,9.31,9.33,"Ranked by Hotspot Frequency (1.00), FRP (9.32), Pixel Count (29, 0.14% of dataset).",Moderate Wildfire Activity,Moderate wildfire activity. This cluster ranks #135. Hotspot occurrence (1.00) and fire radiative power (9.32) indicate moderate wildfire activity. The cluster contains 29 pixels (0.14% of observations). Routine monitoring should be maintained.
175,136.0,Moderate,28,0.13898540653231412,1.0,1.0,0.0,1,1,9.229642857142858,9.23,0.006372477195601591,9.22,9.24,"Ranked by Hotspot Frequency (1.00), FRP (9.23), Pixel Count (28, 0.14% of dataset).",Moderate Wildfire Activity,Moderate wildfire activity. This cluster ranks #136. Hotspot occurrence (1.00) and fire radiative power (9.23) indicate moderate wildfire activity. The cluster contains 28 pixels (0.14% of observations). Routine monitoring should be maintained.
191,137.0,Moderate,26,0.12905787749429165,1.0,1.0,0.0,1,1,9.2,9.2,0.0,9.2,9.2,"Ranked by Hotspot Frequency (1.00), FRP (9.20), Pixel Count (26, 0.13% of dataset).",Moderate Wildfire Activity,Moderate wildfire activity. This cluster ranks #137. Hotspot occurrence (1.00) and fire radiative power (9.20) indicate moderate wildfire activity. The cluster contains 26 pixels (0.13% of observations). Routine monitoring should be maintained.
197,138.0,Moderate,32,0.15884046460835896,1.0,1.0,0.0,1,1,9.181875,9.18,0.003965577694562768,9.18,9.19,"Ranked by Hotspot Frequency (1.00), FRP (9.18), Pixel Count (32, 0.16% of dataset).",Moderate Wildfire Activity,Moderate wildfire activity. This cluster ranks #138. Hotspot occurrence (1.00) and fire radiative power (9.18) indicate moderate wildfire activity. The cluster contains 32 pixels (0.16% of observations). Routine monitoring should be maintained.
196,139.0,Moderate,33,0.1638042291273702,1.0,1.0,0.0,1,1,9.16969696969697,9.17,0.0017407765595569076,9.16,9.17,"Ranked by Hotspot Frequency (1.00), FRP (9.17), Pixel Count (33, 0.16% of dataset).",Moderate Wildfire Activity,Moderate wildfire activity. This cluster ranks #139. Hotspot occurrence (1.00) and fire radiative power (9.17) indicate moderate wildfire activity. The cluster contains 33 pixels (0.16% of observations). Routine monitoring should be maintained.
157,140.0,Moderate,51,0.25315199046957215,1.0,1.0,0.0,1,1,9.111960784313725,9.11,0.008722295074838989,9.1,9.13,"Ranked by Hotspot Frequency (1.00), FRP (9.11), Pixel Count (51, 0.25% of dataset).",Moderate Wildfire Activity,Moderate wildfire activity. This cluster ranks #140. Hotspot occurrence (1.00) and fire radiative power (9.11) indicate moderate wildfire activity. The cluster contains 51 pixels (0.25% of observations). Routine monitoring should be maintained.
156,141.0,Moderate,45,0.22336940335550481,1.0,1.0,0.0,1,1,9.066666666666666,9.07,0.007071067811865448,9.06,9.08,"Ranked by Hotspot Frequency (1.00), FRP (9.07), Pixel Count (45, 0.22% of dataset).",Moderate Wildfire Activity,Moderate wildfire activity. This cluster ranks #141. Hotspot occurrence (1.00) and fire radiative power (9.07) indicate moderate wildfire activity. The cluster contains 45 pixels (0.22% of observations). Routine monitoring should be maintained.
176,142.0,Moderate,72,0.3573910453688077,1.0,1.0,0.0,1,1,9.017777777777777,9.02,0.015584591724440693,8.98,9.04,"Ranked by Hotspot Frequency (1.00), FRP (9.02), Pixel Count (72, 0.36% of dataset).",Moderate Wildfire Activity,Moderate wildfire activity. This cluster ranks #142. Hotspot occurrence (1.00) and fire radiative power (9.02) indicate moderate wildfire activity. The cluster contains 72 pixels (0.36% of observations). Routine monitoring should be maintained.
177,143.0,Moderate,70,0.34746351633078526,1.0,1.0,0.0,1,1,8.942571428571428,8.94,0.01410989110217007,8.92,8.96,"Ranked by Hotspot Frequency (1.00), FRP (8.94), Pixel Count (70, 0.35% of dataset).",Moderate Wildfire Activity,Moderate wildfire activity. This cluster ranks #143. Hotspot occurrence (1.00) and fire radiative power (8.94) indicate moderate wildfire activity. The cluster contains 70 pixels (0.35% of observations). Routine monitoring should be maintained.
206,144.0,Moderate,48,0.23826069691253848,1.0,1.0,0.0,1,1,8.774375,8.77,0.005013280235873953,8.77,8.78,"Ranked by Hotspot Frequency (1.00), FRP (8.77), Pixel Count (48, 0.24% of dataset).",Moderate Wildfire Activity,Moderate wildfire activity. This cluster ranks #144. Hotspot occurrence (1.00) and fire radiative power (8.77) indicate moderate wildfire activity. The cluster contains 48 pixels (0.24% of observations). Routine monitoring should be maintained.
205,145.0,Moderate,61,0.3027896356596843,1.0,1.0,0.0,1,1,8.735245901639345,8.73,0.011776609214461648,8.72,8.75,"Ranked by Hotspot Frequency (1.00), FRP (8.74), Pixel Count (61, 0.30% of dataset).",Moderate Wildfire Activity,Moderate wildfire activity. This cluster ranks #145. Hotspot occurrence (1.00) and fire radiative power (8.74) indicate moderate wildfire activity. The cluster contains 61 pixels (0.30% of observations). Routine monitoring should be maintained.
250,146.0,Moderate,27,0.13402164201330288,1.0,1.0,0.0,1,1,8.626666666666667,8.63,0.004803844614153833,8.62,8.63,"Ranked by Hotspot Frequency (1.00), FRP (8.63), Pixel Count (27, 0.13% of dataset).",Moderate Wildfire Activity,Moderate wildfire activity. This cluster ranks #146. Hotspot occurrence (1.00) and fire radiative power (8.63) indicate moderate wildfire activity. The cluster contains 27 pixels (0.13% of observations). Routine monitoring should be maintained.
249,147.0,Moderate,73,0.36235480988781893,1.0,1.0,0.0,1,1,8.577260273972602,8.58,0.0160952265156646,8.56,8.61,"Ranked by Hotspot Frequency (1.00), FRP (8.58), Pixel Count (73, 0.36% of dataset).",Moderate Wildfire Activity,Moderate wildfire activity. This cluster ranks #147. Hotspot occurrence (1.00) and fire radiative power (8.58) indicate moderate wildfire activity. The cluster contains 73 pixels (0.36% of observations). Routine monitoring should be maintained.
152,148.0,Moderate,84,0.4169562195969423,1.0,1.0,0.0,1,1,8.505238095238095,8.504999999999999,0.021083665262625978,8.47,8.54,"Ranked by Hotspot Frequency (1.00), FRP (8.51), Pixel Count (84, 0.42% of dataset).",Moderate Wildfire Activity,Moderate wildfire activity. This cluster ranks #148. Hotspot occurrence (1.00) and fire radiative power (8.51) indicate moderate wildfire activity. The cluster contains 84 pixels (0.42% of observations). Routine monitoring should be maintained.
124,149.0,Moderate,30,0.14891293557033655,1.0,1.0,0.0,1,1,8.366999999999999,8.37,0.004660915996993164,8.36,8.37,"Ranked by Hotspot Frequency (1.00), FRP (8.37), Pixel Count (30, 0.15% of dataset).",Moderate Wildfire Activity,Moderate wildfire activity. This cluster ranks #149. Hotspot occurrence (1.00) and fire radiative power (8.37) indicate moderate wildfire activity. The cluster contains 30 pixels (0.15% of observations). Routine monitoring should be maintained.
125,150.0,Moderate,33,0.1638042291273702,1.0,1.0,0.0,1,1,8.335454545454546,8.34,0.005056498968474936,8.33,8.34,"Ranked by Hotspot Frequency (1.00), FRP (8.34), Pixel Count (33, 0.16% of dataset).",Moderate Wildfire Activity,Moderate wildfire activity. This cluster ranks #150. Hotspot occurrence (1.00) and fire radiative power (8.34) indicate moderate wildfire activity. The cluster contains 33 pixels (0.16% of observations). Routine monitoring should be maintained.
131,151.0,Moderate,74,0.36731857440683013,1.0,1.0,0.0,1,1,8.291891891891892,8.29,0.010293724072260615,8.28,8.31,"Ranked by Hotspot Frequency (1.00), FRP (8.29), Pixel Count (74, 0.37% of dataset).",Moderate Wildfire Activity,Moderate wildfire activity. This cluster ranks #151. Hotspot occurrence (1.00) and fire radiative power (8.29) indicate moderate wildfire activity. The cluster contains 74 pixels (0.37% of observations). Routine monitoring should be maintained.
130,152.0,Moderate,42,0.20847810979847115,1.0,1.0,0.0,1,1,8.247619047619047,8.245000000000001,0.008499504665485758,8.24,8.26,"Ranked by Hotspot Frequency (1.00), FRP (8.25), Pixel Count (42, 0.21% of dataset).",Moderate Wildfire Activity,Moderate wildfire activity. This cluster ranks #152. Hotspot occurrence (1.00) and fire radiative power (8.25) indicate moderate wildfire activity. The cluster contains 42 pixels (0.21% of observations). Routine monitoring should be maintained.
129,153.0,Moderate,70,0.34746351633078526,1.0,1.0,0.0,1,1,8.165428571428572,8.16,0.028624794881144132,8.12,8.2,"Ranked by Hotspot Frequency (1.00), FRP (8.17), Pixel Count (70, 0.35% of dataset).",Moderate Wildfire Activity,Moderate wildfire activity. This cluster ranks #153. Hotspot occurrence (1.00) and fire radiative power (8.17) indicate moderate wildfire activity. The cluster contains 70 pixels (0.35% of observations). Routine monitoring should be maintained.
134,154.0,Moderate,32,0.15884046460835896,1.0,1.0,0.0,1,1,8.085,8.085,0.005080005080007612,8.08,8.09,"Ranked by Hotspot Frequency (1.00), FRP (8.09), Pixel Count (32, 0.16% of dataset).",Moderate Wildfire Activity,Moderate wildfire activity. This cluster ranks #154. Hotspot occurrence (1.00) and fire radiative power (8.09) indicate moderate wildfire activity. The cluster contains 32 pixels (0.16% of observations). Routine monitoring should be maintained.
136,155.0,Moderate,39,0.1935868162414375,1.0,1.0,0.0,1,1,8.054871794871795,8.05,0.005063696835418272,8.05,8.06,"Ranked by Hotspot Frequency (1.00), FRP (8.05), Pixel Count (39, 0.19% of dataset).",Moderate Wildfire Activity,Moderate wildfire activity. This cluster ranks #155. Hotspot occurrence (1.00) and fire radiative power (8.05) indicate moderate wildfire activity. The cluster contains 39 pixels (0.19% of observations). Routine monitoring should be maintained.
143,156.0,Moderate,77,0.3822098679638638,1.0,1.0,0.0,1,1,8.02961038961039,8.03,0.010316256772374844,8.01,8.04,"Ranked by Hotspot Frequency (1.00), FRP (8.03), Pixel Count (77, 0.38% of dataset).",Moderate Wildfire Activity,Moderate wildfire activity. This cluster ranks #156. Hotspot occurrence (1.00) and fire radiative power (8.03) indicate moderate wildfire activity. The cluster contains 77 pixels (0.38% of observations). Routine monitoring should be maintained.
144,157.0,Moderate,38,0.18862305172242627,1.0,1.0,0.0,1,1,7.996315789473685,8.0,0.004888515295293161,7.99,8.0,"Ranked by Hotspot Frequency (1.00), FRP (8.00), Pixel Count (38, 0.19% of dataset).",Moderate Wildfire Activity,Moderate wildfire activity. This cluster ranks #157. Hotspot occurrence (1.00) and fire radiative power (8.00) indicate moderate wildfire activity. The cluster contains 38 pixels (0.19% of observations). Routine monitoring should be maintained.
141,158.0,Moderate,44,0.21840563883649358,1.0,1.0,0.0,1,1,7.965454545454546,7.97,0.005036862005092905,7.96,7.97,"Ranked by Hotspot Frequency (1.00), FRP (7.97), Pixel Count (44, 0.22% of dataset).",Moderate Wildfire Activity,Moderate wildfire activity. This cluster ranks #158. Hotspot occurrence (1.00) and fire radiative power (7.97) indicate moderate wildfire activity. The cluster contains 44 pixels (0.22% of observations). Routine monitoring should be maintained.
133,159.0,Moderate,47,0.23329693239352725,1.0,1.0,0.0,1,1,7.891276595744681,7.88,0.018605401421957136,7.87,7.92,"Ranked by Hotspot Frequency (1.00), FRP (7.89), Pixel Count (47, 0.23% of dataset).",Moderate Wildfire Activity,Moderate wildfire activity. This cluster ranks #159. Hotspot occurrence (1.00) and fire radiative power (7.89) indicate moderate wildfire activity. The cluster contains 47 pixels (0.23% of observations). Routine monitoring should be maintained.
132,160.0,Moderate,93,0.4616301002680433,1.0,1.0,0.0,1,1,7.811935483870967,7.82,0.028217249754905534,7.76,7.85,"Ranked by Hotspot Frequency (1.00), FRP (7.81), Pixel Count (93, 0.46% of dataset).",Moderate Wildfire Activity,Moderate wildfire activity. This cluster ranks #160. Hotspot occurrence (1.00) and fire radiative power (7.81) indicate moderate wildfire activity. The cluster contains 93 pixels (0.46% of observations). Routine monitoring should be maintained.
126,161.0,Moderate,47,0.23329693239352725,1.0,1.0,0.0,1,1,7.670425531914893,7.67,0.011025158346198638,7.65,7.69,"Ranked by Hotspot Frequency (1.00), FRP (7.67), Pixel Count (47, 0.23% of dataset).",Moderate Wildfire Activity,Moderate wildfire activity. This cluster ranks #161. Hotspot occurrence (1.00) and fire radiative power (7.67) indicate moderate wildfire activity. The cluster contains 47 pixels (0.23% of observations). Routine monitoring should be maintained.
139,162.0,Moderate,31,0.15387670008934776,1.0,1.0,0.0,1,1,7.609677419354839,7.61,0.00546740094727661,7.6,7.62,"Ranked by Hotspot Frequency (1.00), FRP (7.61), Pixel Count (31, 0.15% of dataset).",Moderate Wildfire Activity,Moderate wildfire activity. This cluster ranks #162. Hotspot occurrence (1.00) and fire radiative power (7.61) indicate moderate wildfire activity. The cluster contains 31 pixels (0.15% of observations). Routine monitoring should be maintained.
140,163.0,Moderate,85,0.4219199841159535,1.0,1.0,0.0,1,1,7.562117647058823,7.56,0.015204488501368343,7.54,7.59,"Ranked by Hotspot Frequency (1.00), FRP (7.56), Pixel Count (85, 0.42% of dataset).",Moderate Wildfire Activity,Moderate wildfire activity. This cluster ranks #163. Hotspot occurrence (1.00) and fire radiative power (7.56) indicate moderate wildfire activity. The cluster contains 85 pixels (0.42% of observations). Routine monitoring should be maintained.
149,164.0,Moderate,39,0.1935868162414375,1.0,1.0,0.0,1,1,7.497692307692309,7.5,0.007056739392255409,7.49,7.51,"Ranked by Hotspot Frequency (1.00), FRP (7.50), Pixel Count (39, 0.19% of dataset).",Moderate Wildfire Activity,Moderate wildfire activity. This cluster ranks #164. Hotspot occurrence (1.00) and fire radiative power (7.50) indicate moderate wildfire activity. The cluster contains 39 pixels (0.19% of observations). Routine monitoring should be maintained.
148,165.0,Moderate,60,0.2978258711406731,1.0,1.0,0.0,1,1,7.461,7.46,0.009513594198633745,7.45,7.48,"Ranked by Hotspot Frequency (1.00), FRP (7.46), Pixel Count (60, 0.30% of dataset).",Moderate Wildfire Activity,Moderate wildfire activity. This cluster ranks #165. Hotspot occurrence (1.00) and fire radiative power (7.46) indicate moderate wildfire activity. The cluster contains 60 pixels (0.30% of observations). Routine monitoring should be maintained.
168,166.0,Moderate,47,0.23329693239352725,1.0,1.0,0.0,1,1,7.4065957446808515,7.41,0.005998766447354985,7.4,7.42,"Ranked by Hotspot Frequency (1.00), FRP (7.41), Pixel Count (47, 0.23% of dataset).",Moderate Wildfire Activity,Moderate wildfire activity. This cluster ranks #166. Hotspot occurrence (1.00) and fire radiative power (7.41) indicate moderate wildfire activity. The cluster contains 47 pixels (0.23% of observations). Routine monitoring should be maintained.
169,167.0,Moderate,58,0.28789834210265064,1.0,1.0,0.0,1,1,7.371896551724138,7.37,0.0071222154427582115,7.36,7.39,"Ranked by Hotspot Frequency (1.00), FRP (7.37), Pixel Count (58, 0.29% of dataset).",Moderate Wildfire Activity,Moderate wildfire activity. This cluster ranks #167. Hotspot occurrence (1.00) and fire radiative power (7.37) indicate moderate wildfire activity. The cluster contains 58 pixels (0.29% of observations). Routine monitoring should be maintained.
145,168.0,Moderate,67,0.3325722227737516,1.0,1.0,0.0,1,1,7.316716417910447,7.32,0.010785520554932997,7.3,7.34,"Ranked by Hotspot Frequency (1.00), FRP (7.32), Pixel Count (67, 0.33% of dataset).",Moderate Wildfire Activity,Moderate wildfire activity. This cluster ranks #168. Hotspot occurrence (1.00) and fire radiative power (7.32) indicate moderate wildfire activity. The cluster contains 67 pixels (0.33% of observations). Routine monitoring should be maintained.
150,169.0,Moderate,34,0.16876799364638143,1.0,1.0,0.0,1,1,7.263529411764705,7.26,0.005970814340265454,7.25,7.27,"Ranked by Hotspot Frequency (1.00), FRP (7.26), Pixel Count (34, 0.17% of dataset).",Moderate Wildfire Activity,Moderate wildfire activity. This cluster ranks #169. Hotspot occurrence (1.00) and fire radiative power (7.26) indicate moderate wildfire activity. The cluster contains 34 pixels (0.17% of observations). Routine monitoring should be maintained.
178,170.0,Moderate,86,0.42688374863496475,1.0,1.0,0.0,1,1,7.203255813953489,7.2,0.010894343968599248,7.18,7.22,"Ranked by Hotspot Frequency (1.00), FRP (7.20), Pixel Count (86, 0.43% of dataset).",Moderate Wildfire Activity,Moderate wildfire activity. This cluster ranks #170. Hotspot occurrence (1.00) and fire radiative power (7.20) indicate moderate wildfire activity. The cluster contains 86 pixels (0.43% of observations). Routine monitoring should be maintained.
179,171.0,Moderate,31,0.15387670008934776,1.0,1.0,0.0,1,1,7.166774193548386,7.17,0.004751909633114619,7.16,7.17,"Ranked by Hotspot Frequency (1.00), FRP (7.17), Pixel Count (31, 0.15% of dataset).",Moderate Wildfire Activity,Moderate wildfire activity. This cluster ranks #171. Hotspot occurrence (1.00) and fire radiative power (7.17) indicate moderate wildfire activity. The cluster contains 31 pixels (0.15% of observations). Routine monitoring should be maintained.
154,172.0,Moderate,48,0.23826069691253848,1.0,1.0,0.0,1,1,7.119375000000001,7.12,0.011374897708214534,7.1,7.13,"Ranked by Hotspot Frequency (1.00), FRP (7.12), Pixel Count (48, 0.24% of dataset).",Moderate Wildfire Activity,Moderate wildfire activity. This cluster ranks #172. Hotspot occurrence (1.00) and fire radiative power (7.12) indicate moderate wildfire activity. The cluster contains 48 pixels (0.24% of observations). Routine monitoring should be maintained.
153,173.0,Moderate,45,0.22336940335550481,1.0,1.0,0.0,1,1,7.0473333333333334,7.05,0.009629500128629464,7.04,7.09,"Ranked by Hotspot Frequency (1.00), FRP (7.05), Pixel Count (45, 0.22% of dataset).",Moderate Wildfire Activity,Moderate wildfire activity. This cluster ranks #173. Hotspot occurrence (1.00) and fire radiative power (7.05) indicate moderate wildfire activity. The cluster contains 45 pixels (0.22% of observations). Routine monitoring should be maintained.
142,174.0,Moderate,73,0.36235480988781893,1.0,1.0,0.0,1,1,7.00958904109589,7.01,0.01123466314635964,6.99,7.02,"Ranked by Hotspot Frequency (1.00), FRP (7.01), Pixel Count (73, 0.36% of dataset).",Moderate Wildfire Activity,Moderate wildfire activity. This cluster ranks #174. Hotspot occurrence (1.00) and fire radiative power (7.01) indicate moderate wildfire activity. The cluster contains 73 pixels (0.36% of observations). Routine monitoring should be maintained.
135,175.0,Moderate,47,0.23329693239352725,1.0,1.0,0.0,1,1,6.953829787234042,6.96,0.01311374842597738,6.93,6.97,"Ranked by Hotspot Frequency (1.00), FRP (6.95), Pixel Count (47, 0.23% of dataset).",Moderate Wildfire Activity,Moderate wildfire activity. This cluster ranks #175. Hotspot occurrence (1.00) and fire radiative power (6.95) indicate moderate wildfire activity. The cluster contains 47 pixels (0.23% of observations). Routine monitoring should be maintained.
138,176.0,Moderate,134,0.6651444455475032,1.0,1.0,0.0,1,1,6.882910447761193,6.88,0.02380448643079939,6.84,6.92,"Ranked by Hotspot Frequency (1.00), FRP (6.88), Pixel Count (134, 0.67% of dataset).",Moderate Wildfire Activity,Moderate wildfire activity. This cluster ranks #176. Hotspot occurrence (1.00) and fire radiative power (6.88) indicate moderate wildfire activity. The cluster contains 134 pixels (0.67% of observations). Routine monitoring should be maintained.
137,177.0,Moderate,100,0.49637645190112184,1.0,1.0,0.0,1,1,6.779299999999999,6.78,0.02301756027054273,6.74,6.83,"Ranked by Hotspot Frequency (1.00), FRP (6.78), Pixel Count (100, 0.50% of dataset).",Moderate Wildfire Activity,Moderate wildfire activity. This cluster ranks #177. Hotspot occurrence (1.00) and fire radiative power (6.78) indicate moderate wildfire activity. The cluster contains 100 pixels (0.50% of observations). Routine monitoring should be maintained.
167,178.0,Moderate,69,0.34249975181177406,1.0,1.0,0.0,1,1,6.662753623188406,6.66,0.009375195365966512,6.65,6.68,"Ranked by Hotspot Frequency (1.00), FRP (6.66), Pixel Count (69, 0.34% of dataset).",Moderate Wildfire Activity,Moderate wildfire activity. This cluster ranks #178. Hotspot occurrence (1.00) and fire radiative power (6.66) indicate moderate wildfire activity. The cluster contains 69 pixels (0.34% of observations). Routine monitoring should be maintained.
173,179.0,Moderate,28,0.13898540653231412,1.0,1.0,0.0,1,1,6.632142857142857,6.63,0.0041785544701868045,6.63,6.64,"Ranked by Hotspot Frequency (1.00), FRP (6.63), Pixel Count (28, 0.14% of dataset).",Moderate Wildfire Activity,Moderate wildfire activity. This cluster ranks #179. Hotspot occurrence (1.00) and fire radiative power (6.63) indicate moderate wildfire activity. The cluster contains 28 pixels (0.14% of observations). Routine monitoring should be maintained.
174,180.0,Moderate,46,0.22833316787451602,1.0,1.0,0.0,1,1,6.614130434782608,6.61,0.004978213403988855,6.61,6.62,"Ranked by Hotspot Frequency (1.00), FRP (6.61), Pixel Count (46, 0.23% of dataset).",Moderate Wildfire Activity,Moderate wildfire activity. This cluster ranks #180. Hotspot occurrence (1.00) and fire radiative power (6.61) indicate moderate wildfire activity. The cluster contains 46 pixels (0.23% of observations). Routine monitoring should be maintained.
164,181.0,Moderate,36,0.17869552268440386,1.0,1.0,0.0,1,1,6.571666666666667,6.57,0.008451542547285343,6.56,6.58,"Ranked by Hotspot Frequency (1.00), FRP (6.57), Pixel Count (36, 0.18% of dataset).",Moderate Wildfire Activity,Moderate wildfire activity. This cluster ranks #181. Hotspot occurrence (1.00) and fire radiative power (6.57) indicate moderate wildfire activity. The cluster contains 36 pixels (0.18% of observations). Routine monitoring should be maintained.
194,182.0,Moderate,30,0.14891293557033655,1.0,1.0,0.0,1,1,6.529333333333333,6.53,0.002537081317024873,6.52,6.53,"Ranked by Hotspot Frequency (1.00), FRP (6.53), Pixel Count (30, 0.15% of dataset).",Moderate Wildfire Activity,Moderate wildfire activity. This cluster ranks #182. Hotspot occurrence (1.00) and fire radiative power (6.53) indicate moderate wildfire activity. The cluster contains 30 pixels (0.15% of observations). Routine monitoring should be maintained.
241,183.0,Moderate,72,0.3573910453688077,1.0,1.0,0.0,1,1,6.490833333333334,6.49,0.011838109860548597,6.47,6.51,"Ranked by Hotspot Frequency (1.00), FRP (6.49), Pixel Count (72, 0.36% of dataset).",Moderate Wildfire Activity,Moderate wildfire activity. This cluster ranks #183. Hotspot occurrence (1.00) and fire radiative power (6.49) indicate moderate wildfire activity. The cluster contains 72 pixels (0.36% of observations). Routine monitoring should be maintained.
240,184.0,Moderate,31,0.15387670008934776,1.0,1.0,0.0,1,1,6.4554838709677425,6.46,0.005679618342470498,6.45,6.47,"Ranked by Hotspot Frequency (1.00), FRP (6.46), Pixel Count (31, 0.15% of dataset).",Moderate Wildfire Activity,Moderate wildfire activity. This cluster ranks #184. Hotspot occurrence (1.00) and fire radiative power (6.46) indicate moderate wildfire activity. The cluster contains 31 pixels (0.15% of observations). Routine monitoring should be maintained.
202,185.0,Moderate,26,0.12905787749429165,1.0,1.0,0.0,1,1,6.430000000000001,6.43,0.0,6.43,6.43,"Ranked by Hotspot Frequency (1.00), FRP (6.43), Pixel Count (26, 0.13% of dataset).",Moderate Wildfire Activity,Moderate wildfire activity. This cluster ranks #185. Hotspot occurrence (1.00) and fire radiative power (6.43) indicate moderate wildfire activity. The cluster contains 26 pixels (0.13% of observations). Routine monitoring should be maintained.
203,186.0,Moderate,29,0.14394917105132532,1.0,1.0,0.0,1,1,6.42,6.42,0.0,6.42,6.42,"Ranked by Hotspot Frequency (1.00), FRP (6.42), Pixel Count (29, 0.14% of dataset).",Moderate Wildfire Activity,Moderate wildfire activity. This cluster ranks #186. Hotspot occurrence (1.00) and fire radiative power (6.42) indicate moderate wildfire activity. The cluster contains 29 pixels (0.14% of observations). Routine monitoring should be maintained.
200,187.0,Moderate,27,0.13402164201330288,1.0,1.0,0.0,1,1,6.41,6.41,0.0,6.41,6.41,"Ranked by Hotspot Frequency (1.00), FRP (6.41), Pixel Count (27, 0.13% of dataset).",Moderate Wildfire Activity,Moderate wildfire activity. This cluster ranks #187. Hotspot occurrence (1.00) and fire radiative power (6.41) indicate moderate wildfire activity. The cluster contains 27 pixels (0.13% of observations). Routine monitoring should be maintained.
201,188.0,Moderate,27,0.13402164201330288,1.0,1.0,0.0,1,1,6.4,6.4,0.0,6.4,6.4,"Ranked by Hotspot Frequency (1.00), FRP (6.40), Pixel Count (27, 0.13% of dataset).",Moderate Wildfire Activity,Moderate wildfire activity. This cluster ranks #188. Hotspot occurrence (1.00) and fire radiative power (6.40) indicate moderate wildfire activity. The cluster contains 27 pixels (0.13% of observations). Routine monitoring should be maintained.
204,189.0,Moderate,41,0.2035143452794599,1.0,1.0,0.0,1,1,6.37,6.37,0.008366600265340314,6.36,6.38,"Ranked by Hotspot Frequency (1.00), FRP (6.37), Pixel Count (41, 0.20% of dataset).",Moderate Wildfire Activity,Moderate wildfire activity. This cluster ranks #189. Hotspot occurrence (1.00) and fire radiative power (6.37) indicate moderate wildfire activity. The cluster contains 41 pixels (0.20% of observations). Routine monitoring should be maintained.
231,190.0,Moderate,30,0.14891293557033655,1.0,1.0,0.0,1,1,6.34,6.34,0.0,6.34,6.34,"Ranked by Hotspot Frequency (1.00), FRP (6.34), Pixel Count (30, 0.15% of dataset).",Moderate Wildfire Activity,Moderate wildfire activity. This cluster ranks #190. Hotspot occurrence (1.00) and fire radiative power (6.34) indicate moderate wildfire activity. The cluster contains 30 pixels (0.15% of observations). Routine monitoring should be maintained.
230,191.0,Moderate,34,0.16876799364638143,1.0,1.0,0.0,1,1,6.33,6.33,0.0,6.33,6.33,"Ranked by Hotspot Frequency (1.00), FRP (6.33), Pixel Count (34, 0.17% of dataset).",Moderate Wildfire Activity,Moderate wildfire activity. This cluster ranks #191. Hotspot occurrence (1.00) and fire radiative power (6.33) indicate moderate wildfire activity. The cluster contains 34 pixels (0.17% of observations). Routine monitoring should be maintained.
187,192.0,Moderate,46,0.22833316787451602,1.0,1.0,0.0,1,1,6.305434782608696,6.31,0.00503610155185365,6.3,6.31,"Ranked by Hotspot Frequency (1.00), FRP (6.31), Pixel Count (46, 0.23% of dataset).",Moderate Wildfire Activity,Moderate wildfire activity. This cluster ranks #192. Hotspot occurrence (1.00) and fire radiative power (6.31) indicate moderate wildfire activity. The cluster contains 46 pixels (0.23% of observations). Routine monitoring should be maintained.
188,193.0,Moderate,52,0.2581157549885833,1.0,1.0,0.0,1,1,6.283269230769231,6.28,0.004736654667156793,6.28,6.29,"Ranked by Hotspot Frequency (1.00), FRP (6.28), Pixel Count (52, 0.26% of dataset).",Moderate Wildfire Activity,Moderate wildfire activity. This cluster ranks #193. Hotspot occurrence (1.00) and fire radiative power (6.28) indicate moderate wildfire activity. The cluster contains 52 pixels (0.26% of observations). Routine monitoring should be maintained.
232,194.0,Moderate,31,0.15387670008934776,1.0,1.0,0.0,1,1,6.261290322580645,6.26,0.003407771005482421,6.26,6.27,"Ranked by Hotspot Frequency (1.00), FRP (6.26), Pixel Count (31, 0.15% of dataset).",Moderate Wildfire Activity,Moderate wildfire activity. This cluster ranks #194. Hotspot occurrence (1.00) and fire radiative power (6.26) indicate moderate wildfire activity. The cluster contains 31 pixels (0.15% of observations). Routine monitoring should be maintained.
233,195.0,Moderate,45,0.22336940335550481,1.0,1.0,0.0,1,1,6.237555555555556,6.24,0.006794234037889469,6.23,6.25,"Ranked by Hotspot Frequency (1.00), FRP (6.24), Pixel Count (45, 0.22% of dataset).",Moderate Wildfire Activity,Moderate wildfire activity. This cluster ranks #195. Hotspot occurrence (1.00) and fire radiative power (6.24) indicate moderate wildfire activity. The cluster contains 45 pixels (0.22% of observations). Routine monitoring should be maintained.
165,196.0,Moderate,45,0.22336940335550481,1.0,1.0,0.0,1,1,6.151111111111112,6.15,0.003178208630818701,6.15,6.16,"Ranked by Hotspot Frequency (1.00), FRP (6.15), Pixel Count (45, 0.22% of dataset).",Moderate Wildfire Activity,Moderate wildfire activity. This cluster ranks #196. Hotspot occurrence (1.00) and fire radiative power (6.15) indicate moderate wildfire activity. The cluster contains 45 pixels (0.22% of observations). Routine monitoring should be maintained.
166,197.0,Moderate,39,0.1935868162414375,1.0,1.0,0.0,1,1,6.138974358974359,6.14,0.0030735474060475747,6.13,6.14,"Ranked by Hotspot Frequency (1.00), FRP (6.14), Pixel Count (39, 0.19% of dataset).",Moderate Wildfire Activity,Moderate wildfire activity. This cluster ranks #197. Hotspot occurrence (1.00) and fire radiative power (6.14) indicate moderate wildfire activity. The cluster contains 39 pixels (0.19% of observations). Routine monitoring should be maintained.
163,198.0,Moderate,38,0.18862305172242627,1.0,1.0,0.0,1,1,6.097368421052631,6.1,0.011551110985836444,6.08,6.11,"Ranked by Hotspot Frequency (1.00), FRP (6.10), Pixel Count (38, 0.19% of dataset).",Moderate Wildfire Activity,Moderate wildfire activity. This cluster ranks #198. Hotspot occurrence (1.00) and fire radiative power (6.10) indicate moderate wildfire activity. The cluster contains 38 pixels (0.19% of observations). Routine monitoring should be maintained.
198,199.0,Moderate,35,0.17373175816539263,1.0,1.0,0.0,1,1,6.05,6.05,0.0,6.05,6.05,"Ranked by Hotspot Frequency (1.00), FRP (6.05), Pixel Count (35, 0.17% of dataset).",Moderate Wildfire Activity,Moderate wildfire activity. This cluster ranks #199. Hotspot occurrence (1.00) and fire radiative power (6.05) indicate moderate wildfire activity. The cluster contains 35 pixels (0.17% of observations). Routine monitoring should be maintained.
199,200.0,Moderate,42,0.20847810979847115,1.0,1.0,0.0,1,1,6.04,6.04,0.0,6.04,6.04,"Ranked by Hotspot Frequency (1.00), FRP (6.04), Pixel Count (42, 0.21% of dataset).",Moderate Wildfire Activity,Moderate wildfire activity. This cluster ranks #200. Hotspot occurrence (1.00) and fire radiative power (6.04) indicate moderate wildfire activity. The cluster contains 42 pixels (0.21% of observations). Routine monitoring should be maintained.
186,201.0,Moderate,44,0.21840563883649358,1.0,1.0,0.0,1,1,6.03,6.03,0.0,6.03,6.03,"Ranked by Hotspot Frequency (1.00), FRP (6.03), Pixel Count (44, 0.22% of dataset).",Moderate Wildfire Activity,Moderate wildfire activity. This cluster ranks #201. Hotspot occurrence (1.00) and fire radiative power (6.03) indicate moderate wildfire activity. The cluster contains 44 pixels (0.22% of observations). Routine monitoring should be maintained.
184,202.0,Moderate,43,0.21344187431748238,1.0,1.0,0.0,1,1,6.009302325581395,6.01,0.005068741196791205,6.0,6.02,"Ranked by Hotspot Frequency (1.00), FRP (6.01), Pixel Count (43, 0.21% of dataset).",Moderate Wildfire Activity,Moderate wildfire activity. This cluster ranks #202. Hotspot occurrence (1.00) and fire radiative power (6.01) indicate moderate wildfire activity. The cluster contains 43 pixels (0.21% of observations). Routine monitoring should be maintained.
185,203.0,Moderate,47,0.23329693239352725,1.0,1.0,0.0,1,1,5.983404255319149,5.98,0.004789751624984835,5.98,5.99,"Ranked by Hotspot Frequency (1.00), FRP (5.98), Pixel Count (47, 0.23% of dataset).",Moderate Wildfire Activity,Moderate wildfire activity. This cluster ranks #203. Hotspot occurrence (1.00) and fire radiative power (5.98) indicate moderate wildfire activity. The cluster contains 47 pixels (0.23% of observations). Routine monitoring should be maintained.
215,204.0,Moderate,70,0.34746351633078526,1.0,1.0,0.0,1,1,5.956142857142857,5.96,0.01207378969153968,5.93,5.97,"Ranked by Hotspot Frequency (1.00), FRP (5.96), Pixel Count (70, 0.35% of dataset).",Moderate Wildfire Activity,Moderate wildfire activity. This cluster ranks #204. Hotspot occurrence (1.00) and fire radiative power (5.96) indicate moderate wildfire activity. The cluster contains 70 pixels (0.35% of observations). Routine monitoring should be maintained.
214,205.0,Moderate,44,0.21840563883649358,1.0,1.0,0.0,1,1,5.910454545454545,5.91,0.007456710869940099,5.9,5.92,"Ranked by Hotspot Frequency (1.00), FRP (5.91), Pixel Count (44, 0.22% of dataset).",Moderate Wildfire Activity,Moderate wildfire activity. This cluster ranks #205. Hotspot occurrence (1.00) and fire radiative power (5.91) indicate moderate wildfire activity. The cluster contains 44 pixels (0.22% of observations). Routine monitoring should be maintained.
162,206.0,Moderate,74,0.36731857440683013,1.0,1.0,0.0,1,1,5.83054054054054,5.83,0.013333641857469722,5.81,5.85,"Ranked by Hotspot Frequency (1.00), FRP (5.83), Pixel Count (74, 0.37% of dataset).",Moderate Wildfire Activity,Moderate wildfire activity. This cluster ranks #206. Hotspot occurrence (1.00) and fire radiative power (5.83) indicate moderate wildfire activity. The cluster contains 74 pixels (0.37% of observations). Routine monitoring should be maintained.
161,207.0,Moderate,82,0.4070286905589198,1.0,1.0,0.0,1,1,5.785121951219512,5.78,0.007411019895993935,5.78,5.8,"Ranked by Hotspot Frequency (1.00), FRP (5.79), Pixel Count (82, 0.41% of dataset).",Moderate Wildfire Activity,Moderate wildfire activity. This cluster ranks #207. Hotspot occurrence (1.00) and fire radiative power (5.79) indicate moderate wildfire activity. The cluster contains 82 pixels (0.41% of observations). Routine monitoring should be maintained.
151,208.0,Moderate,95,0.4715576293060657,1.0,1.0,0.0,1,1,5.71821052631579,5.72,0.018506982429780827,5.69,5.76,"Ranked by Hotspot Frequency (1.00), FRP (5.72), Pixel Count (95, 0.47% of dataset).",Moderate Wildfire Activity,Moderate wildfire activity. This cluster ranks #208. Hotspot occurrence (1.00) and fire radiative power (5.72) indicate moderate wildfire activity. The cluster contains 95 pixels (0.47% of observations). Routine monitoring should be maintained.
213,209.0,Moderate,44,0.21840563883649358,1.0,1.0,0.0,1,1,5.658863636363637,5.66,0.00813145173997639,5.65,5.67,"Ranked by Hotspot Frequency (1.00), FRP (5.66), Pixel Count (44, 0.22% of dataset).",Moderate Wildfire Activity,Moderate wildfire activity. This cluster ranks #209. Hotspot occurrence (1.00) and fire radiative power (5.66) indicate moderate wildfire activity. The cluster contains 44 pixels (0.22% of observations). Routine monitoring should be maintained.
226,210.0,Low,65,0.3226446937357292,1.0,1.0,0.0,1,1,5.638615384615385,5.64,0.0034807161066915545,5.63,5.64,"Ranked by Hotspot Frequency (1.00), FRP (5.64), Pixel Count (65, 0.32% of dataset).",Low Wildfire Activity,Low wildfire activity. This cluster ranks #210. Both hotspot frequency (1.00) and fire radiative power (5.64) are relatively low. The cluster represents 65 pixels (0.32% of observations). Periodic observation is considered sufficient.
227,211.0,Low,38,0.18862305172242627,1.0,1.0,0.0,1,1,5.6118421052631575,5.61,0.003928594520631766,5.61,5.62,"Ranked by Hotspot Frequency (1.00), FRP (5.61), Pixel Count (38, 0.19% of dataset).",Low Wildfire Activity,Low wildfire activity. This cluster ranks #211. Both hotspot frequency (1.00) and fire radiative power (5.61) are relatively low. The cluster represents 38 pixels (0.19% of observations). Periodic observation is considered sufficient.
224,212.0,Low,43,0.21344187431748238,1.0,1.0,0.0,1,1,5.592790697674418,5.59,0.007661151658840355,5.58,5.6,"Ranked by Hotspot Frequency (1.00), FRP (5.59), Pixel Count (43, 0.21% of dataset).",Low Wildfire Activity,Low wildfire activity. This cluster ranks #212. Both hotspot frequency (1.00) and fire radiative power (5.59) are relatively low. The cluster represents 43 pixels (0.21% of observations). Periodic observation is considered sufficient.
180,213.0,Low,77,0.3822098679638638,1.0,1.0,0.0,1,1,5.542207792207792,5.54,0.005763628385555462,5.53,5.55,"Ranked by Hotspot Frequency (1.00), FRP (5.54), Pixel Count (77, 0.38% of dataset).",Low Wildfire Activity,Low wildfire activity. This cluster ranks #213. Both hotspot frequency (1.00) and fire radiative power (5.54) are relatively low. The cluster represents 77 pixels (0.38% of observations). Periodic observation is considered sufficient.
181,214.0,Low,50,0.24818822595056092,1.0,1.0,0.0,1,1,5.5098,5.51,0.006223720260225689,5.5,5.52,"Ranked by Hotspot Frequency (1.00), FRP (5.51), Pixel Count (50, 0.25% of dataset).",Low Wildfire Activity,Low wildfire activity. This cluster ranks #214. Both hotspot frequency (1.00) and fire radiative power (5.51) are relatively low. The cluster represents 50 pixels (0.25% of observations). Periodic observation is considered sufficient.
239,215.0,Low,34,0.16876799364638143,1.0,1.0,0.0,1,1,5.42,5.42,0.0,5.42,5.42,"Ranked by Hotspot Frequency (1.00), FRP (5.42), Pixel Count (34, 0.17% of dataset).",Low Wildfire Activity,Low wildfire activity. This cluster ranks #215. Both hotspot frequency (1.00) and fire radiative power (5.42) are relatively low. The cluster represents 34 pixels (0.17% of observations). Periodic observation is considered sufficient.
238,216.0,Low,53,0.26307951950759456,1.0,1.0,0.0,1,1,5.41,5.41,0.0,5.41,5.41,"Ranked by Hotspot Frequency (1.00), FRP (5.41), Pixel Count (53, 0.26% of dataset).",Low Wildfire Activity,Low wildfire activity. This cluster ranks #216. Both hotspot frequency (1.00) and fire radiative power (5.41) are relatively low. The cluster represents 53 pixels (0.26% of observations). Periodic observation is considered sufficient.
193,217.0,Low,60,0.2978258711406731,1.0,1.0,0.0,1,1,5.382666666666666,5.38,0.0044594849085645965,5.38,5.39,"Ranked by Hotspot Frequency (1.00), FRP (5.38), Pixel Count (60, 0.30% of dataset).",Low Wildfire Activity,Low wildfire activity. This cluster ranks #217. Both hotspot frequency (1.00) and fire radiative power (5.38) are relatively low. The cluster represents 60 pixels (0.30% of observations). Periodic observation is considered sufficient.
192,218.0,Low,38,0.18862305172242627,1.0,1.0,0.0,1,1,5.36421052631579,5.36,0.005003554924018407,5.36,5.37,"Ranked by Hotspot Frequency (1.00), FRP (5.36), Pixel Count (38, 0.19% of dataset).",Low Wildfire Activity,Low wildfire activity. This cluster ranks #218. Both hotspot frequency (1.00) and fire radiative power (5.36) are relatively low. The cluster represents 38 pixels (0.19% of observations). Periodic observation is considered sufficient.
183,219.0,Low,28,0.13898540653231412,1.0,1.0,0.0,1,1,5.35,5.35,0.0,5.35,5.35,"Ranked by Hotspot Frequency (1.00), FRP (5.35), Pixel Count (28, 0.14% of dataset).",Low Wildfire Activity,Low wildfire activity. This cluster ranks #219. Both hotspot frequency (1.00) and fire radiative power (5.35) are relatively low. The cluster represents 28 pixels (0.14% of observations). Periodic observation is considered sufficient.
182,220.0,Low,52,0.2581157549885833,1.0,1.0,0.0,1,1,5.34,5.34,0.0,5.34,5.34,"Ranked by Hotspot Frequency (1.00), FRP (5.34), Pixel Count (52, 0.26% of dataset).",Low Wildfire Activity,Low wildfire activity. This cluster ranks #220. Both hotspot frequency (1.00) and fire radiative power (5.34) are relatively low. The cluster represents 52 pixels (0.26% of observations). Periodic observation is considered sufficient.
160,221.0,Low,65,0.3226446937357292,1.0,1.0,0.0,1,1,5.291846153846154,5.29,0.01157749806903238,5.28,5.31,"Ranked by Hotspot Frequency (1.00), FRP (5.29), Pixel Count (65, 0.32% of dataset).",Low Wildfire Activity,Low wildfire activity. This cluster ranks #221. Both hotspot frequency (1.00) and fire radiative power (5.29) are relatively low. The cluster represents 65 pixels (0.32% of observations). Periodic observation is considered sufficient.
158,222.0,Low,111,0.5509778616102452,1.0,1.0,0.0,1,1,5.193963963963964,5.19,0.02601675261963775,5.16,5.24,"Ranked by Hotspot Frequency (1.00), FRP (5.19), Pixel Count (111, 0.55% of dataset).",Low Wildfire Activity,Low wildfire activity. This cluster ranks #222. Both hotspot frequency (1.00) and fire radiative power (5.19) are relatively low. The cluster represents 111 pixels (0.55% of observations). Periodic observation is considered sufficient.
253,223.0,Low,38,0.18862305172242627,1.0,1.0,0.0,1,1,5.118157894736842,5.12,0.005122954783945629,5.11,5.13,"Ranked by Hotspot Frequency (1.00), FRP (5.12), Pixel Count (38, 0.19% of dataset).",Low Wildfire Activity,Low wildfire activity. This cluster ranks #223. Both hotspot frequency (1.00) and fire radiative power (5.12) are relatively low. The cluster represents 38 pixels (0.19% of observations). Periodic observation is considered sufficient.
255,224.0,Low,28,0.13898540653231412,1.0,1.0,0.0,1,1,5.1,5.1,0.0,5.1,5.1,"Ranked by Hotspot Frequency (1.00), FRP (5.10), Pixel Count (28, 0.14% of dataset).",Low Wildfire Activity,Low wildfire activity. This cluster ranks #224. Both hotspot frequency (1.00) and fire radiative power (5.10) are relatively low. The cluster represents 28 pixels (0.14% of observations). Periodic observation is considered sufficient.
256,225.0,Low,47,0.23329693239352725,1.0,1.0,0.0,1,1,5.083191489361702,5.08,0.006949001485582165,5.07,5.09,"Ranked by Hotspot Frequency (1.00), FRP (5.08), Pixel Count (47, 0.23% of dataset).",Low Wildfire Activity,Low wildfire activity. This cluster ranks #225. Both hotspot frequency (1.00) and fire radiative power (5.08) are relatively low. The cluster represents 47 pixels (0.23% of observations). Periodic observation is considered sufficient.
223,226.0,Low,36,0.17869552268440386,1.0,1.0,0.0,1,1,5.039166666666667,5.04,0.008062257748298237,5.03,5.05,"Ranked by Hotspot Frequency (1.00), FRP (5.04), Pixel Count (36, 0.18% of dataset).",Low Wildfire Activity,Low wildfire activity. This cluster ranks #226. Both hotspot frequency (1.00) and fire radiative power (5.04) are relatively low. The cluster represents 36 pixels (0.18% of observations). Periodic observation is considered sufficient.
234,227.0,Low,27,0.13402164201330288,1.0,1.0,0.0,1,1,5.0162962962962965,5.02,0.00564879030490912,5.0,5.02,"Ranked by Hotspot Frequency (1.00), FRP (5.02), Pixel Count (27, 0.13% of dataset).",Low Wildfire Activity,Low wildfire activity. This cluster ranks #227. Both hotspot frequency (1.00) and fire radiative power (5.02) are relatively low. The cluster represents 27 pixels (0.13% of observations). Periodic observation is considered sufficient.
235,228.0,Low,54,0.26804328402660577,1.0,1.0,0.0,1,1,4.982592592592592,4.98,0.004423430404999222,4.98,4.99,"Ranked by Hotspot Frequency (1.00), FRP (4.98), Pixel Count (54, 0.27% of dataset).",Low Wildfire Activity,Low wildfire activity. This cluster ranks #228. Both hotspot frequency (1.00) and fire radiative power (4.98) are relatively low. The cluster represents 54 pixels (0.27% of observations). Periodic observation is considered sufficient.
243,229.0,Low,33,0.1638042291273702,1.0,1.0,0.0,1,1,4.96,4.96,0.006123724356957889,4.95,4.97,"Ranked by Hotspot Frequency (1.00), FRP (4.96), Pixel Count (33, 0.16% of dataset).",Low Wildfire Activity,Low wildfire activity. This cluster ranks #229. Both hotspot frequency (1.00) and fire radiative power (4.96) are relatively low. The cluster represents 33 pixels (0.16% of observations). Periodic observation is considered sufficient.
242,230.0,Low,48,0.23826069691253848,1.0,1.0,0.0,1,1,4.94,4.94,0.0,4.94,4.94,"Ranked by Hotspot Frequency (1.00), FRP (4.94), Pixel Count (48, 0.24% of dataset).",Low Wildfire Activity,Low wildfire activity. This cluster ranks #230. Both hotspot frequency (1.00) and fire radiative power (4.94) are relatively low. The cluster represents 48 pixels (0.24% of observations). Periodic observation is considered sufficient.
236,231.0,Low,75,0.37228233892584134,1.0,1.0,0.0,1,1,4.906266666666667,4.9,0.008506489308778214,4.9,4.92,"Ranked by Hotspot Frequency (1.00), FRP (4.91), Pixel Count (75, 0.37% of dataset).",Low Wildfire Activity,Low wildfire activity. This cluster ranks #231. Both hotspot frequency (1.00) and fire radiative power (4.91) are relatively low. The cluster represents 75 pixels (0.37% of observations). Periodic observation is considered sufficient.
244,232.0,Low,29,0.14394917105132532,1.0,1.0,0.0,1,1,4.880000000000001,4.88,0.0,4.88,4.88,"Ranked by Hotspot Frequency (1.00), FRP (4.88), Pixel Count (29, 0.14% of dataset).",Low Wildfire Activity,Low wildfire activity. This cluster ranks #232. Both hotspot frequency (1.00) and fire radiative power (4.88) are relatively low. The cluster represents 29 pixels (0.14% of observations). Periodic observation is considered sufficient.
245,233.0,Low,30,0.14891293557033655,1.0,1.0,0.0,1,1,4.866666666666666,4.87,0.004794633014853688,4.86,4.87,"Ranked by Hotspot Frequency (1.00), FRP (4.87), Pixel Count (30, 0.15% of dataset).",Low Wildfire Activity,Low wildfire activity. This cluster ranks #233. Both hotspot frequency (1.00) and fire radiative power (4.87) are relatively low. The cluster represents 30 pixels (0.15% of observations). Periodic observation is considered sufficient.
209,234.0,Low,74,0.36731857440683013,1.0,1.0,0.0,1,1,4.842027027027027,4.85,0.010065501876541955,4.82,4.85,"Ranked by Hotspot Frequency (1.00), FRP (4.84), Pixel Count (74, 0.37% of dataset).",Low Wildfire Activity,Low wildfire activity. This cluster ranks #234. Both hotspot frequency (1.00) and fire radiative power (4.84) are relatively low. The cluster represents 74 pixels (0.37% of observations). Periodic observation is considered sufficient.
222,235.0,Low,34,0.16876799364638143,1.0,1.0,0.0,1,1,4.804705882352941,4.8,0.0050664039710489476,4.8,4.81,"Ranked by Hotspot Frequency (1.00), FRP (4.80), Pixel Count (34, 0.17% of dataset).",Low Wildfire Activity,Low wildfire activity. This cluster ranks #235. Both hotspot frequency (1.00) and fire radiative power (4.80) are relatively low. The cluster represents 34 pixels (0.17% of observations). Periodic observation is considered sufficient.
221,236.0,Low,38,0.18862305172242627,1.0,1.0,0.0,1,1,4.787894736842105,4.79,0.004131549501122523,4.78,4.79,"Ranked by Hotspot Frequency (1.00), FRP (4.79), Pixel Count (38, 0.19% of dataset).",Low Wildfire Activity,Low wildfire activity. This cluster ranks #236. Both hotspot frequency (1.00) and fire radiative power (4.79) are relatively low. The cluster represents 38 pixels (0.19% of observations). Periodic observation is considered sufficient.
219,237.0,Low,51,0.25315199046957215,1.0,1.0,0.0,1,1,4.77,4.77,0.0,4.77,4.77,"Ranked by Hotspot Frequency (1.00), FRP (4.77), Pixel Count (51, 0.25% of dataset).",Low Wildfire Activity,Low wildfire activity. This cluster ranks #237. Both hotspot frequency (1.00) and fire radiative power (4.77) are relatively low. The cluster represents 51 pixels (0.25% of observations). Periodic observation is considered sufficient.
220,238.0,Low,51,0.25315199046957215,1.0,1.0,0.0,1,1,4.7519607843137255,4.75,0.007216538739073381,4.74,4.76,"Ranked by Hotspot Frequency (1.00), FRP (4.75), Pixel Count (51, 0.25% of dataset).",Low Wildfire Activity,Low wildfire activity. This cluster ranks #238. Both hotspot frequency (1.00) and fire radiative power (4.75) are relatively low. The cluster represents 51 pixels (0.25% of observations). Periodic observation is considered sufficient.
266,239.0,Low,71,0.35242728084979646,1.0,1.0,0.0,1,1,4.650845070422536,4.65,0.004998993862552152,4.64,4.66,"Ranked by Hotspot Frequency (1.00), FRP (4.65), Pixel Count (71, 0.35% of dataset).",Low Wildfire Activity,Low wildfire activity. This cluster ranks #239. Both hotspot frequency (1.00) and fire radiative power (4.65) are relatively low. The cluster represents 71 pixels (0.35% of observations). Periodic observation is considered sufficient.
267,240.0,Low,50,0.24818822595056092,1.0,1.0,0.0,1,1,4.6158,4.62,0.011082252773267938,4.6,4.63,"Ranked by Hotspot Frequency (1.00), FRP (4.62), Pixel Count (50, 0.25% of dataset).",Low Wildfire Activity,Low wildfire activity. This cluster ranks #240. Both hotspot frequency (1.00) and fire radiative power (4.62) are relatively low. The cluster represents 50 pixels (0.25% of observations). Periodic observation is considered sufficient.
265,241.0,Low,51,0.25315199046957215,1.0,1.0,0.0,1,1,4.571764705882353,4.57,0.0038501336875181717,4.57,4.58,"Ranked by Hotspot Frequency (1.00), FRP (4.57), Pixel Count (51, 0.25% of dataset).",Low Wildfire Activity,Low wildfire activity. This cluster ranks #241. Both hotspot frequency (1.00) and fire radiative power (4.57) are relatively low. The cluster represents 51 pixels (0.25% of observations). Periodic observation is considered sufficient.
268,242.0,Low,80,0.39710116152089747,1.0,1.0,0.0,1,1,4.54575,4.545,0.010283943488316233,4.53,4.56,"Ranked by Hotspot Frequency (1.00), FRP (4.55), Pixel Count (80, 0.40% of dataset).",Low Wildfire Activity,Low wildfire activity. This cluster ranks #242. Both hotspot frequency (1.00) and fire radiative power (4.55) are relatively low. The cluster represents 80 pixels (0.40% of observations). Periodic observation is considered sufficient.
271,243.0,Low,35,0.17373175816539263,1.0,1.0,0.0,1,1,4.52,4.52,0.0,4.52,4.52,"Ranked by Hotspot Frequency (1.00), FRP (4.52), Pixel Count (35, 0.17% of dataset).",Low Wildfire Activity,Low wildfire activity. This cluster ranks #243. Both hotspot frequency (1.00) and fire radiative power (4.52) are relatively low. The cluster represents 35 pixels (0.17% of observations). Periodic observation is considered sufficient.
274,244.0,Low,70,0.34746351633078526,1.0,1.0,0.0,1,1,4.503,4.5,0.004615663313770466,4.5,4.51,"Ranked by Hotspot Frequency (1.00), FRP (4.50), Pixel Count (70, 0.35% of dataset).",Low Wildfire Activity,Low wildfire activity. This cluster ranks #244. Both hotspot frequency (1.00) and fire radiative power (4.50) are relatively low. The cluster represents 70 pixels (0.35% of observations). Periodic observation is considered sufficient.
275,245.0,Low,29,0.14394917105132532,1.0,1.0,0.0,1,1,4.48448275862069,4.48,0.005061201788784711,4.48,4.49,"Ranked by Hotspot Frequency (1.00), FRP (4.48), Pixel Count (29, 0.14% of dataset).",Low Wildfire Activity,Low wildfire activity. This cluster ranks #245. Both hotspot frequency (1.00) and fire radiative power (4.48) are relatively low. The cluster represents 29 pixels (0.14% of observations). Periodic observation is considered sufficient.
263,246.0,Low,56,0.27797081306462823,1.0,1.0,0.0,1,1,4.449821428571428,4.45,0.009627814144176145,4.44,4.47,"Ranked by Hotspot Frequency (1.00), FRP (4.45), Pixel Count (56, 0.28% of dataset).",Low Wildfire Activity,Low wildfire activity. This cluster ranks #246. Both hotspot frequency (1.00) and fire radiative power (4.45) are relatively low. The cluster represents 56 pixels (0.28% of observations). Periodic observation is considered sufficient.
279,247.0,Low,59,0.2928621066216619,1.0,1.0,0.0,1,1,4.4091525423728815,4.41,0.008766734852647026,4.4,4.42,"Ranked by Hotspot Frequency (1.00), FRP (4.41), Pixel Count (59, 0.29% of dataset).",Low Wildfire Activity,Low wildfire activity. This cluster ranks #247. Both hotspot frequency (1.00) and fire radiative power (4.41) are relatively low. The cluster represents 59 pixels (0.29% of observations). Periodic observation is considered sufficient.
280,248.0,Low,44,0.21840563883649358,1.0,1.0,0.0,1,1,4.378181818181818,4.38,0.005401432743921004,4.37,4.39,"Ranked by Hotspot Frequency (1.00), FRP (4.38), Pixel Count (44, 0.22% of dataset).",Low Wildfire Activity,Low wildfire activity. This cluster ranks #248. Both hotspot frequency (1.00) and fire radiative power (4.38) are relatively low. The cluster represents 44 pixels (0.22% of observations). Periodic observation is considered sufficient.
272,249.0,Low,52,0.2581157549885833,1.0,1.0,0.0,1,1,4.341346153846154,4.34,0.006868183580930129,4.33,4.35,"Ranked by Hotspot Frequency (1.00), FRP (4.34), Pixel Count (52, 0.26% of dataset).",Low Wildfire Activity,Low wildfire activity. This cluster ranks #249. Both hotspot frequency (1.00) and fire radiative power (4.34) are relatively low. The cluster represents 52 pixels (0.26% of observations). Periodic observation is considered sufficient.
290,250.0,Low,38,0.18862305172242627,1.0,1.0,0.0,1,1,4.31,4.31,0.0,4.31,4.31,"Ranked by Hotspot Frequency (1.00), FRP (4.31), Pixel Count (38, 0.19% of dataset).",Low Wildfire Activity,Low wildfire activity. This cluster ranks #250. Both hotspot frequency (1.00) and fire radiative power (4.31) are relatively low. The cluster represents 38 pixels (0.19% of observations). Periodic observation is considered sufficient.
291,251.0,Low,27,0.13402164201330288,1.0,1.0,0.0,1,1,4.293333333333333,4.29,0.004803844614152962,4.29,4.3,"Ranked by Hotspot Frequency (1.00), FRP (4.29), Pixel Count (27, 0.13% of dataset).",Low Wildfire Activity,Low wildfire activity. This cluster ranks #251. Both hotspot frequency (1.00) and fire radiative power (4.29) are relatively low. The cluster represents 27 pixels (0.13% of observations). Periodic observation is considered sufficient.
171,252.0,Low,41,0.2035143452794599,1.0,1.0,0.0,1,1,4.267317073170731,4.27,0.004485749794572978,4.26,4.27,"Ranked by Hotspot Frequency (1.00), FRP (4.27), Pixel Count (41, 0.20% of dataset).",Low Wildfire Activity,Low wildfire activity. This cluster ranks #252. Both hotspot frequency (1.00) and fire radiative power (4.27) are relatively low. The cluster represents 41 pixels (0.20% of observations). Periodic observation is considered sufficient.
170,253.0,Low,29,0.14394917105132532,1.0,1.0,0.0,1,1,4.245172413793103,4.25,0.005085476277156196,4.24,4.25,"Ranked by Hotspot Frequency (1.00), FRP (4.25), Pixel Count (29, 0.14% of dataset).",Low Wildfire Activity,Low wildfire activity. This cluster ranks #253. Both hotspot frequency (1.00) and fire radiative power (4.25) are relatively low. The cluster represents 29 pixels (0.14% of observations). Periodic observation is considered sufficient.
159,254.0,Low,53,0.26307951950759456,1.0,1.0,0.0,1,1,4.2152830188679244,4.22,0.005039754872284259,4.21,4.22,"Ranked by Hotspot Frequency (1.00), FRP (4.22), Pixel Count (53, 0.26% of dataset).",Low Wildfire Activity,Low wildfire activity. This cluster ranks #254. Both hotspot frequency (1.00) and fire radiative power (4.22) are relatively low. The cluster represents 53 pixels (0.26% of observations). Periodic observation is considered sufficient.
155,255.0,Low,112,0.5559416261292565,1.0,1.0,0.0,1,1,4.165625,4.17,0.018733851905233155,4.13,4.19,"Ranked by Hotspot Frequency (1.00), FRP (4.17), Pixel Count (112, 0.56% of dataset).",Low Wildfire Activity,Low wildfire activity. This cluster ranks #255. Both hotspot frequency (1.00) and fire radiative power (4.17) are relatively low. The cluster represents 112 pixels (0.56% of observations). Periodic observation is considered sufficient.
289,256.0,Low,49,0.2432244614315497,1.0,1.0,0.0,1,1,4.0895918367346935,4.09,0.0019991494790175474,4.08,4.09,"Ranked by Hotspot Frequency (1.00), FRP (4.09), Pixel Count (49, 0.24% of dataset).",Low Wildfire Activity,Low wildfire activity. This cluster ranks #256. Both hotspot frequency (1.00) and fire radiative power (4.09) are relatively low. The cluster represents 49 pixels (0.24% of observations). Periodic observation is considered sufficient.
288,257.0,Low,48,0.23826069691253848,1.0,1.0,0.0,1,1,4.07,4.07,0.0,4.07,4.07,"Ranked by Hotspot Frequency (1.00), FRP (4.07), Pixel Count (48, 0.24% of dataset).",Low Wildfire Activity,Low wildfire activity. This cluster ranks #257. Both hotspot frequency (1.00) and fire radiative power (4.07) are relatively low. The cluster represents 48 pixels (0.24% of observations). Periodic observation is considered sufficient.
300,258.0,Low,57,0.28293457758363943,1.0,1.0,0.0,1,1,4.053333333333333,4.05,0.004755948656056715,4.05,4.06,"Ranked by Hotspot Frequency (1.00), FRP (4.05), Pixel Count (57, 0.28% of dataset).",Low Wildfire Activity,Low wildfire activity. This cluster ranks #258. Both hotspot frequency (1.00) and fire radiative power (4.05) are relatively low. The cluster represents 57 pixels (0.28% of observations). Periodic observation is considered sufficient.
301,259.0,Low,45,0.22336940335550481,1.0,1.0,0.0,1,1,4.035333333333333,4.04,0.005045249791095401,4.03,4.04,"Ranked by Hotspot Frequency (1.00), FRP (4.04), Pixel Count (45, 0.22% of dataset).",Low Wildfire Activity,Low wildfire activity. This cluster ranks #259. Both hotspot frequency (1.00) and fire radiative power (4.04) are relatively low. The cluster represents 45 pixels (0.22% of observations). Periodic observation is considered sufficient.
303,260.0,Low,37,0.18365928720341507,1.0,1.0,0.0,1,1,3.9775675675675672,3.98,0.004349588362008544,3.97,3.98,"Ranked by Hotspot Frequency (1.00), FRP (3.98), Pixel Count (37, 0.18% of dataset).",Low Wildfire Activity,Low wildfire activity. This cluster ranks #260. Both hotspot frequency (1.00) and fire radiative power (3.98) are relatively low. The cluster represents 37 pixels (0.18% of observations). Periodic observation is considered sufficient.
304,261.0,Low,30,0.14891293557033655,1.0,1.0,0.0,1,1,3.96,3.96,0.0,3.96,3.96,"Ranked by Hotspot Frequency (1.00), FRP (3.96), Pixel Count (30, 0.15% of dataset).",Low Wildfire Activity,Low wildfire activity. This cluster ranks #261. Both hotspot frequency (1.00) and fire radiative power (3.96) are relatively low. The cluster represents 30 pixels (0.15% of observations). Periodic observation is considered sufficient.
305,262.0,Low,42,0.20847810979847115,1.0,1.0,0.0,1,1,3.95,3.95,0.0,3.95,3.95,"Ranked by Hotspot Frequency (1.00), FRP (3.95), Pixel Count (42, 0.21% of dataset).",Low Wildfire Activity,Low wildfire activity. This cluster ranks #262. Both hotspot frequency (1.00) and fire radiative power (3.95) are relatively low. The cluster represents 42 pixels (0.21% of observations). Periodic observation is considered sufficient.
306,263.0,Low,52,0.2581157549885833,1.0,1.0,0.0,1,1,3.935769230769231,3.94,0.004988674957146067,3.93,3.94,"Ranked by Hotspot Frequency (1.00), FRP (3.94), Pixel Count (52, 0.26% of dataset).",Low Wildfire Activity,Low wildfire activity. This cluster ranks #263. Both hotspot frequency (1.00) and fire radiative power (3.94) are relatively low. The cluster represents 52 pixels (0.26% of observations). Periodic observation is considered sufficient.
297,264.0,Low,100,0.49637645190112184,1.0,1.0,0.0,1,1,3.8953,3.9,0.017259457954665977,3.87,3.92,"Ranked by Hotspot Frequency (1.00), FRP (3.90), Pixel Count (100, 0.50% of dataset).",Low Wildfire Activity,Low wildfire activity. This cluster ranks #264. Both hotspot frequency (1.00) and fire radiative power (3.90) are relatively low. The cluster represents 100 pixels (0.50% of observations). Periodic observation is considered sufficient.
310,265.0,Low,54,0.26804328402660577,1.0,1.0,0.0,1,1,3.848333333333333,3.85,0.01193536049680443,3.83,3.86,"Ranked by Hotspot Frequency (1.00), FRP (3.85), Pixel Count (54, 0.27% of dataset).",Low Wildfire Activity,Low wildfire activity. This cluster ranks #265. Both hotspot frequency (1.00) and fire radiative power (3.85) are relatively low. The cluster represents 54 pixels (0.27% of observations). Periodic observation is considered sufficient.
322,266.0,Low,40,0.19855058076044874,1.0,1.0,0.0,1,1,3.8155,3.82,0.005038314736557728,3.81,3.82,"Ranked by Hotspot Frequency (1.00), FRP (3.82), Pixel Count (40, 0.20% of dataset).",Low Wildfire Activity,Low wildfire activity. This cluster ranks #266. Both hotspot frequency (1.00) and fire radiative power (3.82) are relatively low. The cluster represents 40 pixels (0.20% of observations). Periodic observation is considered sufficient.
321,267.0,Low,38,0.18862305172242627,1.0,1.0,0.0,1,1,3.8000000000000003,3.8,0.0,3.8,3.8,"Ranked by Hotspot Frequency (1.00), FRP (3.80), Pixel Count (38, 0.19% of dataset).",Low Wildfire Activity,Low wildfire activity. This cluster ranks #267. Both hotspot frequency (1.00) and fire radiative power (3.80) are relatively low. The cluster represents 38 pixels (0.19% of observations). Periodic observation is considered sufficient.
319,268.0,Low,36,0.17869552268440386,1.0,1.0,0.0,1,1,3.79,3.79,0.0,3.79,3.79,"Ranked by Hotspot Frequency (1.00), FRP (3.79), Pixel Count (36, 0.18% of dataset).",Low Wildfire Activity,Low wildfire activity. This cluster ranks #268. Both hotspot frequency (1.00) and fire radiative power (3.79) are relatively low. The cluster represents 36 pixels (0.18% of observations). Periodic observation is considered sufficient.
320,269.0,Low,35,0.17373175816539263,1.0,1.0,0.0,1,1,3.7799999999999994,3.78,0.0,3.78,3.78,"Ranked by Hotspot Frequency (1.00), FRP (3.78), Pixel Count (35, 0.17% of dataset).",Low Wildfire Activity,Low wildfire activity. This cluster ranks #269. Both hotspot frequency (1.00) and fire radiative power (3.78) are relatively low. The cluster represents 35 pixels (0.17% of observations). Periodic observation is considered sufficient.
315,270.0,Low,30,0.14891293557033655,1.0,1.0,0.0,1,1,3.77,3.77,0.0,3.77,3.77,"Ranked by Hotspot Frequency (1.00), FRP (3.77), Pixel Count (30, 0.15% of dataset).",Low Wildfire Activity,Low wildfire activity. This cluster ranks #270. Both hotspot frequency (1.00) and fire radiative power (3.77) are relatively low. The cluster represents 30 pixels (0.15% of observations). Periodic observation is considered sufficient.
316,271.0,Low,29,0.14394917105132532,1.0,1.0,0.0,1,1,3.753103448275862,3.75,0.004708236154307749,3.75,3.76,"Ranked by Hotspot Frequency (1.00), FRP (3.75), Pixel Count (29, 0.14% of dataset).",Low Wildfire Activity,Low wildfire activity. This cluster ranks #271. Both hotspot frequency (1.00) and fire radiative power (3.75) are relatively low. The cluster represents 29 pixels (0.14% of observations). Periodic observation is considered sufficient.
317,272.0,Low,27,0.13402164201330288,1.0,1.0,0.0,1,1,3.74,3.74,0.0,3.74,3.74,"Ranked by Hotspot Frequency (1.00), FRP (3.74), Pixel Count (27, 0.13% of dataset).",Low Wildfire Activity,Low wildfire activity. This cluster ranks #272. Both hotspot frequency (1.00) and fire radiative power (3.74) are relatively low. The cluster represents 27 pixels (0.13% of observations). Periodic observation is considered sufficient.
318,273.0,Low,51,0.25315199046957215,1.0,1.0,0.0,1,1,3.726470588235294,3.73,0.004826397999238852,3.72,3.73,"Ranked by Hotspot Frequency (1.00), FRP (3.73), Pixel Count (51, 0.25% of dataset).",Low Wildfire Activity,Low wildfire activity. This cluster ranks #273. Both hotspot frequency (1.00) and fire radiative power (3.73) are relatively low. The cluster represents 51 pixels (0.25% of observations). Periodic observation is considered sufficient.
327,274.0,Low,29,0.14394917105132532,1.0,1.0,0.0,1,1,3.71,3.71,0.0,3.71,3.71,"Ranked by Hotspot Frequency (1.00), FRP (3.71), Pixel Count (29, 0.14% of dataset).",Low Wildfire Activity,Low wildfire activity. This cluster ranks #274. Both hotspot frequency (1.00) and fire radiative power (3.71) are relatively low. The cluster represents 29 pixels (0.14% of observations). Periodic observation is considered sufficient.
326,275.0,Low,32,0.15884046460835896,1.0,1.0,0.0,1,1,3.7,3.7,0.0,3.7,3.7,"Ranked by Hotspot Frequency (1.00), FRP (3.70), Pixel Count (32, 0.16% of dataset).",Low Wildfire Activity,Low wildfire activity. This cluster ranks #275. Both hotspot frequency (1.00) and fire radiative power (3.70) are relatively low. The cluster represents 32 pixels (0.16% of observations). Periodic observation is considered sufficient.
283,276.0,Low,42,0.20847810979847115,1.0,1.0,0.0,1,1,3.6295238095238096,3.63,0.006228330611547502,3.62,3.64,"Ranked by Hotspot Frequency (1.00), FRP (3.63), Pixel Count (42, 0.21% of dataset).",Low Wildfire Activity,Low wildfire activity. This cluster ranks #276. Both hotspot frequency (1.00) and fire radiative power (3.63) are relatively low. The cluster represents 42 pixels (0.21% of observations). Periodic observation is considered sufficient.
330,277.0,Low,48,0.23826069691253848,1.0,1.0,0.0,1,1,3.5812500000000003,3.58,0.006058228095703763,3.57,3.59,"Ranked by Hotspot Frequency (1.00), FRP (3.58), Pixel Count (48, 0.24% of dataset).",Low Wildfire Activity,Low wildfire activity. This cluster ranks #277. Both hotspot frequency (1.00) and fire radiative power (3.58) are relatively low. The cluster represents 48 pixels (0.24% of observations). Periodic observation is considered sufficient.
329,278.0,Low,56,0.27797081306462823,1.0,1.0,0.0,1,1,3.5332142857142856,3.54,0.01898393031986821,3.51,3.56,"Ranked by Hotspot Frequency (1.00), FRP (3.53), Pixel Count (56, 0.28% of dataset).",Low Wildfire Activity,Low wildfire activity. This cluster ranks #278. Both hotspot frequency (1.00) and fire radiative power (3.53) are relatively low. The cluster represents 56 pixels (0.28% of observations). Periodic observation is considered sufficient.
312,279.0,Low,67,0.3325722227737516,1.0,1.0,0.0,1,1,3.4965671641791047,3.5,0.004783886718903264,3.49,3.5,"Ranked by Hotspot Frequency (1.00), FRP (3.50), Pixel Count (67, 0.33% of dataset).",Low Wildfire Activity,Low wildfire activity. This cluster ranks #279. Both hotspot frequency (1.00) and fire radiative power (3.50) are relatively low. The cluster represents 67 pixels (0.33% of observations). Periodic observation is considered sufficient.
311,280.0,Low,38,0.18862305172242627,1.0,1.0,0.0,1,1,3.4800000000000004,3.48,0.0,3.48,3.48,"Ranked by Hotspot Frequency (1.00), FRP (3.48), Pixel Count (38, 0.19% of dataset).",Low Wildfire Activity,Low wildfire activity. This cluster ranks #280. Both hotspot frequency (1.00) and fire radiative power (3.48) are relatively low. The cluster represents 38 pixels (0.19% of observations). Periodic observation is considered sufficient.
313,281.0,Low,32,0.15884046460835896,1.0,1.0,0.0,1,1,3.47,3.47,0.0,3.47,3.47,"Ranked by Hotspot Frequency (1.00), FRP (3.47), Pixel Count (32, 0.16% of dataset).",Low Wildfire Activity,Low wildfire activity. This cluster ranks #281. Both hotspot frequency (1.00) and fire radiative power (3.47) are relatively low. The cluster represents 32 pixels (0.16% of observations). Periodic observation is considered sufficient.
314,282.0,Low,72,0.3573910453688077,1.0,1.0,0.0,1,1,3.4566666666666666,3.46,0.004747126632775174,3.45,3.46,"Ranked by Hotspot Frequency (1.00), FRP (3.46), Pixel Count (72, 0.36% of dataset).",Low Wildfire Activity,Low wildfire activity. This cluster ranks #282. Both hotspot frequency (1.00) and fire radiative power (3.46) are relatively low. The cluster represents 72 pixels (0.36% of observations). Periodic observation is considered sufficient.
295,283.0,Low,55,0.27300704854561697,1.0,1.0,0.0,1,1,3.4372727272727275,3.44,0.004494665749754917,3.43,3.44,"Ranked by Hotspot Frequency (1.00), FRP (3.44), Pixel Count (55, 0.27% of dataset).",Low Wildfire Activity,Low wildfire activity. This cluster ranks #283. Both hotspot frequency (1.00) and fire radiative power (3.44) are relatively low. The cluster represents 55 pixels (0.27% of observations). Periodic observation is considered sufficient.
296,284.0,Low,78,0.387173632482875,1.0,1.0,0.0,1,1,3.418717948717948,3.42,0.003364819656684555,3.41,3.42,"Ranked by Hotspot Frequency (1.00), FRP (3.42), Pixel Count (78, 0.39% of dataset).",Low Wildfire Activity,Low wildfire activity. This cluster ranks #284. Both hotspot frequency (1.00) and fire radiative power (3.42) are relatively low. The cluster represents 78 pixels (0.39% of observations). Periodic observation is considered sufficient.
299,285.0,Low,52,0.2581157549885833,1.0,1.0,0.0,1,1,3.3934615384615388,3.39,0.004803844614152566,3.39,3.4,"Ranked by Hotspot Frequency (1.00), FRP (3.39), Pixel Count (52, 0.26% of dataset).",Low Wildfire Activity,Low wildfire activity. This cluster ranks #285. Both hotspot frequency (1.00) and fire radiative power (3.39) are relatively low. The cluster represents 52 pixels (0.26% of observations). Periodic observation is considered sufficient.
298,286.0,Low,55,0.27300704854561697,1.0,1.0,0.0,1,1,3.379090909090909,3.38,0.0029012942659283943,3.37,3.38,"Ranked by Hotspot Frequency (1.00), FRP (3.38), Pixel Count (55, 0.27% of dataset).",Low Wildfire Activity,Low wildfire activity. This cluster ranks #286. Both hotspot frequency (1.00) and fire radiative power (3.38) are relatively low. The cluster represents 55 pixels (0.27% of observations). Periodic observation is considered sufficient.
273,287.0,Low,67,0.3325722227737516,1.0,1.0,0.0,1,1,3.3340298507462687,3.33,0.005521226667759347,3.33,3.35,"Ranked by Hotspot Frequency (1.00), FRP (3.33), Pixel Count (67, 0.33% of dataset).",Low Wildfire Activity,Low wildfire activity. This cluster ranks #287. Both hotspot frequency (1.00) and fire radiative power (3.33) are relatively low. The cluster represents 67 pixels (0.33% of observations). Periodic observation is considered sufficient.
276,288.0,Low,51,0.25315199046957215,1.0,1.0,0.0,1,1,3.304117647058823,3.3,0.005357787076111004,3.3,3.32,"Ranked by Hotspot Frequency (1.00), FRP (3.30), Pixel Count (51, 0.25% of dataset).",Low Wildfire Activity,Low wildfire activity. This cluster ranks #288. Both hotspot frequency (1.00) and fire radiative power (3.30) are relatively low. The cluster represents 51 pixels (0.25% of observations). Periodic observation is considered sufficient.
277,289.0,Low,59,0.2928621066216619,1.0,1.0,0.0,1,1,3.281016949152542,3.28,0.007811334658849402,3.27,3.29,"Ranked by Hotspot Frequency (1.00), FRP (3.28), Pixel Count (59, 0.29% of dataset).",Low Wildfire Activity,Low wildfire activity. This cluster ranks #289. Both hotspot frequency (1.00) and fire radiative power (3.28) are relatively low. The cluster represents 59 pixels (0.29% of observations). Periodic observation is considered sufficient.
257,290.0,Low,45,0.22336940335550481,1.0,1.0,0.0,1,1,3.2371111111111115,3.24,0.0054864387448518275,3.23,3.25,"Ranked by Hotspot Frequency (1.00), FRP (3.24), Pixel Count (45, 0.22% of dataset).",Low Wildfire Activity,Low wildfire activity. This cluster ranks #290. Both hotspot frequency (1.00) and fire radiative power (3.24) are relatively low. The cluster represents 45 pixels (0.22% of observations). Periodic observation is considered sufficient.
278,291.0,Low,28,0.13898540653231412,1.0,1.0,0.0,1,1,3.2,3.2,0.0,3.2,3.2,"Ranked by Hotspot Frequency (1.00), FRP (3.20), Pixel Count (28, 0.14% of dataset).",Low Wildfire Activity,Low wildfire activity. This cluster ranks #291. Both hotspot frequency (1.00) and fire radiative power (3.20) are relatively low. The cluster represents 28 pixels (0.14% of observations). Periodic observation is considered sufficient.
282,292.0,Low,40,0.19855058076044874,1.0,1.0,0.0,1,1,3.19,3.19,0.0,3.19,3.19,"Ranked by Hotspot Frequency (1.00), FRP (3.19), Pixel Count (40, 0.20% of dataset).",Low Wildfire Activity,Low wildfire activity. This cluster ranks #292. Both hotspot frequency (1.00) and fire radiative power (3.19) are relatively low. The cluster represents 40 pixels (0.20% of observations). Periodic observation is considered sufficient.
281,293.0,Very Low,30,0.14891293557033655,1.0,1.0,0.0,1,1,3.18,3.18,0.0,3.18,3.18,"Ranked by Hotspot Frequency (1.00), FRP (3.18), Pixel Count (30, 0.15% of dataset).",Very Low Wildfire Activity,Very low wildfire activity. This cluster ranks #293. It has the lowest hotspot activity among identified clusters. The cluster contains 30 pixels (0.15% of observations). Only basic monitoring is recommended.
261,294.0,Very Low,41,0.2035143452794599,1.0,1.0,0.0,1,1,3.166585365853659,3.17,0.004800914547021526,3.16,3.17,"Ranked by Hotspot Frequency (1.00), FRP (3.17), Pixel Count (41, 0.20% of dataset).",Very Low Wildfire Activity,Very low wildfire activity. This cluster ranks #294. It has the lowest hotspot activity among identified clusters. The cluster contains 41 pixels (0.20% of observations). Only basic monitoring is recommended.
254,295.0,Very Low,72,0.3573910453688077,1.0,1.0,0.0,1,1,3.125972222222222,3.12,0.008985077177942507,3.1,3.14,"Ranked by Hotspot Frequency (1.00), FRP (3.13), Pixel Count (72, 0.36% of dataset).",Very Low Wildfire Activity,Very low wildfire activity. This cluster ranks #295. It has the lowest hotspot activity among identified clusters. The cluster contains 72 pixels (0.36% of observations). Only basic monitoring is recommended.
260,296.0,Very Low,27,0.13402164201330288,1.0,1.0,0.0,1,1,3.081851851851852,3.08,0.003958473906635592,3.08,3.09,"Ranked by Hotspot Frequency (1.00), FRP (3.08), Pixel Count (27, 0.13% of dataset).",Very Low Wildfire Activity,Very low wildfire activity. This cluster ranks #296. It has the lowest hotspot activity among identified clusters. The cluster contains 27 pixels (0.13% of observations). Only basic monitoring is recommended.
270,297.0,Very Low,38,0.18862305172242627,1.0,1.0,0.0,1,1,3.067105263157895,3.07,0.004596058673938072,3.06,3.07,"Ranked by Hotspot Frequency (1.00), FRP (3.07), Pixel Count (38, 0.19% of dataset).",Very Low Wildfire Activity,Very low wildfire activity. This cluster ranks #297. It has the lowest hotspot activity among identified clusters. The cluster contains 38 pixels (0.19% of observations). Only basic monitoring is recommended.
269,298.0,Very Low,29,0.14394917105132532,1.0,1.0,0.0,1,1,3.05,3.05,0.0,3.05,3.05,"Ranked by Hotspot Frequency (1.00), FRP (3.05), Pixel Count (29, 0.14% of dataset).",Very Low Wildfire Activity,Very low wildfire activity. This cluster ranks #298. It has the lowest hotspot activity among identified clusters. The cluster contains 29 pixels (0.14% of observations). Only basic monitoring is recommended.
264,299.0,Very Low,36,0.17869552268440386,1.0,1.0,0.0,1,1,3.0302777777777776,3.03,0.0016666666666667349,3.03,3.04,"Ranked by Hotspot Frequency (1.00), FRP (3.03), Pixel Count (36, 0.18% of dataset).",Very Low Wildfire Activity,Very low wildfire activity. This cluster ranks #299. It has the lowest hotspot activity among identified clusters. The cluster contains 36 pixels (0.18% of observations). Only basic monitoring is recommended.
258,300.0,Very Low,69,0.34249975181177406,1.0,1.0,0.0,1,1,3.001304347826087,3.0,0.008209220690651716,2.99,3.01,"Ranked by Hotspot Frequency (1.00), FRP (3.00), Pixel Count (69, 0.34% of dataset).",Very Low Wildfire Activity,Very low wildfire activity. This cluster ranks #300. It has the lowest hotspot activity among identified clusters. The cluster contains 69 pixels (0.34% of observations). Only basic monitoring is recommended.
259,301.0,Very Low,79,0.39213739700188627,1.0,1.0,0.0,1,1,2.9613924050632914,2.96,0.01278362105267683,2.94,2.98,"Ranked by Hotspot Frequency (1.00), FRP (2.96), Pixel Count (79, 0.39% of dataset).",Very Low Wildfire Activity,Very low wildfire activity. This cluster ranks #301. It has the lowest hotspot activity among identified clusters. The cluster contains 79 pixels (0.39% of observations). Only basic monitoring is recommended.
248,302.0,Very Low,41,0.2035143452794599,1.0,1.0,0.0,1,1,2.8907317073170735,2.89,0.0026365165488187875,2.89,2.9,"Ranked by Hotspot Frequency (1.00), FRP (2.89), Pixel Count (41, 0.20% of dataset).",Very Low Wildfire Activity,Very low wildfire activity. This cluster ranks #302. It has the lowest hotspot activity among identified clusters. The cluster contains 41 pixels (0.20% of observations). Only basic monitoring is recommended.
252,303.0,Very Low,40,0.19855058076044874,1.0,1.0,0.0,1,1,2.877,2.88,0.00464095480892218,2.87,2.88,"Ranked by Hotspot Frequency (1.00), FRP (2.88), Pixel Count (40, 0.20% of dataset).",Very Low Wildfire Activity,Very low wildfire activity. This cluster ranks #303. It has the lowest hotspot activity among identified clusters. The cluster contains 40 pixels (0.20% of observations). Only basic monitoring is recommended.
251,304.0,Very Low,55,0.27300704854561697,1.0,1.0,0.0,1,1,2.852181818181818,2.85,0.004168181542799991,2.85,2.86,"Ranked by Hotspot Frequency (1.00), FRP (2.85), Pixel Count (55, 0.27% of dataset).",Very Low Wildfire Activity,Very low wildfire activity. This cluster ranks #304. It has the lowest hotspot activity among identified clusters. The cluster contains 55 pixels (0.27% of observations). Only basic monitoring is recommended.
246,305.0,Very Low,53,0.26307951950759456,1.0,1.0,0.0,1,1,2.8381132075471696,2.84,0.003949977494378388,2.83,2.84,"Ranked by Hotspot Frequency (1.00), FRP (2.84), Pixel Count (53, 0.26% of dataset).",Very Low Wildfire Activity,Very low wildfire activity. This cluster ranks #305. It has the lowest hotspot activity among identified clusters. The cluster contains 53 pixels (0.26% of observations). Only basic monitoring is recommended.
247,306.0,Very Low,91,0.45170257123002083,1.0,1.0,0.0,1,1,2.792417582417582,2.79,0.01701898673969445,2.77,2.82,"Ranked by Hotspot Frequency (1.00), FRP (2.79), Pixel Count (91, 0.45% of dataset).",Very Low Wildfire Activity,Very low wildfire activity. This cluster ranks #306. It has the lowest hotspot activity among identified clusters. The cluster contains 91 pixels (0.45% of observations). Only basic monitoring is recommended.
292,307.0,Very Low,48,0.23826069691253848,1.0,1.0,0.0,1,1,2.74875,2.75,0.003927535094037041,2.74,2.76,"Ranked by Hotspot Frequency (1.00), FRP (2.75), Pixel Count (48, 0.24% of dataset).",Very Low Wildfire Activity,Very low wildfire activity. This cluster ranks #307. It has the lowest hotspot activity among identified clusters. The cluster contains 48 pixels (0.24% of observations). Only basic monitoring is recommended.
307,308.0,Very Low,28,0.13898540653231412,1.0,1.0,0.0,1,1,2.7239285714285715,2.72,0.005669467095138501,2.71,2.73,"Ranked by Hotspot Frequency (1.00), FRP (2.72), Pixel Count (28, 0.14% of dataset).",Very Low Wildfire Activity,Very low wildfire activity. This cluster ranks #308. It has the lowest hotspot activity among identified clusters. The cluster contains 28 pixels (0.14% of observations). Only basic monitoring is recommended.
308,309.0,Very Low,51,0.25315199046957215,1.0,1.0,0.0,1,1,2.6921568627450982,2.69,0.0075666968989635845,2.68,2.7,"Ranked by Hotspot Frequency (1.00), FRP (2.69), Pixel Count (51, 0.25% of dataset).",Very Low Wildfire Activity,Very low wildfire activity. This cluster ranks #309. It has the lowest hotspot activity among identified clusters. The cluster contains 51 pixels (0.25% of observations). Only basic monitoring is recommended.
324,310.0,Very Low,63,0.3127171646977068,1.0,1.0,0.0,1,1,2.6361904761904764,2.64,0.004895215382447622,2.63,2.64,"Ranked by Hotspot Frequency (1.00), FRP (2.64), Pixel Count (63, 0.31% of dataset).",Very Low Wildfire Activity,Very low wildfire activity. This cluster ranks #310. It has the lowest hotspot activity among identified clusters. The cluster contains 63 pixels (0.31% of observations). Only basic monitoring is recommended.
325,311.0,Very Low,48,0.23826069691253848,1.0,1.0,0.0,1,1,2.611458333333333,2.61,0.006519882303249732,2.6,2.62,"Ranked by Hotspot Frequency (1.00), FRP (2.61), Pixel Count (48, 0.24% of dataset).",Very Low Wildfire Activity,Very low wildfire activity. This cluster ranks #311. It has the lowest hotspot activity among identified clusters. The cluster contains 48 pixels (0.24% of observations). Only basic monitoring is recommended.
323,312.0,Very Low,68,0.33753598729276285,1.0,1.0,0.0,1,1,2.560441176470588,2.57,0.013207169415449757,2.54,2.59,"Ranked by Hotspot Frequency (1.00), FRP (2.56), Pixel Count (68, 0.34% of dataset).",Very Low Wildfire Activity,Very low wildfire activity. This cluster ranks #312. It has the lowest hotspot activity among identified clusters. The cluster contains 68 pixels (0.34% of observations). Only basic monitoring is recommended.
237,313.0,Very Low,96,0.47652139382507697,1.0,1.0,0.0,1,1,2.4933333333333336,2.5,0.019717300267140036,2.46,2.52,"Ranked by Hotspot Frequency (1.00), FRP (2.49), Pixel Count (96, 0.48% of dataset).",Very Low Wildfire Activity,Very low wildfire activity. This cluster ranks #313. It has the lowest hotspot activity among identified clusters. The cluster contains 96 pixels (0.48% of observations). Only basic monitoring is recommended.
225,314.0,Very Low,48,0.23826069691253848,1.0,1.0,0.0,1,1,2.40875,2.41,0.007033355181304601,2.4,2.42,"Ranked by Hotspot Frequency (1.00), FRP (2.41), Pixel Count (48, 0.24% of dataset).",Very Low Wildfire Activity,Very low wildfire activity. This cluster ranks #314. It has the lowest hotspot activity among identified clusters. The cluster contains 48 pixels (0.24% of observations). Only basic monitoring is recommended.
229,315.0,Very Low,86,0.42688374863496475,1.0,1.0,0.0,1,1,2.3665116279069767,2.36,0.012249124036913146,2.35,2.39,"Ranked by Hotspot Frequency (1.00), FRP (2.37), Pixel Count (86, 0.43% of dataset).",Very Low Wildfire Activity,Very low wildfire activity. This cluster ranks #315. It has the lowest hotspot activity among identified clusters. The cluster contains 86 pixels (0.43% of observations). Only basic monitoring is recommended.
228,316.0,Very Low,114,0.5658691551672789,1.0,1.0,0.0,1,1,2.305701754385965,2.31,0.024166432444030283,2.27,2.34,"Ranked by Hotspot Frequency (1.00), FRP (2.31), Pixel Count (114, 0.57% of dataset).",Very Low Wildfire Activity,Very low wildfire activity. This cluster ranks #316. It has the lowest hotspot activity among identified clusters. The cluster contains 114 pixels (0.57% of observations). Only basic monitoring is recommended.
172,317.0,Very Low,38,0.18862305172242627,1.0,1.0,0.0,1,1,2.2476315789473684,2.25,0.004308514841827638,2.24,2.25,"Ranked by Hotspot Frequency (1.00), FRP (2.25), Pixel Count (38, 0.19% of dataset).",Very Low Wildfire Activity,Very low wildfire activity. This cluster ranks #317. It has the lowest hotspot activity among identified clusters. The cluster contains 38 pixels (0.19% of observations). Only basic monitoring is recommended.
217,318.0,Very Low,52,0.2581157549885833,1.0,1.0,0.0,1,1,2.1796153846153845,2.18,0.006848941083614531,2.17,2.19,"Ranked by Hotspot Frequency (1.00), FRP (2.18), Pixel Count (52, 0.26% of dataset).",Very Low Wildfire Activity,Very low wildfire activity. This cluster ranks #318. It has the lowest hotspot activity among identified clusters. The cluster contains 52 pixels (0.26% of observations). Only basic monitoring is recommended.
218,319.0,Very Low,55,0.27300704854561697,1.0,1.0,0.0,1,1,2.146727272727273,2.14,0.010550503841671832,2.13,2.16,"Ranked by Hotspot Frequency (1.00), FRP (2.15), Pixel Count (55, 0.27% of dataset).",Very Low Wildfire Activity,Very low wildfire activity. This cluster ranks #319. It has the lowest hotspot activity among identified clusters. The cluster contains 55 pixels (0.27% of observations). Only basic monitoring is recommended.
212,320.0,Very Low,66,0.3276084582547404,1.0,1.0,0.0,1,1,2.089848484848485,2.08,0.01441072509171523,2.07,2.11,"Ranked by Hotspot Frequency (1.00), FRP (2.09), Pixel Count (66, 0.33% of dataset).",Very Low Wildfire Activity,Very low wildfire activity. This cluster ranks #320. It has the lowest hotspot activity among identified clusters. The cluster contains 66 pixels (0.33% of observations). Only basic monitoring is recommended.
211,321.0,Very Low,29,0.14394917105132532,1.0,1.0,0.0,1,1,2.0372413793103448,2.04,0.0064898556687329155,2.03,2.05,"Ranked by Hotspot Frequency (1.00), FRP (2.04), Pixel Count (29, 0.14% of dataset).",Very Low Wildfire Activity,Very low wildfire activity. This cluster ranks #321. It has the lowest hotspot activity among identified clusters. The cluster contains 29 pixels (0.14% of observations). Only basic monitoring is recommended.
208,322.0,Very Low,40,0.19855058076044874,1.0,1.0,0.0,1,1,1.9940000000000002,1.99,0.00955416408075814,1.98,2.01,"Ranked by Hotspot Frequency (1.00), FRP (1.99), Pixel Count (40, 0.20% of dataset).",Very Low Wildfire Activity,Very low wildfire activity. This cluster ranks #322. It has the lowest hotspot activity among identified clusters. The cluster contains 40 pixels (0.20% of observations). Only basic monitoring is recommended.
207,323.0,Very Low,33,0.1638042291273702,1.0,1.0,0.0,1,1,1.9506060606060607,1.95,0.008268688657895637,1.94,1.97,"Ranked by Hotspot Frequency (1.00), FRP (1.95), Pixel Count (33, 0.16% of dataset).",Very Low Wildfire Activity,Very low wildfire activity. This cluster ranks #323. It has the lowest hotspot activity among identified clusters. The cluster contains 33 pixels (0.16% of observations). Only basic monitoring is recommended.
190,324.0,Very Low,49,0.2432244614315497,1.0,1.0,0.0,1,1,1.8653061224489798,1.86,0.010227015045197286,1.85,1.88,"Ranked by Hotspot Frequency (1.00), FRP (1.87), Pixel Count (49, 0.24% of dataset).",Very Low Wildfire Activity,Very low wildfire activity. This cluster ranks #324. It has the lowest hotspot activity among identified clusters. The cluster contains 49 pixels (0.24% of observations). Only basic monitoring is recommended.
189,325.0,Very Low,66,0.3276084582547404,1.0,1.0,0.0,1,1,1.821818181818182,1.83,0.013801793741739203,1.8,1.84,"Ranked by Hotspot Frequency (1.00), FRP (1.82), Pixel Count (66, 0.33% of dataset).",Very Low Wildfire Activity,Very low wildfire activity. This cluster ranks #325. It has the lowest hotspot activity among identified clusters. The cluster contains 66 pixels (0.33% of observations). Only basic monitoring is recommended.
128,326.0,Very Low,37,0.18365928720341507,1.0,1.0,0.0,1,1,1.6294594594594594,1.63,0.014519325425473737,1.61,1.66,"Ranked by Hotspot Frequency (1.00), FRP (1.63), Pixel Count (37, 0.18% of dataset).",Very Low Wildfire Activity,Very low wildfire activity. This cluster ranks #326. It has the lowest hotspot activity among identified clusters. The cluster contains 37 pixels (0.18% of observations). Only basic monitoring is recommended.
127,327.0,Very Low,65,0.3226446937357292,1.0,1.0,0.0,1,1,1.5067692307692306,1.5,0.03746280206366753,1.46,1.6,"Ranked by Hotspot Frequency (1.00), FRP (1.51), Pixel Count (65, 0.32% of dataset).",Very Low Wildfire Activity,Very low wildfire activity. This cluster ranks #327. It has the lowest hotspot activity among identified clusters. The cluster contains 65 pixels (0.32% of observations). Only basic monitoring is recommended.
93,328.0,Very Low,51,0.25315199046957215,1.0,1.0,0.0,1,1,1.3423529411764705,1.31,0.04990343616602423,1.3,1.42,"Ranked by Hotspot Frequency (1.00), FRP (1.34), Pixel Count (51, 0.25% of dataset).",Very Low Wildfire Activity,Very low wildfire activity. This cluster ranks #328. It has the lowest hotspot activity among identified clusters. The cluster contains 51 pixels (0.25% of observations). Only basic monitoring is recommended.
73,329.0,Very Low,38,0.18862305172242627,1.0,1.0,0.0,1,1,1.1644736842105263,1.17,0.02333045433705178,1.12,1.24,"Ranked by Hotspot Frequency (1.00), FRP (1.16), Pixel Count (38, 0.19% of dataset).",Very Low Wildfire Activity,Very low wildfire activity. This cluster ranks #329. It has the lowest hotspot activity among identified clusters. The cluster contains 38 pixels (0.19% of observations). Only basic monitoring is recommended.
62,330.0,Very Low,69,0.34249975181177406,1.0,1.0,0.0,1,1,0.9617391304347827,0.96,0.07016695471891922,0.86,1.06,"Ranked by Hotspot Frequency (1.00), FRP (0.96), Pixel Count (69, 0.34% of dataset).",Very Low Wildfire Activity,Very low wildfire activity. This cluster ranks #330. It has the lowest hotspot activity among identified clusters. The cluster contains 69 pixels (0.34% of observations). Only basic monitoring is recommended.
70,331.0,Very Low,26,0.12905787749429165,1.0,1.0,0.0,1,1,0.7907692307692309,0.8,0.012624761993186956,0.77,0.8,"Ranked by Hotspot Frequency (1.00), FRP (0.79), Pixel Count (26, 0.13% of dataset).",Very Low Wildfire Activity,Very low wildfire activity. This cluster ranks #331. It has the lowest hotspot activity among identified clusters. The cluster contains 26 pixels (0.13% of observations). Only basic monitoring is recommended.
69,332.0,Very Low,35,0.17373175816539263,1.0,1.0,0.0,1,1,0.6894285714285714,0.69,0.019088471596729755,0.67,0.73,"Ranked by Hotspot Frequency (1.00), FRP (0.69), Pixel Count (35, 0.17% of dataset).",Very Low Wildfire Activity,Very low wildfire activity. This cluster ranks #332. It has the lowest hotspot activity among identified clusters. The cluster contains 35 pixels (0.17% of observations). Only basic monitoring is recommended.
67,333.0,Very Low,39,0.1935868162414375,1.0,1.0,0.0,1,1,0.5402564102564102,0.54,0.013076129213023301,0.52,0.56,"Ranked by Hotspot Frequency (1.00), FRP (0.54), Pixel Count (39, 0.19% of dataset).",Very Low Wildfire Activity,Very low wildfire activity. This cluster ranks #333. It has the lowest hotspot activity among identified clusters. The cluster contains 39 pixels (0.19% of observations). Only basic monitoring is recommended.
68,334.0,Very Low,47,0.23329693239352725,1.0,1.0,0.0,1,1,0.44191489361702124,0.44,0.028638549413132576,0.4,0.48,"Ranked by Hotspot Frequency (1.00), FRP (0.44), Pixel Count (47, 0.23% of dataset).",Very Low Wildfire Activity,Very low wildfire activity. This cluster ranks #334. It has the lowest hotspot activity among identified clusters. The cluster contains 47 pixels (0.23% of observations). Only basic monitoring is recommended.
-1,,Noise,3156,15.665640821999405,1.420152091254753,1.0,0.9324028442814569,1,9,17.619825728770596,9.57,23.102188410441833,0.34,184.01,Excluded from ranking because HDBSCAN classified these observations as noise.,Noise Observation,Noise observations identified by HDBSCAN. These pixels do not satisfy the minimum density required to belong to any wildfire activity cluster.
