pixel_id,latitude,longitude,Hotspot_Frequency,Confidence_Score,FRP_Max,Cluster
1,-0.34529,110.464146,1,0.5,4.5,274
2,-0.34529,110.467515,1,0.5,4.5,274
3,-0.34529,110.470884,1,0.5,4.5,274
4,-0.348659,110.464146,1,0.5,4.5,274
5,-0.348659,110.467515,2,0.5,4.5,286
6,-0.348659,110.470884,2,0.5,4.5,286
7,-0.348659,110.474252,1,0.5,3.0,258
8,-0.352027,110.464146,1,0.5,4.5,274
9,-0.352027,110.467515,2,0.5,4.5,286
10,-0.352027,110.470884,2,0.5,4.5,286
11,-0.352027,110.474252,1,0.5,3.0,258
12,-0.352027,110.48099,1,0.5,9.85,108
13,-0.352027,110.484358,1,0.5,9.85,108
14,-0.352027,110.487727,1,0.5,9.85,108
15,-0.352027,110.507939,1,0.5,12.69,74
16,-0.352027,110.511308,1,0.5,12.69,74
17,-0.352027,110.514676,1,0.5,12.69,74
18,-0.355396,110.467515,1,0.5,3.0,258
19,-0.355396,110.470884,1,0.5,3.0,258
20,-0.355396,110.474252,1,0.5,3.0,258
21,-0.355396,110.48099,1,0.5,9.85,108
22,-0.355396,110.484358,1,0.5,9.85,108
23,-0.355396,110.487727,1,0.5,9.85,108
24,-0.355396,110.50457,1,0.5,2.65,-1
25,-0.355396,110.507939,1,0.5,12.69,74
26,-0.355396,110.511308,1,0.5,12.69,74
27,-0.355396,110.514676,1,0.5,12.69,74
28,-0.358765,110.48099,1,0.5,36.52,13
29,-0.358765,110.484358,1,0.5,36.52,13
30,-0.358765,110.487727,1,0.5,36.52,13
31,-0.358765,110.491096,1,0.5,36.52,13
32,-0.358765,110.50457,1,0.5,2.65,-1
33,-0.358765,110.507939,1,0.5,12.69,74
34,-0.358765,110.511308,1,0.5,12.69,74
35,-0.358765,110.514676,1,0.5,12.69,74
36,-0.362133,110.48099,1,0.5,36.52,13
37,-0.362133,110.484358,1,0.5,36.52,13
38,-0.362133,110.487727,1,0.5,36.52,13
39,-0.362133,110.491096,1,0.5,36.52,13
40,-0.362133,110.50457,1,0.5,2.65,-1
41,-0.362133,110.507939,1,0.5,2.65,-1
42,-0.362133,110.511308,1,0.5,2.65,-1
43,-0.365502,110.48099,1,0.5,36.52,13
44,-0.365502,110.484358,1,0.5,36.52,13
45,-0.365502,110.487727,1,0.5,36.52,13
46,-0.365502,110.491096,1,0.5,36.52,13
47,-0.365502,110.50457,1,0.5,8.19,129
48,-0.365502,110.507939,1,0.5,8.19,129
49,-0.365502,110.511308,1,0.5,8.19,129
50,-0.365502,110.521414,1,0.5,14.96,41
51,-0.365502,110.524782,1,0.5,14.96,41
52,-0.365502,110.528151,1,0.5,14.96,41
53,-0.368871,110.50457,1,0.5,4.17,155
54,-0.368871,110.507939,1,0.5,4.17,155
55,-0.368871,110.511308,1,0.5,8.19,129
56,-0.368871,110.521414,1,0.5,14.96,41
57,-0.368871,110.524782,1,0.5,14.96,41
58,-0.368871,110.528151,1,0.5,14.96,41
59,-0.372239,110.437197,1,0.5,16.15,42
60,-0.372239,110.440565,1,1.0,16.15,42
61,-0.372239,110.443934,1,1.0,16.15,42
62,-0.372239,110.474252,1,0.5,7.51,149
63,-0.372239,110.477621,1,0.5,7.51,149
64,-0.372239,110.484358,1,0.5,18.87,61
65,-0.372239,110.487727,2,0.5,18.87,50
66,-0.372239,110.491096,2,0.5,18.87,50
67,-0.372239,110.494464,1,0.5,1.88,190
68,-0.372239,110.50457,1,0.5,4.17,155
69,-0.372239,110.507939,2,0.5,35.59,21
70,-0.372239,110.511308,2,0.5,35.59,21
71,-0.372239,110.514676,1,0.5,35.59,14
72,-0.372239,110.521414,1,0.5,14.96,41
73,-0.372239,110.524782,1,0.5,14.96,41
74,-0.372239,110.528151,1,0.5,14.96,41
75,-0.375608,110.437197,1,0.5,16.15,42
76,-0.375608,110.440565,1,1.0,16.15,42
77,-0.375608,110.443934,1,1.0,16.15,42
78,-0.375608,110.474252,1,0.5,7.51,149
79,-0.375608,110.477621,1,0.5,7.51,149
80,-0.375608,110.484358,1,0.5,18.87,61
81,-0.375608,110.487727,2,0.5,18.87,50
82,-0.375608,110.491096,2,0.5,18.87,50
83,-0.375608,110.494464,1,0.5,1.88,190
84,-0.375608,110.50457,1,0.5,4.17,155
85,-0.375608,110.507939,2,0.5,35.59,21
86,-0.375608,110.511308,2,0.5,35.59,21
87,-0.375608,110.514676,1,0.5,35.59,14
88,-0.378977,110.437197,1,0.5,16.15,42
89,-0.378977,110.440565,1,1.0,16.15,42
90,-0.378977,110.443934,1,1.0,16.15,42
91,-0.378977,110.450671,1,0.5,4.06,300
92,-0.378977,110.45404,1,0.5,4.06,300
93,-0.378977,110.457409,1,0.5,4.06,300
94,-0.378977,110.474252,1,0.5,7.51,149
95,-0.378977,110.477621,1,0.5,7.51,149
96,-0.378977,110.484358,1,0.5,18.87,61
97,-0.378977,110.487727,2,0.5,18.87,50
98,-0.378977,110.491096,2,0.5,18.87,50
99,-0.378977,110.494464,1,0.5,1.88,190
100,-0.378977,110.507939,1,0.5,35.59,14
101,-0.378977,110.511308,1,0.5,35.59,14
102,-0.378977,110.514676,1,0.5,35.59,14
103,-0.382345,110.450671,1,0.5,4.06,300
104,-0.382345,110.45404,1,0.5,4.06,300
105,-0.382345,110.457409,1,0.5,4.06,300
106,-0.382345,110.467515,1,0.5,6.67,167
107,-0.382345,110.470884,1,0.5,6.67,167
108,-0.382345,110.474252,1,0.5,6.67,167
109,-0.385714,110.467515,1,0.5,6.67,167
110,-0.385714,110.470884,1,0.5,6.67,167
111,-0.385714,110.474252,1,0.5,6.67,167
112,-0.385714,110.53152,1,0.5,4.29,291
113,-0.385714,110.534888,1,0.5,4.29,291
114,-0.385714,110.538257,1,0.5,4.29,291
115,-0.389083,110.467515,1,0.5,6.67,167
116,-0.389083,110.470884,1,0.5,6.67,167
117,-0.389083,110.474252,1,0.5,6.67,167
118,-0.389083,110.53152,1,0.5,4.29,291
119,-0.389083,110.534888,1,0.5,4.29,291
120,-0.389083,110.538257,1,0.5,4.29,291
121,-0.392451,110.410247,2,0.75,32.65,-1
122,-0.392451,110.413616,2,0.75,32.65,-1
123,-0.392451,110.416985,2,0.75,32.65,-1
124,-0.392451,110.447303,1,0.5,6.61,174
125,-0.392451,110.450671,1,0.5,6.61,174
126,-0.392451,110.45404,1,0.5,6.61,174
127,-0.392451,110.528151,1,0.5,31.03,24
128,-0.392451,110.53152,2,0.5,31.03,-1
129,-0.392451,110.534888,1,0.5,4.29,291
130,-0.392451,110.538257,1,0.5,4.29,291
131,-0.39582,110.363086,1,0.5,5.98,185
132,-0.39582,110.366454,1,0.5,5.98,185
133,-0.39582,110.369823,1,0.5,5.98,185
134,-0.39582,110.410247,2,0.75,32.65,-1
135,-0.39582,110.413616,2,0.75,32.65,-1
136,-0.39582,110.416985,2,0.75,32.65,-1
137,-0.39582,110.447303,1,0.5,6.61,174
138,-0.39582,110.450671,1,0.5,6.61,174
139,-0.39582,110.45404,1,0.5,6.61,174
140,-0.39582,110.507939,1,0.5,46.63,10
141,-0.39582,110.511308,1,0.5,46.63,10
142,-0.39582,110.514676,1,0.5,46.63,10
143,-0.39582,110.528151,1,0.5,31.03,-1
144,-0.39582,110.53152,1,0.5,31.03,24
145,-0.39582,110.534888,1,0.5,10.97,97
146,-0.39582,110.538257,1,0.5,10.97,97
147,-0.39582,110.541626,1,0.5,10.97,97
148,-0.399189,110.342874,1,0.5,6.94,135
149,-0.399189,110.346242,1,0.5,6.94,135
150,-0.399189,110.363086,1,0.5,5.98,185
151,-0.399189,110.366454,1,0.5,5.98,185
152,-0.399189,110.369823,1,0.5,5.98,185
153,-0.399189,110.410247,1,1.0,32.65,-1
154,-0.399189,110.413616,1,1.0,32.65,-1
155,-0.399189,110.416985,1,1.0,32.65,-1
156,-0.399189,110.447303,1,0.5,6.61,174
157,-0.399189,110.450671,1,0.5,6.61,174
158,-0.399189,110.45404,1,0.5,6.61,174
159,-0.399189,110.474252,1,0.5,5.12,253
160,-0.399189,110.477621,1,0.5,5.12,253
161,-0.399189,110.507939,2,0.5,46.63,-1
162,-0.399189,110.511308,2,0.5,46.63,-1
163,-0.399189,110.514676,2,0.5,46.63,-1
164,-0.399189,110.528151,1,0.5,31.03,24
165,-0.399189,110.53152,1,0.5,31.03,-1
166,-0.399189,110.534888,1,0.5,10.97,97
167,-0.399189,110.538257,1,0.5,10.97,97
168,-0.399189,110.541626,1,0.5,10.97,97
169,-0.402558,110.339505,1,0.5,6.94,135
170,-0.402558,110.342874,1,0.5,6.94,135
171,-0.402558,110.346242,1,0.5,6.94,135
172,-0.402558,110.379929,1,0.5,5.16,158
173,-0.402558,110.383298,1,0.5,5.16,158
174,-0.402558,110.386666,1,0.5,5.16,158
175,-0.402558,110.410247,1,0.5,6.31,187
176,-0.402558,110.413616,1,0.5,6.31,187
177,-0.402558,110.416985,1,0.5,6.31,187
178,-0.402558,110.427091,1,0.5,22.99,35
179,-0.402558,110.430459,1,0.5,22.99,35
180,-0.402558,110.433828,1,0.5,22.99,35
181,-0.402558,110.437197,1,0.5,22.99,-1
182,-0.402558,110.440565,1,0.5,22.99,-1
183,-0.402558,110.443934,1,0.5,3.42,296
184,-0.402558,110.447303,1,0.5,3.42,296
185,-0.402558,110.450671,1,0.5,3.42,296
186,-0.402558,110.474252,1,0.5,5.12,253
187,-0.402558,110.477621,1,0.5,5.12,253
188,-0.402558,110.507939,2,0.5,46.63,-1
189,-0.402558,110.511308,2,0.5,46.63,-1
190,-0.402558,110.514676,2,0.5,46.63,-1
191,-0.402558,110.524782,1,0.5,10.35,101
192,-0.402558,110.528151,1,0.5,10.35,101
193,-0.402558,110.53152,1,0.5,10.35,101
194,-0.402558,110.534888,1,0.5,10.35,101
195,-0.405926,110.329399,1,0.5,12.08,89
196,-0.405926,110.332768,1,0.5,12.08,89
197,-0.405926,110.379929,1,0.5,5.16,158
198,-0.405926,110.383298,1,0.5,5.16,158
199,-0.405926,110.386666,1,0.5,5.16,158
200,-0.405926,110.410247,1,0.5,6.31,187
201,-0.405926,110.413616,1,0.5,6.31,187
202,-0.405926,110.416985,1,0.5,6.31,187
203,-0.405926,110.427091,1,0.5,22.99,-1
204,-0.405926,110.430459,1,0.5,22.99,-1
205,-0.405926,110.433828,1,0.5,22.99,-1
206,-0.405926,110.437197,1,0.5,22.99,35
207,-0.405926,110.440565,1,0.5,22.99,35
208,-0.405926,110.443934,1,0.5,3.42,296
209,-0.405926,110.447303,1,0.5,3.42,296
210,-0.405926,110.450671,1,0.5,3.42,296
211,-0.405926,110.474252,1,0.5,5.12,253
212,-0.405926,110.477621,1,0.5,5.12,253
213,-0.405926,110.507939,1,0.5,24.71,31
214,-0.405926,110.511308,1,0.5,24.71,31
215,-0.405926,110.514676,1,0.5,16.99,53
216,-0.405926,110.524782,1,0.5,10.35,101
217,-0.405926,110.528151,1,0.5,10.35,101
218,-0.405926,110.53152,1,0.5,10.35,101
219,-0.405926,110.534888,1,0.5,10.35,101
220,-0.409295,110.319293,2,0.5,117.11,-1
221,-0.409295,110.322661,2,0.5,117.11,-1
222,-0.409295,110.32603,1,0.5,12.08,89
223,-0.409295,110.329399,1,0.5,12.08,89
224,-0.409295,110.332768,1,0.5,12.08,89
225,-0.409295,110.339505,1,0.5,4.94,242
226,-0.409295,110.342874,1,0.5,4.94,242
227,-0.409295,110.346242,1,0.5,4.94,242
228,-0.409295,110.379929,1,0.5,5.16,158
229,-0.409295,110.383298,1,0.5,5.16,158
230,-0.409295,110.386666,1,0.5,5.16,158
231,-0.409295,110.410247,1,0.5,6.31,187
232,-0.409295,110.413616,1,0.5,6.31,187
233,-0.409295,110.416985,2,0.5,17.32,-1
234,-0.409295,110.420353,1,0.5,17.32,39
235,-0.409295,110.423722,1,0.5,17.32,39
236,-0.409295,110.427091,1,0.5,22.99,35
237,-0.409295,110.430459,1,0.5,22.99,-1
238,-0.409295,110.433828,1,0.5,22.99,-1
239,-0.409295,110.437197,1,0.5,22.99,-1
240,-0.409295,110.440565,1,0.5,22.99,-1
241,-0.409295,110.443934,1,0.5,3.42,296
242,-0.409295,110.447303,1,0.5,3.42,296
243,-0.409295,110.450671,1,0.5,3.42,296
244,-0.409295,110.507939,1,0.5,6.61,174
245,-0.409295,110.511308,1,0.5,6.61,174
246,-0.409295,110.514676,1,0.5,6.61,174
247,-0.409295,110.524782,1,0.5,10.35,101
248,-0.409295,110.528151,1,0.5,10.35,101
249,-0.409295,110.53152,1,0.5,10.35,101
250,-0.409295,110.534888,1,0.5,10.35,101
251,-0.409295,110.555101,1,0.5,3.39,299
252,-0.409295,110.558469,1,0.5,3.39,299
253,-0.409295,110.561838,1,0.5,3.39,299
254,-0.412664,110.319293,2,0.5,117.11,-1
255,-0.412664,110.322661,2,0.5,117.11,-1
256,-0.412664,110.32603,1,0.5,117.11,-1
257,-0.412664,110.339505,1,0.5,4.94,242
258,-0.412664,110.342874,1,0.5,4.94,242
259,-0.412664,110.346242,1,0.5,4.94,242
260,-0.412664,110.416985,2,0.5,17.32,-1
261,-0.412664,110.420353,2,0.75,17.32,-1
262,-0.412664,110.423722,2,0.75,17.32,-1
263,-0.412664,110.427091,2,0.75,17.32,-1
264,-0.412664,110.430459,1,0.5,12.58,-1
265,-0.412664,110.433828,1,0.5,12.58,-1
266,-0.412664,110.437197,1,1.0,13.21,82
267,-0.412664,110.440565,1,1.0,13.21,82
268,-0.412664,110.443934,1,1.0,13.21,82
269,-0.412664,110.447303,1,0.5,11.0,97
270,-0.412664,110.507939,1,0.5,6.61,174
271,-0.412664,110.511308,1,0.5,6.61,174
272,-0.412664,110.514676,1,0.5,6.61,174
273,-0.412664,110.524782,1,0.5,10.35,101
274,-0.412664,110.528151,1,0.5,10.35,101
275,-0.412664,110.53152,1,0.5,10.35,101
276,-0.412664,110.534888,1,0.5,10.35,101
277,-0.412664,110.555101,1,0.5,3.39,299
278,-0.412664,110.558469,1,0.5,3.39,299
279,-0.412664,110.561838,1,0.5,3.39,299
280,-0.416032,110.339505,1,0.5,4.94,242
281,-0.416032,110.342874,1,0.5,4.94,242
282,-0.416032,110.346242,1,0.5,4.94,242
283,-0.416032,110.413616,1,0.5,34.06,20
284,-0.416032,110.416985,3,0.5,34.06,-1
285,-0.416032,110.420353,3,0.67,34.06,-1
286,-0.416032,110.423722,2,0.75,17.32,-1
287,-0.416032,110.427091,2,0.75,17.32,-1
288,-0.416032,110.430459,1,0.5,12.58,-1
289,-0.416032,110.433828,2,0.5,12.58,-1
290,-0.416032,110.437197,1,1.0,13.21,82
291,-0.416032,110.440565,1,1.0,13.21,82
292,-0.416032,110.443934,1,1.0,13.21,82
293,-0.416032,110.447303,1,0.5,11.0,97
294,-0.416032,110.507939,1,0.5,6.61,174
295,-0.416032,110.511308,1,0.5,6.61,174
296,-0.416032,110.514676,1,0.5,6.61,174
297,-0.416032,110.528151,1,0.5,8.26,130
298,-0.416032,110.53152,1,0.5,8.26,130
299,-0.416032,110.534888,1,0.5,8.26,130
300,-0.416032,110.538257,1,0.5,33.68,-1
301,-0.416032,110.541626,1,0.5,33.68,-1
302,-0.416032,110.544995,1,0.5,33.68,-1
303,-0.416032,110.555101,1,0.5,3.39,299
304,-0.416032,110.558469,1,0.5,3.39,299
305,-0.416032,110.561838,1,0.5,3.39,299
306,-0.419401,110.194652,1,0.5,3.14,254
307,-0.419401,110.19802,1,0.5,3.14,254
308,-0.419401,110.413616,1,0.5,34.06,20
309,-0.419401,110.416985,3,0.5,34.06,-1
310,-0.419401,110.420353,3,0.67,34.06,-1
311,-0.419401,110.423722,2,0.75,17.32,-1
312,-0.419401,110.427091,2,0.75,17.32,-1
313,-0.419401,110.433828,1,0.5,6.48,241
314,-0.419401,110.437197,1,1.0,13.21,82
315,-0.419401,110.440565,1,1.0,13.21,82
316,-0.419401,110.443934,1,1.0,13.21,82
317,-0.419401,110.447303,1,0.5,11.0,97
318,-0.419401,110.538257,1,0.5,33.68,-1
319,-0.419401,110.541626,1,0.5,33.68,-1
320,-0.419401,110.544995,1,0.5,33.68,-1
321,-0.419401,110.548363,1,0.5,23.82,-1
322,-0.42277,110.113803,1,0.5,5.12,253
323,-0.42277,110.117172,1,0.5,5.12,253
324,-0.42277,110.120541,1,0.5,5.12,253
325,-0.42277,110.123909,1,0.5,5.12,253
326,-0.42277,110.194652,1,0.5,3.14,254
327,-0.42277,110.19802,1,0.5,3.14,254
328,-0.42277,110.201389,1,0.5,3.14,254
329,-0.42277,110.413616,1,0.5,34.06,20
330,-0.42277,110.416985,1,0.5,34.06,20
331,-0.42277,110.420353,2,0.5,34.06,-1
332,-0.42277,110.423722,2,0.5,3.79,210
333,-0.42277,110.427091,2,0.5,3.79,210
334,-0.42277,110.430459,1,0.5,3.79,319
335,-0.42277,110.433828,1,0.5,6.48,241
336,-0.42277,110.437197,1,1.0,13.21,82
337,-0.42277,110.440565,1,1.0,13.21,82
338,-0.42277,110.443934,1,1.0,13.21,82
339,-0.42277,110.447303,1,0.5,11.0,97
340,-0.42277,110.538257,1,0.5,33.68,-1
341,-0.42277,110.541626,1,0.5,33.68,-1
342,-0.42277,110.544995,1,0.5,33.68,-1
343,-0.42277,110.548363,1,0.5,23.82,-1
344,-0.426138,110.194652,1,0.5,3.14,254
345,-0.426138,110.19802,1,0.5,3.14,254
346,-0.426138,110.201389,1,0.5,3.14,254
347,-0.426138,110.423722,1,0.5,3.79,319
348,-0.426138,110.427091,1,0.5,3.79,319
349,-0.426138,110.430459,1,0.5,3.79,319
350,-0.426138,110.450671,1,0.5,7.57,140
351,-0.426138,110.45404,1,0.5,7.57,140
352,-0.426138,110.457409,1,0.5,7.57,140
353,-0.426138,110.460777,1,0.5,6.45,240
354,-0.429507,110.228338,1,0.5,12.15,-1
355,-0.429507,110.231707,1,0.5,12.15,-1
356,-0.429507,110.420353,1,0.5,5.16,158
357,-0.429507,110.423722,3,0.5,8.24,18
358,-0.429507,110.427091,3,0.5,8.24,18
359,-0.429507,110.430459,2,0.5,8.24,294
360,-0.429507,110.450671,1,0.5,7.57,140
361,-0.429507,110.45404,1,0.5,7.57,140
362,-0.429507,110.457409,1,0.5,7.57,140
363,-0.429507,110.460777,1,0.5,6.45,240
364,-0.429507,110.470884,1,0.5,6.29,188
365,-0.429507,110.474252,1,0.5,6.29,188
366,-0.429507,110.477621,1,0.5,6.29,188
367,-0.432876,110.157596,1,0.5,1.89,-1
368,-0.432876,110.160965,1,0.5,1.89,-1
369,-0.432876,110.349611,1,0.5,6.72,-1
370,-0.432876,110.35298,1,0.5,6.72,-1
371,-0.432876,110.356348,1,0.5,6.72,-1
372,-0.432876,110.420353,1,0.5,5.16,158
373,-0.432876,110.423722,2,0.5,8.24,294
374,-0.432876,110.427091,2,0.5,8.24,294
375,-0.432876,110.430459,1,0.5,8.24,130
376,-0.432876,110.470884,1,0.5,6.29,188
377,-0.432876,110.474252,1,0.5,6.29,188
378,-0.432876,110.477621,1,0.5,6.29,188
379,-0.436244,110.154227,1,0.5,1.89,-1
380,-0.436244,110.157596,1,0.5,1.89,-1
381,-0.436244,110.160965,1,0.5,1.89,-1
382,-0.436244,110.2755,2,0.75,29.0,-1
383,-0.436244,110.278869,2,0.5,29.0,-1
384,-0.436244,110.349611,2,0.5,6.72,-1
385,-0.436244,110.35298,2,0.5,6.72,-1
386,-0.436244,110.356348,2,0.5,6.72,-1
387,-0.436244,110.420353,1,0.5,5.16,158
388,-0.436244,110.423722,2,0.5,8.24,294
389,-0.436244,110.427091,2,0.5,8.24,294
390,-0.436244,110.430459,1,0.5,8.24,130
391,-0.436244,110.443934,1,0.5,5.3,160
392,-0.436244,110.447303,1,0.5,5.3,160
393,-0.436244,110.450671,1,0.5,5.3,160
394,-0.436244,110.470884,1,0.5,6.29,188
395,-0.436244,110.474252,1,0.5,6.29,188
396,-0.436244,110.477621,1,0.5,6.29,188
397,-0.436244,110.484358,1,0.5,3.55,329
398,-0.436244,110.487727,1,0.5,3.55,329
399,-0.436244,110.491096,1,0.5,3.55,329
400,-0.436244,110.561838,1,0.5,3.98,303
401,-0.436244,110.565207,1,0.5,3.98,303
402,-0.436244,110.568575,1,0.5,3.98,303
403,-0.439613,110.272131,1,1.0,15.83,-1
404,-0.439613,110.2755,1,1.0,15.83,-1
405,-0.439613,110.278869,1,0.5,12.03,89
406,-0.439613,110.309187,1,0.5,3.63,283
407,-0.439613,110.315924,1,1.0,17.17,39
408,-0.439613,110.319293,1,1.0,17.17,39
409,-0.439613,110.322661,1,1.0,17.17,39
410,-0.439613,110.349611,2,0.5,6.72,-1
411,-0.439613,110.35298,2,0.5,6.72,-1
412,-0.439613,110.356348,2,0.5,6.72,-1
413,-0.439613,110.40351,1,0.5,2.36,229
414,-0.439613,110.406879,1,0.5,2.36,229
415,-0.439613,110.410247,1,0.5,2.36,229
416,-0.439613,110.420353,1,0.5,5.16,158
417,-0.439613,110.423722,1,0.5,5.16,158
418,-0.439613,110.427091,1,0.5,5.16,158
419,-0.439613,110.443934,1,0.5,5.3,160
420,-0.439613,110.447303,1,0.5,5.3,160
421,-0.439613,110.450671,1,0.5,5.3,160
422,-0.439613,110.484358,1,0.5,3.55,329
423,-0.439613,110.487727,1,0.5,3.55,329
424,-0.439613,110.491096,1,0.5,3.55,329
425,-0.439613,110.561838,1,0.5,3.98,303
426,-0.439613,110.565207,1,0.5,3.98,303
427,-0.439613,110.568575,1,0.5,3.98,303
428,-0.442982,110.272131,1,1.0,15.83,-1
429,-0.442982,110.2755,2,0.75,15.83,80
430,-0.442982,110.278869,3,0.5,35.8,-1
431,-0.442982,110.282237,2,0.5,35.8,21
432,-0.442982,110.285606,2,0.5,35.8,21
433,-0.442982,110.288975,2,0.5,30.73,-1
434,-0.442982,110.292343,1,1.0,45.69,10
435,-0.442982,110.305818,1,0.5,3.63,283
436,-0.442982,110.309187,1,0.5,3.63,283
437,-0.442982,110.315924,1,1.0,17.17,39
438,-0.442982,110.319293,1,1.0,17.17,39
439,-0.442982,110.322661,1,1.0,17.17,39
440,-0.442982,110.329399,1,0.5,3.47,313
441,-0.442982,110.332768,1,0.5,3.47,313
442,-0.442982,110.349611,1,0.5,6.15,165
443,-0.442982,110.35298,1,0.5,6.15,165
444,-0.442982,110.356348,2,0.5,96.64,-1
445,-0.442982,110.359717,1,0.5,96.64,-1
446,-0.442982,110.363086,1,0.5,96.64,-1
447,-0.442982,110.40351,1,0.5,2.36,229
448,-0.442982,110.406879,1,0.5,2.36,229
449,-0.442982,110.410247,1,0.5,2.36,229
450,-0.442982,110.443934,1,0.5,5.3,160
451,-0.442982,110.447303,1,0.5,5.3,160
452,-0.442982,110.450671,1,0.5,5.3,160
453,-0.442982,110.484358,1,0.5,3.55,329
454,-0.442982,110.487727,1,0.5,3.55,329
455,-0.442982,110.491096,1,0.5,3.55,329
456,-0.442982,110.507939,1,0.5,8.02,143
457,-0.442982,110.511308,1,0.5,8.02,143
458,-0.442982,110.514676,1,0.5,8.02,143
459,-0.44635,110.2755,1,0.5,10.35,101
460,-0.44635,110.278869,2,0.5,35.8,21
461,-0.44635,110.282237,2,0.5,35.8,21
462,-0.44635,110.285606,2,0.5,35.8,21
463,-0.44635,110.288975,2,0.75,30.73,-1
464,-0.44635,110.292343,2,0.75,30.73,-1
465,-0.44635,110.295712,2,0.75,30.73,-1
466,-0.44635,110.305818,1,0.5,3.63,283
467,-0.44635,110.309187,1,0.5,3.63,283
468,-0.44635,110.315924,1,1.0,17.17,39
469,-0.44635,110.319293,1,1.0,17.17,39
470,-0.44635,110.322661,1,1.0,17.17,39
471,-0.44635,110.329399,1,0.5,3.47,313
472,-0.44635,110.332768,1,0.5,3.47,313
473,-0.44635,110.356348,1,0.5,96.64,-1
474,-0.44635,110.359717,1,0.5,96.64,-1
475,-0.44635,110.363086,1,0.5,96.64,-1
476,-0.44635,110.40351,1,0.5,2.36,229
477,-0.44635,110.406879,1,0.5,2.36,229
478,-0.44635,110.410247,1,0.5,2.36,229
479,-0.44635,110.484358,1,0.5,3.55,329
480,-0.44635,110.487727,1,0.5,3.55,329
481,-0.44635,110.491096,1,0.5,3.55,329
482,-0.44635,110.507939,1,0.5,8.02,143
483,-0.44635,110.511308,1,0.5,8.02,143
484,-0.44635,110.514676,1,0.5,8.02,143
485,-0.449719,110.157596,1,0.5,30.37,25
486,-0.449719,110.160965,1,0.5,30.37,25
487,-0.449719,110.164333,1,0.5,30.37,25
488,-0.449719,110.272131,1,0.5,3.48,311
489,-0.449719,110.2755,1,0.5,3.48,311
490,-0.449719,110.278869,2,0.5,35.8,21
491,-0.449719,110.282237,2,0.5,35.8,21
492,-0.449719,110.285606,2,0.5,35.8,21
493,-0.449719,110.288975,2,0.75,30.73,-1
494,-0.449719,110.292343,2,0.75,30.73,-1
495,-0.449719,110.295712,2,0.75,30.73,-1
496,-0.449719,110.299081,1,0.5,6.76,137
497,-0.449719,110.329399,1,0.5,3.47,313
498,-0.449719,110.332768,1,0.5,3.47,313
499,-0.449719,110.356348,1,0.5,96.64,0
500,-0.449719,110.359717,1,0.5,96.64,-1
501,-0.449719,110.363086,1,0.5,96.64,-1
502,-0.449719,110.379929,1,1.0,12.1,89
503,-0.449719,110.383298,1,1.0,12.1,89
504,-0.449719,110.386666,1,1.0,12.1,89
505,-0.449719,110.437197,1,0.5,3.7,326
506,-0.449719,110.440565,1,0.5,6.03,186
507,-0.449719,110.443934,1,0.5,6.03,186
508,-0.449719,110.447303,1,0.5,6.03,186
509,-0.449719,110.507939,1,0.5,8.02,143
510,-0.449719,110.511308,1,0.5,8.02,143
511,-0.449719,110.514676,1,0.5,8.02,143
512,-0.449719,110.524782,1,0.5,3.86,310
513,-0.449719,110.528151,1,0.5,3.86,310
514,-0.453088,110.157596,1,0.5,30.37,25
515,-0.453088,110.160965,1,0.5,30.37,25
516,-0.453088,110.164333,1,0.5,30.37,25
517,-0.453088,110.272131,1,0.5,3.48,311
518,-0.453088,110.2755,1,0.5,3.48,311
519,-0.453088,110.278869,1,0.5,3.48,311
520,-0.453088,110.288975,1,1.0,30.73,25
521,-0.453088,110.292343,1,1.0,30.73,25
522,-0.453088,110.295712,2,0.75,30.73,-1
523,-0.453088,110.299081,1,0.5,6.76,137
524,-0.453088,110.329399,1,0.5,3.47,313
525,-0.453088,110.332768,1,0.5,3.47,313
526,-0.453088,110.379929,1,1.0,12.1,89
527,-0.453088,110.383298,1,1.0,12.1,89
528,-0.453088,110.386666,1,1.0,12.1,89
529,-0.453088,110.437197,1,0.5,3.7,326
530,-0.453088,110.440565,1,0.5,6.03,186
531,-0.453088,110.443934,1,0.5,6.03,186
532,-0.453088,110.447303,1,0.5,6.03,186
533,-0.453088,110.470884,1,0.5,9.35,146
534,-0.453088,110.474252,1,0.5,9.35,146
535,-0.453088,110.477621,1,0.5,9.35,146
536,-0.453088,110.524782,1,0.5,3.86,310
537,-0.453088,110.528151,1,0.5,3.86,310
538,-0.453088,110.58205,1,0.5,3.23,257
539,-0.453088,110.585419,1,0.5,3.23,257
540,-0.456456,110.295712,1,0.5,6.76,137
541,-0.456456,110.299081,1,0.5,6.76,137
542,-0.456456,110.302449,1,0.5,3.01,258
543,-0.456456,110.379929,1,1.0,12.1,89
544,-0.456456,110.383298,1,1.0,12.1,89
545,-0.456456,110.386666,1,1.0,12.1,89
546,-0.456456,110.437197,1,0.5,3.7,326
547,-0.456456,110.440565,1,0.5,3.7,326
548,-0.456456,110.443934,1,0.5,3.7,326
549,-0.456456,110.467515,1,0.5,8.54,152
550,-0.456456,110.470884,2,0.5,9.35,-1
551,-0.456456,110.474252,2,0.5,9.35,-1
552,-0.456456,110.477621,1,0.5,9.35,146
553,-0.456456,110.58205,1,0.5,3.23,257
554,-0.456456,110.585419,1,0.5,3.23,257
555,-0.459825,110.140753,1,0.5,4.16,155
556,-0.459825,110.144121,1,0.5,4.16,155
557,-0.459825,110.295712,1,0.5,3.01,258
558,-0.459825,110.299081,1,0.5,3.01,258
559,-0.459825,110.302449,1,0.5,3.01,258
560,-0.459825,110.336136,1,0.5,8.78,206
561,-0.459825,110.339505,1,0.5,8.78,206
562,-0.459825,110.342874,1,0.5,8.78,206
563,-0.459825,110.35298,1,0.5,3.75,316
564,-0.459825,110.356348,1,0.5,3.75,316
565,-0.459825,110.359717,1,0.5,3.75,316
566,-0.459825,110.467515,1,0.5,8.54,152
567,-0.459825,110.470884,2,0.5,10.08,-1
568,-0.459825,110.474252,2,0.5,10.08,-1
569,-0.459825,110.477621,1,0.5,10.08,120
570,-0.463194,110.009374,1,0.5,6.42,203
571,-0.463194,110.140753,1,0.5,4.16,155
572,-0.463194,110.144121,1,0.5,4.16,155
573,-0.463194,110.295712,1,0.5,3.01,258
574,-0.463194,110.299081,1,0.5,3.01,258
575,-0.463194,110.302449,1,0.5,3.01,258
576,-0.463194,110.322661,1,0.5,4.09,289
577,-0.463194,110.32603,1,0.5,4.09,289
578,-0.463194,110.329399,1,0.5,4.09,289
579,-0.463194,110.336136,1,0.5,8.78,206
580,-0.463194,110.339505,1,0.5,8.78,206
581,-0.463194,110.342874,1,0.5,8.78,206
582,-0.463194,110.35298,1,0.5,3.75,316
583,-0.463194,110.356348,1,0.5,3.75,316
584,-0.463194,110.359717,1,0.5,3.75,316
585,-0.463194,110.400141,1,0.5,3.46,314
586,-0.463194,110.40351,1,0.5,3.46,314
587,-0.463194,110.406879,1,0.5,3.46,314
588,-0.463194,110.416985,1,0.5,4.73,-1
589,-0.463194,110.420353,1,0.5,4.73,-1
590,-0.463194,110.423722,1,0.5,4.73,-1
591,-0.463194,110.467515,1,0.5,8.54,152
592,-0.463194,110.470884,1,0.5,8.54,152
593,-0.463194,110.474252,1,0.5,8.54,152
594,-0.466563,110.006005,1,0.5,14.97,41
595,-0.466563,110.009374,1,0.5,6.42,203
596,-0.466563,110.01948,1,0.5,19.05,72
597,-0.466563,110.022849,1,0.5,19.05,72
598,-0.466563,110.026217,1,0.5,19.05,72
599,-0.466563,110.110435,1,0.5,73.72,4
600,-0.466563,110.113803,1,0.5,73.72,4
601,-0.466563,110.117172,1,0.5,73.72,4
602,-0.466563,110.140753,1,0.5,4.16,155
603,-0.466563,110.144121,1,0.5,4.16,155
604,-0.466563,110.322661,1,0.5,4.09,289
605,-0.466563,110.32603,1,0.5,4.09,289
606,-0.466563,110.329399,1,0.5,4.09,289
607,-0.466563,110.336136,1,0.5,8.78,206
608,-0.466563,110.339505,1,0.5,8.78,206
609,-0.466563,110.342874,1,0.5,8.78,206
610,-0.466563,110.35298,1,0.5,3.75,316
611,-0.466563,110.356348,1,0.5,3.75,316
612,-0.466563,110.359717,1,0.5,3.75,316
613,-0.466563,110.366454,1,0.5,2.47,237
614,-0.466563,110.369823,1,0.5,2.47,237
615,-0.466563,110.400141,1,0.5,3.46,314
616,-0.466563,110.40351,1,0.5,3.46,314
617,-0.466563,110.406879,1,0.5,3.46,314
618,-0.466563,110.416985,2,0.5,4.73,-1
619,-0.466563,110.420353,2,0.5,4.73,-1
620,-0.466563,110.423722,2,0.5,4.73,-1
621,-0.466563,110.440565,1,0.5,6.72,-1
622,-0.466563,110.443934,1,0.5,6.72,-1
623,-0.466563,110.585419,2,0.5,3.37,210
624,-0.466563,110.588787,2,0.5,3.37,210
625,-0.466563,110.592156,1,0.5,3.37,-1
626,-0.469931,110.006005,1,0.5,6.42,203
627,-0.469931,110.009374,1,0.5,6.42,203
628,-0.469931,110.01948,1,0.5,19.05,72
629,-0.469931,110.022849,1,0.5,19.05,72
630,-0.469931,110.026217,1,0.5,19.05,72
631,-0.469931,110.107066,1,0.5,107.81,0
632,-0.469931,110.110435,1,0.5,107.81,0
633,-0.469931,110.113803,1,0.5,107.81,0
634,-0.469931,110.117172,1,0.5,73.72,4
635,-0.469931,110.336136,1,0.5,8.78,206
636,-0.469931,110.339505,1,0.5,8.78,206
637,-0.469931,110.342874,1,0.5,8.78,206
638,-0.469931,110.366454,1,0.5,2.47,237
639,-0.469931,110.369823,1,0.5,2.47,237
640,-0.469931,110.373192,1,0.5,15.59,60
641,-0.469931,110.37656,1,0.5,15.59,60
642,-0.469931,110.379929,1,0.5,15.59,60
643,-0.469931,110.400141,1,0.5,3.46,314
644,-0.469931,110.40351,1,0.5,3.46,314
645,-0.469931,110.406879,1,0.5,3.46,314
646,-0.469931,110.416985,2,0.5,5.18,287
647,-0.469931,110.420353,2,0.5,5.18,287
648,-0.469931,110.423722,2,0.5,5.18,287
649,-0.469931,110.427091,1,0.5,3.51,329
650,-0.469931,110.430459,1,0.5,3.51,329
651,-0.469931,110.440565,1,0.5,6.72,-1
652,-0.469931,110.443934,1,0.5,6.72,-1
653,-0.469931,110.484358,1,0.5,3.46,314
654,-0.469931,110.487727,1,0.5,3.46,314
655,-0.469931,110.491096,1,0.5,3.46,314
656,-0.469931,110.585419,2,0.5,3.37,210
657,-0.469931,110.588787,2,0.5,3.37,210
658,-0.469931,110.592156,1,0.5,3.37,-1
659,-0.4733,110.107066,1,0.5,107.81,0
660,-0.4733,110.110435,1,0.5,107.81,0
661,-0.4733,110.113803,1,0.5,107.81,0
662,-0.4733,110.117172,1,0.5,73.72,4
663,-0.4733,110.366454,1,0.5,2.47,237
664,-0.4733,110.369823,1,0.5,2.47,237
665,-0.4733,110.373192,1,0.5,15.59,60
666,-0.4733,110.37656,1,0.5,15.59,60
667,-0.4733,110.379929,1,0.5,15.59,60
668,-0.4733,110.386666,1,0.5,4.39,280
669,-0.4733,110.390035,1,0.5,4.39,280
670,-0.4733,110.393404,1,0.5,4.39,280
671,-0.4733,110.416985,1,0.5,4.08,289
672,-0.4733,110.420353,1,0.5,4.08,289
673,-0.4733,110.423722,2,0.5,4.08,210
674,-0.4733,110.427091,1,0.5,3.51,329
675,-0.4733,110.430459,1,0.5,3.51,329
676,-0.4733,110.440565,1,0.5,6.72,-1
677,-0.4733,110.443934,1,0.5,6.72,-1
678,-0.4733,110.457409,1,0.5,8.71,-1
679,-0.4733,110.460777,1,0.5,8.71,-1
680,-0.4733,110.464146,1,0.5,8.71,-1
681,-0.4733,110.484358,1,0.5,3.46,314
682,-0.4733,110.487727,2,0.5,6.05,302
683,-0.4733,110.491096,2,0.5,6.05,302
684,-0.4733,110.494464,1,0.5,6.05,198
685,-0.4733,110.497833,1,0.5,3.71,327
686,-0.4733,110.501202,2,0.5,6.17,-1
687,-0.4733,110.50457,2,0.5,6.17,-1
688,-0.4733,110.507939,1,0.5,6.17,-1
689,-0.4733,110.544995,1,0.5,15.36,59
690,-0.4733,110.548363,1,0.5,15.36,59
691,-0.4733,110.551732,1,0.5,15.36,59
692,-0.4733,110.585419,1,0.5,2.66,-1
693,-0.4733,110.588787,1,0.5,2.66,-1
694,-0.476669,110.107066,1,0.5,107.81,0
695,-0.476669,110.110435,1,0.5,107.81,0
696,-0.476669,110.113803,1,0.5,107.81,0
697,-0.476669,110.117172,1,0.5,73.72,4
698,-0.476669,110.386666,1,0.5,26.9,29
699,-0.476669,110.390035,2,0.5,26.9,37
700,-0.476669,110.393404,2,0.5,26.9,37
701,-0.476669,110.396773,1,0.5,6.37,204
702,-0.476669,110.423722,1,0.5,3.51,329
703,-0.476669,110.427091,1,0.5,3.51,329
704,-0.476669,110.430459,1,0.5,3.51,329
705,-0.476669,110.450671,1,0.5,4.91,236
706,-0.476669,110.45404,1,0.5,4.91,236
707,-0.476669,110.457409,2,0.5,8.71,-1
708,-0.476669,110.460777,1,0.5,8.71,-1
709,-0.476669,110.464146,1,0.5,8.71,-1
710,-0.476669,110.484358,1,0.5,47.02,-1
711,-0.476669,110.487727,2,0.5,47.02,-1
712,-0.476669,110.491096,1,0.5,6.05,198
713,-0.476669,110.494464,1,0.5,6.05,198
714,-0.476669,110.497833,1,0.5,3.71,327
715,-0.476669,110.501202,2,0.5,6.17,-1
716,-0.476669,110.50457,2,0.5,6.17,-1
717,-0.476669,110.507939,1,0.5,6.17,-1
718,-0.476669,110.538257,1,0.5,17.18,39
719,-0.476669,110.541626,1,0.5,17.18,39
720,-0.476669,110.544995,2,0.5,17.18,79
721,-0.476669,110.548363,1,0.5,15.36,59
722,-0.476669,110.551732,1,0.5,15.36,59
723,-0.480037,110.107066,1,0.5,3.27,277
724,-0.480037,110.110435,1,0.5,3.27,277
725,-0.480037,110.113803,1,0.5,3.27,277
726,-0.480037,110.117172,1,0.5,7.05,153
727,-0.480037,110.120541,1,0.5,7.05,153
728,-0.480037,110.379929,1,0.5,24.71,31
729,-0.480037,110.383298,1,0.5,24.71,31
730,-0.480037,110.386666,2,0.5,26.9,37
731,-0.480037,110.390035,3,0.5,26.9,-1
732,-0.480037,110.393404,4,0.5,26.9,-1
733,-0.480037,110.396773,2,0.5,11.27,216
734,-0.480037,110.400141,1,0.5,11.27,115
735,-0.480037,110.450671,1,0.5,4.91,236
736,-0.480037,110.45404,1,0.5,4.91,236
737,-0.480037,110.457409,2,0.5,4.91,287
738,-0.480037,110.460777,1,0.5,4.44,263
739,-0.480037,110.464146,1,0.5,4.44,263
740,-0.480037,110.470884,1,0.5,5.8,161
741,-0.480037,110.474252,1,0.5,5.8,161
742,-0.480037,110.477621,1,0.5,5.8,161
743,-0.480037,110.48099,1,0.5,5.8,161
744,-0.480037,110.484358,1,0.5,47.02,-1
745,-0.480037,110.487727,2,0.5,47.02,-1
746,-0.480037,110.491096,1,0.5,6.05,198
747,-0.480037,110.494464,1,0.5,6.05,198
748,-0.480037,110.497833,1,0.5,3.71,327
749,-0.480037,110.501202,2,0.5,6.17,-1
750,-0.480037,110.50457,2,0.5,6.17,-1
751,-0.480037,110.507939,1,0.5,6.17,-1
752,-0.480037,110.511308,1,0.5,6.56,164
753,-0.480037,110.514676,1,0.5,6.56,164
754,-0.480037,110.518045,2,0.5,7.11,-1
755,-0.480037,110.521414,1,0.5,7.11,154
756,-0.480037,110.524782,1,0.5,7.11,154
757,-0.480037,110.538257,1,0.5,13.42,81
758,-0.480037,110.541626,1,0.5,13.42,81
759,-0.480037,110.544995,2,0.5,13.42,111
760,-0.480037,110.548363,1,0.5,4.52,271
761,-0.480037,110.551732,1,0.5,4.52,271
762,-0.483406,110.107066,1,0.5,3.27,277
763,-0.483406,110.110435,1,0.5,3.27,277
764,-0.483406,110.113803,1,0.5,3.27,277
765,-0.483406,110.117172,1,0.5,7.05,153
766,-0.483406,110.120541,1,0.5,7.05,153
767,-0.483406,110.302449,1,0.5,5.04,223
768,-0.483406,110.305818,1,0.5,5.04,223
769,-0.483406,110.309187,1,0.5,5.04,223
770,-0.483406,110.379929,1,0.5,24.71,31
771,-0.483406,110.383298,1,0.5,24.71,31
772,-0.483406,110.386666,2,0.5,26.9,37
773,-0.483406,110.390035,3,0.5,26.9,-1
774,-0.483406,110.393404,5,0.5,26.9,-1
775,-0.483406,110.396773,3,0.5,11.27,18
776,-0.483406,110.400141,1,0.5,11.27,115
777,-0.483406,110.433828,1,0.5,9.1,157
778,-0.483406,110.437197,1,0.5,9.1,157
779,-0.483406,110.440565,1,0.5,9.1,157
780,-0.483406,110.443934,1,0.5,8.09,134
781,-0.483406,110.447303,1,0.5,8.09,134
782,-0.483406,110.450671,2,0.5,8.09,-1
783,-0.483406,110.45404,1,0.5,4.91,236
784,-0.483406,110.457409,2,0.5,4.91,287
785,-0.483406,110.460777,1,0.5,4.44,263
786,-0.483406,110.464146,1,0.5,4.44,263
787,-0.483406,110.470884,1,0.5,5.8,161
788,-0.483406,110.474252,1,0.5,5.8,161
789,-0.483406,110.477621,1,0.5,5.8,161
790,-0.483406,110.48099,1,0.5,5.8,161
791,-0.483406,110.484358,1,0.5,16.25,-1
792,-0.483406,110.487727,1,0.5,16.25,-1
793,-0.483406,110.491096,2,0.5,16.25,79
794,-0.483406,110.494464,1,0.5,16.59,-1
795,-0.483406,110.497833,1,0.5,13.85,65
796,-0.483406,110.501202,1,0.5,13.85,65
797,-0.483406,110.50457,1,0.5,13.85,65
798,-0.483406,110.511308,1,0.5,6.56,164
799,-0.483406,110.514676,1,0.5,6.56,164
800,-0.483406,110.518045,2,0.5,7.11,-1
801,-0.483406,110.521414,1,0.5,7.11,154
802,-0.483406,110.524782,1,0.5,7.11,154
803,-0.483406,110.53152,1,0.5,5.45,-1
804,-0.483406,110.534888,1,0.5,7.46,148
805,-0.483406,110.538257,1,0.5,7.46,148
806,-0.483406,110.541626,1,0.5,7.46,148
807,-0.483406,110.544995,1,0.5,13.42,81
808,-0.486775,109.985793,1,0.5,3.96,304
809,-0.486775,110.107066,1,0.5,3.27,277
810,-0.486775,110.110435,1,0.5,3.27,277
811,-0.486775,110.113803,1,0.5,3.27,277
812,-0.486775,110.117172,1,0.5,6.26,232
813,-0.486775,110.120541,1,0.5,6.26,232
814,-0.486775,110.123909,1,0.5,6.26,232
815,-0.486775,110.302449,1,0.5,5.04,223
816,-0.486775,110.305818,1,0.5,5.04,223
817,-0.486775,110.309187,1,0.5,5.04,223
818,-0.486775,110.379929,1,0.5,24.71,31
819,-0.486775,110.383298,1,0.5,24.71,31
820,-0.486775,110.386666,1,0.5,24.71,31
821,-0.486775,110.390035,2,0.5,19.2,50
822,-0.486775,110.393404,3,0.5,19.2,-1
823,-0.486775,110.396773,2,0.5,6.37,309
824,-0.486775,110.433828,1,0.5,9.1,157
825,-0.486775,110.437197,1,0.5,9.1,157
826,-0.486775,110.440565,1,0.5,9.1,157
827,-0.486775,110.443934,1,0.5,8.09,134
828,-0.486775,110.447303,1,0.5,8.09,134
829,-0.486775,110.450671,1,0.5,8.09,134
830,-0.486775,110.457409,1,0.5,4.44,263
831,-0.486775,110.460777,1,0.5,4.44,263
832,-0.486775,110.464146,1,0.5,4.44,263
833,-0.486775,110.470884,1,0.5,5.8,161
834,-0.486775,110.474252,1,0.5,5.8,161
835,-0.486775,110.477621,2,0.5,5.8,302
836,-0.486775,110.48099,2,0.5,5.8,302
837,-0.486775,110.484358,3,0.5,16.25,18
838,-0.486775,110.487727,2,0.5,16.25,79
839,-0.486775,110.491096,3,0.5,16.25,18
840,-0.486775,110.494464,2,0.5,16.59,79
841,-0.486775,110.497833,2,0.5,13.85,-1
842,-0.486775,110.501202,1,0.5,13.85,65
843,-0.486775,110.50457,1,0.5,13.85,65
844,-0.486775,110.511308,1,0.5,6.56,164
845,-0.486775,110.514676,1,0.5,6.56,164
846,-0.486775,110.518045,2,0.5,7.11,-1
847,-0.486775,110.521414,1,0.5,7.11,154
848,-0.486775,110.524782,1,0.5,7.11,154
849,-0.486775,110.53152,1,0.5,5.45,-1
850,-0.486775,110.534888,1,0.5,7.46,148
851,-0.486775,110.538257,1,0.5,7.46,148
852,-0.486775,110.541626,1,0.5,7.46,148
853,-0.486775,110.544995,1,0.5,13.42,81
854,-0.486775,110.565207,1,0.5,9.9,109
855,-0.486775,110.568575,1,0.5,9.9,109
856,-0.486775,110.571944,1,0.5,9.9,109
857,-0.490143,109.982425,1,0.5,3.96,304
858,-0.490143,109.985793,1,0.5,3.96,304
859,-0.490143,110.110435,1,0.5,55.46,6
860,-0.490143,110.113803,1,0.5,55.46,6
861,-0.490143,110.117172,2,0.5,55.46,-1
862,-0.490143,110.120541,1,0.5,6.26,232
863,-0.490143,110.123909,1,0.5,6.26,232
864,-0.490143,110.127278,1,0.5,8.39,-1
865,-0.490143,110.130647,1,0.5,8.39,-1
866,-0.490143,110.134015,1,0.5,8.39,-1
867,-0.490143,110.302449,1,0.5,5.04,223
868,-0.490143,110.305818,1,0.5,5.04,223
869,-0.490143,110.309187,1,0.5,5.04,223
870,-0.490143,110.393404,1,0.5,4.72,-1
871,-0.490143,110.396773,1,0.5,4.72,-1
872,-0.490143,110.443934,1,0.5,8.09,134
873,-0.490143,110.447303,1,0.5,8.09,134
874,-0.490143,110.450671,1,0.5,8.09,134
875,-0.490143,110.457409,1,0.5,5.72,151
876,-0.490143,110.460777,2,0.5,5.72,-1
877,-0.490143,110.464146,1,0.5,3.2,278
878,-0.490143,110.467515,1,0.5,3.2,278
879,-0.490143,110.470884,1,0.5,5.8,161
880,-0.490143,110.474252,1,0.5,5.8,161
881,-0.490143,110.477621,2,0.5,5.8,302
882,-0.490143,110.48099,2,0.5,5.8,302
883,-0.490143,110.484358,3,0.5,16.25,18
884,-0.490143,110.487727,3,0.5,32.89,-1
885,-0.490143,110.491096,4,0.5,32.89,-1
886,-0.490143,110.494464,3,0.5,32.89,-1
887,-0.490143,110.497833,2,0.5,13.85,-1
888,-0.490143,110.501202,1,0.5,13.85,65
889,-0.490143,110.50457,2,0.5,13.85,-1
890,-0.490143,110.507939,1,0.5,10.93,97
891,-0.490143,110.511308,1,0.5,10.93,97
892,-0.490143,110.518045,1,0.5,10.14,-1
893,-0.490143,110.521414,1,0.5,10.14,-1
894,-0.490143,110.524782,1,0.5,10.14,-1
895,-0.490143,110.53152,1,0.5,5.45,-1
896,-0.490143,110.534888,1,0.5,7.46,148
897,-0.490143,110.538257,1,0.5,7.46,148
898,-0.490143,110.541626,1,0.5,7.46,148
899,-0.490143,110.551732,1,0.5,13.58,84
900,-0.490143,110.555101,1,0.5,13.58,84
901,-0.490143,110.558469,1,0.5,13.58,84
902,-0.490143,110.565207,1,0.5,9.9,109
903,-0.490143,110.568575,1,0.5,9.9,109
904,-0.490143,110.571944,1,0.5,9.9,109
905,-0.493512,109.979056,1,0.5,3.96,304
906,-0.493512,109.982425,1,0.5,3.96,304
907,-0.493512,109.985793,1,0.5,3.96,304
908,-0.493512,110.110435,1,0.5,55.46,6
909,-0.493512,110.113803,1,0.5,55.46,6
910,-0.493512,110.117172,2,0.5,55.46,-1
911,-0.493512,110.120541,1,0.5,6.26,232
912,-0.493512,110.123909,1,0.5,6.26,232
913,-0.493512,110.127278,1,0.5,8.39,-1
914,-0.493512,110.130647,1,0.5,8.39,-1
915,-0.493512,110.134015,1,0.5,8.39,-1
916,-0.493512,110.302449,1,0.5,5.04,223
917,-0.493512,110.305818,1,0.5,5.04,223
918,-0.493512,110.309187,1,0.5,5.04,223
919,-0.493512,110.332768,1,0.5,3.87,297
920,-0.493512,110.336136,1,0.5,3.87,297
921,-0.493512,110.339505,1,0.5,3.87,297
922,-0.493512,110.433828,1,0.5,24.64,31
923,-0.493512,110.437197,1,0.5,24.64,31
924,-0.493512,110.460777,1,0.5,3.2,278
925,-0.493512,110.464146,1,0.5,3.2,278
926,-0.493512,110.467515,1,0.5,3.2,278
927,-0.493512,110.477621,1,0.5,4.05,300
928,-0.493512,110.48099,1,0.5,4.05,300
929,-0.493512,110.484358,1,0.5,4.05,300
930,-0.493512,110.487727,1,0.5,32.89,-1
931,-0.493512,110.491096,2,0.5,32.89,-1
932,-0.493512,110.494464,2,0.5,32.89,-1
933,-0.493512,110.497833,1,0.5,10.84,97
934,-0.493512,110.50457,2,0.5,10.93,216
935,-0.493512,110.507939,2,0.5,10.93,216
936,-0.493512,110.511308,1,0.5,10.93,97
937,-0.493512,110.518045,1,0.5,10.14,-1
938,-0.493512,110.521414,1,0.5,10.14,-1
939,-0.493512,110.524782,1,0.5,10.14,-1
940,-0.493512,110.551732,1,0.5,13.58,84
941,-0.493512,110.555101,1,0.5,13.58,84
942,-0.493512,110.558469,1,0.5,13.58,84
943,-0.496881,110.103697,1,0.5,5.65,213
944,-0.496881,110.107066,1,0.5,5.65,213
945,-0.496881,110.110435,2,0.5,55.46,-1
946,-0.496881,110.113803,1,0.5,55.46,6
947,-0.496881,110.117172,1,0.5,55.46,6
948,-0.496881,110.134015,1,0.5,7.1,154
949,-0.496881,110.137384,1,0.5,7.1,154
950,-0.496881,110.140753,1,0.5,7.1,154
951,-0.496881,110.150859,1,0.5,5.36,192
952,-0.496881,110.154227,1,0.5,5.36,192
953,-0.496881,110.157596,1,0.5,5.36,192
954,-0.496881,110.164333,1,0.5,34.01,20
955,-0.496881,110.167702,1,0.5,34.01,20
956,-0.496881,110.171071,1,0.5,34.01,20
957,-0.496881,110.299081,1,0.5,5.96,215
958,-0.496881,110.302449,1,0.5,5.96,215
959,-0.496881,110.305818,1,0.5,4.49,275
960,-0.496881,110.309187,1,0.5,4.49,275
961,-0.496881,110.332768,1,0.5,3.87,297
962,-0.496881,110.336136,1,0.5,3.87,297
963,-0.496881,110.339505,1,0.5,3.87,297
964,-0.496881,110.433828,1,0.5,24.64,31
965,-0.496881,110.437197,1,0.5,24.64,31
966,-0.496881,110.460777,1,0.5,3.2,278
967,-0.496881,110.464146,1,0.5,3.2,278
968,-0.496881,110.467515,2,0.5,4.34,286
969,-0.496881,110.470884,1,0.5,4.34,272
970,-0.496881,110.474252,1,0.5,4.34,272
971,-0.496881,110.477621,1,0.5,4.34,272
972,-0.496881,110.487727,1,0.5,32.89,-1
973,-0.496881,110.491096,1,0.5,32.89,-1
974,-0.496881,110.494464,1,0.5,32.89,-1
975,-0.496881,110.50457,2,0.5,10.93,216
976,-0.496881,110.507939,2,0.5,10.93,216
977,-0.496881,110.511308,1,0.5,10.93,97
978,-0.496881,110.541626,1,0.5,5.7,151
979,-0.496881,110.544995,1,0.5,5.7,151
980,-0.496881,110.548363,1,0.5,5.7,151
981,-0.496881,110.551732,1,0.5,13.58,84
982,-0.496881,110.555101,1,0.5,13.58,84
983,-0.496881,110.558469,1,0.5,13.58,84
984,-0.500249,110.103697,1,0.5,5.65,213
985,-0.500249,110.107066,1,0.5,5.65,213
986,-0.500249,110.110435,1,0.5,5.65,213
987,-0.500249,110.130647,1,0.5,7.85,132
988,-0.500249,110.134015,2,0.5,7.85,-1
989,-0.500249,110.137384,2,0.5,7.85,-1
990,-0.500249,110.140753,1,0.5,7.1,154
991,-0.500249,110.150859,1,0.5,5.36,192
992,-0.500249,110.154227,2,0.5,52.58,-1
993,-0.500249,110.157596,2,0.5,52.58,-1
994,-0.500249,110.160965,1,0.5,52.58,-1
995,-0.500249,110.164333,1,0.5,34.01,20
996,-0.500249,110.167702,1,0.5,34.01,20
997,-0.500249,110.171071,1,0.5,34.01,20
998,-0.500249,110.299081,1,0.5,5.96,215
999,-0.500249,110.302449,1,0.5,5.96,215
1000,-0.500249,110.305818,1,0.5,4.49,275
1001,-0.500249,110.309187,1,0.5,4.49,275
1002,-0.500249,110.433828,1,0.5,24.64,31
1003,-0.500249,110.437197,1,0.5,24.64,31
1004,-0.500249,110.467515,1,0.5,4.34,272
1005,-0.500249,110.470884,1,0.5,4.34,272
1006,-0.500249,110.474252,1,0.5,4.34,272
1007,-0.500249,110.477621,1,0.5,4.34,272
1008,-0.500249,110.491096,1,0.5,2.81,247
1009,-0.500249,110.494464,2,0.5,2.81,-1
1010,-0.500249,110.497833,2,0.5,2.81,-1
1011,-0.500249,110.50457,1,0.5,5.7,151
1012,-0.500249,110.507939,1,0.5,7.28,-1
1013,-0.500249,110.541626,1,0.5,5.7,151
1014,-0.500249,110.544995,1,0.5,5.7,151
1015,-0.500249,110.548363,1,0.5,5.7,151
1016,-0.503618,109.942,1,0.5,6.19,-1
1017,-0.503618,110.093591,1,0.5,6.49,241
1018,-0.503618,110.09696,1,0.5,6.49,241
1019,-0.503618,110.100328,1,0.5,6.49,241
1020,-0.503618,110.103697,1,0.5,5.65,213
1021,-0.503618,110.107066,1,0.5,5.65,213
1022,-0.503618,110.110435,1,0.5,5.65,213
1023,-0.503618,110.130647,1,0.5,7.85,132
1024,-0.503618,110.134015,2,0.5,7.85,-1
1025,-0.503618,110.137384,2,0.5,7.85,-1
1026,-0.503618,110.140753,2,0.5,15.36,-1
1027,-0.503618,110.144121,1,0.5,15.36,59
1028,-0.503618,110.150859,1,0.5,5.36,192
1029,-0.503618,110.154227,2,0.5,52.58,-1
1030,-0.503618,110.157596,2,0.5,52.58,-1
1031,-0.503618,110.160965,2,0.5,52.58,-1
1032,-0.503618,110.164333,1,0.5,34.01,20
1033,-0.503618,110.167702,1,0.5,34.01,20
1034,-0.503618,110.171071,1,0.5,34.01,20
1035,-0.503618,110.299081,1,0.5,5.96,215
1036,-0.503618,110.302449,1,0.5,5.96,215
1037,-0.503618,110.312555,1,0.5,9.53,94
1038,-0.503618,110.315924,1,1.0,20.15,-1
1039,-0.503618,110.319293,1,1.0,20.15,-1
1040,-0.503618,110.322661,1,1.0,20.15,-1
1041,-0.503618,110.32603,1,0.5,15.9,43
1042,-0.503618,110.329399,1,0.5,15.9,43
1043,-0.503618,110.332768,1,0.5,15.9,43
1044,-0.503618,110.349611,1,0.5,13.95,-1
1045,-0.503618,110.35298,1,0.5,13.95,-1
1046,-0.503618,110.356348,1,0.5,13.95,-1
1047,-0.503618,110.373192,1,0.5,3.43,295
1048,-0.503618,110.37656,1,0.5,3.43,295
1049,-0.503618,110.379929,1,0.5,3.43,295
1050,-0.503618,110.383298,1,0.5,3.67,-1
1051,-0.503618,110.386666,1,0.5,3.67,-1
1052,-0.503618,110.467515,1,0.5,4.34,272
1053,-0.503618,110.470884,1,0.5,4.34,272
1054,-0.503618,110.474252,1,0.5,4.34,272
1055,-0.503618,110.477621,1,0.5,4.34,272
1056,-0.503618,110.48099,1,0.5,18.86,61
1057,-0.503618,110.484358,1,0.5,18.86,61
1058,-0.503618,110.487727,2,0.5,18.86,50
1059,-0.503618,110.491096,1,0.5,2.81,247
1060,-0.503618,110.494464,3,0.5,5.76,18
1061,-0.503618,110.497833,3,0.5,5.76,18
1062,-0.503618,110.501202,1,0.5,5.76,151
1063,-0.503618,110.541626,1,0.5,5.7,151
1064,-0.503618,110.544995,1,0.5,5.7,151
1065,-0.503618,110.548363,1,0.5,5.7,151
1066,-0.506987,109.942,2,0.5,12.89,112
1067,-0.506987,109.945369,1,0.5,12.89,95
1068,-0.506987,109.948738,1,0.5,12.89,95
1069,-0.506987,110.093591,1,0.5,6.49,241
1070,-0.506987,110.09696,1,0.5,6.49,241
1071,-0.506987,110.100328,1,0.5,6.49,241
1072,-0.506987,110.130647,1,0.5,7.85,132
1073,-0.506987,110.134015,1,0.5,7.85,132
1074,-0.506987,110.137384,1,0.5,7.85,132
1075,-0.506987,110.140753,1,0.5,15.36,59
1076,-0.506987,110.144121,1,0.5,15.36,59
1077,-0.506987,110.150859,1,0.5,5.36,192
1078,-0.506987,110.154227,1,0.5,5.36,192
1079,-0.506987,110.157596,2,0.5,5.36,287
1080,-0.506987,110.160965,2,0.5,5.36,287
1081,-0.506987,110.164333,1,0.5,4.83,209
1082,-0.506987,110.312555,1,0.5,9.53,94
1083,-0.506987,110.315924,1,1.0,20.15,-1
1084,-0.506987,110.319293,1,1.0,20.15,-1
1085,-0.506987,110.322661,1,1.0,20.15,-1
1086,-0.506987,110.32603,1,0.5,15.9,43
1087,-0.506987,110.329399,1,0.5,15.9,43
1088,-0.506987,110.332768,1,0.5,15.9,43
1089,-0.506987,110.342874,1,0.5,6.17,-1
1090,-0.506987,110.346242,1,1.0,11.62,99
1091,-0.506987,110.349611,2,0.75,13.95,-1
1092,-0.506987,110.35298,2,0.75,13.95,-1
1093,-0.506987,110.356348,1,0.5,13.95,-1
1094,-0.506987,110.373192,1,0.5,3.43,295
1095,-0.506987,110.37656,1,0.5,3.43,295
1096,-0.506987,110.379929,1,0.5,3.43,295
1097,-0.506987,110.383298,1,0.5,3.67,-1
1098,-0.506987,110.386666,1,0.5,3.67,-1
1099,-0.506987,110.48099,1,0.5,18.86,61
1100,-0.506987,110.484358,1,0.5,18.86,61
1101,-0.506987,110.487727,2,0.5,18.86,50
1102,-0.506987,110.491096,2,0.5,27.26,37
1103,-0.506987,110.494464,3,0.5,5.76,18
1104,-0.506987,110.497833,3,0.5,5.76,18
1105,-0.506987,110.501202,1,0.5,5.76,151
1106,-0.506987,110.561838,1,0.5,42.75,8
1107,-0.506987,110.565207,1,0.5,42.75,8
1108,-0.506987,110.568575,1,0.5,42.75,8
1109,-0.510355,109.938632,1,0.5,6.19,-1
1110,-0.510355,109.942,2,0.5,12.89,112
1111,-0.510355,109.945369,1,0.5,12.89,95
1112,-0.510355,109.948738,1,0.5,12.89,95
1113,-0.510355,110.093591,1,0.5,6.49,241
1114,-0.510355,110.09696,1,0.5,6.49,241
1115,-0.510355,110.100328,1,0.5,6.49,241
1116,-0.510355,110.140753,1,0.5,15.36,59
1117,-0.510355,110.144121,1,0.5,15.36,59
1118,-0.510355,110.150859,1,0.5,5.36,192
1119,-0.510355,110.154227,1,0.5,5.36,192
1120,-0.510355,110.157596,2,0.5,5.36,287
1121,-0.510355,110.160965,2,0.5,5.36,287
1122,-0.510355,110.164333,1,0.5,4.83,209
1123,-0.510355,110.312555,1,0.5,9.53,94
1124,-0.510355,110.315924,1,1.0,20.15,-1
1125,-0.510355,110.319293,1,1.0,20.15,-1
1126,-0.510355,110.322661,1,1.0,20.15,-1
1127,-0.510355,110.32603,1,0.5,15.9,43
1128,-0.510355,110.329399,1,0.5,15.9,43
1129,-0.510355,110.332768,1,0.5,15.9,43
1130,-0.510355,110.342874,1,0.5,6.17,-1
1131,-0.510355,110.346242,1,1.0,11.62,99
1132,-0.510355,110.349611,2,0.75,13.95,-1
1133,-0.510355,110.35298,2,0.75,13.95,-1
1134,-0.510355,110.356348,1,0.5,13.95,46
1135,-0.510355,110.383298,1,0.5,3.67,-1
1136,-0.510355,110.386666,1,0.5,3.67,-1
1137,-0.510355,110.420353,1,0.5,3.12,254
1138,-0.510355,110.423722,1,0.5,3.12,254
1139,-0.510355,110.427091,2,0.5,16.45,-1
1140,-0.510355,110.430459,1,0.5,16.45,48
1141,-0.510355,110.433828,1,0.5,16.45,48
1142,-0.510355,110.437197,1,0.5,16.45,48
1143,-0.510355,110.48099,1,0.5,18.86,61
1144,-0.510355,110.484358,1,0.5,18.86,61
1145,-0.510355,110.487727,1,0.5,18.86,61
1146,-0.510355,110.491096,1,0.5,27.26,26
1147,-0.510355,110.494464,2,0.5,5.76,-1
1148,-0.510355,110.497833,2,0.5,5.76,-1
1149,-0.510355,110.501202,1,0.5,5.76,151
1150,-0.510355,110.561838,1,0.5,42.75,8
1151,-0.510355,110.565207,1,0.5,42.75,8
1152,-0.510355,110.568575,1,0.5,42.75,8
1153,-0.510355,110.571944,1,0.5,20.02,66
1154,-0.510355,110.575313,1,0.5,20.02,66
1155,-0.510355,110.578681,1,0.5,20.02,66
1156,-0.510355,110.58205,1,0.5,20.02,66
1157,-0.510355,110.585419,1,0.5,20.02,66
1158,-0.513724,110.154227,1,0.5,40.51,12
1159,-0.513724,110.157596,2,0.5,40.51,-1
1160,-0.513724,110.160965,1,0.5,4.83,209
1161,-0.513724,110.164333,1,0.5,4.83,209
1162,-0.513724,110.342874,1,0.5,6.17,-1
1163,-0.513724,110.346242,2,0.75,11.62,216
1164,-0.513724,110.349611,3,0.67,13.95,18
1165,-0.513724,110.35298,3,0.67,13.95,18
1166,-0.513724,110.356348,1,0.5,13.95,46
1167,-0.513724,110.373192,1,0.5,9.43,104
1168,-0.513724,110.37656,1,0.5,9.43,104
1169,-0.513724,110.379929,1,0.5,9.43,104
1170,-0.513724,110.383298,1,0.5,1.55,127
1171,-0.513724,110.386666,1,0.5,4.79,221
1172,-0.513724,110.390035,1,0.5,4.79,221
1173,-0.513724,110.393404,1,0.5,4.79,221
1174,-0.513724,110.410247,1,0.5,3.49,312
1175,-0.513724,110.413616,1,0.5,3.49,312
1176,-0.513724,110.416985,1,0.5,3.49,312
1177,-0.513724,110.420353,1,0.5,3.12,254
1178,-0.513724,110.423722,1,0.5,3.12,254
1179,-0.513724,110.427091,2,0.5,16.45,-1
1180,-0.513724,110.430459,1,0.5,16.45,48
1181,-0.513724,110.433828,1,0.5,16.45,48
1182,-0.513724,110.437197,1,0.5,16.45,48
1183,-0.513724,110.440565,1,0.5,9.01,176
1184,-0.513724,110.48099,1,0.5,18.86,61
1185,-0.513724,110.484358,1,0.5,18.86,61
1186,-0.513724,110.487727,1,0.5,18.86,61
1187,-0.513724,110.561838,1,0.5,2.5,237
1188,-0.513724,110.565207,1,0.5,2.5,237
1189,-0.513724,110.568575,1,0.5,2.5,237
1190,-0.513724,110.571944,1,0.5,20.02,66
1191,-0.513724,110.575313,1,0.5,20.02,66
1192,-0.513724,110.578681,1,0.5,20.02,66
1193,-0.513724,110.58205,1,0.5,20.02,66
1194,-0.513724,110.585419,1,0.5,20.02,66
1195,-0.517093,110.154227,1,0.5,40.51,12
1196,-0.517093,110.157596,1,0.5,40.51,12
1197,-0.517093,110.346242,1,0.5,2.84,246
1198,-0.517093,110.349611,1,0.5,2.84,246
1199,-0.517093,110.35298,1,0.5,2.84,246
1200,-0.517093,110.373192,1,0.5,9.43,104
1201,-0.517093,110.37656,1,0.5,9.43,104
1202,-0.517093,110.379929,1,0.5,9.43,104
1203,-0.517093,110.386666,1,0.5,4.79,221
1204,-0.517093,110.390035,1,0.5,4.79,221
1205,-0.517093,110.393404,1,0.5,4.79,221
1206,-0.517093,110.400141,1,0.5,6.66,167
1207,-0.517093,110.40351,1,0.5,6.66,167
1208,-0.517093,110.406879,1,0.5,6.66,167
1209,-0.517093,110.410247,1,0.5,3.49,312
1210,-0.517093,110.413616,1,0.5,3.49,312
1211,-0.517093,110.416985,1,0.5,3.49,312
1212,-0.517093,110.427091,1,0.5,16.45,48
1213,-0.517093,110.430459,2,0.5,16.45,-1
1214,-0.517093,110.433828,2,0.5,16.45,-1
1215,-0.517093,110.437197,1,0.5,16.45,48
1216,-0.517093,110.440565,1,0.5,9.01,176
1217,-0.517093,110.48099,2,0.5,27.25,37
1218,-0.517093,110.484358,2,0.5,27.25,37
1219,-0.517093,110.487727,2,0.5,27.25,37
1220,-0.517093,110.551732,1,0.5,3.78,320
1221,-0.517093,110.555101,1,0.5,3.78,320
1222,-0.517093,110.558469,1,0.5,3.78,320
1223,-0.517093,110.561838,1,0.5,2.5,237
1224,-0.517093,110.565207,1,0.5,2.5,237
1225,-0.517093,110.568575,2,0.5,5.03,287
1226,-0.517093,110.571944,2,0.5,20.02,50
1227,-0.517093,110.575313,2,0.5,20.02,50
1228,-0.517093,110.578681,1,0.5,20.02,66
1229,-0.517093,110.58205,1,0.5,20.02,66
1230,-0.517093,110.585419,1,0.5,20.02,66
1231,-0.520461,109.995899,1,0.5,6.81,137
1232,-0.520461,109.999268,1,0.5,6.81,137
1233,-0.520461,110.002637,1,0.5,6.81,137
1234,-0.520461,110.006005,1,0.5,6.81,137
1235,-0.520461,110.066642,1,0.5,8.29,131
1236,-0.520461,110.07001,1,0.5,8.29,131
1237,-0.520461,110.073379,1,0.5,8.29,131
1238,-0.520461,110.110435,1,0.5,5.41,238
1239,-0.520461,110.113803,1,0.5,5.41,238
1240,-0.520461,110.117172,1,0.5,5.41,238
1241,-0.520461,110.154227,1,0.5,40.51,12
1242,-0.520461,110.157596,1,0.5,40.51,12
1243,-0.520461,110.309187,1,0.5,4.9,236
1244,-0.520461,110.312555,1,0.5,4.9,236
1245,-0.520461,110.315924,1,0.5,4.9,236
1246,-0.520461,110.319293,1,0.5,4.9,236
1247,-0.520461,110.346242,1,0.5,2.84,246
1248,-0.520461,110.349611,1,0.5,2.84,246
1249,-0.520461,110.35298,1,0.5,2.84,246
1250,-0.520461,110.373192,1,0.5,9.43,104
1251,-0.520461,110.37656,1,0.5,9.43,104
1252,-0.520461,110.379929,1,0.5,9.43,104
1253,-0.520461,110.386666,1,0.5,4.79,221
1254,-0.520461,110.390035,1,0.5,4.79,221
1255,-0.520461,110.393404,1,0.5,4.79,221
1256,-0.520461,110.400141,1,0.5,6.66,167
1257,-0.520461,110.40351,1,0.5,6.66,167
1258,-0.520461,110.406879,1,0.5,6.66,167
1259,-0.520461,110.410247,1,0.5,3.49,312
1260,-0.520461,110.413616,1,0.5,3.49,312
1261,-0.520461,110.416985,1,0.5,3.49,312
1262,-0.520461,110.427091,1,0.5,6.5,241
1263,-0.520461,110.430459,2,0.5,6.5,309
1264,-0.520461,110.433828,2,0.5,9.01,-1
1265,-0.520461,110.437197,1,0.5,9.01,176
1266,-0.520461,110.440565,1,0.5,9.01,176
1267,-0.520461,110.48099,1,0.5,27.25,26
1268,-0.520461,110.484358,2,0.5,27.25,37
1269,-0.520461,110.487727,2,0.5,27.25,37
1270,-0.520461,110.491096,1,0.5,7.25,150
1271,-0.520461,110.551732,1,0.5,3.78,320
1272,-0.520461,110.555101,1,0.5,3.78,320
1273,-0.520461,110.558469,1,0.5,3.78,320
1274,-0.520461,110.568575,1,0.5,5.03,223
1275,-0.520461,110.571944,1,0.5,5.03,223
1276,-0.520461,110.575313,1,0.5,5.03,223
1277,-0.520461,110.578681,1,0.5,6.04,199
1278,-0.520461,110.58205,1,0.5,6.04,199
1279,-0.52383,109.995899,1,0.5,6.81,137
1280,-0.52383,109.999268,1,0.5,6.81,137
1281,-0.52383,110.002637,1,0.5,6.81,137
1282,-0.52383,110.006005,1,0.5,6.81,137
1283,-0.52383,110.029586,1,0.5,5.87,-1
1284,-0.52383,110.032955,1,0.5,5.87,-1
1285,-0.52383,110.036323,1,0.5,5.82,162
1286,-0.52383,110.066642,1,0.5,8.29,131
1287,-0.52383,110.07001,1,0.5,8.29,131
1288,-0.52383,110.073379,1,0.5,8.29,131
1289,-0.52383,110.110435,1,0.5,5.41,238
1290,-0.52383,110.113803,1,0.5,5.41,238
1291,-0.52383,110.117172,1,0.5,5.41,238
1292,-0.52383,110.309187,1,0.5,4.9,236
1293,-0.52383,110.312555,1,0.5,4.9,236
1294,-0.52383,110.315924,1,0.5,4.9,236
1295,-0.52383,110.319293,1,0.5,4.9,236
1296,-0.52383,110.369823,1,0.5,9.68,123
1297,-0.52383,110.373192,2,0.5,9.68,262
1298,-0.52383,110.37656,2,0.5,9.68,262
1299,-0.52383,110.379929,1,0.5,9.43,104
1300,-0.52383,110.400141,1,0.5,6.66,167
1301,-0.52383,110.40351,1,0.5,6.66,167
1302,-0.52383,110.406879,1,0.5,6.66,167
1303,-0.52383,110.410247,1,0.5,2.47,237
1304,-0.52383,110.413616,1,0.5,2.47,237
1305,-0.52383,110.416985,1,0.5,2.47,237
1306,-0.52383,110.423722,1,0.5,6.25,233
1307,-0.52383,110.427091,1,0.5,6.25,233
1308,-0.52383,110.430459,2,0.5,6.25,309
1309,-0.52383,110.433828,1,0.5,3.29,277
1310,-0.52383,110.48099,2,0.5,27.25,37
1311,-0.52383,110.484358,3,0.5,27.25,-1
1312,-0.52383,110.487727,4,0.5,27.25,-1
1313,-0.52383,110.491096,2,0.5,7.25,331
1314,-0.52383,110.494464,1,0.5,5.36,192
1315,-0.52383,110.538257,1,0.5,2.89,248
1316,-0.52383,110.541626,1,0.5,2.89,248
1317,-0.52383,110.544995,1,0.5,2.89,248
1318,-0.52383,110.548363,1,0.5,11.45,-1
1319,-0.52383,110.551732,2,0.5,11.45,216
1320,-0.52383,110.555101,2,0.5,11.45,216
1321,-0.52383,110.558469,1,0.5,3.78,320
1322,-0.52383,110.568575,1,0.5,5.03,223
1323,-0.52383,110.571944,1,0.5,5.03,223
1324,-0.52383,110.575313,1,0.5,5.03,223
1325,-0.52383,110.578681,1,0.5,6.04,199
1326,-0.52383,110.58205,1,0.5,6.04,199
1327,-0.527199,109.995899,1,0.5,6.81,137
1328,-0.527199,109.999268,1,0.5,6.81,137
1329,-0.527199,110.002637,1,0.5,6.81,137
1330,-0.527199,110.006005,1,0.5,6.81,137
1331,-0.527199,110.026217,1,0.5,4.23,-1
1332,-0.527199,110.029586,1,0.5,5.87,-1
1333,-0.527199,110.032955,1,0.5,5.87,-1
1334,-0.527199,110.036323,1,0.5,5.82,162
1335,-0.527199,110.110435,1,0.5,5.41,238
1336,-0.527199,110.113803,1,0.5,5.41,238
1337,-0.527199,110.117172,1,0.5,5.41,238
1338,-0.527199,110.187914,1,0.5,4.57,265
1339,-0.527199,110.191283,1,0.5,4.57,265
1340,-0.527199,110.201389,1,0.5,4.35,272
1341,-0.527199,110.204758,1,0.5,4.35,272
1342,-0.527199,110.208126,1,0.5,4.35,272
1343,-0.527199,110.309187,1,0.5,4.9,236
1344,-0.527199,110.312555,1,0.5,4.9,236
1345,-0.527199,110.315924,1,0.5,4.9,236
1346,-0.527199,110.319293,1,0.5,4.9,236
1347,-0.527199,110.369823,1,0.5,9.68,123
1348,-0.527199,110.373192,1,0.5,9.68,123
1349,-0.527199,110.37656,1,0.5,9.68,123
1350,-0.527199,110.379929,1,0.5,5.24,-1
1351,-0.527199,110.383298,1,0.5,5.24,158
1352,-0.527199,110.386666,1,0.5,5.24,-1
1353,-0.527199,110.410247,1,0.5,2.47,237
1354,-0.527199,110.413616,1,0.5,2.47,237
1355,-0.527199,110.416985,2,0.5,8.05,293
1356,-0.527199,110.420353,1,0.5,8.05,136
1357,-0.527199,110.423722,1,0.5,6.25,233
1358,-0.527199,110.427091,1,0.5,6.25,233
1359,-0.527199,110.430459,2,0.5,6.41,309
1360,-0.527199,110.433828,1,0.5,6.41,200
1361,-0.527199,110.437197,1,0.5,6.41,200
1362,-0.527199,110.48099,1,0.5,5.57,-1
1363,-0.527199,110.484358,2,0.5,7.25,331
1364,-0.527199,110.487727,3,0.5,7.25,18
1365,-0.527199,110.491096,2,0.5,7.25,331
1366,-0.527199,110.494464,1,0.5,5.36,192
1367,-0.527199,110.538257,1,0.5,2.89,248
1368,-0.527199,110.541626,1,0.5,2.89,248
1369,-0.527199,110.544995,2,0.5,14.45,90
1370,-0.527199,110.548363,1,0.5,14.45,-1
1371,-0.527199,110.551732,1,0.5,14.45,-1
1372,-0.527199,110.555101,1,0.5,11.45,-1
1373,-0.527199,110.568575,1,0.5,5.03,223
1374,-0.527199,110.571944,1,0.5,5.03,223
1375,-0.527199,110.575313,1,0.5,5.03,223
1376,-0.527199,110.578681,1,0.5,6.04,199
1377,-0.527199,110.58205,1,0.5,6.04,199
1378,-0.527199,110.588787,1,0.5,3.46,314
1379,-0.527199,110.592156,1,0.5,3.46,314
1380,-0.530567,110.026217,1,0.5,4.23,-1
1381,-0.530567,110.029586,1,0.5,7.22,178
1382,-0.530567,110.032955,1,0.5,7.22,178
1383,-0.530567,110.036323,1,0.5,7.22,178
1384,-0.530567,110.187914,1,0.5,4.57,265
1385,-0.530567,110.191283,1,0.5,4.57,265
1386,-0.530567,110.201389,1,0.5,4.35,272
1387,-0.530567,110.204758,1,0.5,4.35,272
1388,-0.530567,110.208126,1,0.5,4.35,272
1389,-0.530567,110.369823,1,0.5,9.68,123
1390,-0.530567,110.373192,1,0.5,9.68,123
1391,-0.530567,110.37656,1,0.5,9.68,123
1392,-0.530567,110.379929,1,0.5,5.24,-1
1393,-0.530567,110.383298,1,0.5,24.77,31
1394,-0.530567,110.386666,1,0.5,24.77,31
1395,-0.530567,110.390035,1,0.5,24.77,31
1396,-0.530567,110.393404,1,0.5,3.28,277
1397,-0.530567,110.396773,1,0.5,3.28,277
1398,-0.530567,110.400141,1,0.5,3.28,277
1399,-0.530567,110.40351,1,0.5,3.28,277
1400,-0.530567,110.406879,1,0.5,2.83,246
1401,-0.530567,110.410247,1,0.5,2.47,237
1402,-0.530567,110.413616,1,0.5,2.47,237
1403,-0.530567,110.416985,2,0.5,8.05,293
1404,-0.530567,110.420353,1,0.5,8.05,136
1405,-0.530567,110.423722,1,0.5,6.25,233
1406,-0.530567,110.427091,1,0.5,6.25,233
1407,-0.530567,110.430459,2,0.5,6.41,309
1408,-0.530567,110.433828,1,0.5,6.41,200
1409,-0.530567,110.437197,1,0.5,6.41,200
1410,-0.530567,110.48099,1,0.5,5.57,-1
1411,-0.530567,110.484358,2,0.5,11.39,216
1412,-0.530567,110.487727,3,0.5,11.39,18
1413,-0.530567,110.491096,1,0.5,5.36,192
1414,-0.530567,110.494464,1,0.5,5.36,192
1415,-0.530567,110.514676,1,0.5,6.87,138
1416,-0.530567,110.518045,1,0.5,6.87,138
1417,-0.530567,110.521414,1,0.5,6.87,138
1418,-0.530567,110.544995,1,0.5,14.45,-1
1419,-0.530567,110.548363,1,0.5,14.45,-1
1420,-0.530567,110.551732,1,0.5,14.45,-1
1421,-0.530567,110.555101,1,0.5,11.45,-1
1422,-0.530567,110.588787,1,0.5,3.46,314
1423,-0.530567,110.592156,1,0.5,3.46,314
1424,-0.533936,109.915051,1,0.5,12.37,113
1425,-0.533936,109.91842,1,0.5,12.37,113
1426,-0.533936,110.026217,1,0.5,4.23,-1
1427,-0.533936,110.029586,1,0.5,7.22,178
1428,-0.533936,110.032955,1,0.5,7.22,178
1429,-0.533936,110.036323,1,0.5,7.22,178
1430,-0.533936,110.177808,1,0.5,5.63,226
1431,-0.533936,110.181177,1,0.5,5.63,226
1432,-0.533936,110.184546,1,0.5,5.63,226
1433,-0.533936,110.187914,1,0.5,4.57,265
1434,-0.533936,110.191283,1,0.5,4.57,265
1435,-0.533936,110.379929,1,0.5,5.24,-1
1436,-0.533936,110.383298,1,0.5,24.77,31
1437,-0.533936,110.386666,1,0.5,24.77,31
1438,-0.533936,110.390035,1,0.5,24.77,31
1439,-0.533936,110.393404,1,0.5,3.28,277
1440,-0.533936,110.396773,1,0.5,3.28,277
1441,-0.533936,110.400141,1,0.5,3.28,277
1442,-0.533936,110.40351,1,0.5,3.28,277
1443,-0.533936,110.406879,1,0.5,2.83,246
1444,-0.533936,110.416985,1,0.5,8.05,136
1445,-0.533936,110.420353,1,0.5,8.05,136
1446,-0.533936,110.460777,1,0.5,10.09,120
1447,-0.533936,110.464146,1,0.5,10.09,120
1448,-0.533936,110.467515,1,0.5,10.09,120
1449,-0.533936,110.470884,1,0.5,15.97,43
1450,-0.533936,110.474252,1,0.5,15.97,43
1451,-0.533936,110.477621,1,0.5,15.97,43
1452,-0.533936,110.484358,1,0.5,11.39,-1
1453,-0.533936,110.487727,1,0.5,11.39,-1
1454,-0.533936,110.514676,1,0.5,6.87,138
1455,-0.533936,110.518045,1,0.5,6.87,138
1456,-0.533936,110.521414,1,0.5,6.87,138
1457,-0.533936,110.544995,1,0.5,14.45,-1
1458,-0.533936,110.548363,1,0.5,14.45,-1
1459,-0.533936,110.551732,1,0.5,14.45,-1
1460,-0.533936,110.595525,1,0.5,6.68,167
1461,-0.533936,110.598893,1,0.5,6.68,167
1462,-0.533936,110.602262,1,0.5,6.68,167
1463,-0.533936,110.605631,1,0.5,2.95,259
1464,-0.533936,110.608999,1,0.5,2.95,259
1465,-0.537305,109.915051,1,0.5,12.37,113
1466,-0.537305,109.91842,1,0.5,12.37,113
1467,-0.537305,109.921788,1,0.5,12.37,113
1468,-0.537305,110.026217,1,0.5,4.23,-1
1469,-0.537305,110.029586,1,0.5,7.22,178
1470,-0.537305,110.032955,1,0.5,7.22,178
1471,-0.537305,110.036323,1,0.5,7.22,178
1472,-0.537305,110.177808,1,0.5,5.63,226
1473,-0.537305,110.181177,1,0.5,5.63,226
1474,-0.537305,110.184546,1,0.5,5.63,226
1475,-0.537305,110.312555,1,0.5,3.83,310
1476,-0.537305,110.315924,1,0.5,3.83,310
1477,-0.537305,110.319293,1,0.5,3.83,310
1478,-0.537305,110.322661,1,0.5,4.78,221
1479,-0.537305,110.366454,1,0.5,7.66,126
1480,-0.537305,110.369823,2,0.5,7.66,-1
1481,-0.537305,110.373192,2,0.5,11.82,216
1482,-0.537305,110.37656,1,0.5,11.82,118
1483,-0.537305,110.379929,1,0.5,11.82,118
1484,-0.537305,110.383298,1,0.5,24.77,31
1485,-0.537305,110.386666,1,0.5,24.77,31
1486,-0.537305,110.390035,1,0.5,24.77,31
1487,-0.537305,110.393404,1,0.5,3.28,277
1488,-0.537305,110.396773,1,0.5,3.28,277
1489,-0.537305,110.400141,1,0.5,3.28,277
1490,-0.537305,110.40351,1,0.5,3.28,277
1491,-0.537305,110.406879,1,0.5,2.83,246
1492,-0.537305,110.460777,1,0.5,10.09,120
1493,-0.537305,110.464146,1,0.5,10.09,120
1494,-0.537305,110.467515,2,0.5,15.97,80
1495,-0.537305,110.470884,1,0.5,15.97,43
1496,-0.537305,110.474252,1,0.5,15.97,43
1497,-0.537305,110.477621,2,0.75,15.97,80
1498,-0.537305,110.48099,2,0.75,12.35,195
1499,-0.537305,110.484358,2,0.75,12.35,195
1500,-0.537305,110.487727,1,0.5,12.35,113
1501,-0.537305,110.514676,1,0.5,6.87,138
1502,-0.537305,110.518045,1,0.5,6.87,138
1503,-0.537305,110.521414,1,0.5,6.87,138
1504,-0.537305,110.598893,1,0.5,6.68,167
1505,-0.537305,110.602262,1,0.5,6.68,167
1506,-0.537305,110.605631,1,0.5,2.95,259
1507,-0.537305,110.608999,1,0.5,2.95,259
1508,-0.540674,109.915051,1,0.5,12.37,113
1509,-0.540674,109.91842,1,0.5,12.37,113
1510,-0.540674,109.921788,1,0.5,12.37,113
1511,-0.540674,110.177808,1,0.5,5.63,226
1512,-0.540674,110.181177,1,0.5,5.63,226
1513,-0.540674,110.184546,1,0.5,5.63,226
1514,-0.540674,110.204758,1,0.5,9.02,176
1515,-0.540674,110.208126,1,0.5,9.02,176
1516,-0.540674,110.211495,1,0.5,9.02,176
1517,-0.540674,110.312555,1,0.5,3.83,310
1518,-0.540674,110.315924,1,0.5,3.83,310
1519,-0.540674,110.319293,1,0.5,3.83,310
1520,-0.540674,110.322661,1,0.5,4.78,221
1521,-0.540674,110.366454,1,0.5,7.66,126
1522,-0.540674,110.369823,2,0.5,7.66,-1
1523,-0.540674,110.373192,2,0.5,11.82,216
1524,-0.540674,110.37656,1,0.5,11.82,118
1525,-0.540674,110.379929,1,0.5,11.82,118
1526,-0.540674,110.460777,2,0.5,11.75,216
1527,-0.540674,110.464146,2,0.5,11.75,216
1528,-0.540674,110.467515,2,0.5,11.75,216
1529,-0.540674,110.470884,1,0.5,15.97,43
1530,-0.540674,110.474252,1,0.5,15.97,43
1531,-0.540674,110.477621,2,0.75,15.97,80
1532,-0.540674,110.48099,2,0.75,12.35,195
1533,-0.540674,110.484358,2,0.75,12.35,195
1534,-0.540674,110.487727,1,0.5,12.35,113
1535,-0.540674,110.605631,1,0.5,2.95,259
1536,-0.540674,110.608999,1,0.5,2.95,259
1537,-0.544042,109.915051,1,0.5,12.37,113
1538,-0.544042,109.91842,1,0.5,12.37,113
1539,-0.544042,109.921788,1,0.5,12.37,113
1540,-0.544042,110.204758,1,0.5,9.02,176
1541,-0.544042,110.208126,1,0.5,9.02,176
1542,-0.544042,110.211495,1,0.5,9.02,176
1543,-0.544042,110.22497,1,0.5,7.7,-1
1544,-0.544042,110.228338,1,0.5,7.12,154
1545,-0.544042,110.231707,1,0.5,7.12,154
1546,-0.544042,110.235076,1,0.5,7.12,154
1547,-0.544042,110.312555,2,0.5,8.0,293
1548,-0.544042,110.315924,2,0.5,8.0,293
1549,-0.544042,110.319293,2,0.5,8.0,293
1550,-0.544042,110.322661,2,0.5,8.0,293
1551,-0.544042,110.32603,1,0.5,8.0,144
1552,-0.544042,110.346242,1,0.5,10.84,97
1553,-0.544042,110.349611,1,0.5,10.84,97
1554,-0.544042,110.35298,1,0.5,10.84,97
1555,-0.544042,110.366454,2,0.5,7.66,-1
1556,-0.544042,110.369823,3,0.5,7.66,18
1557,-0.544042,110.373192,3,0.5,11.82,18
1558,-0.544042,110.37656,1,0.5,11.82,118
1559,-0.544042,110.379929,1,0.5,11.82,118
1560,-0.544042,110.393404,1,0.5,5.91,214
1561,-0.544042,110.396773,1,0.5,5.91,214
1562,-0.544042,110.400141,1,0.5,5.91,214
1563,-0.544042,110.406879,1,0.5,4.57,265
1564,-0.544042,110.410247,1,0.5,4.57,265
1565,-0.544042,110.413616,1,0.5,4.57,265
1566,-0.544042,110.464146,2,0.5,11.75,216
1567,-0.544042,110.467515,2,0.5,11.41,216
1568,-0.544042,110.470884,1,0.5,11.41,-1
1569,-0.544042,110.474252,1,0.5,11.41,-1
1570,-0.544042,110.477621,1,0.5,15.97,43
1571,-0.544042,110.48099,2,0.75,15.97,80
1572,-0.544042,110.484358,2,0.75,12.98,112
1573,-0.544042,110.487727,2,0.75,12.98,112
1574,-0.544042,110.491096,1,0.5,12.98,96
1575,-0.547411,110.204758,1,0.5,39.83,12
1576,-0.547411,110.208126,1,0.5,39.83,12
1577,-0.547411,110.211495,1,0.5,39.83,12
1578,-0.547411,110.22497,1,0.5,7.7,-1
1579,-0.547411,110.228338,1,0.5,7.12,154
1580,-0.547411,110.231707,1,0.5,7.12,154
1581,-0.547411,110.235076,1,0.5,7.12,154
1582,-0.547411,110.312555,1,0.5,8.0,144
1583,-0.547411,110.315924,1,0.5,8.0,144
1584,-0.547411,110.319293,1,0.5,8.0,144
1585,-0.547411,110.322661,1,0.5,8.0,144
1586,-0.547411,110.32603,1,0.5,8.0,144
1587,-0.547411,110.346242,1,0.5,10.84,97
1588,-0.547411,110.349611,1,0.5,10.84,97
1589,-0.547411,110.35298,1,0.5,10.84,97
1590,-0.547411,110.366454,1,0.5,3.34,273
1591,-0.547411,110.369823,1,0.5,3.34,273
1592,-0.547411,110.373192,1,0.5,3.34,273
1593,-0.547411,110.396773,1,0.5,5.91,214
1594,-0.547411,110.400141,1,0.5,5.91,214
1595,-0.547411,110.40351,1,0.5,5.91,214
1596,-0.547411,110.410247,1,0.5,4.57,265
1597,-0.547411,110.413616,1,0.5,4.57,265
1598,-0.547411,110.416985,1,0.5,4.57,265
1599,-0.547411,110.464146,3,0.5,11.75,18
1600,-0.547411,110.467515,3,0.5,11.41,18
1601,-0.547411,110.470884,2,0.5,11.41,216
1602,-0.547411,110.474252,1,0.5,11.41,-1
1603,-0.547411,110.477621,1,0.5,15.97,43
1604,-0.547411,110.48099,1,0.5,15.97,43
1605,-0.547411,110.484358,1,0.5,12.98,96
1606,-0.547411,110.487727,1,0.5,12.98,96
1607,-0.547411,110.491096,2,0.5,12.98,112
1608,-0.547411,110.494464,1,0.5,4.77,219
1609,-0.547411,110.497833,1,0.5,4.77,219
1610,-0.547411,110.602262,1,0.5,11.87,105
1611,-0.547411,110.605631,1,0.5,11.87,105
1612,-0.547411,110.608999,1,0.5,11.87,105
1613,-0.547411,110.629212,1,0.5,4.84,209
1614,-0.547411,110.63258,1,0.5,4.84,209
1615,-0.55078,110.032955,1,0.5,3.52,-1
1616,-0.55078,110.036323,1,0.5,3.52,-1
1617,-0.55078,110.039692,1,0.5,3.52,-1
1618,-0.55078,110.204758,1,0.5,39.83,12
1619,-0.55078,110.208126,1,0.5,39.83,12
1620,-0.55078,110.211495,1,0.5,39.83,12
1621,-0.55078,110.285606,1,0.5,11.83,118
1622,-0.55078,110.288975,1,1.0,33.7,19
1623,-0.55078,110.292343,1,1.0,33.7,19
1624,-0.55078,110.295712,1,1.0,33.7,19
1625,-0.55078,110.312555,1,0.5,8.0,144
1626,-0.55078,110.315924,1,0.5,8.0,144
1627,-0.55078,110.319293,1,0.5,8.0,144
1628,-0.55078,110.322661,1,0.5,8.0,144
1629,-0.55078,110.32603,1,0.5,8.0,144
1630,-0.55078,110.349611,1,0.5,10.84,97
1631,-0.55078,110.35298,2,0.5,10.84,-1
1632,-0.55078,110.356348,2,0.5,10.84,-1
1633,-0.55078,110.359717,1,0.5,4.44,263
1634,-0.55078,110.369823,1,0.5,3.34,273
1635,-0.55078,110.373192,2,0.5,4.5,286
1636,-0.55078,110.37656,2,0.5,4.5,286
1637,-0.55078,110.379929,1,0.5,4.5,274
1638,-0.55078,110.410247,2,0.5,9.37,-1
1639,-0.55078,110.413616,2,0.5,9.37,-1
1640,-0.55078,110.416985,1,0.5,4.57,265
1641,-0.55078,110.464146,2,0.5,5.1,287
1642,-0.55078,110.467515,3,0.5,11.41,18
1643,-0.55078,110.470884,2,0.5,11.41,216
1644,-0.55078,110.474252,1,0.5,11.41,-1
1645,-0.55078,110.491096,1,0.5,5.3,160
1646,-0.55078,110.494464,2,0.5,5.3,287
1647,-0.55078,110.497833,2,0.5,5.3,287
1648,-0.55078,110.501202,1,0.5,3.3,276
1649,-0.55078,110.602262,1,0.5,11.87,105
1650,-0.55078,110.605631,1,0.5,11.87,105
1651,-0.55078,110.608999,1,0.5,11.87,105
1652,-0.55078,110.619106,1,0.5,2.99,258
1653,-0.55078,110.622474,1,0.5,2.99,258
1654,-0.55078,110.625843,1,0.5,2.99,258
1655,-0.55078,110.629212,1,0.5,4.84,209
1656,-0.55078,110.63258,1,0.5,4.84,209
1657,-0.554148,110.032955,1,0.5,3.52,-1
1658,-0.554148,110.036323,1,0.5,3.52,-1
1659,-0.554148,110.039692,1,0.5,3.52,-1
1660,-0.554148,110.191283,1,0.5,11.27,115
1661,-0.554148,110.194652,1,0.5,11.27,115
1662,-0.554148,110.204758,1,0.5,39.83,12
1663,-0.554148,110.208126,1,0.5,39.83,12
1664,-0.554148,110.211495,1,0.5,39.83,12
1665,-0.554148,110.288975,1,0.5,11.83,-1
1666,-0.554148,110.292343,1,1.0,15.96,43
1667,-0.554148,110.295712,1,1.0,15.96,43
1668,-0.554148,110.299081,1,1.0,15.96,43
1669,-0.554148,110.35298,1,0.5,4.44,263
1670,-0.554148,110.356348,1,0.5,4.44,263
1671,-0.554148,110.359717,1,0.5,4.44,263
1672,-0.554148,110.373192,2,0.5,37.5,22
1673,-0.554148,110.37656,2,0.5,37.5,22
1674,-0.554148,110.379929,2,0.5,37.5,22
1675,-0.554148,110.406879,1,0.5,5.13,253
1676,-0.554148,110.410247,3,0.5,9.37,18
1677,-0.554148,110.413616,3,0.5,9.37,18
1678,-0.554148,110.416985,1,0.5,3.24,257
1679,-0.554148,110.420353,1,0.5,3.24,257
1680,-0.554148,110.464146,1,0.5,5.1,255
1681,-0.554148,110.467515,1,0.5,5.1,255
1682,-0.554148,110.470884,2,0.5,10.57,-1
1683,-0.554148,110.474252,1,0.5,10.57,87
1684,-0.554148,110.491096,1,0.5,5.3,160
1685,-0.554148,110.494464,2,0.5,5.3,287
1686,-0.554148,110.497833,2,0.5,5.3,287
1687,-0.554148,110.501202,1,0.5,3.3,276
1688,-0.554148,110.602262,1,0.5,11.87,105
1689,-0.554148,110.605631,1,0.5,11.87,105
1690,-0.554148,110.608999,1,0.5,11.87,105
1691,-0.554148,110.619106,1,0.5,2.99,258
1692,-0.554148,110.622474,1,0.5,2.99,258
1693,-0.554148,110.625843,1,0.5,2.99,258
1694,-0.557517,110.032955,1,0.5,3.52,-1
1695,-0.557517,110.036323,1,0.5,3.52,-1
1696,-0.557517,110.039692,1,0.5,3.52,-1
1697,-0.557517,110.191283,1,0.5,11.27,115
1698,-0.557517,110.194652,1,0.5,11.27,115
1699,-0.557517,110.288975,1,0.5,11.83,-1
1700,-0.557517,110.292343,1,1.0,15.96,43
1701,-0.557517,110.295712,1,1.0,15.96,43
1702,-0.557517,110.299081,1,1.0,15.96,43
1703,-0.557517,110.346242,1,0.5,6.31,187
1704,-0.557517,110.349611,1,0.5,6.31,187
1705,-0.557517,110.35298,2,0.5,6.31,309
1706,-0.557517,110.356348,1,0.5,4.44,263
1707,-0.557517,110.359717,1,0.5,4.44,263
1708,-0.557517,110.373192,2,0.5,37.5,22
1709,-0.557517,110.37656,2,0.5,37.5,22
1710,-0.557517,110.379929,2,0.5,37.5,22
1711,-0.557517,110.406879,1,0.5,5.13,253
1712,-0.557517,110.410247,3,0.5,9.37,18
1713,-0.557517,110.413616,3,0.5,9.37,18
1714,-0.557517,110.416985,1,0.5,3.24,257
1715,-0.557517,110.420353,1,0.5,3.24,257
1716,-0.557517,110.464146,1,0.5,5.1,255
1717,-0.557517,110.467515,1,0.5,5.1,255
1718,-0.557517,110.470884,2,0.5,10.57,-1
1719,-0.557517,110.474252,1,0.5,10.57,87
1720,-0.557517,110.494464,1,0.5,3.3,276
1721,-0.557517,110.497833,1,0.5,3.3,276
1722,-0.557517,110.501202,1,0.5,3.3,276
1723,-0.557517,110.619106,1,0.5,2.99,258
1724,-0.557517,110.622474,1,0.5,2.99,258
1725,-0.557517,110.625843,1,0.5,2.99,258
1726,-0.560886,110.14749,1,0.5,6.04,199
1727,-0.560886,110.150859,1,0.5,6.04,199
1728,-0.560886,110.154227,1,0.5,6.04,199
1729,-0.560886,110.194652,1,0.5,11.27,115
1730,-0.560886,110.19802,1,0.5,11.27,115
1731,-0.560886,110.231707,1,0.5,5.71,151
1732,-0.560886,110.235076,1,0.5,5.71,151
1733,-0.560886,110.238444,1,0.5,4.92,236
1734,-0.560886,110.288975,1,0.5,11.83,118
1735,-0.560886,110.292343,1,1.0,15.96,43
1736,-0.560886,110.295712,1,1.0,15.96,43
1737,-0.560886,110.299081,1,1.0,15.96,43
1738,-0.560886,110.329399,1,0.5,3.2,278
1739,-0.560886,110.332768,1,0.5,3.2,278
1740,-0.560886,110.346242,1,0.5,6.31,187
1741,-0.560886,110.349611,1,0.5,6.31,187
1742,-0.560886,110.35298,1,0.5,6.31,187
1743,-0.560886,110.406879,2,0.5,5.13,287
1744,-0.560886,110.410247,2,0.5,5.13,287
1745,-0.560886,110.413616,2,0.5,6.34,309
1746,-0.560886,110.416985,1,0.5,3.24,257
1747,-0.560886,110.420353,2,0.5,8.56,-1
1748,-0.560886,110.423722,1,0.5,8.56,249
1749,-0.560886,110.427091,1,0.5,8.56,249
1750,-0.560886,110.470884,1,0.5,10.57,87
1751,-0.560886,110.474252,1,0.5,10.57,87
1752,-0.560886,110.484358,1,0.5,13.38,78
1753,-0.560886,110.487727,1,0.5,13.38,78
1754,-0.560886,110.491096,1,0.5,13.38,78
1755,-0.560886,110.619106,1,0.5,2.99,258
1756,-0.560886,110.622474,1,0.5,2.99,258
1757,-0.564254,110.150859,1,0.5,6.04,199
1758,-0.564254,110.154227,1,0.5,6.04,199
1759,-0.564254,110.157596,1,0.5,6.04,199
1760,-0.564254,110.231707,1,0.5,5.71,151
1761,-0.564254,110.235076,1,0.5,5.71,151
1762,-0.564254,110.238444,1,0.5,4.92,236
1763,-0.564254,110.2755,1,0.5,19.91,66
1764,-0.564254,110.278869,1,0.5,19.91,66
1765,-0.564254,110.282237,1,0.5,19.91,66
1766,-0.564254,110.285606,1,0.5,10.77,88
1767,-0.564254,110.288975,1,0.5,11.83,118
1768,-0.564254,110.292343,1,0.5,11.83,118
1769,-0.564254,110.295712,1,0.5,11.83,118
1770,-0.564254,110.329399,1,0.5,3.2,278
1771,-0.564254,110.332768,1,0.5,3.2,278
1772,-0.564254,110.373192,1,0.5,3.95,305
1773,-0.564254,110.37656,1,0.5,3.95,305
1774,-0.564254,110.379929,1,0.5,3.95,305
1775,-0.564254,110.406879,1,0.5,3.9,297
1776,-0.564254,110.410247,1,0.5,3.9,297
1777,-0.564254,110.420353,1,0.5,8.56,249
1778,-0.564254,110.423722,1,0.5,8.56,249
1779,-0.564254,110.427091,1,0.5,8.56,249
1780,-0.564254,110.437197,1,0.5,11.54,86
1781,-0.564254,110.440565,1,0.5,11.54,86
1782,-0.564254,110.443934,1,0.5,11.54,86
1783,-0.564254,110.447303,1,0.5,11.54,86
1784,-0.564254,110.484358,1,0.5,13.38,78
1785,-0.564254,110.487727,1,0.5,13.38,78
1786,-0.564254,110.491096,1,0.5,13.38,78
1787,-0.564254,110.629212,1,0.5,8.1,-1
1788,-0.567623,110.150859,1,0.5,6.04,199
1789,-0.567623,110.154227,1,0.5,6.04,199
1790,-0.567623,110.157596,1,0.5,6.04,199
1791,-0.567623,110.204758,1,0.5,5.78,161
1792,-0.567623,110.208126,1,0.5,5.78,161
1793,-0.567623,110.211495,1,0.5,5.78,161
1794,-0.567623,110.272131,1,0.5,7.79,132
1795,-0.567623,110.2755,1,0.5,19.91,66
1796,-0.567623,110.278869,1,0.5,19.91,66
1797,-0.567623,110.282237,1,0.5,19.91,66
1798,-0.567623,110.285606,1,0.5,10.77,88
1799,-0.567623,110.329399,1,0.5,3.2,278
1800,-0.567623,110.332768,1,0.5,3.2,278
1801,-0.567623,110.35298,1,0.5,3.34,273
1802,-0.567623,110.356348,1,0.5,3.34,273
1803,-0.567623,110.359717,1,0.5,3.34,273
1804,-0.567623,110.373192,1,0.5,3.95,305
1805,-0.567623,110.37656,1,0.5,3.95,305
1806,-0.567623,110.379929,1,0.5,3.95,305
1807,-0.567623,110.393404,1,0.5,21.67,44
1808,-0.567623,110.396773,1,0.5,21.67,44
1809,-0.567623,110.400141,1,0.5,21.67,44
1810,-0.567623,110.413616,1,0.5,4.7,-1
1811,-0.567623,110.416985,1,0.5,4.7,-1
1812,-0.567623,110.420353,1,0.5,8.56,249
1813,-0.567623,110.423722,1,0.5,8.56,249
1814,-0.567623,110.427091,1,0.5,8.56,249
1815,-0.567623,110.437197,1,0.5,11.54,86
1816,-0.567623,110.440565,1,0.5,11.54,86
1817,-0.567623,110.443934,1,0.5,11.54,86
1818,-0.567623,110.447303,1,0.5,11.54,86
1819,-0.567623,110.464146,1,0.5,28.31,27
1820,-0.567623,110.467515,1,0.5,28.31,27
1821,-0.567623,110.470884,1,0.5,28.31,27
1822,-0.567623,110.477621,1,0.5,10.52,87
1823,-0.567623,110.48099,1,0.5,10.52,87
1824,-0.567623,110.484358,1,0.5,13.38,78
1825,-0.567623,110.487727,1,0.5,13.38,78
1826,-0.567623,110.491096,1,0.5,13.38,78
1827,-0.567623,110.494464,1,0.5,4.36,-1
1828,-0.567623,110.497833,1,0.5,4.36,-1
1829,-0.567623,110.568575,1,0.5,6.41,200
1830,-0.567623,110.571944,1,0.5,6.41,200
1831,-0.567623,110.575313,1,0.5,6.41,200
1832,-0.567623,110.629212,1,0.5,8.1,-1
1833,-0.570992,110.204758,1,0.5,5.78,161
1834,-0.570992,110.208126,1,0.5,5.78,161
1835,-0.570992,110.211495,1,0.5,5.78,161
1836,-0.570992,110.272131,1,0.5,7.79,132
1837,-0.570992,110.2755,1,0.5,7.79,132
1838,-0.570992,110.278869,2,0.5,7.79,-1
1839,-0.570992,110.282237,1,0.5,6.63,173
1840,-0.570992,110.285606,1,0.5,6.63,173
1841,-0.570992,110.288975,1,0.5,6.41,200
1842,-0.570992,110.35298,1,0.5,3.34,273
1843,-0.570992,110.356348,1,0.5,3.34,273
1844,-0.570992,110.359717,1,0.5,3.34,273
1845,-0.570992,110.393404,1,0.5,13.02,-1
1846,-0.570992,110.396773,1,0.5,13.02,-1
1847,-0.570992,110.400141,1,0.5,13.02,-1
1848,-0.570992,110.413616,1,0.5,4.7,-1
1849,-0.570992,110.416985,1,0.5,4.7,-1
1850,-0.570992,110.420353,2,0.5,5.08,287
1851,-0.570992,110.423722,1,0.5,5.08,256
1852,-0.570992,110.427091,1,0.5,5.08,256
1853,-0.570992,110.437197,1,0.5,11.54,86
1854,-0.570992,110.440565,1,0.5,11.54,86
1855,-0.570992,110.443934,1,0.5,11.54,86
1856,-0.570992,110.447303,1,0.5,11.54,86
1857,-0.570992,110.457409,1,0.5,7.26,150
1858,-0.570992,110.460777,1,1.0,7.26,150
1859,-0.570992,110.464146,2,0.75,28.31,37
1860,-0.570992,110.467515,2,0.75,28.31,37
1861,-0.570992,110.470884,1,0.5,28.31,27
1862,-0.570992,110.477621,1,0.5,10.52,87
1863,-0.570992,110.48099,1,0.5,10.52,87
1864,-0.570992,110.484358,1,0.5,13.38,78
1865,-0.570992,110.487727,2,0.5,13.38,111
1866,-0.570992,110.491096,2,0.5,13.38,111
1867,-0.570992,110.494464,2,0.5,4.36,286
1868,-0.570992,110.497833,1,0.5,4.36,-1
1869,-0.570992,110.50457,1,0.5,15.61,60
1870,-0.570992,110.507939,1,1.0,14.35,46
1871,-0.570992,110.511308,1,1.0,14.35,46
1872,-0.570992,110.568575,1,0.5,6.41,200
1873,-0.570992,110.571944,1,0.5,6.41,200
1874,-0.570992,110.575313,1,0.5,6.41,200
1875,-0.570992,111.168201,1,0.5,3.84,310
1876,-0.570992,111.171569,1,0.5,3.84,-1
1877,-0.570992,111.174938,1,0.5,3.84,-1
1878,-0.57436,110.204758,1,0.5,5.78,161
1879,-0.57436,110.208126,1,0.5,5.78,161
1880,-0.57436,110.211495,1,0.5,5.78,161
1881,-0.57436,110.272131,2,0.5,50.55,-1
1882,-0.57436,110.2755,2,0.5,50.55,-1
1883,-0.57436,110.278869,3,0.5,50.55,-1
1884,-0.57436,110.282237,1,0.5,6.63,173
1885,-0.57436,110.285606,1,0.5,6.63,173
1886,-0.57436,110.288975,1,0.5,6.41,200
1887,-0.57436,110.315924,1,0.5,6.96,135
1888,-0.57436,110.319293,1,0.5,6.96,135
1889,-0.57436,110.342874,1,0.5,3.85,310
1890,-0.57436,110.346242,1,0.5,3.85,310
1891,-0.57436,110.349611,1,0.5,5.83,162
1892,-0.57436,110.35298,2,0.5,5.83,302
1893,-0.57436,110.356348,1,0.5,3.34,273
1894,-0.57436,110.359717,1,0.5,3.34,273
1895,-0.57436,110.393404,1,0.5,13.02,-1
1896,-0.57436,110.396773,1,0.5,13.02,-1
1897,-0.57436,110.400141,1,0.5,13.02,-1
1898,-0.57436,110.413616,1,0.5,4.7,-1
1899,-0.57436,110.416985,1,0.5,4.7,-1
1900,-0.57436,110.420353,2,0.5,5.08,287
1901,-0.57436,110.423722,1,0.5,5.08,256
1902,-0.57436,110.427091,1,0.5,5.08,256
1903,-0.57436,110.457409,1,0.5,7.26,150
1904,-0.57436,110.460777,1,1.0,7.26,150
1905,-0.57436,110.464146,2,0.75,28.31,37
1906,-0.57436,110.467515,2,0.75,28.31,37
1907,-0.57436,110.470884,1,0.5,28.31,27
1908,-0.57436,110.477621,1,0.5,10.52,87
1909,-0.57436,110.48099,1,0.5,10.52,87
1910,-0.57436,110.484358,1,0.5,10.52,87
1911,-0.57436,110.487727,1,0.5,4.27,171
1912,-0.57436,110.491096,1,0.5,4.27,171
1913,-0.57436,110.494464,2,0.5,4.36,286
1914,-0.57436,110.497833,1,0.5,4.36,-1
1915,-0.57436,110.50457,1,0.5,15.61,60
1916,-0.57436,110.507939,1,1.0,14.35,46
1917,-0.57436,110.511308,1,1.0,14.35,46
1918,-0.57436,110.568575,1,0.5,6.41,200
1919,-0.57436,110.571944,1,0.5,6.41,200
1920,-0.57436,110.575313,1,0.5,6.41,200
1921,-0.57436,111.168201,1,0.5,3.07,270
1922,-0.57436,111.171569,1,0.5,3.07,270
1923,-0.57436,111.174938,1,0.5,3.07,270
1924,-0.577729,110.221601,1,0.5,2.54,323
1925,-0.577729,110.22497,1,0.5,2.54,323
1926,-0.577729,110.228338,1,0.5,2.54,323
1927,-0.577729,110.238444,1,0.5,77.38,4
1928,-0.577729,110.241813,1,0.5,77.38,4
1929,-0.577729,110.245182,1,0.5,77.38,4
1930,-0.577729,110.272131,2,0.5,50.55,-1
1931,-0.577729,110.2755,2,0.5,50.55,-1
1932,-0.577729,110.278869,3,0.5,50.55,-1
1933,-0.577729,110.282237,1,0.5,6.63,173
1934,-0.577729,110.285606,1,0.5,6.63,173
1935,-0.577729,110.315924,1,0.5,6.96,135
1936,-0.577729,110.319293,1,0.5,6.96,135
1937,-0.577729,110.342874,1,0.5,23.18,35
1938,-0.577729,110.346242,1,0.5,23.18,35
1939,-0.577729,110.349611,1,0.5,5.83,162
1940,-0.577729,110.35298,2,0.5,5.83,302
1941,-0.577729,110.356348,1,0.5,1.89,-1
1942,-0.577729,110.359717,1,0.5,1.89,-1
1943,-0.577729,110.420353,1,0.5,5.08,256
1944,-0.577729,110.423722,1,0.5,5.08,256
1945,-0.577729,110.427091,1,0.5,5.08,256
1946,-0.577729,110.437197,1,0.5,8.05,136
1947,-0.577729,110.440565,1,0.5,8.05,136
1948,-0.577729,110.443934,1,0.5,8.05,136
1949,-0.577729,110.457409,1,0.5,7.26,150
1950,-0.577729,110.460777,1,1.0,7.26,150
1951,-0.577729,110.464146,1,1.0,7.26,150
1952,-0.577729,110.467515,2,0.75,7.26,-1
1953,-0.577729,110.470884,1,0.5,6.1,163
1954,-0.577729,110.474252,1,0.5,6.1,163
1955,-0.577729,110.487727,2,0.5,4.27,286
1956,-0.577729,110.491096,2,0.5,4.27,286
1957,-0.577729,110.494464,1,0.5,4.27,171
1958,-0.577729,110.497833,1,0.5,5.73,151
1959,-0.577729,110.501202,1,0.5,5.73,151
1960,-0.577729,110.50457,1,0.5,15.61,60
1961,-0.577729,110.507939,1,1.0,14.35,46
1962,-0.577729,110.511308,1,1.0,14.35,46
1963,-0.577729,110.521414,1,0.5,13.67,77
1964,-0.577729,110.524782,1,0.5,13.67,77
1965,-0.577729,110.528151,1,0.5,13.67,77
1966,-0.577729,110.53152,1,0.5,13.67,77
1967,-0.577729,110.534888,1,0.5,13.67,77
1968,-0.577729,111.168201,1,0.5,3.07,270
1969,-0.577729,111.171569,1,0.5,3.07,270
1970,-0.577729,111.174938,1,0.5,3.07,270
1971,-0.581098,110.218232,1,0.5,8.16,129
1972,-0.581098,110.221601,3,0.5,9.72,18
1973,-0.581098,110.22497,3,0.5,9.72,18
1974,-0.581098,110.228338,3,0.5,9.72,18
1975,-0.581098,110.231707,1,0.5,9.23,175
1976,-0.581098,110.238444,1,0.5,77.38,4
1977,-0.581098,110.241813,1,0.5,77.38,4
1978,-0.581098,110.245182,1,0.5,77.38,4
1979,-0.581098,110.268763,1,0.5,7.45,148
1980,-0.581098,110.272131,1,0.5,50.55,7
1981,-0.581098,110.2755,1,0.5,50.55,7
1982,-0.581098,110.278869,1,0.5,50.55,7
1983,-0.581098,110.315924,1,0.5,6.96,135
1984,-0.581098,110.319293,1,0.5,6.96,135
1985,-0.581098,110.342874,1,0.5,23.18,35
1986,-0.581098,110.346242,1,0.5,23.18,35
1987,-0.581098,110.349611,1,0.5,23.18,35
1988,-0.581098,110.390035,1,0.5,5.99,185
1989,-0.581098,110.393404,1,0.5,5.99,185
1990,-0.581098,110.396773,1,0.5,5.99,185
1991,-0.581098,110.433828,2,0.5,71.43,3
1992,-0.581098,110.437197,2,0.5,71.43,3
1993,-0.581098,110.440565,2,0.5,71.43,3
1994,-0.581098,110.443934,1,0.5,8.05,136
1995,-0.581098,110.467515,1,0.5,6.1,163
1996,-0.581098,110.470884,1,0.5,6.1,163
1997,-0.581098,110.474252,1,0.5,6.1,163
1998,-0.581098,110.484358,1,0.5,1.56,-1
1999,-0.581098,110.487727,2,0.5,2.87,-1
2000,-0.581098,110.491096,2,0.5,2.87,-1
2001,-0.581098,110.497833,1,0.5,5.73,151
2002,-0.581098,110.501202,1,0.5,5.73,151
2003,-0.581098,110.50457,1,0.5,15.61,-1
2004,-0.581098,110.507939,1,0.5,15.61,60
2005,-0.581098,110.511308,1,0.5,14.35,46
2006,-0.581098,110.521414,1,0.5,13.67,77
2007,-0.581098,110.524782,1,0.5,13.67,77
2008,-0.581098,110.528151,1,0.5,13.67,77
2009,-0.581098,110.53152,1,0.5,13.67,77
2010,-0.581098,110.534888,1,0.5,13.67,77
2011,-0.581098,111.168201,1,0.5,3.07,270
2012,-0.581098,111.171569,1,0.5,3.07,270
2013,-0.581098,111.174938,1,0.5,3.07,270
2014,-0.584466,110.218232,1,0.5,8.16,129
2015,-0.584466,110.221601,3,0.5,9.72,18
2016,-0.584466,110.22497,3,0.5,9.72,18
2017,-0.584466,110.228338,3,0.5,9.72,18
2018,-0.584466,110.231707,1,0.5,3.83,310
2019,-0.584466,110.235076,1,0.5,3.83,310
2020,-0.584466,110.238444,1,0.5,3.83,310
2021,-0.584466,110.241813,1,0.5,12.31,113
2022,-0.584466,110.245182,1,0.5,16.99,53
2023,-0.584466,110.24855,1,0.5,16.99,53
2024,-0.584466,110.251919,1,0.5,16.99,53
2025,-0.584466,110.255288,1,0.5,16.99,53
2026,-0.584466,110.262025,1,0.5,7.5,149
2027,-0.584466,110.265394,1,0.5,7.5,149
2028,-0.584466,110.268763,1,0.5,7.5,149
2029,-0.584466,110.272131,1,0.5,55.59,6
2030,-0.584466,110.2755,1,0.5,55.59,6
2031,-0.584466,110.278869,1,0.5,55.59,6
2032,-0.584466,110.342874,1,0.5,23.18,35
2033,-0.584466,110.346242,1,0.5,23.18,35
2034,-0.584466,110.349611,1,0.5,23.18,35
2035,-0.584466,110.390035,1,0.5,5.99,185
2036,-0.584466,110.393404,1,0.5,5.99,185
2037,-0.584466,110.396773,1,0.5,5.99,185
2038,-0.584466,110.433828,2,0.5,71.43,3
2039,-0.584466,110.437197,2,0.5,71.43,3
2040,-0.584466,110.440565,2,0.5,71.43,3
2041,-0.584466,110.467515,1,0.5,6.1,163
2042,-0.584466,110.470884,1,0.5,6.1,163
2043,-0.584466,110.474252,1,0.5,6.1,163
2044,-0.584466,110.484358,1,0.5,1.56,-1
2045,-0.584466,110.487727,1,0.5,1.56,-1
2046,-0.584466,110.491096,1,0.5,1.56,-1
2047,-0.584466,110.497833,1,0.5,5.73,151
2048,-0.584466,110.501202,1,0.5,5.73,151
2049,-0.584466,110.50457,1,0.5,5.73,151
2050,-0.584466,110.511308,1,0.5,6.29,188
2051,-0.584466,110.514676,1,0.5,6.29,188
2052,-0.584466,110.521414,1,0.5,13.67,77
2053,-0.584466,110.524782,1,0.5,13.67,77
2054,-0.584466,110.528151,1,0.5,13.67,77
2055,-0.584466,110.53152,1,0.5,13.67,77
2056,-0.584466,110.534888,1,0.5,13.67,77
2057,-0.584466,110.629212,1,0.5,5.83,162
2058,-0.584466,110.63258,1,0.5,5.83,162
2059,-0.587835,110.177808,1,0.5,15.45,-1
2060,-0.587835,110.181177,1,0.5,15.45,-1
2061,-0.587835,110.184546,1,0.5,15.45,-1
2062,-0.587835,110.218232,1,0.5,8.16,129
2063,-0.587835,110.221601,3,0.5,9.72,18
2064,-0.587835,110.22497,3,0.5,9.72,18
2065,-0.587835,110.228338,4,0.5,9.72,2
2066,-0.587835,110.231707,2,0.5,7.87,-1
2067,-0.587835,110.235076,2,0.5,7.87,-1
2068,-0.587835,110.238444,1,0.5,7.87,133
2069,-0.587835,110.241813,1,0.5,12.31,-1
2070,-0.587835,110.245182,1,0.5,16.99,53
2071,-0.587835,110.24855,2,0.5,16.99,-1
2072,-0.587835,110.251919,3,0.5,16.99,18
2073,-0.587835,110.255288,3,0.5,16.99,18
2074,-0.587835,110.262025,1,0.5,7.5,149
2075,-0.587835,110.265394,1,0.5,7.5,149
2076,-0.587835,110.268763,1,0.5,7.5,149
2077,-0.587835,110.272131,1,0.5,7.5,149
2078,-0.587835,110.2755,1,0.5,7.5,149
2079,-0.587835,110.278869,1,0.5,7.45,148
2080,-0.587835,110.342874,1,0.5,23.18,35
2081,-0.587835,110.346242,1,0.5,23.18,35
2082,-0.587835,110.349611,1,0.5,23.18,35
2083,-0.587835,110.390035,1,0.5,5.99,185
2084,-0.587835,110.393404,1,0.5,5.99,185
2085,-0.587835,110.396773,1,0.5,5.99,185
2086,-0.587835,110.433828,2,0.5,9.33,-1
2087,-0.587835,110.437197,2,0.5,9.33,-1
2088,-0.587835,110.440565,2,0.5,9.33,-1
2089,-0.587835,110.484358,1,0.5,2.27,228
2090,-0.587835,110.487727,1,0.5,2.27,228
2091,-0.587835,110.491096,1,0.5,2.27,228
2092,-0.587835,110.511308,1,0.5,6.29,188
2093,-0.587835,110.514676,1,0.5,6.29,188
2094,-0.587835,110.629212,1,0.5,5.83,162
2095,-0.587835,110.63258,1,0.5,5.83,162
2096,-0.587835,110.635949,1,0.5,20.07,66
2097,-0.587835,110.639318,1,1.0,20.07,66
2098,-0.591204,110.177808,1,0.5,15.45,-1
2099,-0.591204,110.181177,3,0.5,15.45,18
2100,-0.591204,110.184546,3,0.5,15.45,18
2101,-0.591204,110.187914,2,0.5,12.84,112
2102,-0.591204,110.191283,1,0.5,38.96,16
2103,-0.591204,110.218232,1,0.5,4.13,155
2104,-0.591204,110.221601,2,0.5,65.62,-1
2105,-0.591204,110.22497,2,0.5,65.62,-1
2106,-0.591204,110.228338,4,0.5,65.62,-1
2107,-0.591204,110.231707,2,0.5,7.87,-1
2108,-0.591204,110.235076,2,0.5,7.87,-1
2109,-0.591204,110.238444,1,0.5,7.87,133
2110,-0.591204,110.241813,1,0.5,12.31,-1
2111,-0.591204,110.245182,1,0.5,16.99,53
2112,-0.591204,110.24855,2,0.5,16.99,-1
2113,-0.591204,110.251919,3,0.5,16.99,18
2114,-0.591204,110.255288,3,0.5,16.99,18
2115,-0.591204,110.262025,1,0.5,7.5,149
2116,-0.591204,110.265394,1,0.5,7.5,149
2117,-0.591204,110.268763,1,0.5,7.5,149
2118,-0.591204,110.272131,1,0.5,7.5,149
2119,-0.591204,110.2755,1,0.5,7.5,149
2120,-0.591204,110.433828,1,0.5,9.33,-1
2121,-0.591204,110.437197,1,0.5,9.33,-1
2122,-0.591204,110.440565,1,0.5,9.33,-1
2123,-0.591204,110.474252,1,0.5,6.66,167
2124,-0.591204,110.477621,1,0.5,6.66,167
2125,-0.591204,110.484358,1,0.5,2.27,228
2126,-0.591204,110.487727,1,0.5,2.27,228
2127,-0.591204,110.491096,1,0.5,2.27,228
2128,-0.591204,110.615737,1,0.5,7.41,168
2129,-0.591204,110.619106,1,0.5,16.09,42
2130,-0.591204,110.622474,1,0.5,16.09,42
2131,-0.591204,110.625843,1,0.5,16.09,42
2132,-0.591204,110.629212,1,0.5,5.83,162
2133,-0.591204,110.63258,1,0.5,5.83,162
2134,-0.591204,110.635949,1,0.5,27.38,26
2135,-0.591204,110.639318,1,1.0,20.07,66
2136,-0.591204,110.642686,1,1.0,20.07,66
2137,-0.591204,110.649424,1,0.5,4.57,265
2138,-0.591204,111.181675,1,0.5,7.44,-1
2139,-0.591204,111.185044,1,0.5,7.44,-1
2140,-0.591204,111.188413,1,0.5,7.44,-1
2141,-0.594572,110.177808,1,0.5,15.45,-1
2142,-0.594572,110.181177,3,0.5,24.14,17
2143,-0.594572,110.184546,3,0.5,24.14,17
2144,-0.594572,110.187914,2,0.5,24.14,36
2145,-0.594572,110.191283,1,0.5,38.96,16
2146,-0.594572,110.204758,1,0.5,3.05,269
2147,-0.594572,110.208126,1,0.5,3.05,269
2148,-0.594572,110.211495,1,0.5,3.05,269
2149,-0.594572,110.218232,1,0.5,4.13,155
2150,-0.594572,110.221601,2,0.5,65.62,-1
2151,-0.594572,110.22497,2,0.5,65.62,3
2152,-0.594572,110.228338,4,0.5,65.62,-1
2153,-0.594572,110.231707,3,0.5,22.01,-1
2154,-0.594572,110.235076,3,0.5,22.01,-1
2155,-0.594572,110.238444,2,0.5,22.01,-1
2156,-0.594572,110.24855,1,0.5,5.4,-1
2157,-0.594572,110.251919,2,0.5,5.4,287
2158,-0.594572,110.255288,2,0.5,5.4,287
2159,-0.594572,110.359717,1,0.5,2.75,292
2160,-0.594572,110.363086,1,0.5,2.75,292
2161,-0.594572,110.366454,1,0.5,2.75,292
2162,-0.594572,110.443934,1,0.5,13.67,77
2163,-0.594572,110.447303,1,0.5,13.67,77
2164,-0.594572,110.450671,1,0.5,4.71,-1
2165,-0.594572,110.45404,1,0.5,4.71,-1
2166,-0.594572,110.457409,1,0.5,4.71,-1
2167,-0.594572,110.474252,1,0.5,6.66,167
2168,-0.594572,110.477621,1,0.5,4.57,265
2169,-0.594572,110.48099,1,0.5,4.57,265
2170,-0.594572,110.484358,1,0.5,4.57,265
2171,-0.594572,110.501202,1,0.5,2.13,218
2172,-0.594572,110.50457,1,0.5,2.13,218
2173,-0.594572,110.507939,1,0.5,2.13,218
2174,-0.594572,110.521414,1,0.5,9.2,191
2175,-0.594572,110.524782,1,0.5,9.2,191
2176,-0.594572,110.528151,1,0.5,9.2,191
2177,-0.594572,110.53152,1,0.5,9.2,191
2178,-0.594572,110.615737,1,0.5,7.41,168
2179,-0.594572,110.619106,1,0.5,16.09,42
2180,-0.594572,110.622474,1,0.5,16.09,42
2181,-0.594572,110.625843,1,0.5,16.09,42
2182,-0.594572,110.629212,1,0.5,5.83,162
2183,-0.594572,110.63258,1,0.5,5.83,162
2184,-0.594572,110.635949,1,0.5,27.38,26
2185,-0.594572,110.639318,1,1.0,20.07,66
2186,-0.594572,110.642686,1,1.0,20.07,66
2187,-0.594572,110.646055,1,0.5,3.3,276
2188,-0.594572,110.649424,1,0.5,3.3,276
2189,-0.594572,111.181675,1,0.5,7.44,-1
2190,-0.594572,111.185044,1,0.5,7.44,-1
2191,-0.594572,111.188413,1,0.5,7.44,-1
2192,-0.597941,110.107066,1,0.5,0.44,68
2193,-0.597941,110.110435,1,0.5,0.44,68
2194,-0.597941,110.181177,1,0.5,24.14,30
2195,-0.597941,110.184546,1,0.5,24.14,30
2196,-0.597941,110.187914,1,0.5,24.14,30
2197,-0.597941,110.191283,2,0.5,38.96,22
2198,-0.597941,110.194652,1,0.5,15.0,41
2199,-0.597941,110.19802,1,0.5,15.0,41
2200,-0.597941,110.204758,1,0.5,3.05,269
2201,-0.597941,110.208126,1,0.5,3.05,269
2202,-0.597941,110.211495,1,0.5,3.05,269
2203,-0.597941,110.221601,1,0.5,65.62,5
2204,-0.597941,110.22497,1,0.5,65.62,5
2205,-0.597941,110.228338,2,0.5,65.62,3
2206,-0.597941,110.231707,2,0.5,22.01,-1
2207,-0.597941,110.235076,2,0.5,22.01,-1
2208,-0.597941,110.238444,2,0.5,22.01,-1
2209,-0.597941,110.359717,1,0.5,2.75,292
2210,-0.597941,110.363086,1,0.5,2.75,292
2211,-0.597941,110.366454,1,0.5,2.75,292
2212,-0.597941,110.383298,1,0.5,9.06,156
2213,-0.597941,110.386666,1,0.5,9.06,156
2214,-0.597941,110.390035,1,0.5,9.06,156
2215,-0.597941,110.443934,1,0.5,13.67,77
2216,-0.597941,110.447303,1,0.5,13.67,77
2217,-0.597941,110.450671,1,0.5,13.67,77
2218,-0.597941,110.45404,1,0.5,13.67,77
2219,-0.597941,110.457409,1,0.5,4.71,-1
2220,-0.597941,110.464146,1,1.0,7.82,132
2221,-0.597941,110.467515,2,0.75,13.04,112
2222,-0.597941,110.470884,2,0.75,13.04,112
2223,-0.597941,110.474252,2,0.5,13.04,112
2224,-0.597941,110.477621,1,0.5,4.57,265
2225,-0.597941,110.48099,1,0.5,4.57,265
2226,-0.597941,110.484358,1,0.5,4.57,265
2227,-0.597941,110.501202,1,0.5,2.13,218
2228,-0.597941,110.50457,1,0.5,2.13,218
2229,-0.597941,110.507939,1,0.5,2.13,218
2230,-0.597941,110.514676,1,0.5,9.2,191
2231,-0.597941,110.518045,1,0.5,9.2,191
2232,-0.597941,110.521414,1,1.0,45.32,10
2233,-0.597941,110.524782,1,1.0,45.32,10
2234,-0.597941,110.528151,1,1.0,45.32,10
2235,-0.597941,110.53152,1,0.5,9.2,191
2236,-0.597941,110.619106,1,0.5,29.31,23
2237,-0.597941,110.622474,1,0.5,29.31,23
2238,-0.597941,110.625843,1,0.5,29.31,23
2239,-0.597941,110.635949,1,0.5,27.38,26
2240,-0.597941,110.639318,1,1.0,20.07,66
2241,-0.597941,110.642686,1,1.0,20.07,66
2242,-0.597941,110.646055,1,0.5,3.3,276
2243,-0.597941,110.649424,1,0.5,3.3,276
2244,-0.597941,110.652792,1,0.5,3.3,276
2245,-0.597941,111.161463,1,0.5,5.31,160
2246,-0.597941,111.164832,1,0.5,5.31,160
2247,-0.597941,111.168201,1,0.5,5.31,160
2248,-0.60131,110.086854,1,0.5,2.36,229
2249,-0.60131,110.090222,1,0.5,2.36,229
2250,-0.60131,110.107066,1,0.5,0.44,68
2251,-0.60131,110.110435,1,0.5,0.44,68
2252,-0.60131,110.181177,1,0.5,24.14,30
2253,-0.60131,110.184546,1,0.5,24.14,30
2254,-0.60131,110.187914,1,0.5,24.14,30
2255,-0.60131,110.191283,1,0.5,15.0,41
2256,-0.60131,110.194652,1,0.5,15.0,41
2257,-0.60131,110.19802,1,0.5,15.0,41
2258,-0.60131,110.204758,1,0.5,3.05,269
2259,-0.60131,110.208126,1,0.5,3.05,269
2260,-0.60131,110.211495,1,0.5,3.05,269
2261,-0.60131,110.228338,1,0.5,4.68,-1
2262,-0.60131,110.231707,1,0.5,22.01,45
2263,-0.60131,110.235076,1,0.5,22.01,45
2264,-0.60131,110.238444,1,0.5,22.01,45
2265,-0.60131,110.359717,1,0.5,2.75,292
2266,-0.60131,110.363086,1,0.5,2.75,292
2267,-0.60131,110.366454,1,0.5,2.75,292
2268,-0.60131,110.37656,1,0.5,3.98,303
2269,-0.60131,110.379929,1,0.5,3.98,303
2270,-0.60131,110.383298,1,0.5,9.06,156
2271,-0.60131,110.386666,1,0.5,9.06,156
2272,-0.60131,110.390035,1,0.5,9.06,156
2273,-0.60131,110.443934,1,0.5,13.67,77
2274,-0.60131,110.447303,2,0.5,13.67,-1
2275,-0.60131,110.450671,2,0.5,13.67,-1
2276,-0.60131,110.45404,2,0.5,13.67,-1
2277,-0.60131,110.457409,1,0.5,4.71,-1
2278,-0.60131,110.464146,1,1.0,7.82,132
2279,-0.60131,110.467515,3,0.67,13.04,18
2280,-0.60131,110.470884,3,0.67,13.04,18
2281,-0.60131,110.474252,1,0.5,13.04,-1
2282,-0.60131,110.477621,1,0.5,4.57,265
2283,-0.60131,110.48099,1,0.5,4.57,265
2284,-0.60131,110.484358,1,0.5,4.57,265
2285,-0.60131,110.497833,1,0.5,2.38,229
2286,-0.60131,110.501202,2,0.5,2.38,-1
2287,-0.60131,110.50457,2,0.5,2.38,-1
2288,-0.60131,110.507939,1,0.5,2.13,218
2289,-0.60131,110.514676,1,0.5,9.2,191
2290,-0.60131,110.518045,1,0.5,9.2,191
2291,-0.60131,110.521414,1,1.0,45.32,10
2292,-0.60131,110.524782,1,1.0,45.32,10
2293,-0.60131,110.528151,1,1.0,45.32,10
2294,-0.60131,110.53152,1,0.5,9.2,191
2295,-0.60131,110.642686,1,0.5,5.27,-1
2296,-0.60131,110.646055,1,0.5,3.3,276
2297,-0.60131,110.649424,1,0.5,3.3,276
2298,-0.60131,110.652792,1,0.5,3.3,276
2299,-0.60131,111.161463,1,0.5,5.31,160
2300,-0.60131,111.164832,1,0.5,5.31,160
2301,-0.60131,111.168201,1,0.5,5.31,160
2302,-0.604678,110.086854,1,0.5,2.36,229
2303,-0.604678,110.090222,1,0.5,2.36,229
2304,-0.604678,110.107066,1,0.5,0.44,68
2305,-0.604678,110.110435,1,0.5,0.44,68
2306,-0.604678,110.231707,1,0.5,9.39,-1
2307,-0.604678,110.235076,1,0.5,9.39,-1
2308,-0.604678,110.238444,1,0.5,9.39,-1
2309,-0.604678,110.37656,1,0.5,3.98,303
2310,-0.604678,110.379929,1,0.5,3.98,303
2311,-0.604678,110.383298,1,0.5,9.06,156
2312,-0.604678,110.386666,1,0.5,9.06,156
2313,-0.604678,110.390035,1,0.5,9.06,156
2314,-0.604678,110.420353,1,0.5,5.12,253
2315,-0.604678,110.423722,1,0.5,5.12,253
2316,-0.604678,110.427091,1,0.5,5.12,253
2317,-0.604678,110.447303,1,0.5,5.54,180
2318,-0.604678,110.450671,1,0.5,5.54,180
2319,-0.604678,110.45404,1,0.5,5.54,180
2320,-0.604678,110.464146,1,1.0,7.82,132
2321,-0.604678,110.467515,3,0.67,13.04,18
2322,-0.604678,110.470884,3,0.67,13.04,18
2323,-0.604678,110.474252,1,0.5,13.04,-1
2324,-0.604678,110.497833,1,0.5,2.38,229
2325,-0.604678,110.501202,1,0.5,2.38,229
2326,-0.604678,110.50457,1,0.5,2.38,229
2327,-0.604678,110.514676,1,0.5,9.2,191
2328,-0.604678,110.518045,1,0.5,9.2,191
2329,-0.604678,110.521414,1,1.0,45.32,10
2330,-0.604678,110.524782,1,1.0,45.32,10
2331,-0.604678,110.528151,1,1.0,45.32,10
2332,-0.604678,110.53152,1,0.5,9.2,191
2333,-0.604678,110.642686,1,0.5,5.27,-1
2334,-0.604678,110.646055,1,0.5,4.15,155
2335,-0.604678,110.649424,1,0.5,4.15,155
2336,-0.604678,110.969448,1,0.5,3.36,-1
2337,-0.604678,110.972817,1,0.5,3.36,-1
2338,-0.604678,111.161463,1,0.5,5.31,160
2339,-0.604678,111.164832,1,0.5,5.31,160
2340,-0.604678,111.168201,1,0.5,5.31,160
2341,-0.608047,110.086854,1,0.5,2.36,229
2342,-0.608047,110.090222,1,0.5,2.36,229
2343,-0.608047,110.09696,1,0.5,13.02,-1
2344,-0.608047,110.100328,1,0.5,13.02,-1
2345,-0.608047,110.103697,1,0.5,13.02,-1
2346,-0.608047,110.231707,1,0.5,9.39,-1
2347,-0.608047,110.235076,1,0.5,9.39,-1
2348,-0.608047,110.238444,1,0.5,9.39,-1
2349,-0.608047,110.299081,1,0.5,10.18,106
2350,-0.608047,110.302449,1,0.5,20.65,51
2351,-0.608047,110.305818,1,0.5,20.65,51
2352,-0.608047,110.309187,1,0.5,10.18,106
2353,-0.608047,110.37656,1,0.5,1.67,-1
2354,-0.608047,110.379929,1,0.5,1.67,-1
2355,-0.608047,110.420353,1,0.5,5.12,253
2356,-0.608047,110.423722,1,0.5,5.12,253
2357,-0.608047,110.427091,1,0.5,5.12,253
2358,-0.608047,110.447303,1,0.5,5.54,180
2359,-0.608047,110.450671,1,0.5,5.54,180
2360,-0.608047,110.45404,1,0.5,5.54,180
2361,-0.608047,110.460777,1,0.5,14.19,46
2362,-0.608047,110.464146,1,0.5,14.19,46
2363,-0.608047,110.467515,1,0.5,14.19,46
2364,-0.608047,110.477621,1,0.5,7.48,148
2365,-0.608047,110.48099,1,0.5,6.65,167
2366,-0.608047,110.484358,1,0.5,6.65,167
2367,-0.608047,110.487727,1,0.5,6.65,167
2368,-0.608047,110.491096,1,0.5,7.48,148
2369,-0.608047,110.494464,1,0.5,11.74,-1
2370,-0.608047,110.497833,2,0.5,11.74,216
2371,-0.608047,110.501202,2,0.5,11.74,216
2372,-0.608047,110.50457,1,0.5,2.38,229
2373,-0.608047,110.518045,1,0.5,45.32,10
2374,-0.608047,110.521414,1,1.0,45.32,10
2375,-0.608047,110.524782,1,1.0,45.32,10
2376,-0.608047,110.528151,1,1.0,45.32,10
2377,-0.608047,110.642686,1,0.5,5.27,-1
2378,-0.608047,110.646055,1,0.5,4.15,155
2379,-0.608047,110.649424,1,0.5,4.15,155
2380,-0.608047,110.969448,1,0.5,3.36,-1
2381,-0.608047,110.972817,1,0.5,3.36,-1
2382,-0.611416,110.09696,1,0.5,13.02,-1
2383,-0.611416,110.100328,1,0.5,13.02,-1
2384,-0.611416,110.103697,1,0.5,13.02,-1
2385,-0.611416,110.181177,1,0.5,16.89,52
2386,-0.611416,110.184546,1,0.5,16.89,52
2387,-0.611416,110.187914,1,0.5,16.89,52
2388,-0.611416,110.218232,1,0.5,19.74,76
2389,-0.611416,110.221601,1,0.5,19.74,76
2390,-0.611416,110.22497,1,0.5,19.74,76
2391,-0.611416,110.299081,1,0.5,10.18,106
2392,-0.611416,110.302449,1,0.5,20.65,51
2393,-0.611416,110.305818,1,0.5,20.65,51
2394,-0.611416,110.309187,1,0.5,10.18,106
2395,-0.611416,110.447303,1,0.5,4.34,272
2396,-0.611416,110.450671,1,0.5,4.34,272
2397,-0.611416,110.45404,1,0.5,4.34,272
2398,-0.611416,110.457409,1,0.5,2.37,229
2399,-0.611416,110.460777,1,0.5,14.19,46
2400,-0.611416,110.464146,1,0.5,14.19,46
2401,-0.611416,110.467515,1,0.5,14.19,46
2402,-0.611416,110.477621,1,0.5,7.48,148
2403,-0.611416,110.48099,1,0.5,6.65,167
2404,-0.611416,110.484358,1,0.5,6.65,167
2405,-0.611416,110.487727,1,0.5,6.65,167
2406,-0.611416,110.491096,1,0.5,7.48,148
2407,-0.611416,110.494464,1,0.5,11.74,-1
2408,-0.611416,110.497833,1,0.5,11.74,99
2409,-0.611416,110.501202,1,0.5,11.74,-1
2410,-0.611416,110.646055,1,0.5,4.15,155
2411,-0.611416,110.649424,1,0.5,4.15,155
2412,-0.614785,110.080116,1,0.5,3.12,254
2413,-0.614785,110.083485,1,0.5,3.12,254
2414,-0.614785,110.086854,1,0.5,3.12,254
2415,-0.614785,110.09696,1,0.5,13.02,-1
2416,-0.614785,110.100328,1,0.5,13.02,-1
2417,-0.614785,110.103697,1,0.5,13.02,-1
2418,-0.614785,110.181177,1,0.5,16.89,52
2419,-0.614785,110.184546,1,0.5,16.89,52
2420,-0.614785,110.187914,1,0.5,16.89,52
2421,-0.614785,110.218232,1,0.5,19.74,76
2422,-0.614785,110.221601,1,0.5,19.74,76
2423,-0.614785,110.22497,1,0.5,19.74,76
2424,-0.614785,110.299081,1,0.5,10.18,106
2425,-0.614785,110.302449,1,0.5,20.65,51
2426,-0.614785,110.305818,1,0.5,20.65,51
2427,-0.614785,110.309187,1,0.5,10.18,106
2428,-0.614785,110.427091,1,0.5,5.34,182
2429,-0.614785,110.430459,1,0.5,5.34,182
2430,-0.614785,110.433828,1,0.5,5.34,182
2431,-0.614785,110.437197,1,0.5,5.34,182
2432,-0.614785,110.440565,1,0.5,5.34,182
2433,-0.614785,110.443934,1,0.5,4.52,271
2434,-0.614785,110.447303,1,0.5,4.34,272
2435,-0.614785,110.450671,1,0.5,4.34,272
2436,-0.614785,110.45404,1,0.5,4.34,272
2437,-0.614785,110.457409,1,0.5,2.37,229
2438,-0.614785,110.460777,1,0.5,14.19,46
2439,-0.614785,110.464146,1,0.5,14.19,46
2440,-0.614785,110.467515,1,0.5,14.19,46
2441,-0.614785,110.470884,1,0.5,11.0,97
2442,-0.614785,110.474252,1,0.5,11.0,97
2443,-0.614785,110.477621,1,0.5,7.48,-1
2444,-0.614785,110.48099,1,0.5,6.65,167
2445,-0.614785,110.484358,1,0.5,6.65,167
2446,-0.614785,110.487727,1,0.5,6.65,167
2447,-0.614785,110.491096,1,0.5,7.48,148
2448,-0.614785,110.494464,1,0.5,11.74,-1
2449,-0.614785,110.497833,1,0.5,11.74,-1
2450,-0.614785,110.501202,1,0.5,11.74,-1
2451,-0.614785,110.568575,1,0.5,3.97,303
2452,-0.614785,110.571944,1,0.5,3.97,303
2453,-0.614785,110.575313,1,0.5,3.97,303
2454,-0.618153,110.080116,1,0.5,3.29,277
2455,-0.618153,110.083485,1,0.5,3.29,277
2456,-0.618153,110.086854,1,0.5,3.29,277
2457,-0.618153,110.181177,1,0.5,16.89,52
2458,-0.618153,110.184546,1,0.5,16.89,52
2459,-0.618153,110.187914,1,0.5,16.89,52
2460,-0.618153,110.218232,1,0.5,19.74,76
2461,-0.618153,110.221601,1,0.5,19.74,76
2462,-0.618153,110.22497,1,0.5,19.74,76
2463,-0.618153,110.427091,1,0.5,5.34,182
2464,-0.618153,110.430459,1,0.5,5.34,182
2465,-0.618153,110.433828,1,0.5,5.34,182
2466,-0.618153,110.437197,1,0.5,5.34,182
2467,-0.618153,110.440565,1,0.5,5.34,182
2468,-0.618153,110.443934,1,0.5,4.52,271
2469,-0.618153,110.447303,1,0.5,4.52,271
2470,-0.618153,110.450671,1,0.5,4.52,271
2471,-0.618153,110.457409,1,0.5,2.37,229
2472,-0.618153,110.460777,1,0.5,2.37,229
2473,-0.618153,110.464146,1,0.5,2.37,229
2474,-0.618153,110.467515,1,0.5,11.0,97
2475,-0.618153,110.470884,1,0.5,11.0,97
2476,-0.618153,110.474252,1,0.5,11.0,97
2477,-0.618153,110.568575,1,0.5,3.97,303
2478,-0.618153,110.571944,1,0.5,3.97,303
2479,-0.618153,110.575313,1,0.5,3.97,303
2480,-0.621522,110.080116,1,0.5,3.29,277
2481,-0.621522,110.083485,1,0.5,3.29,277
2482,-0.621522,110.086854,1,0.5,3.29,277
2483,-0.621522,110.181177,1,0.5,16.89,52
2484,-0.621522,110.184546,1,0.5,16.89,52
2485,-0.621522,110.187914,1,0.5,16.89,52
2486,-0.621522,110.258657,1,0.5,9.18,197
2487,-0.621522,110.262025,1,0.5,9.18,197
2488,-0.621522,110.265394,1,0.5,9.18,197
2489,-0.621522,110.295712,2,0.5,11.46,216
2490,-0.621522,110.299081,2,0.5,11.46,216
2491,-0.621522,110.302449,2,0.5,11.46,216
2492,-0.621522,110.346242,1,0.5,7.55,140
2493,-0.621522,110.349611,1,0.5,7.55,140
2494,-0.621522,110.35298,1,0.5,7.55,140
2495,-0.621522,110.427091,1,0.5,5.34,182
2496,-0.621522,110.430459,1,0.5,5.34,182
2497,-0.621522,110.433828,1,0.5,5.34,182
2498,-0.621522,110.437197,1,0.5,5.34,182
2499,-0.621522,110.440565,1,0.5,5.34,182
2500,-0.621522,110.568575,1,0.5,3.97,303
2501,-0.621522,110.571944,1,0.5,3.97,303
2502,-0.621522,110.575313,1,0.5,3.97,303
2503,-0.621522,110.666267,1,0.5,7.38,169
2504,-0.621522,110.669636,1,0.5,7.38,169
2505,-0.621522,110.673004,1,0.5,7.38,169
2506,-0.624891,110.245182,1,0.5,3.13,254
2507,-0.624891,110.24855,1,0.5,3.13,254
2508,-0.624891,110.251919,1,0.5,3.13,254
2509,-0.624891,110.258657,1,0.5,9.18,197
2510,-0.624891,110.262025,1,0.5,9.18,197
2511,-0.624891,110.265394,1,0.5,13.83,65
2512,-0.624891,110.268763,1,0.5,13.83,65
2513,-0.624891,110.272131,1,0.5,13.83,65
2514,-0.624891,110.295712,2,0.5,11.46,216
2515,-0.624891,110.299081,2,0.5,11.46,216
2516,-0.624891,110.302449,2,0.5,11.46,216
2517,-0.624891,110.346242,1,0.5,7.55,140
2518,-0.624891,110.349611,1,0.5,7.55,140
2519,-0.624891,110.35298,1,0.5,7.55,140
2520,-0.624891,110.400141,1,0.5,37.71,15
2521,-0.624891,110.40351,1,0.5,37.71,15
2522,-0.624891,110.406879,1,0.5,37.71,15
2523,-0.624891,110.430459,1,0.5,2.61,325
2524,-0.624891,110.433828,1,0.5,2.61,325
2525,-0.624891,110.437197,1,0.5,2.61,325
2526,-0.624891,110.518045,1,0.5,8.3,131
2527,-0.624891,110.521414,1,0.5,8.3,131
2528,-0.624891,110.524782,2,0.5,8.3,294
2529,-0.624891,110.528151,1,0.5,4.52,271
2530,-0.624891,110.53152,1,0.5,4.52,271
2531,-0.624891,110.555101,1,0.5,20.93,55
2532,-0.624891,110.558469,1,0.5,20.93,55
2533,-0.624891,110.561838,1,0.5,20.93,55
2534,-0.624891,110.666267,1,0.5,7.38,169
2535,-0.624891,110.669636,1,0.5,7.38,169
2536,-0.624891,110.673004,1,0.5,7.38,169
2537,-0.624891,110.780802,1,0.5,24.92,-1
2538,-0.624891,110.784171,1,0.5,24.92,-1
2539,-0.624891,110.78754,1,0.5,24.92,-1
2540,-0.624891,110.790908,1,0.5,24.92,-1
2541,-0.628259,110.01948,1,0.5,48.14,9
2542,-0.628259,110.022849,1,0.5,48.14,9
2543,-0.628259,110.026217,1,0.5,48.14,9
2544,-0.628259,110.029586,1,0.5,48.14,9
2545,-0.628259,110.066642,1,0.5,2.4,225
2546,-0.628259,110.07001,1,0.5,2.4,225
2547,-0.628259,110.073379,1,0.5,2.4,225
2548,-0.628259,110.245182,1,0.5,3.13,254
2549,-0.628259,110.24855,1,0.5,3.13,254
2550,-0.628259,110.251919,1,0.5,3.13,254
2551,-0.628259,110.258657,1,0.5,9.04,176
2552,-0.628259,110.262025,1,0.5,9.04,176
2553,-0.628259,110.265394,1,0.5,9.04,176
2554,-0.628259,110.268763,1,0.5,9.04,176
2555,-0.628259,110.272131,1,0.5,9.04,176
2556,-0.628259,110.295712,2,0.5,11.46,216
2557,-0.628259,110.299081,2,0.5,11.46,216
2558,-0.628259,110.302449,2,0.5,11.46,216
2559,-0.628259,110.305818,1,0.5,29.37,23
2560,-0.628259,110.309187,1,1.0,42.84,8
2561,-0.628259,110.312555,1,1.0,42.84,8
2562,-0.628259,110.315924,1,1.0,42.84,8
2563,-0.628259,110.346242,1,0.5,7.55,140
2564,-0.628259,110.349611,1,0.5,7.55,140
2565,-0.628259,110.35298,1,0.5,7.55,140
2566,-0.628259,110.386666,1,0.5,9.0,176
2567,-0.628259,110.390035,1,0.5,9.0,176
2568,-0.628259,110.393404,1,0.5,9.0,176
2569,-0.628259,110.400141,1,0.5,37.71,15
2570,-0.628259,110.40351,1,0.5,37.71,15
2571,-0.628259,110.406879,1,0.5,37.71,15
2572,-0.628259,110.430459,1,0.5,2.61,325
2573,-0.628259,110.433828,1,0.5,2.61,325
2574,-0.628259,110.437197,1,0.5,2.61,325
2575,-0.628259,110.518045,1,0.5,8.3,131
2576,-0.628259,110.521414,1,0.5,8.3,131
2577,-0.628259,110.524782,2,0.5,8.3,294
2578,-0.628259,110.528151,1,0.5,4.52,271
2579,-0.628259,110.53152,1,0.5,4.52,271
2580,-0.628259,110.555101,1,0.5,20.93,55
2581,-0.628259,110.558469,1,0.5,20.93,55
2582,-0.628259,110.561838,1,0.5,20.93,55
2583,-0.628259,110.656161,1,0.5,7.4,168
2584,-0.628259,110.65953,1,0.5,7.4,168
2585,-0.628259,110.662898,1,0.5,7.4,168
2586,-0.628259,110.666267,1,0.5,7.38,169
2587,-0.628259,110.669636,1,0.5,7.38,169
2588,-0.628259,110.673004,2,0.5,15.15,-1
2589,-0.628259,110.676373,1,0.5,15.15,-1
2590,-0.628259,110.679742,1,0.5,15.15,-1
2591,-0.628259,110.780802,1,0.5,24.92,-1
2592,-0.628259,110.784171,1,0.5,24.92,-1
2593,-0.628259,110.78754,1,0.5,24.92,-1
2594,-0.628259,110.790908,1,0.5,24.92,-1
2595,-0.628259,110.841439,1,0.5,10.23,103
2596,-0.628259,110.844807,1,0.5,10.23,103
2597,-0.628259,110.848176,1,0.5,10.23,103
2598,-0.631628,110.01948,1,0.5,48.14,9
2599,-0.631628,110.022849,1,0.5,48.14,9
2600,-0.631628,110.026217,1,0.5,48.14,9
2601,-0.631628,110.029586,1,0.5,48.14,9
2602,-0.631628,110.032955,1,0.5,48.14,9
2603,-0.631628,110.036323,1,0.5,48.14,9
2604,-0.631628,110.066642,1,0.5,2.4,225
2605,-0.631628,110.07001,1,0.5,2.4,225
2606,-0.631628,110.073379,1,0.5,2.4,225
2607,-0.631628,110.258657,1,0.5,9.04,176
2608,-0.631628,110.262025,1,0.5,9.04,176
2609,-0.631628,110.265394,1,0.5,9.04,176
2610,-0.631628,110.268763,2,0.5,9.04,284
2611,-0.631628,110.272131,3,0.5,12.36,18
2612,-0.631628,110.2755,3,0.5,12.36,18
2613,-0.631628,110.278869,2,0.5,12.36,195
2614,-0.631628,110.282237,1,0.5,3.72,318
2615,-0.631628,110.305818,1,0.5,29.37,23
2616,-0.631628,110.309187,1,1.0,42.84,8
2617,-0.631628,110.312555,1,1.0,42.84,8
2618,-0.631628,110.315924,1,1.0,42.84,8
2619,-0.631628,110.329399,1,0.5,30.08,25
2620,-0.631628,110.332768,1,0.5,30.08,25
2621,-0.631628,110.346242,1,0.5,1.95,207
2622,-0.631628,110.349611,1,0.5,1.95,207
2623,-0.631628,110.35298,1,0.5,1.95,207
2624,-0.631628,110.369823,1,0.5,9.07,156
2625,-0.631628,110.373192,1,0.5,9.07,156
2626,-0.631628,110.383298,1,0.5,5.01,234
2627,-0.631628,110.386666,1,0.5,9.0,176
2628,-0.631628,110.390035,1,0.5,9.0,176
2629,-0.631628,110.393404,1,0.5,9.0,176
2630,-0.631628,110.430459,1,0.5,2.61,325
2631,-0.631628,110.433828,1,0.5,2.61,325
2632,-0.631628,110.437197,1,0.5,2.61,325
2633,-0.631628,110.443934,1,0.5,17.43,39
2634,-0.631628,110.447303,1,0.5,17.43,39
2635,-0.631628,110.497833,1,0.5,5.51,181
2636,-0.631628,110.501202,1,0.5,5.51,181
2637,-0.631628,110.50457,1,0.5,5.51,181
2638,-0.631628,110.518045,1,0.5,8.3,131
2639,-0.631628,110.521414,1,0.5,8.3,131
2640,-0.631628,110.524782,1,0.5,8.3,131
2641,-0.631628,110.548363,1,0.5,8.53,152
2642,-0.631628,110.551732,1,0.5,8.53,152
2643,-0.631628,110.555101,2,0.5,20.93,50
2644,-0.631628,110.558469,1,0.5,20.93,55
2645,-0.631628,110.561838,1,0.5,20.93,55
2646,-0.631628,110.629212,1,0.5,11.35,110
2647,-0.631628,110.63258,1,0.5,11.35,110
2648,-0.631628,110.635949,1,0.5,8.77,206
2649,-0.631628,110.639318,1,0.5,8.77,206
2650,-0.631628,110.656161,1,0.5,7.4,168
2651,-0.631628,110.65953,1,0.5,7.4,168
2652,-0.631628,110.662898,1,0.5,7.4,168
2653,-0.631628,110.673004,1,0.5,15.15,-1
2654,-0.631628,110.676373,1,0.5,15.15,-1
2655,-0.631628,110.679742,1,0.5,15.15,-1
2656,-0.631628,110.780802,1,0.5,24.92,-1
2657,-0.631628,110.784171,1,0.5,24.92,-1
2658,-0.631628,110.78754,1,0.5,24.92,-1
2659,-0.631628,110.790908,1,0.5,24.92,-1
2660,-0.631628,110.83807,1,0.5,5.0,234
2661,-0.631628,110.841439,1,0.5,5.0,-1
2662,-0.631628,110.844807,1,0.5,5.0,-1
2663,-0.631628,110.848176,1,0.5,10.23,103
2664,-0.634997,110.01948,1,0.5,48.14,9
2665,-0.634997,110.022849,1,0.5,48.14,9
2666,-0.634997,110.026217,1,0.5,48.14,9
2667,-0.634997,110.029586,1,0.5,48.14,9
2668,-0.634997,110.032955,1,0.5,48.14,9
2669,-0.634997,110.036323,1,0.5,48.14,9
2670,-0.634997,110.258657,1,0.5,9.04,176
2671,-0.634997,110.262025,1,0.5,9.04,176
2672,-0.634997,110.265394,1,0.5,9.04,176
2673,-0.634997,110.268763,2,0.5,9.04,284
2674,-0.634997,110.272131,3,0.5,12.36,18
2675,-0.634997,110.2755,3,0.5,12.36,18
2676,-0.634997,110.278869,3,0.5,12.36,18
2677,-0.634997,110.282237,2,0.5,11.11,216
2678,-0.634997,110.285606,1,0.5,11.11,-1
2679,-0.634997,110.305818,1,0.5,29.37,23
2680,-0.634997,110.309187,1,1.0,42.84,8
2681,-0.634997,110.312555,1,1.0,42.84,8
2682,-0.634997,110.315924,1,1.0,42.84,8
2683,-0.634997,110.329399,1,0.5,30.08,25
2684,-0.634997,110.332768,1,0.5,30.08,25
2685,-0.634997,110.369823,1,0.5,9.07,156
2686,-0.634997,110.373192,1,0.5,9.07,156
2687,-0.634997,110.383298,1,0.5,5.01,234
2688,-0.634997,110.386666,1,0.5,9.0,176
2689,-0.634997,110.390035,1,0.5,9.0,176
2690,-0.634997,110.393404,1,0.5,9.0,176
2691,-0.634997,110.443934,1,0.5,17.43,39
2692,-0.634997,110.447303,1,0.5,17.43,39
2693,-0.634997,110.470884,1,0.5,2.18,217
2694,-0.634997,110.474252,1,0.5,2.18,217
2695,-0.634997,110.477621,1,0.5,2.18,217
2696,-0.634997,110.497833,1,0.5,5.51,181
2697,-0.634997,110.501202,1,0.5,5.51,181
2698,-0.634997,110.50457,1,0.5,5.51,181
2699,-0.634997,110.514676,1,0.5,4.51,274
2700,-0.634997,110.518045,1,0.5,4.51,274
2701,-0.634997,110.521414,1,0.5,4.51,274
2702,-0.634997,110.538257,1,0.5,12.33,113
2703,-0.634997,110.541626,1,0.5,12.33,113
2704,-0.634997,110.544995,1,0.5,12.33,113
2705,-0.634997,110.548363,1,0.5,8.53,152
2706,-0.634997,110.551732,1,0.5,8.53,152
2707,-0.634997,110.555101,1,0.5,8.53,152
2708,-0.634997,110.561838,1,0.5,22.39,45
2709,-0.634997,110.565207,1,0.5,22.39,45
2710,-0.634997,110.568575,1,0.5,22.39,45
2711,-0.634997,110.571944,1,0.5,11.67,99
2712,-0.634997,110.629212,1,0.5,5.81,162
2713,-0.634997,110.63258,1,0.5,5.81,162
2714,-0.634997,110.635949,1,0.5,8.77,206
2715,-0.634997,110.639318,1,0.5,8.77,206
2716,-0.634997,110.656161,1,0.5,7.4,168
2717,-0.634997,110.65953,1,0.5,7.4,168
2718,-0.634997,110.662898,1,0.5,7.4,168
2719,-0.634997,110.673004,3,0.5,74.04,-1
2720,-0.634997,110.676373,3,0.5,74.04,-1
2721,-0.634997,110.679742,3,0.5,74.04,-1
2722,-0.634997,110.733641,1,0.5,4.5,274
2723,-0.634997,110.737009,1,0.5,4.5,274
2724,-0.634997,110.740378,1,0.5,4.5,274
2725,-0.634997,110.83807,1,0.5,5.0,-1
2726,-0.634997,110.841439,1,0.5,5.0,-1
2727,-0.634997,110.844807,1,0.5,5.0,-1
2728,-0.638365,110.026217,1,0.5,48.14,9
2729,-0.638365,110.029586,2,0.5,48.14,-1
2730,-0.638365,110.032955,2,0.5,48.14,-1
2731,-0.638365,110.036323,1,0.5,48.14,9
2732,-0.638365,110.107066,1,0.5,50.85,7
2733,-0.638365,110.110435,1,0.5,50.85,7
2734,-0.638365,110.191283,1,0.5,142.21,-1
2735,-0.638365,110.194652,1,0.5,142.21,-1
2736,-0.638365,110.19802,2,0.5,142.21,-1
2737,-0.638365,110.201389,1,0.5,11.87,105
2738,-0.638365,110.204758,1,0.5,11.87,105
2739,-0.638365,110.208126,1,0.5,11.39,-1
2740,-0.638365,110.211495,1,0.5,11.39,-1
2741,-0.638365,110.258657,1,0.5,9.04,176
2742,-0.638365,110.262025,1,0.5,9.04,176
2743,-0.638365,110.265394,1,0.5,9.04,176
2744,-0.638365,110.2755,2,0.5,3.72,210
2745,-0.638365,110.278869,3,0.5,11.11,18
2746,-0.638365,110.282237,2,0.5,11.11,216
2747,-0.638365,110.285606,1,0.5,11.11,-1
2748,-0.638365,110.383298,1,0.5,5.01,234
2749,-0.638365,110.386666,1,0.5,5.01,234
2750,-0.638365,110.443934,1,0.5,17.43,39
2751,-0.638365,110.447303,1,0.5,17.43,39
2752,-0.638365,110.470884,1,0.5,2.18,217
2753,-0.638365,110.474252,1,0.5,2.18,217
2754,-0.638365,110.477621,1,0.5,2.18,217
2755,-0.638365,110.497833,1,0.5,5.51,181
2756,-0.638365,110.501202,1,0.5,5.51,181
2757,-0.638365,110.50457,1,0.5,5.51,181
2758,-0.638365,110.514676,1,0.5,4.51,274
2759,-0.638365,110.518045,1,0.5,4.51,274
2760,-0.638365,110.521414,1,0.5,4.51,274
2761,-0.638365,110.534888,1,0.5,14.71,56
2762,-0.638365,110.538257,1,0.5,12.33,113
2763,-0.638365,110.541626,1,0.5,12.33,113
2764,-0.638365,110.544995,1,0.5,12.33,113
2765,-0.638365,110.551732,1,0.5,4.4,279
2766,-0.638365,110.555101,1,0.5,4.4,279
2767,-0.638365,110.561838,1,0.5,22.39,45
2768,-0.638365,110.565207,1,0.5,22.39,45
2769,-0.638365,110.568575,1,0.5,22.39,45
2770,-0.638365,110.571944,1,0.5,11.67,99
2771,-0.638365,110.629212,1,0.5,5.81,162
2772,-0.638365,110.63258,1,0.5,5.81,162
2773,-0.638365,110.635949,1,0.5,8.77,206
2774,-0.638365,110.639318,1,0.5,8.77,206
2775,-0.638365,110.673004,2,0.5,74.04,3
2776,-0.638365,110.676373,2,0.5,74.04,3
2777,-0.638365,110.679742,2,0.5,74.04,3
2778,-0.638365,110.713429,1,0.5,6.4,201
2779,-0.638365,110.716797,1,0.5,6.4,201
2780,-0.638365,110.720166,1,0.5,6.4,201
2781,-0.638365,110.733641,1,0.5,4.5,274
2782,-0.638365,110.737009,1,0.5,4.5,274
2783,-0.638365,110.740378,1,0.5,4.5,274
2784,-0.638365,110.747115,1,0.5,4.94,242
2785,-0.638365,110.750484,1,0.5,4.94,242
2786,-0.638365,110.753853,1,0.5,4.94,242
2787,-0.641734,110.029586,1,0.5,3.52,-1
2788,-0.641734,110.032955,1,0.5,3.52,-1
2789,-0.641734,110.107066,1,0.5,50.85,7
2790,-0.641734,110.110435,1,0.5,50.85,7
2791,-0.641734,110.191283,1,0.5,142.21,-1
2792,-0.641734,110.194652,1,0.5,142.21,-1
2793,-0.641734,110.19802,2,0.5,142.21,-1
2794,-0.641734,110.201389,1,0.5,11.87,105
2795,-0.641734,110.204758,2,0.5,11.87,216
2796,-0.641734,110.208126,2,0.5,11.39,216
2797,-0.641734,110.211495,1,0.5,11.39,-1
2798,-0.641734,110.2755,1,0.5,3.04,264
2799,-0.641734,110.278869,2,0.5,11.11,216
2800,-0.641734,110.282237,1,0.5,11.11,-1
2801,-0.641734,110.309187,1,0.5,2.72,307
2802,-0.641734,110.312555,1,0.5,2.72,307
2803,-0.641734,110.315924,1,0.5,2.72,307
2804,-0.641734,110.356348,1,0.5,3.81,322
2805,-0.641734,110.359717,1,0.5,3.81,322
2806,-0.641734,110.363086,1,0.5,3.81,322
2807,-0.641734,110.406879,1,0.5,43.09,8
2808,-0.641734,110.410247,1,0.5,43.09,8
2809,-0.641734,110.413616,1,0.5,43.09,8
2810,-0.641734,110.470884,1,0.5,2.18,217
2811,-0.641734,110.474252,1,0.5,2.18,217
2812,-0.641734,110.477621,1,0.5,2.18,217
2813,-0.641734,110.514676,1,0.5,4.51,274
2814,-0.641734,110.518045,1,0.5,4.51,274
2815,-0.641734,110.521414,1,0.5,4.51,274
2816,-0.641734,110.534888,1,0.5,14.71,56
2817,-0.641734,110.538257,1,0.5,12.33,113
2818,-0.641734,110.541626,1,0.5,12.33,113
2819,-0.641734,110.544995,1,0.5,12.33,113
2820,-0.641734,110.548363,1,0.5,4.8,222
2821,-0.641734,110.551732,1,0.5,4.8,222
2822,-0.641734,110.555101,1,0.5,6.24,233
2823,-0.641734,110.558469,1,0.5,6.24,233
2824,-0.641734,110.561838,1,0.5,22.39,45
2825,-0.641734,110.565207,1,0.5,22.39,45
2826,-0.641734,110.568575,1,0.5,22.39,45
2827,-0.641734,110.571944,1,0.5,11.67,99
2828,-0.641734,110.629212,1,0.5,5.81,162
2829,-0.641734,110.63258,1,0.5,5.81,162
2830,-0.641734,110.635949,1,0.5,3.32,-1
2831,-0.641734,110.639318,1,0.5,3.32,-1
2832,-0.641734,110.673004,2,0.5,74.04,3
2833,-0.641734,110.676373,2,0.5,74.04,3
2834,-0.641734,110.679742,2,0.5,74.04,3
2835,-0.641734,110.713429,1,0.5,6.4,201
2836,-0.641734,110.716797,1,0.5,6.4,201
2837,-0.641734,110.720166,1,0.5,6.4,201
2838,-0.641734,110.733641,1,0.5,4.5,274
2839,-0.641734,110.737009,1,0.5,4.5,274
2840,-0.641734,110.740378,1,0.5,4.5,274
2841,-0.641734,110.747115,1,0.5,4.94,242
2842,-0.641734,110.750484,1,0.5,4.94,242
2843,-0.641734,110.753853,1,0.5,4.94,242
2844,-0.645103,110.107066,1,0.5,50.85,7
2845,-0.645103,110.110435,1,0.5,50.85,7
2846,-0.645103,110.140753,1,0.5,8.0,144
2847,-0.645103,110.144121,1,0.5,8.0,144
2848,-0.645103,110.191283,1,0.5,142.21,-1
2849,-0.645103,110.194652,1,0.5,142.21,-1
2850,-0.645103,110.19802,2,0.5,142.21,-1
2851,-0.645103,110.201389,1,0.5,11.87,105
2852,-0.645103,110.204758,2,0.5,11.87,216
2853,-0.645103,110.208126,2,0.5,11.39,216
2854,-0.645103,110.211495,1,0.5,11.39,-1
2855,-0.645103,110.309187,1,0.5,2.72,307
2856,-0.645103,110.312555,1,0.5,2.72,307
2857,-0.645103,110.315924,1,0.5,2.72,307
2858,-0.645103,110.356348,1,0.5,3.81,322
2859,-0.645103,110.359717,1,0.5,3.81,322
2860,-0.645103,110.363086,1,0.5,3.81,322
2861,-0.645103,110.393404,1,0.5,28.82,28
2862,-0.645103,110.396773,1,0.5,28.82,28
2863,-0.645103,110.406879,1,0.5,43.09,8
2864,-0.645103,110.410247,1,0.5,43.09,8
2865,-0.645103,110.413616,1,0.5,43.09,8
2866,-0.645103,110.430459,1,0.5,8.03,143
2867,-0.645103,110.433828,1,0.5,8.03,143
2868,-0.645103,110.437197,1,0.5,8.03,143
2869,-0.645103,110.440565,2,0.5,21.02,50
2870,-0.645103,110.443934,1,0.5,21.02,54
2871,-0.645103,110.447303,1,0.5,21.02,54
2872,-0.645103,110.470884,1,0.5,2.18,217
2873,-0.645103,110.474252,1,0.5,2.18,217
2874,-0.645103,110.477621,1,0.5,2.18,217
2875,-0.645103,110.50457,1,0.5,20.77,55
2876,-0.645103,110.507939,1,1.0,22.73,40
2877,-0.645103,110.511308,1,1.0,22.73,40
2878,-0.645103,110.514676,2,0.75,22.73,-1
2879,-0.645103,110.518045,1,0.5,4.51,274
2880,-0.645103,110.521414,1,0.5,4.51,274
2881,-0.645103,110.534888,1,0.5,14.71,56
2882,-0.645103,110.538257,1,0.5,14.71,56
2883,-0.645103,110.541626,1,0.5,14.71,56
2884,-0.645103,110.548363,1,0.5,4.8,222
2885,-0.645103,110.551732,1,0.5,4.8,222
2886,-0.645103,110.555101,1,0.5,6.24,233
2887,-0.645103,110.558469,1,0.5,6.24,233
2888,-0.645103,110.713429,1,0.5,6.4,201
2889,-0.645103,110.716797,1,0.5,6.4,201
2890,-0.645103,110.720166,1,0.5,6.4,201
2891,-0.645103,110.747115,1,0.5,4.94,242
2892,-0.645103,110.750484,1,0.5,4.94,242
2893,-0.645103,110.753853,1,0.5,4.94,242
2894,-0.645103,110.841439,1,0.5,8.65,-1
2895,-0.645103,110.844807,1,0.5,8.65,-1
2896,-0.645103,110.848176,1,0.5,8.65,-1
2897,-0.648471,110.140753,1,0.5,8.0,144
2898,-0.648471,110.144121,1,0.5,8.0,144
2899,-0.648471,110.204758,1,0.5,3.05,269
2900,-0.648471,110.208126,1,0.5,3.05,269
2901,-0.648471,110.356348,1,0.5,3.81,322
2902,-0.648471,110.359717,1,0.5,3.81,322
2903,-0.648471,110.363086,1,0.5,3.81,322
2904,-0.648471,110.393404,1,0.5,28.82,28
2905,-0.648471,110.396773,1,0.5,28.82,28
2906,-0.648471,110.430459,2,0.5,25.87,37
2907,-0.648471,110.433828,2,0.5,25.87,37
2908,-0.648471,110.437197,2,0.5,25.87,37
2909,-0.648471,110.440565,2,0.5,21.02,50
2910,-0.648471,110.443934,1,0.5,21.02,54
2911,-0.648471,110.447303,2,0.5,21.02,50
2912,-0.648471,110.450671,1,0.5,3.33,273
2913,-0.648471,110.45404,1,0.5,3.33,273
2914,-0.648471,110.50457,1,0.5,20.77,55
2915,-0.648471,110.507939,1,1.0,22.73,40
2916,-0.648471,110.511308,1,1.0,22.73,40
2917,-0.648471,110.514676,1,1.0,22.73,40
2918,-0.648471,110.841439,1,0.5,8.65,-1
2919,-0.648471,110.844807,1,0.5,8.65,-1
2920,-0.648471,110.848176,1,0.5,8.65,-1
2921,-0.65184,110.140753,1,0.5,7.2,178
2922,-0.65184,110.144121,1,0.5,7.2,178
2923,-0.65184,110.393404,1,0.5,28.82,28
2924,-0.65184,110.396773,1,0.5,28.82,28
2925,-0.65184,110.423722,2,0.5,31.41,-1
2926,-0.65184,110.427091,2,0.5,31.41,-1
2927,-0.65184,110.430459,4,0.5,31.41,-1
2928,-0.65184,110.433828,2,0.5,25.87,37
2929,-0.65184,110.437197,2,0.5,25.87,37
2930,-0.65184,110.440565,1,0.5,8.03,143
2931,-0.65184,110.447303,1,0.5,3.33,273
2932,-0.65184,110.450671,1,0.5,3.33,273
2933,-0.65184,110.45404,1,0.5,3.33,273
2934,-0.65184,110.50457,1,0.5,20.77,55
2935,-0.65184,110.507939,1,1.0,22.73,40
2936,-0.65184,110.511308,1,1.0,22.73,40
2937,-0.65184,110.514676,1,1.0,22.73,40
2938,-0.65184,110.548363,1,0.5,5.3,160
2939,-0.65184,110.551732,1,0.5,5.3,160
2940,-0.65184,110.555101,1,0.5,5.3,160
2941,-0.65184,110.68311,1,0.5,6.08,163
2942,-0.65184,110.686479,2,0.5,11.67,216
2943,-0.65184,110.689848,2,0.5,11.67,216
2944,-0.65184,110.693217,1,0.5,11.67,99
2945,-0.65184,110.696585,1,0.5,8.85,-1
2946,-0.65184,110.780802,1,0.5,6.32,-1
2947,-0.65184,110.784171,1,0.5,6.32,-1
2948,-0.65184,110.841439,1,0.5,34.92,-1
2949,-0.65184,110.844807,1,0.5,34.92,-1
2950,-0.655209,110.140753,1,0.5,7.2,178
2951,-0.655209,110.144121,1,0.5,7.2,178
2952,-0.655209,110.201389,1,0.5,16.62,49
2953,-0.655209,110.204758,1,0.5,16.62,49
2954,-0.655209,110.208126,1,0.5,16.62,49
2955,-0.655209,110.211495,1,0.5,16.62,49
2956,-0.655209,110.231707,1,0.5,18.04,47
2957,-0.655209,110.235076,1,0.5,18.04,47
2958,-0.655209,110.238444,1,0.5,18.04,47
2959,-0.655209,110.299081,1,0.5,3.38,298
2960,-0.655209,110.302449,1,0.5,3.38,298
2961,-0.655209,110.305818,1,0.5,3.38,298
2962,-0.655209,110.423722,2,0.5,31.41,-1
2963,-0.655209,110.427091,2,0.5,31.41,-1
2964,-0.655209,110.430459,4,0.5,31.41,-1
2965,-0.655209,110.433828,2,0.5,25.87,37
2966,-0.655209,110.437197,2,0.5,25.87,37
2967,-0.655209,110.440565,1,0.5,8.03,143
2968,-0.655209,110.447303,1,0.5,3.33,273
2969,-0.655209,110.450671,1,0.5,3.33,273
2970,-0.655209,110.45404,1,0.5,3.33,273
2971,-0.655209,110.477621,1,0.5,8.08,134
2972,-0.655209,110.48099,1,0.5,8.08,134
2973,-0.655209,110.484358,1,0.5,8.08,134
2974,-0.655209,110.507939,2,0.5,20.77,50
2975,-0.655209,110.511308,2,0.75,22.73,-1
2976,-0.655209,110.514676,2,0.75,22.73,-1
2977,-0.655209,110.548363,1,0.5,5.3,160
2978,-0.655209,110.551732,1,0.5,5.3,160
2979,-0.655209,110.555101,1,0.5,5.3,160
2980,-0.655209,110.558469,1,0.5,28.12,-1
2981,-0.655209,110.561838,1,0.5,28.12,-1
2982,-0.655209,110.565207,1,0.5,28.12,-1
2983,-0.655209,110.662898,1,0.5,5.51,181
2984,-0.655209,110.666267,2,0.5,5.51,287
2985,-0.655209,110.669636,2,0.5,5.51,287
2986,-0.655209,110.673004,1,0.5,4.35,272
2987,-0.655209,110.676373,1,0.5,16.95,-1
2988,-0.655209,110.679742,1,0.5,16.95,-1
2989,-0.655209,110.68311,2,0.5,16.95,-1
2990,-0.655209,110.686479,2,0.5,11.67,216
2991,-0.655209,110.689848,2,0.5,11.67,216
2992,-0.655209,110.693217,1,0.5,11.67,99
2993,-0.655209,110.696585,1,0.5,8.85,-1
2994,-0.655209,110.753853,1,0.5,16.97,53
2995,-0.655209,110.757222,1,1.0,19.34,-1
2996,-0.655209,110.76059,1,1.0,19.34,-1
2997,-0.655209,110.763959,1,1.0,19.34,-1
2998,-0.655209,110.780802,1,0.5,6.32,-1
2999,-0.655209,110.784171,1,0.5,6.32,-1
3000,-0.655209,110.841439,1,0.5,34.92,-1
3001,-0.655209,110.844807,1,0.5,34.92,-1
3002,-0.658577,110.19802,1,0.5,8.87,-1
3003,-0.658577,110.201389,2,0.5,16.62,79
3004,-0.658577,110.204758,2,0.5,16.62,79
3005,-0.658577,110.208126,1,0.5,16.62,49
3006,-0.658577,110.211495,1,0.5,16.62,49
3007,-0.658577,110.231707,1,0.5,18.04,47
3008,-0.658577,110.235076,1,0.5,18.04,47
3009,-0.658577,110.238444,1,0.5,18.04,47
3010,-0.658577,110.299081,1,0.5,3.38,298
3011,-0.658577,110.302449,1,0.5,3.38,298
3012,-0.658577,110.305818,1,0.5,3.38,298
3013,-0.658577,110.413616,1,0.5,9.72,119
3014,-0.658577,110.416985,1,0.5,9.72,-1
3015,-0.658577,110.420353,1,0.5,9.72,-1
3016,-0.658577,110.423722,2,0.5,31.41,-1
3017,-0.658577,110.427091,2,0.5,31.41,-1
3018,-0.658577,110.430459,2,0.5,31.41,-1
3019,-0.658577,110.447303,1,0.5,3.33,273
3020,-0.658577,110.450671,1,0.5,3.33,273
3021,-0.658577,110.45404,1,0.5,3.33,273
3022,-0.658577,110.477621,1,0.5,8.08,134
3023,-0.658577,110.48099,1,0.5,8.08,134
3024,-0.658577,110.484358,1,0.5,8.08,134
3025,-0.658577,110.507939,1,0.5,3.14,254
3026,-0.658577,110.511308,1,0.5,3.14,254
3027,-0.658577,110.514676,1,0.5,3.14,254
3028,-0.658577,110.551732,1,0.5,38.76,16
3029,-0.658577,110.555101,1,0.5,38.76,16
3030,-0.658577,110.558469,1,0.5,38.76,16
3031,-0.658577,110.561838,1,0.5,38.76,16
3032,-0.658577,110.565207,1,0.5,38.76,16
3033,-0.658577,110.662898,1,0.5,5.51,181
3034,-0.658577,110.666267,2,0.5,5.51,287
3035,-0.658577,110.669636,2,0.5,5.51,287
3036,-0.658577,110.673004,1,0.5,4.35,272
3037,-0.658577,110.676373,1,0.5,16.95,-1
3038,-0.658577,110.679742,1,0.5,16.95,-1
3039,-0.658577,110.68311,2,0.5,16.95,-1
3040,-0.658577,110.686479,1,0.5,6.08,163
3041,-0.658577,110.689848,1,0.5,6.08,163
3042,-0.658577,110.753853,1,0.5,16.97,53
3043,-0.658577,110.757222,1,1.0,19.34,-1
3044,-0.658577,110.76059,1,1.0,19.34,-1
3045,-0.658577,110.763959,1,1.0,19.34,-1
3046,-0.658577,110.78754,1,0.5,3.96,304
3047,-0.658577,110.790908,1,0.5,3.96,304
3048,-0.658577,110.814489,1,0.5,34.2,20
3049,-0.658577,110.817858,1,0.5,34.2,20
3050,-0.658577,110.821226,1,0.5,34.2,20
3051,-0.661946,110.194652,1,0.5,8.29,131
3052,-0.661946,110.19802,2,0.5,8.87,285
3053,-0.661946,110.201389,3,0.5,16.62,18
3054,-0.661946,110.204758,2,0.5,16.62,79
3055,-0.661946,110.208126,1,0.5,16.62,49
3056,-0.661946,110.211495,1,0.5,16.62,49
3057,-0.661946,110.22497,1,0.5,3.2,278
3058,-0.661946,110.228338,1,0.5,3.2,278
3059,-0.661946,110.231707,1,0.5,3.2,278
3060,-0.661946,110.299081,1,0.5,3.38,298
3061,-0.661946,110.302449,1,0.5,3.38,298
3062,-0.661946,110.305818,1,0.5,3.38,298
3063,-0.661946,110.413616,1,0.5,9.72,119
3064,-0.661946,110.416985,1,0.5,12.97,96
3065,-0.661946,110.420353,1,0.5,12.97,96
3066,-0.661946,110.423722,1,0.5,12.97,96
3067,-0.661946,110.470884,1,0.5,25.67,-1
3068,-0.661946,110.474252,1,0.5,25.67,-1
3069,-0.661946,110.477621,2,0.5,25.67,37
3070,-0.661946,110.48099,1,0.5,8.08,134
3071,-0.661946,110.484358,1,0.5,8.08,134
3072,-0.661946,110.507939,1,0.5,3.14,254
3073,-0.661946,110.511308,1,0.5,3.14,254
3074,-0.661946,110.514676,1,0.5,3.14,254
3075,-0.661946,110.551732,1,0.5,38.76,16
3076,-0.661946,110.555101,1,0.5,38.76,16
3077,-0.661946,110.558469,1,0.5,38.76,16
3078,-0.661946,110.561838,1,0.5,38.76,16
3079,-0.661946,110.565207,1,0.5,38.76,16
3080,-0.661946,110.649424,1,0.5,8.89,-1
3081,-0.661946,110.652792,1,0.5,8.89,-1
3082,-0.661946,110.656161,1,0.5,8.89,-1
3083,-0.661946,110.65953,1,0.5,23.11,35
3084,-0.661946,110.662898,1,0.5,23.11,35
3085,-0.661946,110.666267,2,0.5,23.11,-1
3086,-0.661946,110.669636,1,0.5,4.35,272
3087,-0.661946,110.673004,1,0.5,4.35,272
3088,-0.661946,110.676373,1,0.5,16.95,-1
3089,-0.661946,110.679742,1,0.5,16.95,52
3090,-0.661946,110.68311,1,0.5,16.95,-1
3091,-0.661946,110.753853,1,0.5,16.97,53
3092,-0.661946,110.757222,2,0.75,19.34,50
3093,-0.661946,110.76059,2,0.75,19.34,50
3094,-0.661946,110.763959,2,0.75,19.34,50
3095,-0.661946,110.78754,1,0.5,3.96,304
3096,-0.661946,110.790908,1,0.5,3.96,304
3097,-0.661946,110.814489,1,0.5,34.2,20
3098,-0.661946,110.817858,1,0.5,34.2,20
3099,-0.661946,110.821226,1,0.5,34.2,20
3100,-0.661946,110.865019,1,0.5,13.51,83
3101,-0.661946,110.868388,1,0.5,13.51,83
3102,-0.665315,110.194652,1,0.5,8.29,131
3103,-0.665315,110.19802,1,0.5,8.29,131
3104,-0.665315,110.201389,1,0.5,8.29,131
3105,-0.665315,110.208126,1,0.5,16.62,49
3106,-0.665315,110.211495,1,0.5,16.62,49
3107,-0.665315,110.22497,1,0.5,3.2,278
3108,-0.665315,110.228338,1,0.5,3.2,278
3109,-0.665315,110.231707,1,0.5,3.2,278
3110,-0.665315,110.258657,1,0.5,1.44,-1
3111,-0.665315,110.262025,1,0.5,1.44,-1
3112,-0.665315,110.265394,1,0.5,1.44,-1
3113,-0.665315,110.413616,1,0.5,12.97,96
3114,-0.665315,110.416985,1,0.5,12.97,96
3115,-0.665315,110.420353,1,0.5,12.97,96
3116,-0.665315,110.423722,1,0.5,12.97,96
3117,-0.665315,110.470884,1,0.5,25.67,-1
3118,-0.665315,110.474252,2,0.5,25.67,37
3119,-0.665315,110.477621,2,0.5,25.67,37
3120,-0.665315,110.48099,1,0.5,9.32,147
3121,-0.665315,110.484358,1,0.5,12.15,-1
3122,-0.665315,110.551732,1,0.5,38.76,16
3123,-0.665315,110.555101,1,0.5,38.76,16
3124,-0.665315,110.558469,1,0.5,38.76,16
3125,-0.665315,110.561838,1,0.5,38.76,16
3126,-0.665315,110.565207,1,0.5,38.76,16
3127,-0.665315,110.649424,1,0.5,8.89,-1
3128,-0.665315,110.652792,2,0.5,10.3,-1
3129,-0.665315,110.656161,2,0.5,10.3,-1
3130,-0.665315,110.65953,2,0.5,23.11,-1
3131,-0.665315,110.662898,1,0.5,23.11,35
3132,-0.665315,110.666267,1,0.5,23.11,35
3133,-0.665315,110.676373,2,0.5,16.95,-1
3134,-0.665315,110.679742,2,0.5,16.95,-1
3135,-0.665315,110.68311,2,0.5,16.95,-1
3136,-0.665315,110.686479,1,0.5,4.55,268
3137,-0.665315,110.689848,1,0.5,4.55,268
3138,-0.665315,110.693217,1,0.5,4.55,268
3139,-0.665315,110.757222,1,0.5,7.67,126
3140,-0.665315,110.76059,1,0.5,7.67,126
3141,-0.665315,110.763959,1,0.5,7.67,126
3142,-0.665315,110.78754,2,0.5,10.29,-1
3143,-0.665315,110.790908,2,0.5,10.29,-1
3144,-0.665315,110.794277,1,0.5,10.29,102
3145,-0.665315,110.814489,1,0.5,34.2,20
3146,-0.665315,110.817858,1,0.5,34.2,20
3147,-0.665315,110.821226,1,0.5,34.2,20
3148,-0.665315,110.865019,1,0.5,13.51,83
3149,-0.665315,110.868388,1,0.5,13.51,83
3150,-0.665315,110.871757,1,0.5,13.51,83
3151,-0.665315,110.912181,1,0.5,6.32,-1
3152,-0.665315,110.91555,1,0.5,6.32,-1
3153,-0.668683,110.201389,1,0.5,10.7,88
3154,-0.668683,110.204758,1,0.5,10.7,88
3155,-0.668683,110.208126,1,0.5,10.7,88
3156,-0.668683,110.22497,1,0.5,1.97,207
3157,-0.668683,110.228338,1,0.5,1.97,207
3158,-0.668683,110.231707,1,0.5,1.97,207
3159,-0.668683,110.258657,1,0.5,1.44,-1
3160,-0.668683,110.262025,1,0.5,1.44,-1
3161,-0.668683,110.265394,1,0.5,1.44,-1
3162,-0.668683,110.390035,1,0.5,14.3,46
3163,-0.668683,110.393404,1,0.5,14.3,46
3164,-0.668683,110.396773,1,0.5,14.3,46
3165,-0.668683,110.443934,1,0.5,3.63,283
3166,-0.668683,110.447303,1,0.5,3.63,283
3167,-0.668683,110.450671,1,0.5,3.63,283
3168,-0.668683,110.470884,1,0.5,25.67,-1
3169,-0.668683,110.474252,2,0.5,25.67,37
3170,-0.668683,110.477621,2,0.5,25.67,37
3171,-0.668683,110.48099,1,0.5,9.32,147
3172,-0.668683,110.484358,1,0.5,12.15,-1
3173,-0.668683,110.521414,1,0.5,8.67,-1
3174,-0.668683,110.524782,1,0.5,8.67,-1
3175,-0.668683,110.528151,1,0.5,8.67,-1
3176,-0.668683,110.541626,1,0.5,2.67,-1
3177,-0.668683,110.544995,1,0.5,2.67,-1
3178,-0.668683,110.548363,1,0.5,2.67,-1
3179,-0.668683,110.558469,1,0.5,2.3,228
3180,-0.668683,110.561838,1,0.5,2.3,228
3181,-0.668683,110.565207,1,0.5,2.3,228
3182,-0.668683,110.649424,1,0.5,8.89,-1
3183,-0.668683,110.652792,2,0.5,10.3,-1
3184,-0.668683,110.656161,2,0.5,10.3,-1
3185,-0.668683,110.65953,2,0.5,19.51,50
3186,-0.668683,110.662898,1,0.5,19.51,75
3187,-0.668683,110.666267,1,0.5,19.51,75
3188,-0.668683,110.676373,1,0.5,9.77,119
3189,-0.668683,110.679742,1,0.5,9.77,119
3190,-0.668683,110.68311,1,0.5,9.77,119
3191,-0.668683,110.686479,1,0.5,4.55,268
3192,-0.668683,110.689848,1,0.5,4.55,268
3193,-0.668683,110.693217,1,0.5,4.55,268
3194,-0.668683,110.757222,1,0.5,7.67,126
3195,-0.668683,110.76059,1,0.5,7.67,126
3196,-0.668683,110.763959,1,0.5,7.67,126
3197,-0.668683,110.78754,2,0.5,10.29,-1
3198,-0.668683,110.790908,2,0.5,10.29,-1
3199,-0.668683,110.794277,1,0.5,10.29,102
3200,-0.668683,110.817858,1,0.5,34.2,20
3201,-0.668683,110.821226,1,0.5,34.2,20
3202,-0.668683,110.865019,1,0.5,13.51,83
3203,-0.668683,110.868388,1,0.5,13.51,83
3204,-0.668683,110.871757,1,0.5,13.51,83
3205,-0.672052,110.201389,1,0.5,10.7,88
3206,-0.672052,110.204758,1,0.5,10.7,88
3207,-0.672052,110.208126,1,0.5,10.7,88
3208,-0.672052,110.258657,1,0.5,1.44,-1
3209,-0.672052,110.262025,1,0.5,1.44,-1
3210,-0.672052,110.265394,1,0.5,1.44,-1
3211,-0.672052,110.390035,1,0.5,14.3,46
3212,-0.672052,110.393404,1,0.5,14.3,46
3213,-0.672052,110.396773,1,0.5,14.3,46
3214,-0.672052,110.443934,1,0.5,3.63,283
3215,-0.672052,110.447303,1,0.5,3.63,283
3216,-0.672052,110.450671,1,0.5,3.63,283
3217,-0.672052,110.474252,1,0.5,9.32,147
3218,-0.672052,110.477621,1,0.5,9.32,147
3219,-0.672052,110.48099,1,0.5,9.32,147
3220,-0.672052,110.484358,1,0.5,12.15,-1
3221,-0.672052,110.521414,1,0.5,8.67,-1
3222,-0.672052,110.524782,1,0.5,8.67,-1
3223,-0.672052,110.528151,1,0.5,8.67,-1
3224,-0.672052,110.541626,1,0.5,2.67,-1
3225,-0.672052,110.544995,1,0.5,2.67,-1
3226,-0.672052,110.548363,1,0.5,2.67,-1
3227,-0.672052,110.558469,1,0.5,8.37,124
3228,-0.672052,110.561838,1,0.5,8.37,124
3229,-0.672052,110.565207,1,0.5,8.37,124
3230,-0.672052,110.639318,1,0.5,5.41,238
3231,-0.672052,110.642686,1,0.5,5.41,238
3232,-0.672052,110.646055,1,0.5,5.41,238
3233,-0.672052,110.652792,1,0.5,10.3,-1
3234,-0.672052,110.656161,1,0.5,19.51,75
3235,-0.672052,110.65953,1,0.5,19.51,75
3236,-0.672052,110.673004,1,0.5,4.4,279
3237,-0.672052,110.676373,2,0.5,9.77,262
3238,-0.672052,110.679742,1,0.5,9.77,119
3239,-0.672052,110.68311,1,0.5,9.77,119
3240,-0.672052,110.763959,1,0.5,3.05,269
3241,-0.672052,110.767328,1,0.5,3.05,269
3242,-0.672052,110.905444,1,0.5,5.74,151
3243,-0.675421,110.187914,1,0.5,24.42,32
3244,-0.675421,110.191283,1,0.5,24.42,32
3245,-0.675421,110.194652,1,0.5,24.42,32
3246,-0.675421,110.201389,1,0.5,10.7,88
3247,-0.675421,110.204758,1,0.5,10.7,88
3248,-0.675421,110.208126,1,0.5,10.7,88
3249,-0.675421,110.258657,1,0.5,7.07,-1
3250,-0.675421,110.262025,1,0.5,7.07,-1
3251,-0.675421,110.265394,1,0.5,7.07,153
3252,-0.675421,110.474252,1,0.5,9.32,147
3253,-0.675421,110.477621,1,0.5,9.32,147
3254,-0.675421,110.48099,1,0.5,9.32,147
3255,-0.675421,110.521414,1,0.5,8.67,-1
3256,-0.675421,110.524782,1,0.5,8.67,-1
3257,-0.675421,110.528151,1,0.5,8.67,-1
3258,-0.675421,110.541626,1,0.5,2.67,-1
3259,-0.675421,110.544995,1,0.5,2.67,-1
3260,-0.675421,110.548363,1,0.5,2.67,-1
3261,-0.675421,110.558469,1,0.5,8.37,124
3262,-0.675421,110.561838,1,0.5,8.37,124
3263,-0.675421,110.565207,1,0.5,8.37,124
3264,-0.675421,110.629212,1,0.5,4.11,-1
3265,-0.675421,110.63258,1,0.5,4.11,-1
3266,-0.675421,110.635949,1,0.5,4.11,-1
3267,-0.675421,110.639318,2,0.5,5.82,302
3268,-0.675421,110.642686,1,0.5,9.43,104
3269,-0.675421,110.646055,1,0.5,9.43,104
3270,-0.675421,110.649424,1,0.5,9.43,104
3271,-0.675421,110.652792,1,0.5,10.3,-1
3272,-0.675421,110.656161,1,0.5,10.3,-1
3273,-0.675421,110.65953,1,0.5,10.3,-1
3274,-0.675421,110.669636,1,0.5,3.47,313
3275,-0.675421,110.673004,1,0.5,4.4,279
3276,-0.675421,110.676373,1,0.5,4.4,279
3277,-0.675421,110.763959,1,0.5,3.05,269
3278,-0.675421,110.767328,1,0.5,3.05,269
3279,-0.675421,110.784171,1,1.0,25.16,-1
3280,-0.675421,110.78754,1,1.0,25.16,-1
3281,-0.675421,110.790908,1,1.0,25.16,-1
3282,-0.675421,110.902075,1,0.5,5.74,151
3283,-0.675421,110.905444,1,0.5,5.74,151
3284,-0.678789,110.187914,1,0.5,24.42,32
3285,-0.678789,110.191283,1,0.5,24.42,32
3286,-0.678789,110.194652,1,0.5,24.42,32
3287,-0.678789,110.258657,1,0.5,7.07,-1
3288,-0.678789,110.262025,1,0.5,7.07,-1
3289,-0.678789,110.265394,1,0.5,7.07,-1
3290,-0.678789,110.474252,1,0.5,9.32,147
3291,-0.678789,110.477621,1,0.5,9.32,147
3292,-0.678789,110.48099,1,0.5,9.32,147
3293,-0.678789,110.521414,1,0.5,8.67,-1
3294,-0.678789,110.524782,1,0.5,8.67,-1
3295,-0.678789,110.528151,1,0.5,8.67,-1
3296,-0.678789,110.558469,1,0.5,8.37,124
3297,-0.678789,110.561838,1,0.5,8.37,124
3298,-0.678789,110.565207,1,0.5,8.37,124
3299,-0.678789,110.629212,1,0.5,4.11,-1
3300,-0.678789,110.63258,1,0.5,4.11,-1
3301,-0.678789,110.635949,1,0.5,4.11,-1
3302,-0.678789,110.639318,1,0.5,5.82,162
3303,-0.678789,110.642686,1,0.5,9.43,104
3304,-0.678789,110.646055,1,0.5,9.43,104
3305,-0.678789,110.649424,1,0.5,9.43,104
3306,-0.678789,110.669636,1,0.5,3.47,313
3307,-0.678789,110.673004,1,0.5,4.4,279
3308,-0.678789,110.676373,1,0.5,4.4,279
3309,-0.678789,110.780802,1,0.5,15.72,-1
3310,-0.678789,110.784171,1,1.0,25.16,-1
3311,-0.678789,110.78754,1,1.0,25.16,-1
3312,-0.678789,110.790908,1,1.0,25.16,-1
3313,-0.678789,110.794277,1,0.5,42.07,-1
3314,-0.678789,110.797646,1,0.5,42.07,-1
3315,-0.678789,110.801014,1,0.5,42.07,-1
3316,-0.678789,111.006504,1,0.5,5.96,215
3317,-0.678789,111.009873,1,0.5,5.96,215
3318,-0.678789,111.013241,1,0.5,5.96,215
3319,-0.682158,110.076748,1,0.5,15.37,59
3320,-0.682158,110.080116,1,0.5,15.37,59
3321,-0.682158,110.083485,1,0.5,15.37,59
3322,-0.682158,110.177808,1,0.5,12.65,74
3323,-0.682158,110.181177,1,0.5,12.65,74
3324,-0.682158,110.184546,1,0.5,12.65,74
3325,-0.682158,110.187914,1,0.5,24.42,32
3326,-0.682158,110.191283,1,0.5,24.42,32
3327,-0.682158,110.194652,1,0.5,24.42,32
3328,-0.682158,110.228338,1,0.5,40.95,11
3329,-0.682158,110.231707,1,0.5,40.95,11
3330,-0.682158,110.235076,1,0.5,40.95,11
3331,-0.682158,110.258657,1,0.5,7.07,-1
3332,-0.682158,110.262025,1,0.5,7.07,-1
3333,-0.682158,110.265394,1,0.5,7.07,-1
3334,-0.682158,110.437197,1,0.5,4.46,263
3335,-0.682158,110.440565,1,0.5,4.46,263
3336,-0.682158,110.443934,1,0.5,4.46,263
3337,-0.682158,110.629212,2,0.5,10.02,262
3338,-0.682158,110.63258,2,0.5,10.02,262
3339,-0.682158,110.635949,2,0.5,10.02,262
3340,-0.682158,110.639318,2,0.5,5.82,302
3341,-0.682158,110.642686,1,0.5,2.19,217
3342,-0.682158,110.646055,1,0.5,2.19,217
3343,-0.682158,110.733641,1,0.5,9.0,176
3344,-0.682158,110.737009,1,0.5,9.0,176
3345,-0.682158,110.740378,1,0.5,9.0,176
3346,-0.682158,110.770696,1,0.5,1.48,127
3347,-0.682158,110.774065,1,0.5,1.48,127
3348,-0.682158,110.777434,1,0.5,1.48,127
3349,-0.682158,110.780802,1,0.5,15.72,-1
3350,-0.682158,110.784171,1,1.0,25.16,-1
3351,-0.682158,110.78754,1,1.0,25.16,-1
3352,-0.682158,110.790908,1,1.0,25.16,-1
3353,-0.682158,110.794277,1,0.5,42.07,-1
3354,-0.682158,110.797646,1,0.5,42.07,-1
3355,-0.682158,110.801014,1,0.5,42.07,-1
3356,-0.682158,110.804383,1,0.5,39.65,-1
3357,-0.682158,110.807752,1,0.5,11.26,115
3358,-0.682158,110.81112,1,0.5,8.63,250
3359,-0.682158,110.814489,1,0.5,8.63,250
3360,-0.682158,110.841439,1,0.5,65.07,5
3361,-0.682158,110.844807,1,0.5,65.07,5
3362,-0.682158,110.848176,1,0.5,65.07,5
3363,-0.682158,110.918918,1,0.5,4.46,263
3364,-0.682158,110.922287,1,0.5,4.46,263
3365,-0.682158,110.925656,1,0.5,4.46,263
3366,-0.682158,111.006504,1,0.5,5.96,215
3367,-0.682158,111.009873,1,0.5,5.96,215
3368,-0.682158,111.013241,1,0.5,5.96,215
3369,-0.685527,110.076748,1,0.5,15.37,59
3370,-0.685527,110.080116,1,0.5,15.37,59
3371,-0.685527,110.083485,1,0.5,15.37,59
3372,-0.685527,110.167702,1,0.5,5.2,158
3373,-0.685527,110.171071,1,0.5,5.2,158
3374,-0.685527,110.174439,1,0.5,12.65,74
3375,-0.685527,110.177808,1,0.5,12.65,74
3376,-0.685527,110.181177,1,0.5,12.65,74
3377,-0.685527,110.184546,1,0.5,12.65,74
3378,-0.685527,110.228338,1,0.5,40.95,11
3379,-0.685527,110.231707,1,0.5,40.95,11
3380,-0.685527,110.235076,1,0.5,40.95,11
3381,-0.685527,110.437197,1,0.5,4.46,263
3382,-0.685527,110.440565,1,0.5,4.46,263
3383,-0.685527,110.443934,1,0.5,4.46,263
3384,-0.685527,110.629212,2,0.5,10.02,262
3385,-0.685527,110.63258,2,0.5,10.02,262
3386,-0.685527,110.635949,2,0.5,10.02,262
3387,-0.685527,110.639318,1,0.5,2.19,217
3388,-0.685527,110.642686,1,0.5,2.19,217
3389,-0.685527,110.646055,1,0.5,2.19,217
3390,-0.685527,110.649424,1,0.5,2.19,217
3391,-0.685527,110.733641,1,0.5,9.0,176
3392,-0.685527,110.737009,1,0.5,9.0,176
3393,-0.685527,110.740378,1,0.5,9.0,176
3394,-0.685527,110.770696,1,0.5,1.48,127
3395,-0.685527,110.774065,1,0.5,1.48,127
3396,-0.685527,110.777434,1,0.5,1.48,127
3397,-0.685527,110.780802,1,0.5,15.72,-1
3398,-0.685527,110.784171,1,1.0,25.16,-1
3399,-0.685527,110.78754,1,1.0,25.16,-1
3400,-0.685527,110.790908,1,1.0,25.16,-1
3401,-0.685527,110.804383,1,0.5,11.26,115
3402,-0.685527,110.807752,1,0.5,11.26,115
3403,-0.685527,110.81112,1,0.5,8.63,250
3404,-0.685527,110.814489,1,0.5,8.63,250
3405,-0.685527,110.817858,1,0.5,8.63,250
3406,-0.685527,110.821226,1,0.5,8.63,250
3407,-0.685527,110.844807,1,0.5,65.07,5
3408,-0.685527,110.848176,1,0.5,65.07,5
3409,-0.685527,110.851545,1,0.5,65.07,5
3410,-0.685527,110.918918,1,0.5,4.46,263
3411,-0.685527,110.922287,1,0.5,4.46,263
3412,-0.685527,110.925656,1,0.5,4.46,263
3413,-0.685527,111.006504,1,0.5,3.38,298
3414,-0.685527,111.009873,1,0.5,3.38,298
3415,-0.685527,111.013241,1,0.5,3.38,298
3416,-0.688896,110.076748,1,0.5,15.37,59
3417,-0.688896,110.080116,1,0.5,15.37,59
3418,-0.688896,110.083485,1,0.5,15.37,59
3419,-0.688896,110.167702,1,0.5,5.2,158
3420,-0.688896,110.171071,1,0.5,5.2,158
3421,-0.688896,110.174439,1,0.5,12.65,74
3422,-0.688896,110.177808,1,0.5,35.7,14
3423,-0.688896,110.181177,1,0.5,35.7,14
3424,-0.688896,110.184546,1,0.5,35.7,14
3425,-0.688896,110.187914,1,0.5,35.7,14
3426,-0.688896,110.228338,1,0.5,40.95,11
3427,-0.688896,110.231707,1,0.5,40.95,11
3428,-0.688896,110.235076,1,0.5,40.95,11
3429,-0.688896,110.487727,1,0.5,2.5,237
3430,-0.688896,110.491096,1,0.5,2.5,237
3431,-0.688896,110.629212,1,0.5,10.02,121
3432,-0.688896,110.63258,1,0.5,10.02,121
3433,-0.688896,110.635949,1,0.5,10.02,121
3434,-0.688896,110.639318,1,0.5,2.19,217
3435,-0.688896,110.642686,1,0.5,2.19,217
3436,-0.688896,110.646055,1,0.5,2.19,217
3437,-0.688896,110.649424,1,0.5,2.19,217
3438,-0.688896,110.652792,1,0.5,10.15,106
3439,-0.688896,110.656161,1,0.5,10.15,106
3440,-0.688896,110.65953,1,0.5,10.15,106
3441,-0.688896,110.703323,1,0.5,2.77,247
3442,-0.688896,110.706691,1,0.5,2.77,247
3443,-0.688896,110.71006,1,0.5,2.77,247
3444,-0.688896,110.733641,1,0.5,9.0,176
3445,-0.688896,110.737009,1,0.5,9.0,176
3446,-0.688896,110.740378,1,0.5,9.0,176
3447,-0.688896,110.807752,1,0.5,11.26,115
3448,-0.688896,110.81112,1,0.5,11.26,115
3449,-0.688896,110.814489,1,0.5,11.26,115
3450,-0.688896,110.817858,1,0.5,8.63,250
3451,-0.688896,110.821226,1,0.5,8.63,250
3452,-0.688896,110.844807,1,0.5,65.07,5
3453,-0.688896,110.848176,1,0.5,65.07,5
3454,-0.688896,110.851545,1,0.5,65.07,5
3455,-0.688896,110.918918,1,0.5,4.46,263
3456,-0.688896,110.922287,1,0.5,4.46,263
3457,-0.688896,110.925656,1,0.5,4.46,263
3458,-0.692264,110.093591,1,0.5,18.01,47
3459,-0.692264,110.09696,1,0.5,18.01,47
3460,-0.692264,110.100328,1,0.5,18.01,47
3461,-0.692264,110.167702,1,0.5,5.2,158
3462,-0.692264,110.171071,1,0.5,5.2,158
3463,-0.692264,110.174439,1,0.5,12.65,74
3464,-0.692264,110.177808,1,0.5,35.7,14
3465,-0.692264,110.181177,1,0.5,35.7,14
3466,-0.692264,110.184546,1,0.5,35.7,14
3467,-0.692264,110.187914,1,0.5,35.7,14
3468,-0.692264,110.487727,1,0.5,2.5,237
3469,-0.692264,110.491096,1,0.5,2.5,237
3470,-0.692264,110.494464,1,0.5,2.06,-1
3471,-0.692264,110.646055,1,0.5,5.14,-1
3472,-0.692264,110.649424,1,0.5,5.14,-1
3473,-0.692264,110.652792,1,0.5,10.15,106
3474,-0.692264,110.656161,1,0.5,10.15,106
3475,-0.692264,110.65953,1,0.5,10.15,106
3476,-0.692264,110.706691,1,0.5,2.77,247
3477,-0.692264,110.71006,1,0.5,2.77,247
3478,-0.692264,110.713429,1,0.5,2.77,247
3479,-0.692264,110.780802,1,0.5,36.27,13
3480,-0.692264,110.784171,1,0.5,36.27,13
3481,-0.692264,110.78754,1,0.5,36.27,13
3482,-0.692264,111.003135,1,0.5,5.32,-1
3483,-0.692264,111.006504,1,0.5,5.32,-1
3484,-0.692264,111.009873,1,0.5,5.32,-1
3485,-0.695633,110.093591,2,0.5,18.01,-1
3486,-0.695633,110.09696,2,0.5,18.01,-1
3487,-0.695633,110.100328,1,0.5,18.01,47
3488,-0.695633,110.110435,1,0.5,19.78,-1
3489,-0.695633,110.113803,2,0.5,19.78,50
3490,-0.695633,110.117172,1,0.5,6.32,-1
3491,-0.695633,110.120541,1,0.5,6.32,-1
3492,-0.695633,110.134015,1,0.5,38.17,15
3493,-0.695633,110.137384,1,0.5,38.17,15
3494,-0.695633,110.140753,1,0.5,38.17,15
3495,-0.695633,110.154227,1,0.5,17.06,-1
3496,-0.695633,110.157596,1,0.5,17.06,-1
3497,-0.695633,110.160965,1,0.5,17.06,-1
3498,-0.695633,110.177808,1,0.5,35.7,14
3499,-0.695633,110.181177,1,0.5,35.7,14
3500,-0.695633,110.184546,1,0.5,35.7,14
3501,-0.695633,110.187914,1,0.5,35.7,14
3502,-0.695633,110.228338,1,0.5,18.43,64
3503,-0.695633,110.231707,1,0.5,18.43,64
3504,-0.695633,110.235076,1,0.5,18.43,64
3505,-0.695633,110.427091,1,0.5,3.38,298
3506,-0.695633,110.430459,1,0.5,3.38,298
3507,-0.695633,110.433828,1,0.5,3.38,298
3508,-0.695633,110.487727,1,0.5,2.5,237
3509,-0.695633,110.491096,1,0.5,2.5,237
3510,-0.695633,110.494464,1,0.5,2.06,-1
3511,-0.695633,110.578681,1,0.5,5.66,213
3512,-0.695633,110.58205,1,0.5,5.66,213
3513,-0.695633,110.585419,1,0.5,5.66,213
3514,-0.695633,110.649424,1,0.5,5.14,-1
3515,-0.695633,110.652792,1,0.5,5.14,-1
3516,-0.695633,110.656161,1,0.5,5.05,223
3517,-0.695633,110.65953,1,0.5,5.05,223
3518,-0.695633,110.662898,1,0.5,5.05,223
3519,-0.695633,110.780802,1,0.5,36.27,13
3520,-0.695633,110.784171,1,0.5,36.27,13
3521,-0.695633,110.78754,1,0.5,36.27,13
3522,-0.695633,111.003135,1,0.5,5.32,-1
3523,-0.695633,111.006504,1,0.5,5.32,-1
3524,-0.695633,111.009873,1,0.5,5.32,-1
3525,-0.699002,110.093591,2,0.5,18.01,-1
3526,-0.699002,110.09696,2,0.5,18.01,-1
3527,-0.699002,110.100328,1,0.5,18.01,47
3528,-0.699002,110.110435,1,0.5,19.78,-1
3529,-0.699002,110.113803,2,0.5,19.78,50
3530,-0.699002,110.117172,2,0.5,6.32,309
3531,-0.699002,110.120541,2,0.5,6.32,309
3532,-0.699002,110.134015,1,0.5,38.17,15
3533,-0.699002,110.137384,1,0.5,38.17,15
3534,-0.699002,110.140753,1,0.5,38.17,15
3535,-0.699002,110.150859,1,0.5,7.93,-1
3536,-0.699002,110.154227,2,0.5,17.06,79
3537,-0.699002,110.157596,2,0.5,17.06,79
3538,-0.699002,110.160965,1,0.5,17.06,-1
3539,-0.699002,110.228338,1,0.5,17.8,38
3540,-0.699002,110.231707,1,0.5,17.8,38
3541,-0.699002,110.235076,1,0.5,17.8,38
3542,-0.699002,110.427091,1,0.5,3.38,298
3543,-0.699002,110.430459,1,0.5,3.38,298
3544,-0.699002,110.433828,1,0.5,3.38,298
3545,-0.699002,110.487727,1,0.5,2.06,-1
3546,-0.699002,110.491096,1,0.5,2.06,-1
3547,-0.699002,110.494464,1,0.5,2.06,-1
3548,-0.699002,110.518045,1,0.5,4.18,155
3549,-0.699002,110.521414,1,0.5,4.18,155
3550,-0.699002,110.524782,1,0.5,4.18,155
3551,-0.699002,110.58205,1,0.5,5.66,213
3552,-0.699002,110.585419,1,0.5,5.66,213
3553,-0.699002,110.588787,1,0.5,5.66,213
3554,-0.699002,110.595525,1,0.5,6.01,184
3555,-0.699002,110.598893,1,0.5,6.01,184
3556,-0.699002,110.602262,1,0.5,6.01,184
3557,-0.699002,110.68311,1,0.5,56.87,6
3558,-0.699002,110.686479,1,0.5,56.87,6
3559,-0.699002,110.689848,1,0.5,56.87,6
3560,-0.699002,110.780802,1,0.5,36.27,13
3561,-0.699002,110.784171,1,0.5,36.27,13
3562,-0.699002,110.78754,1,0.5,36.27,13
3563,-0.699002,110.895337,1,0.5,9.94,-1
3564,-0.699002,110.898706,1,0.5,9.94,-1
3565,-0.699002,111.003135,1,0.5,5.32,-1
3566,-0.699002,111.006504,1,0.5,5.32,-1
3567,-0.699002,111.009873,1,0.5,5.32,-1
3568,-0.70237,110.093591,1,0.5,4.0,-1
3569,-0.70237,110.09696,1,0.5,4.0,-1
3570,-0.70237,110.110435,1,0.5,19.78,-1
3571,-0.70237,110.113803,2,0.5,19.78,50
3572,-0.70237,110.117172,2,0.5,6.32,309
3573,-0.70237,110.120541,2,0.5,6.32,309
3574,-0.70237,110.123909,1,0.5,12.55,-1
3575,-0.70237,110.127278,1,0.5,12.55,-1
3576,-0.70237,110.130647,1,0.5,12.55,-1
3577,-0.70237,110.134015,1,0.5,38.17,15
3578,-0.70237,110.137384,1,0.5,38.17,15
3579,-0.70237,110.140753,1,0.5,38.17,15
3580,-0.70237,110.150859,1,0.5,7.93,-1
3581,-0.70237,110.154227,1,0.5,7.93,-1
3582,-0.70237,110.157596,1,0.5,7.93,-1
3583,-0.70237,110.228338,1,0.5,17.8,38
3584,-0.70237,110.231707,1,0.5,17.8,38
3585,-0.70237,110.235076,1,0.5,17.8,38
3586,-0.70237,110.413616,1,0.5,4.27,171
3587,-0.70237,110.416985,1,0.5,4.27,171
3588,-0.70237,110.420353,1,0.5,4.27,171
3589,-0.70237,110.427091,2,0.5,8.24,294
3590,-0.70237,110.430459,2,0.5,8.24,294
3591,-0.70237,110.433828,2,0.5,8.24,294
3592,-0.70237,110.491096,1,0.5,2.06,-1
3593,-0.70237,110.494464,1,0.5,2.06,-1
3594,-0.70237,110.497833,1,0.5,3.49,312
3595,-0.70237,110.521414,1,0.5,4.18,155
3596,-0.70237,110.524782,1,0.5,4.18,155
3597,-0.70237,110.528151,1,0.5,4.18,155
3598,-0.70237,110.58205,1,0.5,5.66,213
3599,-0.70237,110.585419,2,0.75,11.81,216
3600,-0.70237,110.588787,2,0.75,11.81,216
3601,-0.70237,110.592156,1,0.5,6.01,184
3602,-0.70237,110.595525,1,0.5,6.01,184
3603,-0.70237,110.598893,1,0.5,6.01,184
3604,-0.70237,110.602262,1,0.5,6.01,184
3605,-0.70237,110.652792,1,0.5,4.91,236
3606,-0.70237,110.656161,1,0.5,4.91,236
3607,-0.70237,110.68311,1,0.5,56.87,6
3608,-0.70237,110.686479,1,0.5,56.87,6
3609,-0.70237,110.689848,1,0.5,56.87,6
3610,-0.70237,110.827964,1,0.5,14.85,-1
3611,-0.70237,110.831333,1,0.5,14.85,-1
3612,-0.70237,110.878494,1,0.5,16.53,48
3613,-0.70237,110.881863,1,0.5,16.53,48
3614,-0.70237,110.885231,1,0.5,16.53,48
3615,-0.70237,110.895337,1,0.5,9.94,-1
3616,-0.70237,110.898706,1,0.5,9.94,-1
3617,-0.705739,110.113803,1,0.5,5.19,158
3618,-0.705739,110.117172,1,0.5,5.19,158
3619,-0.705739,110.120541,1,0.5,5.19,158
3620,-0.705739,110.123909,1,0.5,12.55,-1
3621,-0.705739,110.127278,1,0.5,12.55,-1
3622,-0.705739,110.130647,1,0.5,12.55,-1
3623,-0.705739,110.144121,2,0.5,73.2,3
3624,-0.705739,110.14749,2,0.5,73.2,3
3625,-0.705739,110.150859,3,0.5,73.2,-1
3626,-0.705739,110.154227,2,0.5,7.93,293
3627,-0.705739,110.157596,2,0.5,7.93,293
3628,-0.705739,110.160965,1,0.5,5.95,215
3629,-0.705739,110.228338,1,0.5,17.8,38
3630,-0.705739,110.231707,1,0.5,17.8,38
3631,-0.705739,110.235076,1,0.5,17.8,38
3632,-0.705739,110.363086,1,0.5,2.32,228
3633,-0.705739,110.366454,1,0.5,2.32,228
3634,-0.705739,110.413616,1,0.5,4.27,171
3635,-0.705739,110.416985,1,0.5,4.27,171
3636,-0.705739,110.420353,1,0.5,4.27,171
3637,-0.705739,110.423722,1,0.5,4.27,171
3638,-0.705739,110.430459,2,0.5,8.24,294
3639,-0.705739,110.433828,2,0.5,8.24,294
3640,-0.705739,110.437197,2,0.5,8.24,294
3641,-0.705739,110.521414,1,0.5,4.18,155
3642,-0.705739,110.524782,1,0.5,4.18,155
3643,-0.705739,110.528151,1,0.5,4.18,155
3644,-0.705739,110.585419,1,1.0,11.81,118
3645,-0.705739,110.588787,1,1.0,11.81,118
3646,-0.705739,110.592156,1,0.5,6.01,184
3647,-0.705739,110.595525,1,0.5,6.01,184
3648,-0.705739,110.598893,1,0.5,6.01,184
3649,-0.705739,110.602262,1,0.5,6.01,184
3650,-0.705739,110.652792,1,0.5,4.91,236
3651,-0.705739,110.656161,1,0.5,4.91,236
3652,-0.705739,110.827964,1,0.5,14.85,-1
3653,-0.705739,110.831333,1,0.5,14.85,-1
3654,-0.705739,110.878494,1,0.5,16.53,48
3655,-0.705739,110.881863,1,0.5,16.53,48
3656,-0.705739,110.885231,1,0.5,16.53,48
3657,-0.705739,110.895337,1,0.5,9.94,-1
3658,-0.705739,110.898706,1,0.5,9.94,-1
3659,-0.709108,110.144121,2,0.5,73.2,3
3660,-0.709108,110.14749,2,0.5,73.2,3
3661,-0.709108,110.150859,2,0.5,73.2,3
3662,-0.709108,110.154227,2,0.5,73.2,3
3663,-0.709108,110.157596,1,0.5,5.95,215
3664,-0.709108,110.160965,1,0.5,5.95,215
3665,-0.709108,110.366454,1,0.5,2.32,228
3666,-0.709108,110.369823,1,0.5,2.32,228
3667,-0.709108,110.413616,1,0.5,3.61,-1
3668,-0.709108,110.416985,1,0.5,3.61,-1
3669,-0.709108,110.420353,1,0.5,3.61,-1
3670,-0.709108,110.430459,2,0.5,8.24,294
3671,-0.709108,110.433828,2,0.5,8.24,294
3672,-0.709108,110.437197,1,0.5,8.24,130
3673,-0.709108,110.501202,1,0.5,33.36,19
3674,-0.709108,110.50457,1,0.5,33.36,19
3675,-0.709108,110.507939,1,0.5,33.36,19
3676,-0.709108,110.578681,1,0.5,2.8,247
3677,-0.709108,110.58205,1,0.5,2.8,247
3678,-0.709108,110.585419,1,1.0,11.81,118
3679,-0.709108,110.588787,1,1.0,11.81,118
3680,-0.709108,110.592156,1,0.5,6.01,184
3681,-0.709108,110.595525,1,0.5,6.01,184
3682,-0.709108,110.598893,1,0.5,6.01,184
3683,-0.709108,110.602262,1,0.5,6.01,184
3684,-0.709108,110.652792,1,0.5,4.91,236
3685,-0.709108,110.656161,1,0.5,4.91,236
3686,-0.709108,110.827964,1,0.5,14.85,-1
3687,-0.709108,110.831333,1,0.5,14.85,-1
3688,-0.709108,110.878494,1,0.5,16.53,48
3689,-0.709108,110.881863,1,0.5,16.53,48
3690,-0.709108,110.885231,1,0.5,16.53,48
3691,-0.709108,110.96608,1,0.5,6.93,135
3692,-0.709108,110.969448,1,0.5,6.93,135
3693,-0.709108,110.972817,1,0.5,6.93,135
3694,-0.712476,110.144121,1,0.5,73.2,-1
3695,-0.712476,110.14749,1,0.5,73.2,-1
3696,-0.712476,110.150859,1,0.5,73.2,-1
3697,-0.712476,110.154227,2,0.5,73.2,3
3698,-0.712476,110.157596,1,0.5,5.95,215
3699,-0.712476,110.160965,1,0.5,5.95,215
3700,-0.712476,110.366454,1,0.5,2.32,228
3701,-0.712476,110.369823,1,0.5,2.32,228
3702,-0.712476,110.413616,1,0.5,3.61,-1
3703,-0.712476,110.416985,1,0.5,3.61,-1
3704,-0.712476,110.420353,1,0.5,3.61,-1
3705,-0.712476,110.430459,1,0.5,5.32,-1
3706,-0.712476,110.433828,1,0.5,5.32,-1
3707,-0.712476,110.460777,1,0.5,33.5,19
3708,-0.712476,110.464146,1,0.5,33.5,19
3709,-0.712476,110.467515,1,0.5,33.5,19
3710,-0.712476,110.501202,1,0.5,33.36,19
3711,-0.712476,110.50457,1,0.5,33.36,19
3712,-0.712476,110.507939,1,0.5,33.36,19
3713,-0.712476,110.578681,1,0.5,2.8,247
3714,-0.712476,110.58205,1,0.5,2.8,247
3715,-0.712476,110.96608,1,0.5,6.93,135
3716,-0.712476,110.969448,1,0.5,6.93,135
3717,-0.712476,110.972817,1,0.5,6.93,135
3718,-0.715845,110.144121,1,0.5,73.2,-1
3719,-0.715845,110.14749,1,0.5,73.2,-1
3720,-0.715845,110.150859,1,0.5,73.2,-1
3721,-0.715845,110.154227,1,0.5,73.2,-1
3722,-0.715845,110.379929,1,0.5,3.51,329
3723,-0.715845,110.383298,1,0.5,9.61,107
3724,-0.715845,110.386666,1,0.5,9.61,107
3725,-0.715845,110.390035,1,0.5,9.61,107
3726,-0.715845,110.413616,1,0.5,3.61,-1
3727,-0.715845,110.416985,1,0.5,3.61,-1
3728,-0.715845,110.420353,1,0.5,3.61,-1
3729,-0.715845,110.430459,1,0.5,4.88,244
3730,-0.715845,110.433828,1,0.5,4.88,244
3731,-0.715845,110.440565,1,0.5,3.24,257
3732,-0.715845,110.443934,1,0.5,3.24,257
3733,-0.715845,110.447303,1,0.5,3.24,257
3734,-0.715845,110.460777,1,0.5,33.5,19
3735,-0.715845,110.464146,1,0.5,33.5,19
3736,-0.715845,110.467515,1,0.5,33.5,19
3737,-0.715845,110.501202,1,0.5,33.36,19
3738,-0.715845,110.50457,1,0.5,33.36,19
3739,-0.715845,110.507939,1,0.5,33.36,19
3740,-0.715845,110.568575,1,0.5,12.32,113
3741,-0.715845,110.571944,2,0.5,42.52,-1
3742,-0.715845,110.575313,1,0.5,42.52,8
3743,-0.715845,110.578681,1,0.5,42.52,8
3744,-0.715845,110.58205,1,0.5,12.11,89
3745,-0.715845,110.666267,1,0.5,16.79,-1
3746,-0.715845,110.669636,1,0.5,16.79,-1
3747,-0.715845,110.673004,1,0.5,16.79,-1
3748,-0.715845,110.861651,1,0.5,1.78,-1
3749,-0.715845,110.865019,1,0.5,1.78,-1
3750,-0.719214,110.282237,1,0.5,28.67,28
3751,-0.719214,110.285606,1,0.5,28.67,28
3752,-0.719214,110.288975,1,0.5,28.67,28
3753,-0.719214,110.379929,1,0.5,3.51,329
3754,-0.719214,110.383298,1,0.5,9.61,107
3755,-0.719214,110.386666,1,0.5,9.61,107
3756,-0.719214,110.390035,1,0.5,9.61,107
3757,-0.719214,110.40351,1,0.5,57.26,6
3758,-0.719214,110.406879,1,0.5,57.26,6
3759,-0.719214,110.410247,1,0.5,57.26,6
3760,-0.719214,110.430459,1,0.5,4.88,244
3761,-0.719214,110.433828,1,0.5,4.88,244
3762,-0.719214,110.440565,1,0.5,3.24,257
3763,-0.719214,110.443934,1,0.5,3.24,257
3764,-0.719214,110.447303,1,0.5,3.24,257
3765,-0.719214,110.460777,1,0.5,33.5,19
3766,-0.719214,110.464146,1,0.5,33.5,19
3767,-0.719214,110.467515,1,0.5,33.5,19
3768,-0.719214,110.511308,1,0.5,9.15,-1
3769,-0.719214,110.514676,1,0.5,9.15,-1
3770,-0.719214,110.518045,1,0.5,9.15,-1
3771,-0.719214,110.568575,1,0.5,12.32,113
3772,-0.719214,110.571944,2,0.5,42.52,-1
3773,-0.719214,110.575313,1,0.5,42.52,8
3774,-0.719214,110.578681,1,0.5,42.52,8
3775,-0.719214,110.58205,1,0.5,24.26,30
3776,-0.719214,110.666267,1,0.5,16.79,-1
3777,-0.719214,110.669636,1,0.5,16.79,-1
3778,-0.719214,110.673004,1,0.5,16.79,-1
3779,-0.719214,110.861651,1,0.5,1.78,-1
3780,-0.719214,110.865019,1,0.5,1.78,-1
3781,-0.722582,110.282237,1,0.5,28.67,28
3782,-0.722582,110.285606,1,0.5,28.67,28
3783,-0.722582,110.288975,1,0.5,28.67,28
3784,-0.722582,110.379929,1,0.5,3.51,329
3785,-0.722582,110.383298,1,0.5,9.61,107
3786,-0.722582,110.386666,1,0.5,9.61,107
3787,-0.722582,110.390035,1,0.5,9.61,107
3788,-0.722582,110.396773,1,0.5,9.34,146
3789,-0.722582,110.400141,1,0.5,9.34,146
3790,-0.722582,110.40351,2,0.5,57.26,-1
3791,-0.722582,110.406879,2,0.5,57.26,-1
3792,-0.722582,110.410247,1,0.5,57.26,6
3793,-0.722582,110.430459,1,0.5,4.88,244
3794,-0.722582,110.433828,1,0.5,4.88,244
3795,-0.722582,110.511308,1,0.5,9.15,-1
3796,-0.722582,110.514676,1,0.5,9.15,-1
3797,-0.722582,110.518045,1,0.5,9.15,-1
3798,-0.722582,110.568575,1,0.5,12.32,113
3799,-0.722582,110.571944,1,0.5,68.61,5
3800,-0.722582,110.575313,1,0.5,24.26,30
3801,-0.722582,110.578681,1,0.5,24.26,30
3802,-0.722582,110.58205,1,0.5,24.26,30
3803,-0.722582,110.666267,1,0.5,16.79,-1
3804,-0.722582,110.669636,1,0.5,16.79,-1
3805,-0.722582,110.673004,1,0.5,16.79,-1
3806,-0.725951,110.282237,1,0.5,28.67,28
3807,-0.725951,110.285606,1,0.5,28.67,28
3808,-0.725951,110.288975,1,0.5,28.67,28
3809,-0.725951,110.359717,1,0.5,9.75,119
3810,-0.725951,110.363086,1,0.5,9.75,119
3811,-0.725951,110.366454,1,0.5,9.75,119
3812,-0.725951,110.369823,1,0.5,9.75,119
3813,-0.725951,110.396773,1,0.5,9.34,146
3814,-0.725951,110.400141,1,0.5,9.34,146
3815,-0.725951,110.40351,2,0.5,57.26,-1
3816,-0.725951,110.406879,2,0.5,57.26,-1
3817,-0.725951,110.410247,1,0.5,57.26,6
3818,-0.725951,110.511308,1,0.5,9.15,-1
3819,-0.725951,110.514676,1,0.5,9.15,-1
3820,-0.725951,110.518045,1,0.5,9.15,-1
3821,-0.725951,110.558469,1,0.5,9.94,-1
3822,-0.725951,110.561838,1,0.5,9.94,-1
3823,-0.725951,110.565207,1,0.5,28.33,27
3824,-0.725951,110.568575,1,0.5,28.33,27
3825,-0.725951,110.571944,1,0.5,28.33,27
3826,-0.725951,110.686479,1,0.5,12.07,89
3827,-0.725951,110.689848,1,0.5,12.07,89
3828,-0.725951,110.693217,1,0.5,12.07,89
3829,-0.725951,110.790908,1,0.5,10.55,87
3830,-0.725951,110.794277,1,0.5,10.55,87
3831,-0.725951,110.797646,1,0.5,10.55,87
3832,-0.725951,110.912181,1,0.5,8.04,143
3833,-0.725951,110.91555,1,0.5,8.04,143
3834,-0.725951,110.918918,1,0.5,8.04,143
3835,-0.725951,110.989661,1,0.5,4.98,235
3836,-0.725951,110.993029,1,0.5,4.98,235
3837,-0.725951,110.996398,1,0.5,4.98,235
3838,-0.72932,110.359717,1,0.5,9.75,119
3839,-0.72932,110.363086,1,0.5,9.75,119
3840,-0.72932,110.366454,1,0.5,9.75,119
3841,-0.72932,110.369823,1,0.5,9.75,119
3842,-0.72932,110.396773,1,0.5,9.34,146
3843,-0.72932,110.400141,2,0.5,9.34,-1
3844,-0.72932,110.40351,2,0.5,9.34,-1
3845,-0.72932,110.406879,2,0.5,9.34,-1
3846,-0.72932,110.558469,1,0.5,9.94,-1
3847,-0.72932,110.561838,1,0.5,9.94,-1
3848,-0.72932,110.565207,1,0.5,9.94,-1
3849,-0.72932,110.568575,1,0.5,28.33,27
3850,-0.72932,110.571944,1,0.5,28.33,27
3851,-0.72932,110.686479,1,0.5,12.07,89
3852,-0.72932,110.689848,1,0.5,12.07,89
3853,-0.72932,110.693217,1,0.5,12.07,89
3854,-0.72932,110.76059,1,0.5,23.17,35
3855,-0.72932,110.763959,1,0.5,23.17,35
3856,-0.72932,110.767328,1,0.5,23.17,35
3857,-0.72932,110.790908,1,0.5,10.55,87
3858,-0.72932,110.794277,2,0.5,89.24,-1
3859,-0.72932,110.797646,2,0.5,89.24,-1
3860,-0.72932,110.801014,1,0.5,89.24,-1
3861,-0.72932,110.908812,1,0.5,7.32,145
3862,-0.72932,110.912181,1,0.5,8.04,143
3863,-0.72932,110.91555,1,0.5,8.04,143
3864,-0.72932,110.918918,1,0.5,8.04,143
3865,-0.72932,110.989661,1,0.5,4.98,235
3866,-0.72932,110.993029,1,0.5,4.98,235
3867,-0.72932,110.996398,1,0.5,4.98,235
3868,-0.732688,110.349611,1,0.5,5.42,239
3869,-0.732688,110.35298,1,0.5,5.42,239
3870,-0.732688,110.356348,1,0.5,5.42,239
3871,-0.732688,110.359717,1,0.5,9.75,119
3872,-0.732688,110.363086,1,0.5,9.75,119
3873,-0.732688,110.366454,1,0.5,9.75,119
3874,-0.732688,110.369823,1,0.5,9.75,119
3875,-0.732688,110.373192,1,0.5,25.73,-1
3876,-0.732688,110.37656,1,0.5,25.73,-1
3877,-0.732688,110.379929,1,0.5,25.73,-1
3878,-0.732688,110.400141,1,0.5,0.91,62
3879,-0.732688,110.40351,1,0.5,0.91,62
3880,-0.732688,110.406879,1,0.5,0.91,62
3881,-0.732688,110.518045,1,0.5,2.62,325
3882,-0.732688,110.521414,1,0.5,2.62,325
3883,-0.732688,110.548363,1,0.5,7.06,153
3884,-0.732688,110.551732,1,0.5,7.06,153
3885,-0.732688,110.555101,1,0.5,7.06,153
3886,-0.732688,110.558469,1,0.5,9.94,-1
3887,-0.732688,110.561838,1,0.5,9.94,-1
3888,-0.732688,110.565207,1,0.5,9.94,-1
3889,-0.732688,110.568575,1,0.5,28.33,27
3890,-0.732688,110.571944,1,0.5,28.33,27
3891,-0.732688,110.76059,1,0.5,23.17,35
3892,-0.732688,110.763959,1,0.5,23.17,35
3893,-0.732688,110.767328,1,0.5,23.17,35
3894,-0.732688,110.794277,1,0.5,89.24,-1
3895,-0.732688,110.797646,1,0.5,89.24,-1
3896,-0.732688,110.801014,1,0.5,89.24,-1
3897,-0.732688,110.807752,1,0.5,2.62,325
3898,-0.732688,110.81112,1,0.5,2.62,325
3899,-0.732688,110.814489,1,0.5,2.62,325
3900,-0.732688,110.908812,1,0.5,7.32,145
3901,-0.732688,110.912181,1,0.5,8.04,143
3902,-0.732688,110.91555,1,0.5,8.04,143
3903,-0.732688,110.918918,1,0.5,8.04,143
3904,-0.732688,110.989661,1,0.5,4.98,235
3905,-0.732688,110.993029,1,0.5,4.98,235
3906,-0.732688,110.996398,1,0.5,4.98,235
3907,-0.736057,110.349611,1,0.5,5.42,239
3908,-0.736057,110.35298,1,0.5,5.42,239
3909,-0.736057,110.356348,1,0.5,5.42,239
3910,-0.736057,110.373192,1,0.5,25.73,-1
3911,-0.736057,110.37656,1,0.5,25.73,-1
3912,-0.736057,110.379929,1,0.5,25.73,-1
3913,-0.736057,110.393404,1,0.5,3.5,312
3914,-0.736057,110.396773,1,0.5,3.5,312
3915,-0.736057,110.400141,2,0.5,3.5,210
3916,-0.736057,110.40351,1,0.5,0.91,62
3917,-0.736057,110.406879,1,0.5,0.91,62
3918,-0.736057,110.518045,1,0.5,2.62,325
3919,-0.736057,110.521414,1,0.5,2.62,325
3920,-0.736057,110.534888,1,0.5,2.55,323
3921,-0.736057,110.538257,1,0.5,2.55,323
3922,-0.736057,110.541626,1,0.5,2.55,323
3923,-0.736057,110.548363,1,0.5,7.21,178
3924,-0.736057,110.551732,1,0.5,7.21,178
3925,-0.736057,110.555101,1,0.5,7.21,178
3926,-0.736057,110.558469,1,0.5,9.94,-1
3927,-0.736057,110.561838,1,0.5,9.94,-1
3928,-0.736057,110.565207,1,0.5,9.94,-1
3929,-0.736057,110.76059,1,0.5,23.17,35
3930,-0.736057,110.763959,1,0.5,23.17,35
3931,-0.736057,110.767328,1,0.5,23.17,35
3932,-0.736057,110.807752,1,0.5,7.5,149
3933,-0.736057,110.81112,1,0.5,7.5,149
3934,-0.736057,110.814489,1,0.5,7.5,149
3935,-0.736057,110.908812,1,0.5,7.32,145
3936,-0.736057,110.912181,1,0.5,8.04,143
3937,-0.736057,110.91555,1,0.5,8.04,143
3938,-0.736057,110.918918,1,0.5,8.04,143
3939,-0.739426,110.349611,1,0.5,5.42,239
3940,-0.739426,110.35298,1,0.5,5.42,239
3941,-0.739426,110.356348,1,0.5,5.42,239
3942,-0.739426,110.393404,1,0.5,3.5,312
3943,-0.739426,110.396773,1,0.5,3.5,312
3944,-0.739426,110.400141,1,0.5,3.5,312
3945,-0.739426,110.518045,1,0.5,2.62,325
3946,-0.739426,110.521414,1,0.5,2.62,325
3947,-0.739426,110.534888,1,0.5,2.55,323
3948,-0.739426,110.538257,1,0.5,2.55,323
3949,-0.739426,110.541626,1,0.5,2.55,323
3950,-0.739426,110.548363,1,0.5,7.21,178
3951,-0.739426,110.551732,1,0.5,7.21,178
3952,-0.739426,110.555101,1,0.5,7.21,178
3953,-0.739426,110.558469,1,0.5,4.76,220
3954,-0.739426,110.561838,1,0.5,4.76,220
3955,-0.739426,110.565207,1,0.5,4.76,220
3956,-0.739426,110.807752,2,0.5,7.5,328
3957,-0.739426,110.81112,2,0.5,7.5,328
3958,-0.739426,110.814489,1,0.5,7.5,149
3959,-0.739426,110.824595,1,0.5,7.15,-1
3960,-0.739426,110.827964,1,0.5,7.15,-1
3961,-0.739426,110.831333,1,0.5,7.15,-1
3962,-0.742794,110.299081,1,0.5,16.83,-1
3963,-0.742794,110.302449,1,0.5,16.83,-1
3964,-0.742794,110.305818,1,0.5,16.83,-1
3965,-0.742794,110.379929,1,0.5,4.42,279
3966,-0.742794,110.383298,1,0.5,4.42,279
3967,-0.742794,110.386666,1,0.5,4.42,279
3968,-0.742794,110.393404,1,0.5,3.5,312
3969,-0.742794,110.396773,1,0.5,3.5,312
3970,-0.742794,110.400141,1,0.5,3.5,312
3971,-0.742794,110.534888,1,0.5,2.55,323
3972,-0.742794,110.538257,1,0.5,2.55,323
3973,-0.742794,110.541626,1,0.5,2.55,323
3974,-0.742794,110.568575,1,0.5,5.33,-1
3975,-0.742794,110.571944,1,0.5,5.33,-1
3976,-0.742794,110.575313,1,0.5,5.33,-1
3977,-0.742794,110.807752,2,0.5,7.5,328
3978,-0.742794,110.81112,2,0.5,7.5,328
3979,-0.742794,110.814489,1,0.5,7.5,149
3980,-0.742794,110.824595,1,0.5,7.15,-1
3981,-0.742794,110.827964,1,0.5,7.15,-1
3982,-0.742794,110.831333,1,0.5,7.15,-1
3983,-0.742794,110.83807,1,0.5,1.84,189
3984,-0.742794,110.841439,1,0.5,1.84,189
3985,-0.742794,110.844807,1,0.5,1.84,189
3986,-0.746163,110.299081,1,0.5,16.83,-1
3987,-0.746163,110.302449,1,0.5,16.83,-1
3988,-0.746163,110.305818,1,0.5,16.83,-1
3989,-0.746163,110.379929,1,0.5,4.42,279
3990,-0.746163,110.383298,1,0.5,4.42,279
3991,-0.746163,110.386666,1,0.5,4.42,279
3992,-0.746163,110.521414,1,0.5,21.89,44
3993,-0.746163,110.524782,1,0.5,21.89,44
3994,-0.746163,110.528151,1,0.5,21.89,44
3995,-0.746163,110.534888,1,0.5,19.06,72
3996,-0.746163,110.538257,1,0.5,19.06,72
3997,-0.746163,110.568575,1,0.5,5.33,-1
3998,-0.746163,110.571944,1,0.5,5.33,-1
3999,-0.746163,110.575313,1,0.5,5.33,-1
4000,-0.746163,110.801014,1,0.5,9.01,176
4001,-0.746163,110.804383,1,0.5,9.01,176
4002,-0.746163,110.807752,1,0.5,6.78,137
4003,-0.746163,110.81112,1,0.5,6.78,137
4004,-0.746163,110.824595,1,0.5,7.15,-1
4005,-0.746163,110.827964,1,0.5,7.15,-1
4006,-0.746163,110.831333,1,0.5,7.15,-1
4007,-0.746163,110.83807,1,0.5,1.84,189
4008,-0.746163,110.841439,1,0.5,1.84,189
4009,-0.746163,110.844807,1,0.5,1.84,189
4010,-0.749532,110.299081,1,0.5,16.83,-1
4011,-0.749532,110.302449,1,0.5,16.83,-1
4012,-0.749532,110.305818,1,0.5,16.83,-1
4013,-0.749532,110.379929,1,0.5,4.42,279
4014,-0.749532,110.383298,1,0.5,4.42,279
4015,-0.749532,110.386666,1,0.5,4.42,279
4016,-0.749532,110.521414,1,0.5,21.89,44
4017,-0.749532,110.524782,1,0.5,21.89,44
4018,-0.749532,110.528151,1,0.5,21.89,44
4019,-0.749532,110.534888,1,0.5,19.06,72
4020,-0.749532,110.538257,1,0.5,19.06,72
4021,-0.749532,110.541626,1,0.5,9.17,196
4022,-0.749532,110.544995,1,0.5,9.17,196
4023,-0.749532,110.551732,1,0.5,2.08,212
4024,-0.749532,110.555101,1,0.5,2.08,212
4025,-0.749532,110.558469,2,0.5,38.27,22
4026,-0.749532,110.561838,1,0.5,38.27,15
4027,-0.749532,110.565207,1,0.5,38.27,15
4028,-0.749532,110.568575,1,0.5,5.33,-1
4029,-0.749532,110.571944,1,0.5,5.33,-1
4030,-0.749532,110.575313,1,0.5,5.33,-1
4031,-0.749532,110.801014,1,0.5,9.01,176
4032,-0.749532,110.804383,1,0.5,9.01,176
4033,-0.749532,110.83807,1,0.5,1.84,189
4034,-0.749532,110.841439,1,0.5,1.84,189
4035,-0.749532,110.844807,1,0.5,1.84,189
4036,-0.7529,110.288975,1,0.5,3.7,326
4037,-0.7529,110.292343,1,0.5,3.7,326
4038,-0.7529,110.295712,1,0.5,3.7,326
4039,-0.7529,110.379929,1,0.5,4.42,279
4040,-0.7529,110.383298,1,0.5,4.42,279
4041,-0.7529,110.386666,1,0.5,4.42,279
4042,-0.7529,110.521414,1,0.5,21.89,44
4043,-0.7529,110.524782,1,0.5,21.89,44
4044,-0.7529,110.528151,1,0.5,21.89,44
4045,-0.7529,110.534888,1,0.5,19.06,72
4046,-0.7529,110.538257,1,0.5,19.06,72
4047,-0.7529,110.541626,1,0.5,9.17,196
4048,-0.7529,110.544995,1,0.5,9.17,196
4049,-0.7529,110.551732,1,0.5,2.08,212
4050,-0.7529,110.555101,1,0.5,2.08,212
4051,-0.7529,110.558469,2,0.5,38.27,22
4052,-0.7529,110.561838,1,0.5,38.27,15
4053,-0.7529,110.565207,1,0.5,38.27,15
4054,-0.7529,110.568575,1,0.5,5.33,-1
4055,-0.7529,110.571944,1,0.5,5.33,-1
4056,-0.7529,110.575313,1,0.5,5.33,-1
4057,-0.7529,110.790908,1,0.5,3.79,319
4058,-0.7529,110.794277,1,0.5,3.79,319
4059,-0.7529,110.797646,1,0.5,3.79,319
4060,-0.7529,110.881863,1,0.5,27.17,26
4061,-0.7529,110.885231,1,0.5,27.17,26
4062,-0.7529,110.8886,1,0.5,27.17,26
4063,-0.7529,110.891969,1,0.5,2.32,228
4064,-0.7529,110.895337,1,0.5,2.32,228
4065,-0.7529,110.898706,1,0.5,2.32,228
4066,-0.756269,110.288975,1,0.5,3.7,326
4067,-0.756269,110.292343,1,0.5,3.7,326
4068,-0.756269,110.295712,1,0.5,3.7,326
4069,-0.756269,110.336136,1,0.5,1.8,-1
4070,-0.756269,110.339505,1,0.5,1.8,189
4071,-0.756269,110.342874,1,0.5,1.8,189
4072,-0.756269,110.366454,1,0.5,17.28,39
4073,-0.756269,110.369823,1,0.5,17.28,39
4074,-0.756269,110.373192,1,0.5,17.28,39
4075,-0.756269,110.37656,1,0.5,9.21,-1
4076,-0.756269,110.379929,1,0.5,9.21,-1
4077,-0.756269,110.383298,1,0.5,9.21,-1
4078,-0.756269,110.443934,1,0.5,11.91,100
4079,-0.756269,110.447303,1,0.5,11.91,100
4080,-0.756269,110.450671,1,0.5,11.91,100
4081,-0.756269,110.521414,1,0.5,21.89,44
4082,-0.756269,110.524782,1,0.5,21.89,44
4083,-0.756269,110.528151,1,0.5,21.89,44
4084,-0.756269,110.541626,1,0.5,9.17,196
4085,-0.756269,110.544995,1,0.5,9.17,196
4086,-0.756269,110.548363,1,0.5,13.37,78
4087,-0.756269,110.551732,1,0.5,2.08,212
4088,-0.756269,110.555101,1,0.5,2.08,212
4089,-0.756269,110.558469,2,0.5,38.27,22
4090,-0.756269,110.561838,1,0.5,38.27,15
4091,-0.756269,110.565207,1,0.5,38.27,15
4092,-0.756269,110.790908,1,0.5,3.79,319
4093,-0.756269,110.794277,1,0.5,3.79,319
4094,-0.756269,110.797646,2,0.5,4.27,286
4095,-0.756269,110.801014,1,0.5,4.27,171
4096,-0.756269,110.804383,1,0.5,4.27,171
4097,-0.756269,110.841439,1,0.5,7.62,139
4098,-0.756269,110.844807,1,0.5,7.62,139
4099,-0.756269,110.881863,1,0.5,27.17,26
4100,-0.756269,110.885231,1,0.5,27.17,26
4101,-0.756269,110.8886,1,0.5,27.17,26
4102,-0.756269,110.891969,1,0.5,2.32,228
4103,-0.756269,110.895337,1,0.5,2.32,228
4104,-0.756269,110.898706,1,0.5,2.32,228
4105,-0.756269,110.925656,1,0.5,40.16,12
4106,-0.756269,110.929024,1,0.5,40.16,12
4107,-0.756269,110.932393,1,0.5,40.16,12
4108,-0.759638,110.288975,1,0.5,3.7,326
4109,-0.759638,110.292343,1,0.5,3.7,326
4110,-0.759638,110.295712,1,0.5,3.7,326
4111,-0.759638,110.305818,1,0.5,3.12,254
4112,-0.759638,110.309187,1,0.5,3.12,254
4113,-0.759638,110.312555,1,0.5,3.12,254
4114,-0.759638,110.336136,1,0.5,1.8,189
4115,-0.759638,110.339505,1,0.5,1.8,-1
4116,-0.759638,110.342874,1,0.5,1.8,-1
4117,-0.759638,110.366454,1,0.5,17.28,39
4118,-0.759638,110.369823,1,0.5,17.28,39
4119,-0.759638,110.373192,1,0.5,17.28,39
4120,-0.759638,110.37656,1,0.5,7.98,-1
4121,-0.759638,110.379929,2,0.5,7.98,293
4122,-0.759638,110.383298,2,0.5,7.98,293
4123,-0.759638,110.443934,1,0.5,11.91,100
4124,-0.759638,110.447303,1,0.5,11.91,100
4125,-0.759638,110.450671,1,0.5,11.91,100
4126,-0.759638,110.511308,1,0.5,3.68,-1
4127,-0.759638,110.514676,1,0.5,3.68,-1
4128,-0.759638,110.518045,1,0.5,3.68,-1
4129,-0.759638,110.524782,1,0.5,14.19,46
4130,-0.759638,110.528151,1,0.5,14.19,46
4131,-0.759638,110.541626,1,0.5,9.17,196
4132,-0.759638,110.544995,1,0.5,9.17,196
4133,-0.759638,110.548363,1,0.5,13.37,78
4134,-0.759638,110.757222,1,0.5,4.12,-1
4135,-0.759638,110.76059,1,0.5,4.12,-1
4136,-0.759638,110.763959,1,0.5,4.12,-1
4137,-0.759638,110.770696,1,0.5,2.58,-1
4138,-0.759638,110.774065,1,0.5,2.58,323
4139,-0.759638,110.790908,1,0.5,3.79,319
4140,-0.759638,110.794277,1,0.5,3.79,319
4141,-0.759638,110.797646,2,0.5,4.27,286
4142,-0.759638,110.801014,1,0.5,4.27,171
4143,-0.759638,110.804383,1,0.5,4.27,171
4144,-0.759638,110.83807,1,0.5,6.4,201
4145,-0.759638,110.841439,1,0.5,7.62,139
4146,-0.759638,110.844807,1,0.5,7.62,139
4147,-0.759638,110.881863,1,0.5,27.17,26
4148,-0.759638,110.885231,1,0.5,27.17,26
4149,-0.759638,110.8886,1,0.5,27.17,26
4150,-0.759638,110.891969,1,0.5,2.32,228
4151,-0.759638,110.895337,1,0.5,2.32,228
4152,-0.759638,110.898706,1,0.5,2.32,228
4153,-0.759638,110.925656,1,0.5,13.54,-1
4154,-0.759638,110.929024,1,0.5,13.54,84
4155,-0.759638,110.932393,2,0.5,13.54,111
4156,-0.759638,110.935762,1,0.5,5.51,181
4157,-0.759638,110.93913,1,0.5,5.51,181
4158,-0.759638,110.993029,1,0.5,3.1,254
4159,-0.759638,110.996398,1,0.5,3.1,-1
4160,-0.763007,110.305818,1,0.5,3.12,254
4161,-0.763007,110.309187,1,0.5,3.12,254
4162,-0.763007,110.312555,1,0.5,3.12,254
4163,-0.763007,110.315924,1,0.5,10.05,120
4164,-0.763007,110.319293,1,0.5,10.05,120
4165,-0.763007,110.322661,1,0.5,10.05,120
4166,-0.763007,110.32603,1,0.5,6.75,137
4167,-0.763007,110.336136,1,0.5,1.8,189
4168,-0.763007,110.339505,1,0.5,1.8,189
4169,-0.763007,110.342874,1,0.5,1.8,189
4170,-0.763007,110.366454,1,0.5,17.28,39
4171,-0.763007,110.369823,1,0.5,17.28,39
4172,-0.763007,110.373192,1,0.5,17.28,39
4173,-0.763007,110.37656,1,0.5,7.98,-1
4174,-0.763007,110.379929,2,0.5,7.98,293
4175,-0.763007,110.383298,2,0.5,7.98,293
4176,-0.763007,110.386666,1,0.5,16.49,48
4177,-0.763007,110.390035,1,0.5,16.49,48
4178,-0.763007,110.393404,1,0.5,16.49,48
4179,-0.763007,110.443934,1,0.5,11.91,100
4180,-0.763007,110.447303,1,0.5,11.91,100
4181,-0.763007,110.450671,1,0.5,11.91,100
4182,-0.763007,110.511308,1,0.5,3.68,-1
4183,-0.763007,110.514676,1,0.5,3.68,-1
4184,-0.763007,110.518045,2,0.5,3.68,210
4185,-0.763007,110.521414,1,0.5,2.75,292
4186,-0.763007,110.524782,1,0.5,14.19,46
4187,-0.763007,110.528151,1,0.5,14.19,46
4188,-0.763007,110.53152,1,0.5,14.19,46
4189,-0.763007,110.541626,1,0.5,13.37,78
4190,-0.763007,110.544995,1,0.5,13.37,78
4191,-0.763007,110.548363,1,0.5,13.37,78
4192,-0.763007,110.555101,2,0.5,3.89,210
4193,-0.763007,110.558469,2,0.5,3.89,210
4194,-0.763007,110.561838,1,0.5,2.55,323
4195,-0.763007,110.757222,1,0.5,4.12,-1
4196,-0.763007,110.76059,1,0.5,4.12,-1
4197,-0.763007,110.763959,1,0.5,4.12,-1
4198,-0.763007,110.770696,1,0.5,2.58,-1
4199,-0.763007,110.774065,1,0.5,22.48,-1
4200,-0.763007,110.777434,1,0.5,22.48,-1
4201,-0.763007,110.780802,1,0.5,4.56,268
4202,-0.763007,110.784171,1,0.5,4.56,268
4203,-0.763007,110.78754,1,1.0,42.94,8
4204,-0.763007,110.790908,2,1.0,42.94,-1
4205,-0.763007,110.794277,2,1.0,42.94,-1
4206,-0.763007,110.817858,1,0.5,4.24,170
4207,-0.763007,110.821226,1,0.5,4.24,170
4208,-0.763007,110.824595,1,0.5,4.24,170
4209,-0.763007,110.827964,1,0.5,4.24,170
4210,-0.763007,110.83807,1,0.5,6.4,201
4211,-0.763007,110.841439,1,0.5,16.22,42
4212,-0.763007,110.844807,1,0.5,16.22,42
4213,-0.763007,110.905444,1,0.5,3.95,305
4214,-0.763007,110.908812,1,0.5,3.95,305
4215,-0.763007,110.912181,1,0.5,3.95,305
4216,-0.763007,110.925656,1,0.5,13.24,82
4217,-0.763007,110.929024,1,0.5,13.24,82
4218,-0.763007,110.932393,2,0.5,13.24,111
4219,-0.763007,110.935762,1,0.5,5.51,181
4220,-0.763007,110.93913,1,0.5,5.51,181
4221,-0.763007,110.949236,1,0.5,2.48,237
4222,-0.763007,110.952605,1,0.5,2.48,237
4223,-0.763007,110.955974,1,0.5,2.48,237
4224,-0.763007,110.959342,1,0.5,1.83,189
4225,-0.763007,110.962711,1,0.5,1.83,189
4226,-0.763007,110.96608,1,0.5,1.83,189
4227,-0.763007,110.993029,1,0.5,3.1,-1
4228,-0.763007,110.996398,1,0.5,3.1,-1
4229,-0.766375,110.292343,1,0.5,6.62,174
4230,-0.766375,110.295712,2,0.5,6.62,333
4231,-0.766375,110.299081,2,0.5,6.62,333
4232,-0.766375,110.315924,1,0.5,10.05,120
4233,-0.766375,110.319293,1,0.5,26.25,29
4234,-0.766375,110.322661,1,0.5,26.25,29
4235,-0.766375,110.32603,1,0.5,26.25,29
4236,-0.766375,110.336136,1,0.5,1.8,-1
4237,-0.766375,110.339505,1,0.5,1.8,-1
4238,-0.766375,110.342874,1,0.5,1.8,189
4239,-0.766375,110.366454,1,0.5,8.48,152
4240,-0.766375,110.369823,1,0.5,8.48,152
4241,-0.766375,110.373192,1,0.5,8.48,152
4242,-0.766375,110.37656,1,0.5,7.98,-1
4243,-0.766375,110.379929,2,0.5,7.98,293
4244,-0.766375,110.383298,2,0.5,7.98,293
4245,-0.766375,110.386666,1,0.5,16.49,48
4246,-0.766375,110.390035,1,0.5,16.49,48
4247,-0.766375,110.393404,1,0.5,16.49,48
4248,-0.766375,110.511308,1,0.5,24.17,30
4249,-0.766375,110.514676,1,0.5,24.17,30
4250,-0.766375,110.518045,2,0.5,24.17,36
4251,-0.766375,110.521414,1,0.5,2.75,292
4252,-0.766375,110.524782,1,0.5,14.19,46
4253,-0.766375,110.528151,1,0.5,14.19,46
4254,-0.766375,110.53152,1,0.5,14.19,46
4255,-0.766375,110.541626,1,0.5,13.37,78
4256,-0.766375,110.544995,1,0.5,13.37,78
4257,-0.766375,110.548363,1,0.5,13.37,78
4258,-0.766375,110.555101,2,0.5,3.89,210
4259,-0.766375,110.558469,2,0.5,3.89,210
4260,-0.766375,110.561838,1,0.5,2.55,323
4261,-0.766375,110.770696,1,0.5,2.58,323
4262,-0.766375,110.774065,1,0.5,22.48,-1
4263,-0.766375,110.777434,1,0.5,22.48,-1
4264,-0.766375,110.780802,2,0.5,32.84,-1
4265,-0.766375,110.784171,2,0.5,32.84,-1
4266,-0.766375,110.78754,1,1.0,42.94,8
4267,-0.766375,110.790908,2,1.0,42.94,-1
4268,-0.766375,110.794277,2,1.0,42.94,-1
4269,-0.766375,110.817858,1,0.5,4.24,170
4270,-0.766375,110.821226,1,0.5,4.24,170
4271,-0.766375,110.824595,1,0.5,4.24,170
4272,-0.766375,110.827964,2,0.5,4.31,286
4273,-0.766375,110.831333,1,0.5,4.31,290
4274,-0.766375,110.83807,1,0.5,6.4,201
4275,-0.766375,110.841439,1,0.5,16.22,42
4276,-0.766375,110.844807,1,0.5,16.22,42
4277,-0.766375,110.905444,1,0.5,3.95,305
4278,-0.766375,110.908812,1,0.5,3.95,305
4279,-0.766375,110.912181,1,0.5,3.95,305
4280,-0.766375,110.932393,1,0.5,5.51,181
4281,-0.766375,110.935762,1,0.5,5.51,181
4282,-0.766375,110.93913,1,0.5,5.51,181
4283,-0.766375,110.949236,1,0.5,2.48,237
4284,-0.766375,110.952605,1,0.5,2.48,237
4285,-0.766375,110.955974,1,0.5,2.48,237
4286,-0.766375,110.959342,1,0.5,1.83,189
4287,-0.766375,110.962711,1,0.5,1.83,189
4288,-0.766375,110.96608,1,0.5,1.83,189
4289,-0.769744,110.292343,1,0.5,6.62,174
4290,-0.769744,110.295712,2,0.5,6.62,333
4291,-0.769744,110.299081,2,0.5,6.62,333
4292,-0.769744,110.315924,1,0.5,24.23,30
4293,-0.769744,110.319293,1,0.5,26.25,29
4294,-0.769744,110.322661,1,0.5,26.25,29
4295,-0.769744,110.32603,1,0.5,26.25,29
4296,-0.769744,110.336136,1,0.5,1.8,189
4297,-0.769744,110.339505,1,0.5,1.8,189
4298,-0.769744,110.342874,1,0.5,1.8,189
4299,-0.769744,110.386666,1,0.5,16.49,48
4300,-0.769744,110.390035,1,0.5,16.49,48
4301,-0.769744,110.393404,1,0.5,16.49,48
4302,-0.769744,110.511308,1,0.5,24.17,30
4303,-0.769744,110.514676,1,0.5,24.17,30
4304,-0.769744,110.518045,2,0.5,24.17,36
4305,-0.769744,110.521414,1,0.5,2.75,292
4306,-0.769744,110.524782,1,0.5,14.19,46
4307,-0.769744,110.528151,1,0.5,14.19,46
4308,-0.769744,110.53152,1,0.5,14.19,46
4309,-0.769744,110.555101,2,0.5,3.89,210
4310,-0.769744,110.558469,2,0.5,3.89,210
4311,-0.769744,110.561838,1,0.5,2.55,323
4312,-0.769744,110.780802,1,0.5,32.84,-1
4313,-0.769744,110.784171,1,0.5,32.84,-1
4314,-0.769744,110.78754,1,1.0,42.94,8
4315,-0.769744,110.790908,2,1.0,42.94,-1
4316,-0.769744,110.794277,2,1.0,42.94,-1
4317,-0.769744,110.797646,1,0.5,6.56,164
4318,-0.769744,110.817858,1,0.5,4.24,170
4319,-0.769744,110.821226,1,0.5,4.24,170
4320,-0.769744,110.824595,1,0.5,4.24,170
4321,-0.769744,110.827964,2,0.5,4.31,286
4322,-0.769744,110.831333,1,0.5,4.31,290
4323,-0.769744,110.834701,1,0.5,4.31,290
4324,-0.769744,110.905444,1,0.5,3.95,305
4325,-0.769744,110.908812,1,0.5,3.95,305
4326,-0.769744,110.912181,1,0.5,3.95,305
4327,-0.769744,110.959342,1,0.5,1.83,189
4328,-0.769744,110.962711,1,0.5,1.83,189
4329,-0.769744,110.96608,1,0.5,1.83,189
4330,-0.773113,110.292343,1,0.5,6.62,174
4331,-0.773113,110.295712,2,0.5,6.62,333
4332,-0.773113,110.299081,2,0.5,6.62,333
4333,-0.773113,110.35298,1,0.5,12.09,89
4334,-0.773113,110.356348,1,0.5,12.09,89
4335,-0.773113,110.359717,1,0.5,12.09,89
4336,-0.773113,110.497833,1,0.5,22.18,45
4337,-0.773113,110.501202,1,0.5,22.18,45
4338,-0.773113,110.50457,2,0.5,47.59,-1
4339,-0.773113,110.507939,1,0.5,47.59,9
4340,-0.773113,110.511308,2,0.5,47.59,-1
4341,-0.773113,110.514676,1,0.5,24.17,30
4342,-0.773113,110.518045,1,0.5,24.17,30
4343,-0.773113,110.528151,1,0.5,3.93,306
4344,-0.773113,110.53152,1,0.5,3.93,306
4345,-0.773113,110.534888,1,0.5,3.93,306
4346,-0.773113,110.780802,1,0.5,32.84,-1
4347,-0.773113,110.784171,1,0.5,32.84,-1
4348,-0.773113,110.78754,1,1.0,42.94,8
4349,-0.773113,110.790908,2,1.0,42.94,-1
4350,-0.773113,110.794277,2,1.0,42.94,-1
4351,-0.773113,110.797646,1,0.5,6.56,164
4352,-0.773113,110.827964,1,0.5,4.31,290
4353,-0.773113,110.831333,1,0.5,4.31,290
4354,-0.773113,110.834701,1,0.5,4.31,290
4355,-0.773113,110.83807,1,0.5,0.6,-1
4356,-0.773113,110.841439,1,0.5,0.6,-1
4357,-0.776481,110.315924,1,0.5,3.16,261
4358,-0.776481,110.319293,1,0.5,3.16,261
4359,-0.776481,110.322661,1,0.5,3.16,261
4360,-0.776481,110.349611,1,0.5,24.7,31
4361,-0.776481,110.35298,1,0.5,12.09,89
4362,-0.776481,110.356348,1,0.5,12.09,89
4363,-0.776481,110.359717,1,0.5,12.09,89
4364,-0.776481,110.497833,1,0.5,22.18,45
4365,-0.776481,110.501202,1,0.5,22.18,45
4366,-0.776481,110.50457,2,0.5,47.59,-1
4367,-0.776481,110.507939,1,0.5,8.59,249
4368,-0.776481,110.511308,1,0.5,8.59,249
4369,-0.776481,110.514676,1,0.5,8.59,249
4370,-0.776481,110.524782,1,0.5,11.92,100
4371,-0.776481,110.528151,2,0.5,11.92,216
4372,-0.776481,110.53152,2,0.5,11.92,216
4373,-0.776481,110.534888,1,0.5,3.93,306
4374,-0.776481,110.544995,1,0.5,9.78,-1
4375,-0.776481,110.548363,1,0.5,9.78,-1
4376,-0.776481,110.551732,1,0.5,9.78,-1
4377,-0.776481,110.561838,1,0.5,31.8,-1
4378,-0.776481,110.565207,1,0.5,31.8,-1
4379,-0.776481,110.568575,1,0.5,31.8,-1
4380,-0.776481,110.784171,1,0.5,1.76,-1
4381,-0.776481,110.78754,1,0.5,1.76,-1
4382,-0.776481,110.790908,2,0.5,6.56,333
4383,-0.776481,110.794277,1,0.5,6.56,164
4384,-0.776481,110.797646,1,0.5,6.56,164
4385,-0.776481,110.817858,1,0.5,4.05,300
4386,-0.776481,110.821226,1,0.5,4.05,300
4387,-0.776481,110.824595,1,0.5,4.05,300
4388,-0.776481,110.827964,2,0.5,4.31,286
4389,-0.776481,110.831333,1,0.5,4.31,290
4390,-0.776481,110.834701,1,0.5,4.31,290
4391,-0.776481,110.83807,1,0.5,0.6,-1
4392,-0.776481,110.841439,1,0.5,0.6,-1
4393,-0.77985,110.315924,1,0.5,3.16,261
4394,-0.77985,110.319293,1,0.5,3.16,261
4395,-0.77985,110.322661,1,0.5,3.16,261
4396,-0.77985,110.346242,1,0.5,36.37,13
4397,-0.77985,110.349611,2,0.5,36.37,21
4398,-0.77985,110.35298,2,0.5,36.37,21
4399,-0.77985,110.356348,1,0.5,12.09,89
4400,-0.77985,110.359717,1,0.5,12.09,89
4401,-0.77985,110.497833,1,0.5,22.18,45
4402,-0.77985,110.501202,1,0.5,22.18,45
4403,-0.77985,110.50457,1,0.5,22.18,45
4404,-0.77985,110.507939,1,0.5,8.59,249
4405,-0.77985,110.511308,1,0.5,8.59,249
4406,-0.77985,110.514676,1,0.5,8.59,249
4407,-0.77985,110.524782,1,0.5,11.92,100
4408,-0.77985,110.528151,1,0.5,11.92,100
4409,-0.77985,110.53152,1,0.5,11.92,100
4410,-0.77985,110.544995,2,0.5,12.81,112
4411,-0.77985,110.548363,2,0.5,12.81,112
4412,-0.77985,110.551732,1,0.5,9.78,-1
4413,-0.77985,110.561838,1,0.5,31.8,-1
4414,-0.77985,110.565207,1,0.5,31.8,-1
4415,-0.77985,110.568575,1,0.5,31.8,-1
4416,-0.77985,110.784171,1,0.5,1.76,-1
4417,-0.77985,110.78754,1,0.5,1.76,-1
4418,-0.77985,110.790908,1,0.5,1.76,-1
4419,-0.77985,110.804383,1,0.5,4.87,245
4420,-0.77985,110.807752,1,0.5,4.87,245
4421,-0.77985,110.81112,1,0.5,4.87,245
4422,-0.77985,110.817858,1,0.5,4.05,300
4423,-0.77985,110.821226,1,0.5,4.05,300
4424,-0.77985,110.824595,1,0.5,4.05,300
4425,-0.77985,110.827964,1,0.5,4.05,300
4426,-0.77985,110.83807,1,0.5,0.6,-1
4427,-0.77985,110.841439,1,0.5,0.6,-1
4428,-0.77985,110.851545,1,0.5,11.63,99
4429,-0.77985,110.854913,1,0.5,11.63,99
4430,-0.77985,110.858282,1,0.5,11.63,99
4431,-0.77985,110.93913,1,0.5,29.4,23
4432,-0.77985,110.942499,1,0.5,29.4,23
4433,-0.77985,110.945868,1,0.5,29.4,23
4434,-0.77985,110.959342,1,0.5,6.04,199
4435,-0.77985,110.962711,1,0.5,6.04,199
4436,-0.77985,110.96608,1,0.5,6.04,199
4437,-0.783219,110.295712,1,0.5,8.2,129
4438,-0.783219,110.299081,1,0.5,8.2,129
4439,-0.783219,110.315924,1,0.5,3.16,261
4440,-0.783219,110.319293,1,0.5,3.16,261
4441,-0.783219,110.322661,1,0.5,3.16,261
4442,-0.783219,110.339505,1,0.5,2.85,251
4443,-0.783219,110.342874,1,0.5,2.85,251
4444,-0.783219,110.346242,2,0.5,10.37,-1
4445,-0.783219,110.349611,1,0.5,10.37,101
4446,-0.783219,110.35298,1,0.5,10.37,101
4447,-0.783219,110.369823,1,0.5,4.8,222
4448,-0.783219,110.373192,1,0.5,4.8,222
4449,-0.783219,110.37656,1,0.5,4.8,222
4450,-0.783219,110.379929,2,0.5,6.0,302
4451,-0.783219,110.383298,1,0.5,6.0,184
4452,-0.783219,110.386666,1,0.5,6.0,184
4453,-0.783219,110.497833,2,0.5,7.03,332
4454,-0.783219,110.501202,2,0.5,7.03,332
4455,-0.783219,110.50457,2,0.5,7.03,332
4456,-0.783219,110.507939,1,0.5,3.13,254
4457,-0.783219,110.511308,1,0.5,3.13,254
4458,-0.783219,110.514676,1,0.5,3.13,254
4459,-0.783219,110.524782,1,0.5,11.92,100
4460,-0.783219,110.528151,1,0.5,11.92,100
4461,-0.783219,110.53152,1,0.5,11.92,100
4462,-0.783219,110.544995,2,0.5,12.81,112
4463,-0.783219,110.548363,2,0.5,12.81,112
4464,-0.783219,110.551732,1,0.5,9.78,-1
4465,-0.783219,110.561838,1,0.5,31.8,-1
4466,-0.783219,110.565207,1,0.5,31.8,-1
4467,-0.783219,110.568575,1,0.5,31.8,-1
4468,-0.783219,110.784171,1,0.5,1.76,-1
4469,-0.783219,110.78754,1,0.5,1.76,-1
4470,-0.783219,110.790908,2,0.5,7.11,-1
4471,-0.783219,110.794277,1,0.5,7.11,154
4472,-0.783219,110.797646,1,0.5,7.11,154
4473,-0.783219,110.804383,1,0.5,7.96,141
4474,-0.783219,110.807752,1,0.5,7.96,141
4475,-0.783219,110.81112,1,0.5,7.96,141
4476,-0.783219,110.817858,1,0.5,4.05,300
4477,-0.783219,110.821226,1,0.5,4.05,300
4478,-0.783219,110.824595,1,0.5,4.05,300
4479,-0.783219,110.827964,1,0.5,4.05,300
4480,-0.783219,110.851545,1,0.5,11.7,99
4481,-0.783219,110.854913,1,0.5,11.7,99
4482,-0.783219,110.858282,1,0.5,11.7,99
4483,-0.783219,110.861651,1,0.5,13.75,65
4484,-0.783219,110.93913,1,0.5,29.4,23
4485,-0.783219,110.942499,1,0.5,29.4,23
4486,-0.783219,110.945868,1,0.5,29.4,23
4487,-0.783219,110.959342,1,0.5,6.04,199
4488,-0.783219,110.962711,1,0.5,6.04,199
4489,-0.783219,110.96608,1,0.5,6.04,199
4490,-0.783219,111.013241,1,0.5,12.93,96
4491,-0.783219,111.01661,1,0.5,12.93,96
4492,-0.783219,111.019979,1,0.5,12.93,96
4493,-0.786587,110.295712,1,0.5,8.2,129
4494,-0.786587,110.299081,1,0.5,8.2,129
4495,-0.786587,110.305818,1,0.5,4.9,236
4496,-0.786587,110.309187,1,0.5,4.9,236
4497,-0.786587,110.315924,1,0.5,3.16,261
4498,-0.786587,110.319293,1,0.5,3.16,261
4499,-0.786587,110.322661,1,0.5,3.16,261
4500,-0.786587,110.339505,1,0.5,2.85,251
4501,-0.786587,110.342874,1,0.5,2.85,251
4502,-0.786587,110.346242,2,0.5,10.37,-1
4503,-0.786587,110.349611,1,0.5,10.37,101
4504,-0.786587,110.35298,1,0.5,10.37,101
4505,-0.786587,110.356348,1,1.0,13.25,82
4506,-0.786587,110.359717,1,1.0,13.25,82
4507,-0.786587,110.363086,1,1.0,13.25,82
4508,-0.786587,110.369823,1,0.5,4.8,222
4509,-0.786587,110.373192,1,0.5,4.8,222
4510,-0.786587,110.37656,1,0.5,4.8,222
4511,-0.786587,110.379929,2,0.5,6.0,302
4512,-0.786587,110.383298,1,0.5,6.0,184
4513,-0.786587,110.386666,1,0.5,6.0,184
4514,-0.786587,110.497833,2,0.5,7.03,332
4515,-0.786587,110.501202,2,0.5,7.03,332
4516,-0.786587,110.50457,2,0.5,7.03,332
4517,-0.786587,110.507939,1,0.5,3.13,254
4518,-0.786587,110.511308,1,0.5,3.13,254
4519,-0.786587,110.514676,1,0.5,3.13,254
4520,-0.786587,110.524782,1,0.5,9.29,-1
4521,-0.786587,110.528151,1,0.5,9.29,-1
4522,-0.786587,110.53152,1,0.5,9.29,-1
4523,-0.786587,110.544995,1,0.5,12.81,-1
4524,-0.786587,110.548363,1,0.5,12.81,-1
4525,-0.786587,110.777434,1,0.5,2.54,323
4526,-0.786587,110.780802,1,0.5,2.54,323
4527,-0.786587,110.790908,1,0.5,7.11,154
4528,-0.786587,110.794277,1,0.5,7.11,154
4529,-0.786587,110.797646,1,0.5,7.11,154
4530,-0.786587,110.804383,1,0.5,7.96,141
4531,-0.786587,110.807752,1,0.5,7.96,141
4532,-0.786587,110.81112,1,0.5,7.96,141
4533,-0.786587,110.817858,1,0.5,4.05,300
4534,-0.786587,110.821226,1,0.5,4.05,300
4535,-0.786587,110.824595,1,0.5,4.05,300
4536,-0.786587,110.827964,1,0.5,4.05,300
4537,-0.786587,110.851545,1,0.5,11.7,99
4538,-0.786587,110.854913,1,0.5,11.7,99
4539,-0.786587,110.858282,1,0.5,11.7,99
4540,-0.786587,110.861651,1,0.5,13.75,65
4541,-0.786587,110.868388,1,0.5,4.76,220
4542,-0.786587,110.871757,1,0.5,4.76,220
4543,-0.786587,110.875125,1,0.5,4.76,220
4544,-0.786587,110.878494,1,0.5,19.23,71
4545,-0.786587,110.881863,1,0.5,19.23,71
4546,-0.786587,110.93913,1,0.5,29.4,23
4547,-0.786587,110.942499,1,0.5,29.4,23
4548,-0.786587,110.945868,1,0.5,29.4,23
4549,-0.786587,110.959342,1,0.5,6.04,199
4550,-0.786587,110.962711,1,0.5,6.04,199
4551,-0.786587,110.96608,1,0.5,6.04,199
4552,-0.786587,111.013241,1,0.5,12.93,96
4553,-0.786587,111.01661,1,0.5,12.93,96
4554,-0.786587,111.019979,1,0.5,12.93,96
4555,-0.789956,110.305818,1,0.5,4.9,236
4556,-0.789956,110.309187,1,0.5,4.9,236
4557,-0.789956,110.339505,1,0.5,2.85,251
4558,-0.789956,110.342874,1,0.5,2.85,251
4559,-0.789956,110.346242,2,0.5,10.37,-1
4560,-0.789956,110.349611,1,0.5,10.37,101
4561,-0.789956,110.35298,1,0.5,10.37,101
4562,-0.789956,110.356348,1,1.0,13.25,82
4563,-0.789956,110.359717,1,1.0,13.25,82
4564,-0.789956,110.363086,1,1.0,13.25,82
4565,-0.789956,110.369823,2,0.5,6.01,302
4566,-0.789956,110.373192,2,0.5,6.01,302
4567,-0.789956,110.37656,2,0.5,6.01,302
4568,-0.789956,110.379929,2,0.5,6.0,302
4569,-0.789956,110.383298,1,0.5,6.0,184
4570,-0.789956,110.386666,1,0.5,6.0,184
4571,-0.789956,110.494464,1,0.5,5.57,-1
4572,-0.789956,110.497833,3,0.5,10.78,18
4573,-0.789956,110.501202,3,0.5,10.78,18
4574,-0.789956,110.50457,2,0.5,7.03,332
4575,-0.789956,110.777434,1,0.5,2.54,323
4576,-0.789956,110.780802,2,0.5,3.9,210
4577,-0.789956,110.784171,1,0.5,3.9,297
4578,-0.789956,110.78754,1,0.5,3.9,297
4579,-0.789956,110.790908,1,0.5,2.27,228
4580,-0.789956,110.794277,1,0.5,2.27,228
4581,-0.789956,110.797646,1,0.5,2.27,228
4582,-0.789956,110.804383,1,0.5,7.96,141
4583,-0.789956,110.807752,1,0.5,7.96,141
4584,-0.789956,110.81112,1,0.5,7.96,141
4585,-0.789956,110.824595,1,0.5,11.71,99
4586,-0.789956,110.827964,1,0.5,11.71,99
4587,-0.789956,110.831333,1,0.5,11.71,99
4588,-0.789956,110.851545,1,0.5,11.7,99
4589,-0.789956,110.854913,1,0.5,11.7,99
4590,-0.789956,110.858282,1,0.5,11.7,99
4591,-0.789956,110.861651,1,0.5,13.75,65
4592,-0.789956,110.868388,1,0.5,4.76,220
4593,-0.789956,110.871757,1,0.5,18.65,61
4594,-0.789956,110.875125,1,0.5,18.65,61
4595,-0.789956,110.878494,1,0.5,19.23,71
4596,-0.789956,110.881863,1,0.5,19.23,71
4597,-0.793325,110.305818,1,0.5,4.9,236
4598,-0.793325,110.309187,1,0.5,4.9,236
4599,-0.793325,110.356348,1,1.0,13.25,82
4600,-0.793325,110.359717,1,1.0,13.25,82
4601,-0.793325,110.363086,1,1.0,13.25,82
4602,-0.793325,110.369823,1,0.5,6.01,184
4603,-0.793325,110.373192,1,0.5,6.01,184
4604,-0.793325,110.37656,1,0.5,6.01,184
4605,-0.793325,110.386666,1,0.5,5.09,256
4606,-0.793325,110.390035,1,0.5,5.09,256
4607,-0.793325,110.487727,1,0.5,6.46,240
4608,-0.793325,110.491096,1,0.5,6.46,240
4609,-0.793325,110.494464,2,0.5,6.46,309
4610,-0.793325,110.497833,1,0.5,10.78,88
4611,-0.793325,110.501202,1,0.5,10.78,88
4612,-0.793325,110.50457,1,0.5,11.96,100
4613,-0.793325,110.780802,1,0.5,3.9,297
4614,-0.793325,110.784171,1,0.5,3.9,297
4615,-0.793325,110.78754,1,0.5,3.9,297
4616,-0.793325,110.824595,1,0.5,11.71,99
4617,-0.793325,110.827964,1,0.5,11.71,99
4618,-0.793325,110.831333,1,0.5,11.71,99
4619,-0.793325,110.868388,1,0.5,4.76,220
4620,-0.793325,110.871757,1,0.5,18.65,61
4621,-0.793325,110.875125,1,0.5,18.65,-1
4622,-0.793325,110.878494,1,0.5,19.23,71
4623,-0.793325,110.881863,1,0.5,19.23,71
4624,-0.796693,110.369823,1,0.5,6.01,184
4625,-0.796693,110.373192,1,0.5,6.01,184
4626,-0.796693,110.37656,1,0.5,6.01,184
4627,-0.796693,110.386666,1,0.5,5.09,256
4628,-0.796693,110.390035,1,0.5,5.09,256
4629,-0.796693,110.393404,1,0.5,2.08,212
4630,-0.796693,110.396773,1,0.5,2.08,212
4631,-0.796693,110.400141,1,0.5,2.08,212
4632,-0.796693,110.487727,1,0.5,6.46,240
4633,-0.796693,110.491096,1,0.5,6.46,240
4634,-0.796693,110.494464,2,0.5,6.46,309
4635,-0.796693,110.497833,1,0.5,10.78,88
4636,-0.796693,110.501202,1,0.5,10.78,88
4637,-0.796693,110.50457,1,0.5,11.96,100
4638,-0.796693,110.507939,1,0.5,5.35,183
4639,-0.796693,110.511308,1,0.5,5.35,183
4640,-0.796693,110.514676,1,0.5,5.35,183
4641,-0.796693,110.780802,1,0.5,3.9,297
4642,-0.796693,110.784171,1,0.5,3.9,297
4643,-0.796693,110.78754,1,0.5,3.9,297
4644,-0.796693,110.801014,1,0.5,2.56,323
4645,-0.796693,110.804383,1,0.5,2.56,323
4646,-0.796693,110.868388,1,0.5,4.25,170
4647,-0.796693,110.871757,1,0.5,18.65,-1
4648,-0.796693,110.875125,1,0.5,18.65,61
4649,-0.796693,110.8886,1,0.5,24.28,30
4650,-0.796693,110.891969,1,0.5,24.28,30
4651,-0.796693,110.895337,1,0.5,24.28,30
4652,-0.800062,110.24855,1,0.5,10.08,120
4653,-0.800062,110.251919,1,0.5,15.24,-1
4654,-0.800062,110.255288,1,0.5,15.24,-1
4655,-0.800062,110.258657,1,0.5,15.24,-1
4656,-0.800062,110.342874,1,0.5,16.33,-1
4657,-0.800062,110.346242,1,0.5,16.33,-1
4658,-0.800062,110.386666,1,0.5,5.09,256
4659,-0.800062,110.390035,1,0.5,5.09,256
4660,-0.800062,110.393404,1,0.5,2.08,212
4661,-0.800062,110.396773,1,0.5,2.08,212
4662,-0.800062,110.400141,1,0.5,2.08,212
4663,-0.800062,110.507939,1,0.5,5.35,183
4664,-0.800062,110.511308,1,0.5,5.35,183
4665,-0.800062,110.514676,1,0.5,5.35,183
4666,-0.800062,110.518045,1,0.5,28.58,28
4667,-0.800062,110.521414,1,0.5,28.58,28
4668,-0.800062,110.524782,1,0.5,28.58,28
4669,-0.800062,110.575313,1,0.5,3.19,282
4670,-0.800062,110.578681,1,0.5,3.19,282
4671,-0.800062,110.58205,1,0.5,3.19,282
4672,-0.800062,110.679742,1,0.5,11.04,98
4673,-0.800062,110.68311,1,0.5,11.04,98
4674,-0.800062,110.801014,1,0.5,2.56,323
4675,-0.800062,110.804383,1,0.5,2.56,323
4676,-0.800062,110.824595,1,0.5,18.33,64
4677,-0.800062,110.827964,1,0.5,18.33,64
4678,-0.800062,110.831333,1,0.5,18.33,64
4679,-0.800062,110.8886,1,0.5,24.28,30
4680,-0.800062,110.891969,1,0.5,24.28,30
4681,-0.800062,110.895337,1,0.5,24.28,30
4682,-0.803431,110.24855,1,0.5,10.08,120
4683,-0.803431,110.251919,1,0.5,15.24,-1
4684,-0.803431,110.255288,1,0.5,15.24,-1
4685,-0.803431,110.258657,1,0.5,15.24,-1
4686,-0.803431,110.336136,1,0.5,4.02,-1
4687,-0.803431,110.339505,2,0.5,4.02,210
4688,-0.803431,110.342874,3,0.5,16.33,18
4689,-0.803431,110.346242,1,0.5,16.33,-1
4690,-0.803431,110.393404,1,0.5,2.08,212
4691,-0.803431,110.396773,1,0.5,2.08,212
4692,-0.803431,110.400141,1,0.5,2.08,212
4693,-0.803431,110.507939,2,0.5,5.35,287
4694,-0.803431,110.511308,2,0.5,5.35,287
4695,-0.803431,110.514676,2,0.5,5.35,287
4696,-0.803431,110.518045,1,0.5,28.58,28
4697,-0.803431,110.521414,1,0.5,28.58,28
4698,-0.803431,110.524782,1,0.5,28.58,28
4699,-0.803431,110.575313,1,0.5,3.19,282
4700,-0.803431,110.578681,1,0.5,3.19,282
4701,-0.803431,110.58205,1,0.5,3.19,282
4702,-0.803431,110.679742,1,0.5,11.04,98
4703,-0.803431,110.68311,1,0.5,11.04,98
4704,-0.803431,110.790908,1,0.5,6.53,194
4705,-0.803431,110.794277,1,0.5,6.53,194
4706,-0.803431,110.824595,1,0.5,18.33,64
4707,-0.803431,110.827964,1,0.5,18.33,64
4708,-0.803431,110.831333,1,0.5,18.33,64
4709,-0.803431,110.8886,1,0.5,4.19,155
4710,-0.803431,110.891969,1,0.5,4.19,155
4711,-0.803431,110.895337,1,0.5,4.19,155
4712,-0.806799,110.245182,1,0.5,11.69,99
4713,-0.806799,110.24855,2,0.5,11.69,216
4714,-0.806799,110.251919,2,0.5,15.24,-1
4715,-0.806799,110.255288,1,0.5,15.24,-1
4716,-0.806799,110.258657,1,0.5,15.24,-1
4717,-0.806799,110.336136,1,0.5,4.02,-1
4718,-0.806799,110.339505,2,0.5,4.02,210
4719,-0.806799,110.342874,3,0.5,16.33,18
4720,-0.806799,110.346242,1,0.5,16.33,-1
4721,-0.806799,110.393404,1,0.5,2.08,212
4722,-0.806799,110.396773,1,0.5,2.08,212
4723,-0.806799,110.400141,1,0.5,2.08,212
4724,-0.806799,110.507939,2,0.5,5.35,287
4725,-0.806799,110.511308,2,0.5,5.35,287
4726,-0.806799,110.514676,2,0.5,5.35,287
4727,-0.806799,110.518045,1,0.5,28.58,28
4728,-0.806799,110.521414,1,0.5,28.58,28
4729,-0.806799,110.524782,1,0.5,28.58,28
4730,-0.806799,110.679742,1,0.5,11.04,98
4731,-0.806799,110.68311,1,0.5,11.04,98
4732,-0.806799,110.76059,1,0.5,5.17,158
4733,-0.806799,110.763959,1,0.5,5.17,158
4734,-0.806799,110.767328,1,0.5,9.11,157
4735,-0.806799,110.770696,1,0.5,9.11,157
4736,-0.806799,110.774065,1,0.5,9.11,157
4737,-0.806799,110.790908,1,0.5,6.53,194
4738,-0.806799,110.794277,1,0.5,6.53,194
4739,-0.806799,110.824595,1,0.5,18.33,64
4740,-0.806799,110.827964,1,0.5,18.33,64
4741,-0.806799,110.831333,1,0.5,18.33,64
4742,-0.806799,110.8886,1,0.5,4.19,155
4743,-0.806799,110.891969,1,0.5,4.19,155
4744,-0.806799,110.895337,1,0.5,4.19,155
4745,-0.806799,110.898706,1,0.5,6.51,241
4746,-0.806799,110.902075,1,0.5,6.51,241
4747,-0.806799,110.905444,1,0.5,6.51,241
4748,-0.806799,110.908812,2,0.5,6.51,-1
4749,-0.806799,110.912181,1,0.5,2.8,247
4750,-0.810168,110.245182,1,0.5,11.69,99
4751,-0.810168,110.24855,1,0.5,11.69,99
4752,-0.810168,110.251919,1,0.5,11.69,99
4753,-0.810168,110.336136,1,0.5,4.02,-1
4754,-0.810168,110.339505,1,0.5,4.02,-1
4755,-0.810168,110.342874,1,0.5,4.02,-1
4756,-0.810168,110.420353,1,0.5,8.75,205
4757,-0.810168,110.423722,1,0.5,8.75,205
4758,-0.810168,110.507939,2,0.5,5.35,287
4759,-0.810168,110.511308,2,0.5,5.35,287
4760,-0.810168,110.514676,2,0.5,5.35,287
4761,-0.810168,110.76059,1,0.5,5.17,158
4762,-0.810168,110.763959,1,0.5,5.17,158
4763,-0.810168,110.767328,1,0.5,9.11,157
4764,-0.810168,110.770696,1,0.5,9.11,157
4765,-0.810168,110.774065,1,0.5,9.11,157
4766,-0.810168,110.790908,1,0.5,6.53,194
4767,-0.810168,110.794277,1,0.5,6.53,194
4768,-0.810168,110.824595,1,0.5,18.33,64
4769,-0.810168,110.827964,1,0.5,18.33,64
4770,-0.810168,110.831333,1,0.5,18.33,64
4771,-0.810168,110.898706,1,0.5,6.51,241
4772,-0.810168,110.902075,1,0.5,5.64,226
4773,-0.810168,110.905444,1,0.5,5.64,226
4774,-0.810168,110.908812,2,0.5,5.64,-1
4775,-0.810168,110.912181,1,0.5,2.8,247
4776,-0.813537,110.245182,1,0.5,11.69,99
4777,-0.813537,110.24855,1,0.5,11.69,99
4778,-0.813537,110.251919,1,0.5,11.69,99
4779,-0.813537,110.410247,1,1.0,13.43,81
4780,-0.813537,110.413616,1,1.0,13.43,81
4781,-0.813537,110.416985,1,1.0,13.43,81
4782,-0.813537,110.420353,1,1.0,8.75,205
4783,-0.813537,110.423722,1,0.5,8.75,205
4784,-0.813537,110.76059,1,0.5,5.17,158
4785,-0.813537,110.763959,1,0.5,5.17,158
4786,-0.813537,110.767328,1,0.5,9.11,157
4787,-0.813537,110.770696,1,0.5,9.11,157
4788,-0.813537,110.774065,1,0.5,9.11,157
4789,-0.813537,110.898706,1,0.5,6.51,241
4790,-0.813537,110.902075,1,0.5,5.64,226
4791,-0.813537,110.905444,1,0.5,5.64,226
4792,-0.813537,110.908812,1,0.5,5.64,226
4793,-0.816905,110.288975,1,0.5,3.06,270
4794,-0.816905,110.292343,1,0.5,3.06,270
4795,-0.816905,110.295712,1,0.5,3.06,270
4796,-0.816905,110.410247,1,1.0,13.43,81
4797,-0.816905,110.413616,1,1.0,13.43,81
4798,-0.816905,110.416985,1,1.0,13.43,81
4799,-0.816905,110.420353,1,1.0,8.75,205
4800,-0.816905,110.423722,1,0.5,8.75,205
4801,-0.816905,110.437197,1,0.5,29.57,23
4802,-0.816905,110.440565,2,0.5,29.57,-1
4803,-0.816905,110.443934,2,0.5,24.05,36
4804,-0.816905,110.450671,1,1.0,9.3,-1
4805,-0.816905,110.45404,1,1.0,9.3,-1
4806,-0.816905,110.457409,1,1.0,9.3,-1
4807,-0.816905,110.497833,1,0.5,8.71,-1
4808,-0.816905,110.501202,2,0.5,9.11,284
4809,-0.816905,110.50457,2,0.5,9.11,284
4810,-0.816905,110.507939,1,0.5,9.11,157
4811,-0.816905,110.753853,1,0.5,7.31,145
4812,-0.816905,110.757222,1,0.5,7.31,145
4813,-0.816905,110.76059,1,0.5,7.31,145
4814,-0.816905,110.763959,1,0.5,7.31,145
4815,-0.816905,110.875125,1,0.5,7.95,-1
4816,-0.816905,110.878494,2,0.5,36.07,21
4817,-0.816905,110.881863,2,0.5,36.07,21
4818,-0.816905,110.902075,1,0.5,6.51,241
4819,-0.816905,110.905444,1,0.5,5.64,226
4820,-0.816905,110.908812,1,0.5,5.64,226
4821,-0.816905,110.912181,2,0.5,37.09,22
4822,-0.816905,110.91555,1,0.5,37.09,-1
4823,-0.816905,110.918918,1,0.5,37.09,-1
4824,-0.820274,110.282237,1,0.5,5.01,234
4825,-0.820274,110.285606,1,0.5,5.01,234
4826,-0.820274,110.288975,2,0.5,5.01,287
4827,-0.820274,110.292343,1,0.5,3.06,270
4828,-0.820274,110.295712,1,0.5,3.06,270
4829,-0.820274,110.410247,1,1.0,13.43,81
4830,-0.820274,110.413616,1,1.0,13.43,81
4831,-0.820274,110.416985,1,1.0,13.43,81
4832,-0.820274,110.420353,1,1.0,8.75,205
4833,-0.820274,110.423722,1,0.5,8.75,205
4834,-0.820274,110.437197,1,0.5,29.57,23
4835,-0.820274,110.440565,2,0.5,29.57,-1
4836,-0.820274,110.443934,2,0.5,24.05,36
4837,-0.820274,110.450671,1,1.0,9.3,-1
4838,-0.820274,110.45404,1,1.0,9.3,-1
4839,-0.820274,110.457409,1,1.0,9.3,-1
4840,-0.820274,110.497833,1,0.5,8.71,-1
4841,-0.820274,110.501202,2,0.5,9.11,284
4842,-0.820274,110.50457,2,0.5,9.11,284
4843,-0.820274,110.507939,1,0.5,9.11,157
4844,-0.820274,110.753853,1,0.5,7.31,145
4845,-0.820274,110.757222,1,0.5,7.31,145
4846,-0.820274,110.76059,1,0.5,7.31,145
4847,-0.820274,110.763959,1,0.5,7.31,145
4848,-0.820274,110.807752,1,0.5,9.8,-1
4849,-0.820274,110.81112,1,0.5,9.8,-1
4850,-0.820274,110.814489,2,0.5,9.8,262
4851,-0.820274,110.817858,1,0.5,4.07,288
4852,-0.820274,110.827964,1,0.5,8.73,205
4853,-0.820274,110.831333,1,0.5,8.73,205
4854,-0.820274,110.834701,1,0.5,8.73,205
4855,-0.820274,110.83807,1,0.5,19.83,66
4856,-0.820274,110.841439,1,0.5,19.83,-1
4857,-0.820274,110.844807,1,0.5,19.83,-1
4858,-0.820274,110.848176,1,0.5,8.83,-1
4859,-0.820274,110.875125,1,0.5,7.95,-1
4860,-0.820274,110.878494,2,0.5,36.07,21
4861,-0.820274,110.881863,2,0.5,36.07,21
4862,-0.820274,110.898706,1,0.5,4.07,288
4863,-0.820274,110.902075,1,0.5,4.07,288
4864,-0.820274,110.905444,1,0.5,4.07,288
4865,-0.820274,110.912181,1,0.5,37.09,-1
4866,-0.820274,110.91555,1,0.5,37.09,-1
4867,-0.820274,110.918918,1,0.5,37.09,-1
4868,-0.823643,110.282237,1,0.5,5.01,234
4869,-0.823643,110.285606,1,0.5,5.01,234
4870,-0.823643,110.288975,2,0.5,5.01,287
4871,-0.823643,110.292343,1,0.5,3.06,270
4872,-0.823643,110.295712,1,0.5,3.06,270
4873,-0.823643,110.400141,1,0.5,78.0,4
4874,-0.823643,110.40351,2,0.5,78.0,3
4875,-0.823643,110.406879,2,0.5,78.0,3
4876,-0.823643,110.410247,2,0.5,78.0,3
4877,-0.823643,110.437197,1,0.5,29.57,23
4878,-0.823643,110.440565,2,0.5,29.57,-1
4879,-0.823643,110.443934,1,0.5,3.78,320
4880,-0.823643,110.450671,1,1.0,9.3,-1
4881,-0.823643,110.45404,1,1.0,9.3,-1
4882,-0.823643,110.457409,1,1.0,9.3,-1
4883,-0.823643,110.497833,1,0.5,8.71,-1
4884,-0.823643,110.501202,1,0.5,8.71,-1
4885,-0.823643,110.50457,1,0.5,8.71,-1
4886,-0.823643,110.518045,1,0.5,4.66,266
4887,-0.823643,110.521414,2,0.5,6.62,333
4888,-0.823643,110.524782,2,0.5,6.62,333
4889,-0.823643,110.528151,1,0.5,5.78,161
4890,-0.823643,110.757222,1,0.5,7.31,145
4891,-0.823643,110.76059,1,0.5,7.31,145
4892,-0.823643,110.763959,1,0.5,7.31,145
4893,-0.823643,110.767328,1,0.5,7.31,145
4894,-0.823643,110.794277,1,0.5,4.48,275
4895,-0.823643,110.797646,1,0.5,4.48,275
4896,-0.823643,110.807752,1,0.5,9.8,-1
4897,-0.823643,110.81112,1,0.5,9.8,-1
4898,-0.823643,110.814489,2,0.5,9.8,262
4899,-0.823643,110.817858,1,0.5,4.07,288
4900,-0.823643,110.827964,1,0.5,8.73,205
4901,-0.823643,110.831333,1,0.5,8.73,205
4902,-0.823643,110.834701,1,0.5,8.73,205
4903,-0.823643,110.83807,1,0.5,19.83,-1
4904,-0.823643,110.841439,1,0.5,19.83,-1
4905,-0.823643,110.844807,1,0.5,19.83,-1
4906,-0.823643,110.848176,1,0.5,8.83,-1
4907,-0.823643,110.875125,1,0.5,7.95,-1
4908,-0.823643,110.878494,2,0.5,36.07,21
4909,-0.823643,110.881863,2,0.5,36.07,21
4910,-0.823643,110.898706,1,0.5,5.28,160
4911,-0.823643,110.902075,1,0.5,5.28,160
4912,-0.823643,110.905444,1,0.5,5.28,160
4913,-0.823643,110.908812,1,0.5,5.28,160
4914,-0.827012,110.349611,1,0.5,3.44,295
4915,-0.827012,110.35298,1,0.5,3.44,295
4916,-0.827012,110.356348,1,0.5,3.44,295
4917,-0.827012,110.400141,1,0.5,78.0,4
4918,-0.827012,110.40351,2,0.5,78.0,3
4919,-0.827012,110.406879,2,0.5,78.0,3
4920,-0.827012,110.410247,2,0.5,78.0,3
4921,-0.827012,110.450671,1,1.0,9.3,-1
4922,-0.827012,110.45404,1,1.0,9.3,-1
4923,-0.827012,110.457409,1,1.0,9.3,-1
4924,-0.827012,110.507939,1,0.5,7.2,178
4925,-0.827012,110.511308,1,0.5,7.2,178
4926,-0.827012,110.514676,1,0.5,7.2,178
4927,-0.827012,110.518045,1,0.5,4.66,266
4928,-0.827012,110.521414,2,0.5,6.62,333
4929,-0.827012,110.524782,2,0.5,6.62,333
4930,-0.827012,110.528151,1,0.5,5.78,161
4931,-0.827012,110.750484,1,0.5,7.09,-1
4932,-0.827012,110.753853,1,0.5,7.09,-1
4933,-0.827012,110.757222,1,0.5,7.09,-1
4934,-0.827012,110.76059,1,0.5,7.31,145
4935,-0.827012,110.763959,1,0.5,7.31,145
4936,-0.827012,110.767328,1,0.5,7.31,145
4937,-0.827012,110.794277,1,0.5,4.48,275
4938,-0.827012,110.797646,1,0.5,4.48,275
4939,-0.827012,110.807752,1,0.5,9.8,-1
4940,-0.827012,110.81112,1,0.5,9.8,-1
4941,-0.827012,110.814489,2,0.5,9.8,262
4942,-0.827012,110.817858,1,0.5,38.41,15
4943,-0.827012,110.821226,1,0.5,38.41,15
4944,-0.827012,110.824595,1,0.5,38.41,15
4945,-0.827012,110.827964,1,0.5,8.73,205
4946,-0.827012,110.831333,1,0.5,8.73,205
4947,-0.827012,110.834701,1,0.5,8.73,205
4948,-0.827012,110.83807,1,0.5,19.83,-1
4949,-0.827012,110.841439,1,0.5,19.83,-1
4950,-0.827012,110.844807,1,0.5,19.83,-1
4951,-0.827012,110.858282,1,0.5,23.33,35
4952,-0.827012,110.861651,1,0.5,23.33,35
4953,-0.827012,110.878494,1,0.5,4.86,245
4954,-0.827012,110.881863,1,0.5,4.86,245
4955,-0.827012,110.8886,1,0.5,41.36,11
4956,-0.827012,110.891969,1,0.5,41.36,11
4957,-0.827012,110.895337,1,0.5,41.36,11
4958,-0.827012,110.898706,1,0.5,5.28,160
4959,-0.827012,110.902075,1,0.5,5.28,160
4960,-0.827012,110.905444,1,0.5,5.28,160
4961,-0.827012,110.908812,1,0.5,5.28,160
4962,-0.83038,110.339505,1,0.5,9.99,121
4963,-0.83038,110.342874,1,0.5,9.99,121
4964,-0.83038,110.346242,1,0.5,9.99,121
4965,-0.83038,110.349611,1,0.5,3.44,295
4966,-0.83038,110.35298,1,0.5,3.44,295
4967,-0.83038,110.356348,1,0.5,3.44,295
4968,-0.83038,110.400141,1,0.5,78.0,4
4969,-0.83038,110.40351,2,0.5,78.0,3
4970,-0.83038,110.406879,2,0.5,78.0,3
4971,-0.83038,110.410247,2,0.5,78.0,3
4972,-0.83038,110.433828,1,0.5,2.98,259
4973,-0.83038,110.437197,1,0.5,2.98,259
4974,-0.83038,110.440565,1,0.5,2.98,259
4975,-0.83038,110.507939,1,0.5,7.2,178
4976,-0.83038,110.511308,1,0.5,7.2,178
4977,-0.83038,110.514676,1,0.5,7.2,178
4978,-0.83038,110.518045,1,0.5,4.66,266
4979,-0.83038,110.521414,2,0.5,6.62,333
4980,-0.83038,110.524782,2,0.5,6.62,333
4981,-0.83038,110.528151,1,0.5,5.78,161
4982,-0.83038,110.750484,1,0.5,7.09,-1
4983,-0.83038,110.753853,1,0.5,7.09,-1
4984,-0.83038,110.757222,1,0.5,7.09,-1
4985,-0.83038,110.794277,1,0.5,4.48,275
4986,-0.83038,110.797646,1,0.5,4.48,275
4987,-0.83038,110.804383,1,0.5,2.36,229
4988,-0.83038,110.807752,1,0.5,2.36,229
4989,-0.83038,110.817858,1,0.5,38.41,15
4990,-0.83038,110.821226,1,0.5,38.41,15
4991,-0.83038,110.824595,1,0.5,38.41,15
4992,-0.83038,110.834701,1,0.5,24.8,31
4993,-0.83038,110.83807,1,0.5,24.8,31
4994,-0.83038,110.841439,1,0.5,24.8,31
4995,-0.83038,110.858282,1,0.5,23.33,35
4996,-0.83038,110.861651,1,0.5,23.33,35
4997,-0.83038,110.865019,1,0.5,4.37,280
4998,-0.83038,110.868388,1,0.5,4.37,280
4999,-0.83038,110.8886,1,0.5,41.36,11
5000,-0.83038,110.891969,1,0.5,41.36,11
5001,-0.83038,110.895337,1,0.5,41.36,11
5002,-0.83038,110.898706,1,0.5,5.28,160
5003,-0.83038,110.902075,1,0.5,5.28,160
5004,-0.83038,110.905444,1,0.5,5.28,160
5005,-0.83038,110.908812,1,0.5,5.28,160
5006,-0.833749,110.339505,1,0.5,9.99,121
5007,-0.833749,110.342874,1,0.5,9.99,121
5008,-0.833749,110.346242,1,0.5,9.99,121
5009,-0.833749,110.349611,1,0.5,3.44,295
5010,-0.833749,110.35298,1,0.5,3.44,295
5011,-0.833749,110.356348,1,0.5,3.44,295
5012,-0.833749,110.413616,1,0.5,12.36,113
5013,-0.833749,110.416985,1,0.5,12.36,113
5014,-0.833749,110.420353,1,0.5,12.36,113
5015,-0.833749,110.433828,1,0.5,2.98,259
5016,-0.833749,110.437197,1,0.5,2.98,259
5017,-0.833749,110.440565,1,0.5,2.98,259
5018,-0.833749,110.511308,1,0.5,7.2,178
5019,-0.833749,110.514676,1,0.5,7.2,178
5020,-0.833749,110.518045,1,0.5,7.2,178
5021,-0.833749,110.524782,1,0.5,6.62,174
5022,-0.833749,110.528151,2,0.5,6.62,333
5023,-0.833749,110.53152,1,0.5,4.79,221
5024,-0.833749,110.750484,1,0.5,7.09,-1
5025,-0.833749,110.753853,1,0.5,7.09,-1
5026,-0.833749,110.757222,1,0.5,7.09,-1
5027,-0.833749,110.804383,1,0.5,2.36,229
5028,-0.833749,110.807752,1,0.5,2.36,229
5029,-0.833749,110.817858,1,0.5,38.41,15
5030,-0.833749,110.821226,1,0.5,38.41,15
5031,-0.833749,110.824595,1,0.5,38.41,15
5032,-0.833749,110.831333,1,0.5,7.91,133
5033,-0.833749,110.834701,2,0.5,24.8,37
5034,-0.833749,110.83807,2,0.5,24.8,37
5035,-0.833749,110.841439,1,0.5,24.8,31
5036,-0.833749,110.858282,1,0.5,23.33,35
5037,-0.833749,110.861651,1,0.5,23.33,35
5038,-0.833749,110.865019,1,0.5,4.37,280
5039,-0.833749,110.868388,1,0.5,4.37,280
5040,-0.833749,110.8886,1,0.5,41.36,11
5041,-0.833749,110.891969,1,0.5,41.36,11
5042,-0.833749,110.895337,1,0.5,41.36,11
5043,-0.833749,110.898706,1,0.5,5.28,160
5044,-0.833749,110.902075,1,0.5,5.28,160
5045,-0.833749,110.905444,1,0.5,5.28,160
5046,-0.833749,110.908812,1,0.5,5.28,160
5047,-0.837118,110.332768,1,0.5,9.99,121
5048,-0.837118,110.336136,1,0.5,9.99,121
5049,-0.837118,110.339505,1,0.5,9.99,121
5050,-0.837118,110.342874,1,0.5,9.99,121
5051,-0.837118,110.346242,2,0.5,9.99,262
5052,-0.837118,110.349611,2,0.5,7.56,328
5053,-0.837118,110.35298,2,0.5,7.56,328
5054,-0.837118,110.356348,1,0.5,3.44,295
5055,-0.837118,110.363086,1,0.5,3.71,327
5056,-0.837118,110.366454,1,0.5,3.71,327
5057,-0.837118,110.369823,1,0.5,3.71,327
5058,-0.837118,110.410247,1,0.5,6.71,-1
5059,-0.837118,110.413616,3,0.5,14.65,18
5060,-0.837118,110.416985,3,0.5,14.65,18
5061,-0.837118,110.420353,2,0.5,14.65,-1
5062,-0.837118,110.423722,1,0.5,12.36,113
5063,-0.837118,110.437197,1,0.5,2.98,259
5064,-0.837118,110.440565,1,0.5,2.98,259
5065,-0.837118,110.443934,1,0.5,2.98,259
5066,-0.837118,110.484358,1,0.5,9.35,146
5067,-0.837118,110.487727,1,0.5,9.35,146
5068,-0.837118,110.491096,1,0.5,9.35,146
5069,-0.837118,110.511308,1,0.5,33.95,20
5070,-0.837118,110.514676,1,0.5,33.95,-1
5071,-0.837118,110.518045,1,0.5,33.95,-1
5072,-0.837118,110.528151,1,0.5,4.79,221
5073,-0.837118,110.53152,1,0.5,4.79,221
5074,-0.837118,110.831333,2,0.5,7.91,293
5075,-0.837118,110.834701,3,0.5,24.8,17
5076,-0.837118,110.83807,3,0.5,24.8,17
5077,-0.837118,110.841439,1,0.5,24.8,31
5078,-0.837118,110.8886,1,0.5,2.93,-1
5079,-0.837118,110.891969,1,0.5,2.93,-1
5080,-0.837118,110.895337,1,0.5,2.93,-1
5081,-0.840486,110.336136,1,0.5,9.99,121
5082,-0.840486,110.339505,1,0.5,9.99,121
5083,-0.840486,110.342874,1,0.5,9.99,121
5084,-0.840486,110.346242,1,0.5,9.99,121
5085,-0.840486,110.349611,1,0.5,7.56,140
5086,-0.840486,110.35298,1,0.5,7.56,140
5087,-0.840486,110.356348,1,0.5,7.56,140
5088,-0.840486,110.366454,1,0.5,3.71,327
5089,-0.840486,110.369823,1,0.5,3.71,327
5090,-0.840486,110.373192,1,0.5,3.71,327
5091,-0.840486,110.410247,1,0.5,6.71,-1
5092,-0.840486,110.413616,3,0.5,14.65,18
5093,-0.840486,110.416985,3,0.5,14.65,18
5094,-0.840486,110.420353,2,0.5,14.65,-1
5095,-0.840486,110.423722,1,0.5,12.36,113
5096,-0.840486,110.48099,2,0.5,9.16,284
5097,-0.840486,110.484358,2,0.5,9.16,284
5098,-0.840486,110.487727,2,0.5,9.16,284
5099,-0.840486,110.491096,1,0.5,9.35,146
5100,-0.840486,110.507939,1,0.5,20.5,51
5101,-0.840486,110.511308,2,0.5,33.95,-1
5102,-0.840486,110.514676,2,0.5,33.95,-1
5103,-0.840486,110.518045,1,0.5,33.95,-1
5104,-0.840486,110.528151,1,0.5,4.79,221
5105,-0.840486,110.53152,1,0.5,4.79,221
5106,-0.840486,110.780802,1,0.5,19.93,66
5107,-0.840486,110.784171,1,0.5,19.93,66
5108,-0.840486,110.790908,1,0.5,6.24,233
5109,-0.840486,110.794277,1,0.5,6.24,233
5110,-0.840486,110.797646,1,0.5,6.24,233
5111,-0.840486,110.831333,2,0.5,7.91,293
5112,-0.840486,110.834701,3,0.5,7.91,18
5113,-0.840486,110.83807,3,0.5,7.91,18
5114,-0.843855,110.268763,1,0.5,5.92,214
5115,-0.843855,110.272131,1,0.5,5.92,214
5116,-0.843855,110.336136,1,0.5,9.99,121
5117,-0.843855,110.339505,1,0.5,9.99,121
5118,-0.843855,110.342874,1,0.5,9.99,121
5119,-0.843855,110.346242,1,0.5,9.99,121
5120,-0.843855,110.363086,1,0.5,2.79,247
5121,-0.843855,110.366454,1,0.5,2.79,247
5122,-0.843855,110.369823,1,0.5,2.79,247
5123,-0.843855,110.373192,1,0.5,3.71,327
5124,-0.843855,110.406879,1,0.5,6.97,135
5125,-0.843855,110.410247,2,0.5,6.97,332
5126,-0.843855,110.413616,4,0.5,14.65,2
5127,-0.843855,110.416985,4,0.5,14.65,2
5128,-0.843855,110.420353,3,0.5,14.65,18
5129,-0.843855,110.423722,1,0.5,5.49,-1
5130,-0.843855,110.48099,2,0.5,9.16,284
5131,-0.843855,110.484358,2,0.5,9.16,284
5132,-0.843855,110.487727,2,0.5,9.16,284
5133,-0.843855,110.491096,1,0.5,9.35,146
5134,-0.843855,110.507939,1,0.5,20.5,51
5135,-0.843855,110.511308,1,0.5,20.5,51
5136,-0.843855,110.514676,1,0.5,19.36,-1
5137,-0.843855,110.518045,1,0.5,3.71,327
5138,-0.843855,110.521414,1,0.5,3.71,327
5139,-0.843855,110.528151,1,0.5,19.1,72
5140,-0.843855,110.53152,2,0.5,19.1,50
5141,-0.843855,110.534888,2,0.5,19.1,50
5142,-0.843855,110.538257,1,0.5,9.26,-1
5143,-0.843855,110.588787,1,0.5,6.43,202
5144,-0.843855,110.592156,1,0.5,6.43,202
5145,-0.843855,110.595525,1,0.5,6.43,202
5146,-0.843855,110.780802,1,0.5,19.93,66
5147,-0.843855,110.784171,1,0.5,19.93,66
5148,-0.843855,110.790908,1,0.5,6.24,233
5149,-0.843855,110.794277,1,0.5,6.24,233
5150,-0.843855,110.797646,1,0.5,6.24,233
5151,-0.843855,110.804383,1,0.5,6.31,187
5152,-0.843855,110.807752,1,0.5,6.31,187
5153,-0.843855,110.81112,1,0.5,6.31,187
5154,-0.843855,110.831333,1,0.5,7.91,133
5155,-0.843855,110.834701,2,0.5,7.91,293
5156,-0.843855,110.83807,2,0.5,7.91,293
5157,-0.847224,110.255288,1,0.5,19.11,72
5158,-0.847224,110.258657,1,0.5,19.11,72
5159,-0.847224,110.262025,1,0.5,19.11,72
5160,-0.847224,110.268763,1,0.5,55.49,6
5161,-0.847224,110.272131,1,0.5,55.49,6
5162,-0.847224,110.339505,1,0.5,6.36,204
5163,-0.847224,110.342874,1,0.5,6.36,204
5164,-0.847224,110.346242,1,0.5,6.36,204
5165,-0.847224,110.363086,1,0.5,2.79,247
5166,-0.847224,110.366454,1,0.5,2.79,247
5167,-0.847224,110.369823,1,0.5,2.79,247
5168,-0.847224,110.406879,2,0.5,11.02,216
5169,-0.847224,110.410247,2,0.5,13.14,112
5170,-0.847224,110.413616,2,0.5,13.14,112
5171,-0.847224,110.416985,2,0.5,13.14,112
5172,-0.847224,110.420353,1,0.5,5.49,-1
5173,-0.847224,110.423722,1,0.5,5.49,-1
5174,-0.847224,110.48099,2,0.5,9.16,284
5175,-0.847224,110.484358,2,0.5,9.16,284
5176,-0.847224,110.487727,2,0.5,9.16,284
5177,-0.847224,110.497833,1,1.0,9.14,-1
5178,-0.847224,110.501202,1,1.0,9.14,-1
5179,-0.847224,110.507939,1,0.5,20.5,51
5180,-0.847224,110.511308,2,0.5,20.5,50
5181,-0.847224,110.514676,2,0.5,19.36,50
5182,-0.847224,110.518045,1,0.5,3.71,327
5183,-0.847224,110.521414,1,0.5,3.71,327
5184,-0.847224,110.524782,1,0.5,11.12,-1
5185,-0.847224,110.528151,2,0.5,19.1,50
5186,-0.847224,110.53152,2,0.5,19.1,50
5187,-0.847224,110.534888,2,0.5,19.1,50
5188,-0.847224,110.538257,1,0.5,9.26,-1
5189,-0.847224,110.588787,1,0.5,6.43,202
5190,-0.847224,110.592156,1,0.5,6.43,202
5191,-0.847224,110.595525,1,0.5,6.43,202
5192,-0.847224,110.780802,1,0.5,11.0,97
5193,-0.847224,110.784171,1,0.5,11.0,97
5194,-0.847224,110.790908,2,0.5,6.24,309
5195,-0.847224,110.794277,2,0.5,6.24,309
5196,-0.847224,110.797646,2,0.5,6.24,309
5197,-0.847224,110.804383,1,0.5,6.31,187
5198,-0.847224,110.807752,1,0.5,6.31,187
5199,-0.847224,110.81112,1,0.5,6.31,187
5200,-0.847224,110.821226,1,0.5,4.6,267
5201,-0.847224,110.824595,1,0.5,4.6,267
5202,-0.847224,110.834701,1,0.5,2.65,-1
5203,-0.847224,110.83807,1,0.5,2.65,-1
5204,-0.850592,110.140753,2,0.5,7.0,332
5205,-0.850592,110.144121,2,0.5,7.0,332
5206,-0.850592,110.14749,1,0.5,7.0,142
5207,-0.850592,110.255288,1,0.5,19.11,72
5208,-0.850592,110.258657,1,0.5,19.11,72
5209,-0.850592,110.262025,1,0.5,19.11,72
5210,-0.850592,110.268763,1,0.5,55.49,6
5211,-0.850592,110.272131,1,0.5,55.49,6
5212,-0.850592,110.339505,1,0.5,6.36,204
5213,-0.850592,110.342874,1,0.5,6.36,204
5214,-0.850592,110.346242,1,0.5,6.36,204
5215,-0.850592,110.363086,1,0.5,2.79,247
5216,-0.850592,110.366454,1,0.5,2.79,247
5217,-0.850592,110.369823,1,0.5,2.79,247
5218,-0.850592,110.400141,1,0.5,3.11,254
5219,-0.850592,110.40351,1,0.5,3.11,254
5220,-0.850592,110.406879,3,0.5,11.02,18
5221,-0.850592,110.410247,3,0.5,13.14,18
5222,-0.850592,110.413616,2,0.5,13.14,112
5223,-0.850592,110.416985,1,0.5,13.14,85
5224,-0.850592,110.477621,1,0.5,9.34,146
5225,-0.850592,110.48099,1,0.5,9.34,146
5226,-0.850592,110.484358,1,0.5,9.34,146
5227,-0.850592,110.497833,1,1.0,9.14,-1
5228,-0.850592,110.501202,1,1.0,9.14,-1
5229,-0.850592,110.507939,1,0.5,20.5,51
5230,-0.850592,110.511308,3,0.5,20.5,18
5231,-0.850592,110.514676,4,0.5,19.36,2
5232,-0.850592,110.518045,3,0.5,14.83,18
5233,-0.850592,110.521414,2,0.5,4.36,286
5234,-0.850592,110.524782,1,0.5,11.12,-1
5235,-0.850592,110.528151,2,0.5,19.1,50
5236,-0.850592,110.53152,2,0.5,19.1,50
5237,-0.850592,110.534888,2,0.5,19.1,50
5238,-0.850592,110.538257,1,0.5,9.26,-1
5239,-0.850592,110.588787,1,0.5,6.43,202
5240,-0.850592,110.592156,1,0.5,6.43,202
5241,-0.850592,110.595525,1,0.5,6.43,202
5242,-0.850592,110.78754,1,0.5,4.05,300
5243,-0.850592,110.790908,2,0.5,4.05,210
5244,-0.850592,110.794277,2,0.5,4.05,210
5245,-0.850592,110.797646,1,0.5,3.18,281
5246,-0.850592,110.804383,1,0.5,6.31,187
5247,-0.850592,110.807752,1,0.5,6.31,187
5248,-0.850592,110.81112,1,0.5,6.31,187
5249,-0.850592,110.821226,2,0.5,4.6,286
5250,-0.850592,110.824595,2,0.5,4.6,286
5251,-0.853961,110.140753,2,0.5,7.0,332
5252,-0.853961,110.144121,2,0.5,7.0,332
5253,-0.853961,110.14749,1,0.5,7.0,142
5254,-0.853961,110.150859,1,0.5,2.47,237
5255,-0.853961,110.154227,2,0.5,19.87,50
5256,-0.853961,110.157596,2,0.5,19.87,50
5257,-0.853961,110.160965,1,0.5,19.87,66
5258,-0.853961,110.255288,1,0.5,19.11,72
5259,-0.853961,110.258657,1,0.5,19.11,72
5260,-0.853961,110.262025,1,0.5,19.11,72
5261,-0.853961,110.268763,1,0.5,55.49,6
5262,-0.853961,110.272131,1,0.5,55.49,6
5263,-0.853961,110.302449,1,0.5,11.22,115
5264,-0.853961,110.305818,1,0.5,11.22,115
5265,-0.853961,110.309187,1,0.5,11.22,115
5266,-0.853961,110.312555,1,0.5,5.85,162
5267,-0.853961,110.32603,1,1.0,13.34,78
5268,-0.853961,110.329399,1,1.0,13.34,78
5269,-0.853961,110.332768,1,1.0,13.34,78
5270,-0.853961,110.346242,1,0.5,1.87,190
5271,-0.853961,110.349611,1,0.5,1.87,190
5272,-0.853961,110.390035,1,0.5,19.51,75
5273,-0.853961,110.393404,1,0.5,19.51,75
5274,-0.853961,110.396773,1,0.5,19.51,75
5275,-0.853961,110.400141,1,0.5,3.11,254
5276,-0.853961,110.40351,2,0.5,15.7,80
5277,-0.853961,110.406879,2,0.5,15.7,80
5278,-0.853961,110.410247,2,0.5,15.7,80
5279,-0.853961,110.413616,1,0.5,13.14,85
5280,-0.853961,110.416985,1,0.5,13.14,85
5281,-0.853961,110.427091,1,0.5,63.81,5
5282,-0.853961,110.430459,1,0.5,63.81,5
5283,-0.853961,110.433828,1,0.5,63.81,5
5284,-0.853961,110.477621,1,0.5,9.34,146
5285,-0.853961,110.48099,1,0.5,9.34,146
5286,-0.853961,110.484358,1,0.5,9.34,146
5287,-0.853961,110.497833,2,0.75,9.14,284
5288,-0.853961,110.501202,2,0.75,9.14,284
5289,-0.853961,110.50457,1,0.5,3.85,310
5290,-0.853961,110.507939,2,0.5,20.5,50
5291,-0.853961,110.511308,2,0.5,20.5,50
5292,-0.853961,110.514676,3,0.5,19.36,18
5293,-0.853961,110.518045,2,0.5,14.83,91
5294,-0.853961,110.521414,1,0.5,4.36,-1
5295,-0.853961,110.524782,1,0.5,11.12,-1
5296,-0.853961,110.528151,1,0.5,11.12,-1
5297,-0.853961,110.53152,1,0.5,8.31,131
5298,-0.853961,110.534888,1,0.5,8.31,131
5299,-0.853961,110.538257,1,0.5,8.31,131
5300,-0.853961,110.777434,1,0.5,11.76,-1
5301,-0.853961,110.780802,1,0.5,11.76,-1
5302,-0.853961,110.784171,1,0.5,11.76,-1
5303,-0.853961,110.78754,1,0.5,4.05,300
5304,-0.853961,110.790908,2,0.5,4.05,210
5305,-0.853961,110.794277,2,0.5,4.05,210
5306,-0.853961,110.797646,1,0.5,3.18,281
5307,-0.853961,110.804383,1,0.5,6.31,187
5308,-0.853961,110.807752,1,0.5,6.31,187
5309,-0.853961,110.81112,1,0.5,6.31,187
5310,-0.853961,110.821226,2,0.5,4.6,286
5311,-0.853961,110.824595,2,0.5,4.6,286
5312,-0.85733,110.144121,2,0.5,7.0,332
5313,-0.85733,110.14749,1,0.5,7.0,142
5314,-0.85733,110.150859,1,0.5,2.47,237
5315,-0.85733,110.154227,2,0.5,19.87,50
5316,-0.85733,110.157596,2,0.5,19.87,50
5317,-0.85733,110.160965,1,0.5,19.87,66
5318,-0.85733,110.24855,1,1.0,9.68,123
5319,-0.85733,110.251919,1,1.0,9.68,123
5320,-0.85733,110.255288,1,1.0,9.68,123
5321,-0.85733,110.302449,1,0.5,11.22,115
5322,-0.85733,110.305818,1,0.5,11.22,115
5323,-0.85733,110.309187,1,0.5,11.22,115
5324,-0.85733,110.312555,1,0.5,5.85,162
5325,-0.85733,110.32603,1,1.0,13.34,78
5326,-0.85733,110.329399,1,1.0,13.34,78
5327,-0.85733,110.332768,1,1.0,13.34,78
5328,-0.85733,110.346242,1,0.5,1.87,190
5329,-0.85733,110.349611,1,0.5,1.87,190
5330,-0.85733,110.390035,1,0.5,19.51,75
5331,-0.85733,110.393404,1,0.5,19.51,75
5332,-0.85733,110.396773,1,0.5,19.51,75
5333,-0.85733,110.40351,1,0.5,15.7,-1
5334,-0.85733,110.406879,1,0.5,15.7,-1
5335,-0.85733,110.410247,1,0.5,15.7,-1
5336,-0.85733,110.427091,1,0.5,63.81,5
5337,-0.85733,110.430459,1,0.5,63.81,5
5338,-0.85733,110.433828,1,0.5,63.81,5
5339,-0.85733,110.477621,1,0.5,9.34,146
5340,-0.85733,110.48099,1,0.5,9.34,146
5341,-0.85733,110.484358,1,0.5,9.34,146
5342,-0.85733,110.494464,1,0.5,5.48,-1
5343,-0.85733,110.497833,2,0.5,5.48,287
5344,-0.85733,110.501202,2,0.5,5.48,287
5345,-0.85733,110.50457,1,0.5,3.85,310
5346,-0.85733,110.507939,2,0.5,12.32,195
5347,-0.85733,110.511308,2,0.5,12.32,195
5348,-0.85733,110.514676,3,0.5,12.32,18
5349,-0.85733,110.518045,1,0.5,4.36,-1
5350,-0.85733,110.521414,1,0.5,4.36,-1
5351,-0.85733,110.524782,1,0.5,4.87,245
5352,-0.85733,110.528151,1,0.5,4.87,245
5353,-0.85733,110.53152,1,0.5,8.31,131
5354,-0.85733,110.534888,1,0.5,8.31,131
5355,-0.85733,110.538257,1,0.5,8.31,131
5356,-0.85733,110.558469,1,0.5,4.44,263
5357,-0.85733,110.561838,1,0.5,4.44,263
5358,-0.85733,110.565207,1,0.5,4.44,263
5359,-0.85733,110.774065,1,0.5,3.31,276
5360,-0.85733,110.777434,1,0.5,3.31,276
5361,-0.85733,110.780802,1,0.5,3.31,276
5362,-0.85733,110.784171,1,0.5,3.31,276
5363,-0.85733,110.78754,1,0.5,3.86,310
5364,-0.85733,110.790908,1,0.5,3.86,310
5365,-0.85733,110.794277,1,0.5,3.86,310
5366,-0.85733,110.854913,1,0.5,7.67,126
5367,-0.85733,110.858282,1,0.5,7.67,126
5368,-0.85733,110.861651,1,0.5,7.67,126
5369,-0.860698,110.24855,1,1.0,9.68,123
5370,-0.860698,110.251919,1,1.0,9.68,123
5371,-0.860698,110.255288,1,1.0,9.68,123
5372,-0.860698,110.302449,1,0.5,5.85,162
5373,-0.860698,110.305818,1,0.5,5.85,162
5374,-0.860698,110.309187,1,0.5,5.85,162
5375,-0.860698,110.312555,2,0.5,5.85,302
5376,-0.860698,110.315924,1,0.5,3.48,311
5377,-0.860698,110.32603,1,1.0,13.34,78
5378,-0.860698,110.329399,1,1.0,13.34,78
5379,-0.860698,110.332768,1,1.0,13.34,78
5380,-0.860698,110.336136,1,0.5,10.76,88
5381,-0.860698,110.346242,1,0.5,1.87,190
5382,-0.860698,110.349611,1,0.5,1.87,190
5383,-0.860698,110.390035,1,0.5,19.51,75
5384,-0.860698,110.393404,1,0.5,19.51,75
5385,-0.860698,110.396773,1,0.5,19.51,75
5386,-0.860698,110.40351,2,0.5,15.7,80
5387,-0.860698,110.406879,2,0.5,15.7,80
5388,-0.860698,110.410247,2,0.5,15.7,80
5389,-0.860698,110.427091,1,0.5,63.81,5
5390,-0.860698,110.430459,1,0.5,63.81,5
5391,-0.860698,110.433828,1,0.5,63.81,5
5392,-0.860698,110.494464,1,0.5,5.48,-1
5393,-0.860698,110.497833,2,0.5,5.48,287
5394,-0.860698,110.501202,2,0.5,5.48,287
5395,-0.860698,110.50457,2,0.5,12.32,195
5396,-0.860698,110.507939,2,0.5,12.32,195
5397,-0.860698,110.511308,2,0.5,12.32,195
5398,-0.860698,110.514676,3,0.5,12.32,18
5399,-0.860698,110.518045,1,0.5,5.43,-1
5400,-0.860698,110.521414,2,0.5,6.36,309
5401,-0.860698,110.524782,3,0.5,8.53,18
5402,-0.860698,110.528151,2,0.5,11.98,216
5403,-0.860698,110.53152,2,0.5,11.98,216
5404,-0.860698,110.534888,1,0.5,8.31,131
5405,-0.860698,110.538257,1,0.5,8.31,131
5406,-0.860698,110.558469,1,0.5,4.44,263
5407,-0.860698,110.561838,1,0.5,4.44,263
5408,-0.860698,110.565207,1,0.5,4.44,263
5409,-0.860698,110.774065,1,0.5,3.31,276
5410,-0.860698,110.777434,1,0.5,3.31,276
5411,-0.860698,110.780802,1,0.5,3.31,276
5412,-0.860698,110.784171,1,0.5,3.31,276
5413,-0.860698,110.804383,1,0.5,4.74,220
5414,-0.860698,110.807752,1,0.5,4.74,220
5415,-0.860698,110.851545,1,0.5,3.44,295
5416,-0.860698,110.854913,2,0.5,7.67,-1
5417,-0.860698,110.858282,2,0.5,7.67,-1
5418,-0.860698,110.861651,1,0.5,7.67,126
5419,-0.864067,110.24855,1,1.0,9.68,123
5420,-0.864067,110.251919,1,1.0,9.68,123
5421,-0.864067,110.255288,1,1.0,9.68,123
5422,-0.864067,110.312555,1,0.5,3.48,311
5423,-0.864067,110.315924,1,0.5,3.48,311
5424,-0.864067,110.32603,1,1.0,13.34,78
5425,-0.864067,110.329399,1,1.0,13.34,78
5426,-0.864067,110.332768,1,1.0,13.34,78
5427,-0.864067,110.336136,1,0.5,10.76,88
5428,-0.864067,110.40351,1,0.5,4.88,244
5429,-0.864067,110.406879,1,0.5,4.88,244
5430,-0.864067,110.410247,1,0.5,4.88,244
5431,-0.864067,110.413616,1,0.5,7.49,149
5432,-0.864067,110.416985,1,0.5,7.49,149
5433,-0.864067,110.420353,1,0.5,7.49,149
5434,-0.864067,110.494464,1,0.5,5.48,-1
5435,-0.864067,110.497833,1,0.5,5.48,-1
5436,-0.864067,110.501202,1,0.5,5.48,-1
5437,-0.864067,110.50457,1,0.5,12.32,113
5438,-0.864067,110.507939,2,0.5,12.32,195
5439,-0.864067,110.511308,2,0.5,12.32,195
5440,-0.864067,110.514676,1,0.5,4.62,267
5441,-0.864067,110.518045,1,0.5,5.43,-1
5442,-0.864067,110.521414,2,0.5,6.36,309
5443,-0.864067,110.524782,2,0.5,8.53,-1
5444,-0.864067,110.528151,1,0.5,11.98,-1
5445,-0.864067,110.53152,1,0.5,11.98,-1
5446,-0.864067,110.558469,1,0.5,5.73,151
5447,-0.864067,110.561838,2,0.5,7.13,-1
5448,-0.864067,110.565207,2,0.5,7.13,-1
5449,-0.864067,110.568575,1,0.5,7.13,154
5450,-0.864067,110.774065,1,0.5,3.31,276
5451,-0.864067,110.777434,1,0.5,3.31,276
5452,-0.864067,110.780802,1,0.5,3.31,276
5453,-0.864067,110.804383,1,0.5,4.74,220
5454,-0.864067,110.807752,2,0.5,5.07,287
5455,-0.864067,110.81112,1,0.5,5.07,256
5456,-0.864067,110.814489,1,0.5,5.07,256
5457,-0.864067,110.821226,1,0.5,25.19,34
5458,-0.864067,110.824595,1,0.5,25.19,34
5459,-0.864067,110.827964,1,0.5,25.19,34
5460,-0.864067,110.851545,1,0.5,3.44,295
5461,-0.864067,110.854913,2,0.5,7.67,-1
5462,-0.864067,110.858282,2,0.5,7.67,-1
5463,-0.864067,110.861651,1,0.5,7.67,126
5464,-0.864067,110.878494,1,0.5,5.67,213
5465,-0.864067,110.881863,1,0.5,5.67,213
5466,-0.864067,110.885231,1,0.5,5.67,213
5467,-0.867436,110.329399,1,0.5,10.76,88
5468,-0.867436,110.332768,1,0.5,10.76,88
5469,-0.867436,110.336136,1,0.5,10.76,88
5470,-0.867436,110.413616,1,0.5,7.49,149
5471,-0.867436,110.416985,1,0.5,7.49,149
5472,-0.867436,110.420353,1,0.5,7.49,149
5473,-0.867436,110.464146,1,0.5,38.15,15
5474,-0.867436,110.467515,1,0.5,38.15,15
5475,-0.867436,110.470884,1,0.5,38.15,15
5476,-0.867436,110.50457,1,0.5,12.32,113
5477,-0.867436,110.507939,2,0.5,12.32,195
5478,-0.867436,110.511308,2,0.5,12.32,195
5479,-0.867436,110.514676,1,0.5,4.62,267
5480,-0.867436,110.518045,2,0.5,7.32,331
5481,-0.867436,110.521414,3,0.5,8.53,18
5482,-0.867436,110.524782,3,0.5,8.53,18
5483,-0.867436,110.528151,1,0.5,11.98,-1
5484,-0.867436,110.53152,1,0.5,11.98,-1
5485,-0.867436,110.558469,1,0.5,5.73,151
5486,-0.867436,110.561838,2,0.5,7.13,-1
5487,-0.867436,110.565207,2,0.5,7.13,-1
5488,-0.867436,110.568575,1,0.5,7.13,154
5489,-0.867436,110.807752,2,0.5,26.84,37
5490,-0.867436,110.81112,2,0.5,26.84,37
5491,-0.867436,110.814489,2,0.5,26.84,37
5492,-0.867436,110.821226,1,0.5,25.19,34
5493,-0.867436,110.824595,1,0.5,25.19,34
5494,-0.867436,110.827964,1,0.5,25.19,34
5495,-0.867436,110.851545,1,0.5,3.44,295
5496,-0.867436,110.854913,2,0.5,9.18,284
5497,-0.867436,110.858282,2,0.5,9.18,284
5498,-0.867436,110.861651,1,0.5,9.18,197
5499,-0.867436,110.875125,1,0.5,9.17,196
5500,-0.867436,110.878494,1,0.5,9.17,196
5501,-0.867436,110.881863,1,0.5,9.17,196
5502,-0.867436,110.885231,1,0.5,9.17,196
5503,-0.870804,110.184546,1,0.5,8.47,152
5504,-0.870804,110.187914,1,0.5,8.47,152
5505,-0.870804,110.191283,1,0.5,8.47,152
5506,-0.870804,110.251919,1,0.5,4.7,-1
5507,-0.870804,110.255288,2,0.5,4.7,286
5508,-0.870804,110.258657,2,0.5,4.7,286
5509,-0.870804,110.262025,1,0.5,3.18,281
5510,-0.870804,110.265394,1,0.5,3.33,273
5511,-0.870804,110.268763,1,0.5,3.33,273
5512,-0.870804,110.413616,1,0.5,7.49,149
5513,-0.870804,110.416985,2,0.5,7.49,328
5514,-0.870804,110.420353,2,0.5,7.49,328
5515,-0.870804,110.423722,1,0.5,6.28,188
5516,-0.870804,110.460777,1,0.5,13.61,84
5517,-0.870804,110.464146,1,0.5,38.15,15
5518,-0.870804,110.467515,1,0.5,38.15,15
5519,-0.870804,110.470884,1,0.5,38.15,15
5520,-0.870804,110.507939,1,0.5,4.62,267
5521,-0.870804,110.511308,1,0.5,4.62,267
5522,-0.870804,110.514676,1,0.5,4.62,267
5523,-0.870804,110.518045,2,0.5,7.32,331
5524,-0.870804,110.521414,2,0.5,7.32,331
5525,-0.870804,110.524782,1,0.5,7.32,145
5526,-0.870804,110.548363,1,0.5,4.07,288
5527,-0.870804,110.551732,1,0.5,4.07,288
5528,-0.870804,110.555101,1,0.5,4.07,288
5529,-0.870804,110.561838,1,0.5,3.45,314
5530,-0.870804,110.565207,1,0.5,3.45,314
5531,-0.870804,110.568575,1,0.5,3.45,314
5532,-0.870804,110.807752,2,0.5,26.84,37
5533,-0.870804,110.81112,2,0.5,26.84,37
5534,-0.870804,110.814489,2,0.5,26.84,37
5535,-0.870804,110.824595,1,0.5,5.54,180
5536,-0.870804,110.827964,1,0.5,5.54,180
5537,-0.870804,110.831333,1,0.5,5.54,180
5538,-0.870804,110.851545,1,0.5,9.23,175
5539,-0.870804,110.854913,1,0.5,9.23,175
5540,-0.870804,110.858282,1,0.5,9.23,175
5541,-0.870804,110.861651,1,0.5,9.18,197
5542,-0.870804,110.871757,1,0.5,2.63,324
5543,-0.870804,110.875125,1,0.5,9.17,196
5544,-0.870804,110.878494,1,0.5,9.17,196
5545,-0.870804,110.881863,1,0.5,9.17,196
5546,-0.870804,110.885231,1,0.5,9.17,196
5547,-0.870804,110.8886,1,0.5,8.08,134
5548,-0.874173,110.184546,1,0.5,8.47,152
5549,-0.874173,110.187914,1,0.5,8.47,152
5550,-0.874173,110.191283,1,0.5,8.47,152
5551,-0.874173,110.251919,1,0.5,4.7,-1
5552,-0.874173,110.255288,2,0.5,4.7,286
5553,-0.874173,110.258657,2,0.5,4.7,286
5554,-0.874173,110.262025,1,0.5,3.18,281
5555,-0.874173,110.265394,1,0.5,3.33,273
5556,-0.874173,110.268763,1,0.5,3.33,273
5557,-0.874173,110.416985,1,0.5,6.28,188
5558,-0.874173,110.420353,1,0.5,6.28,188
5559,-0.874173,110.423722,1,0.5,6.28,188
5560,-0.874173,110.460777,1,0.5,13.61,84
5561,-0.874173,110.464146,1,0.5,38.15,15
5562,-0.874173,110.467515,1,0.5,38.15,15
5563,-0.874173,110.470884,1,0.5,38.15,15
5564,-0.874173,110.518045,1,0.5,7.32,145
5565,-0.874173,110.521414,1,0.5,7.32,145
5566,-0.874173,110.524782,1,0.5,7.32,145
5567,-0.874173,110.541626,1,0.5,2.64,324
5568,-0.874173,110.544995,1,0.5,2.64,324
5569,-0.874173,110.548363,1,0.5,4.07,288
5570,-0.874173,110.551732,1,0.5,4.07,288
5571,-0.874173,110.555101,1,0.5,4.07,288
5572,-0.874173,110.807752,1,0.5,26.84,-1
5573,-0.874173,110.81112,1,0.5,26.84,-1
5574,-0.874173,110.814489,1,0.5,26.84,-1
5575,-0.874173,110.824595,1,0.5,5.54,180
5576,-0.874173,110.827964,1,0.5,5.54,180
5577,-0.874173,110.831333,1,0.5,5.54,180
5578,-0.874173,110.844807,1,0.5,17.59,-1
5579,-0.874173,110.848176,1,0.5,17.59,-1
5580,-0.874173,110.851545,1,0.5,9.23,175
5581,-0.874173,110.854913,1,0.5,9.23,175
5582,-0.874173,110.858282,1,0.5,9.23,175
5583,-0.874173,110.861651,1,0.5,9.18,197
5584,-0.874173,110.871757,1,0.5,2.63,324
5585,-0.874173,110.875125,1,0.5,9.17,196
5586,-0.874173,110.878494,1,0.5,9.17,196
5587,-0.874173,110.881863,1,0.5,9.17,196
5588,-0.874173,110.885231,1,0.5,9.17,196
5589,-0.874173,110.8886,1,0.5,8.08,134
5590,-0.877542,110.255288,1,0.5,3.18,281
5591,-0.877542,110.258657,1,0.5,3.18,281
5592,-0.877542,110.262025,1,0.5,3.18,281
5593,-0.877542,110.265394,1,0.5,3.33,273
5594,-0.877542,110.268763,1,0.5,3.33,273
5595,-0.877542,110.336136,1,0.5,5.82,162
5596,-0.877542,110.339505,1,0.5,5.82,162
5597,-0.877542,110.342874,1,0.5,5.82,162
5598,-0.877542,110.416985,1,0.5,6.28,188
5599,-0.877542,110.420353,1,0.5,6.28,188
5600,-0.877542,110.423722,1,0.5,6.28,188
5601,-0.877542,110.518045,1,0.5,7.32,145
5602,-0.877542,110.521414,1,0.5,7.32,145
5603,-0.877542,110.524782,1,0.5,7.32,145
5604,-0.877542,110.541626,1,0.5,2.64,324
5605,-0.877542,110.544995,1,0.5,2.64,324
5606,-0.877542,110.548363,1,0.5,4.07,288
5607,-0.877542,110.551732,1,0.5,4.07,288
5608,-0.877542,110.555101,1,0.5,4.07,288
5609,-0.877542,110.639318,1,0.5,10.18,106
5610,-0.877542,110.642686,1,0.5,10.18,106
5611,-0.877542,110.801014,1,0.5,2.0,208
5612,-0.877542,110.804383,1,0.5,2.0,208
5613,-0.877542,110.807752,1,0.5,9.08,156
5614,-0.877542,110.81112,1,0.5,9.08,156
5615,-0.877542,110.814489,1,0.5,9.08,156
5616,-0.877542,110.844807,1,0.5,17.59,-1
5617,-0.877542,110.848176,1,0.5,17.59,-1
5618,-0.877542,110.851545,1,0.5,9.23,175
5619,-0.877542,110.854913,1,0.5,9.23,175
5620,-0.877542,110.858282,1,0.5,9.23,175
5621,-0.877542,110.871757,1,0.5,2.63,324
5622,-0.877542,110.875125,1,0.5,9.17,196
5623,-0.877542,110.878494,1,0.5,9.17,196
5624,-0.877542,110.881863,1,0.5,9.17,196
5625,-0.88091,110.167702,1,0.5,3.37,298
5626,-0.88091,110.255288,1,0.5,3.18,281
5627,-0.88091,110.258657,1,0.5,3.18,281
5628,-0.88091,110.262025,1,0.5,3.18,281
5629,-0.88091,110.336136,1,0.5,5.82,162
5630,-0.88091,110.339505,1,0.5,5.82,162
5631,-0.88091,110.342874,1,0.5,5.82,162
5632,-0.88091,110.497833,1,0.5,13.48,83
5633,-0.88091,110.501202,1,0.5,13.48,83
5634,-0.88091,110.507939,2,0.5,8.29,294
5635,-0.88091,110.511308,2,0.5,9.26,-1
5636,-0.88091,110.514676,2,0.5,9.26,-1
5637,-0.88091,110.518045,1,0.5,9.26,-1
5638,-0.88091,110.521414,1,0.5,9.26,-1
5639,-0.88091,110.541626,1,0.5,2.64,324
5640,-0.88091,110.544995,1,0.5,2.64,324
5641,-0.88091,110.548363,1,0.5,2.64,324
5642,-0.88091,110.639318,1,0.5,10.18,106
5643,-0.88091,110.642686,1,0.5,10.18,106
5644,-0.88091,110.801014,1,0.5,2.0,208
5645,-0.88091,110.804383,1,0.5,2.0,208
5646,-0.88091,110.844807,1,0.5,17.59,-1
5647,-0.88091,110.848176,1,0.5,17.59,-1
5648,-0.88091,110.851545,1,0.5,17.59,-1
5649,-0.88091,110.854913,1,0.5,9.23,175
5650,-0.88091,110.858282,1,0.5,9.23,175
5651,-0.884279,110.164333,1,0.5,3.37,298
5652,-0.884279,110.167702,1,0.5,3.37,298
5653,-0.884279,110.45404,1,0.5,41.37,11
5654,-0.884279,110.457409,1,0.5,41.37,11
5655,-0.884279,110.460777,1,0.5,41.37,11
5656,-0.884279,110.497833,1,0.5,13.48,83
5657,-0.884279,110.501202,1,0.5,13.48,83
5658,-0.884279,110.50457,1,0.5,6.43,202
5659,-0.884279,110.507939,2,0.5,8.29,294
5660,-0.884279,110.511308,2,0.5,9.29,284
5661,-0.884279,110.514676,2,0.5,9.29,284
5662,-0.884279,110.518045,1,0.5,9.29,-1
5663,-0.884279,110.521414,1,0.5,9.29,-1
5664,-0.884279,110.528151,1,0.5,11.34,110
5665,-0.884279,110.53152,1,0.5,11.34,110
5666,-0.884279,110.534888,1,0.5,11.34,110
5667,-0.884279,110.639318,1,0.5,10.18,106
5668,-0.884279,110.642686,1,0.5,10.18,106
5669,-0.884279,110.797646,1,0.5,2.85,251
5670,-0.884279,110.801014,2,0.5,2.85,-1
5671,-0.884279,110.804383,1,0.5,2.0,208
5672,-0.884279,110.875125,1,0.5,2.88,252
5673,-0.884279,110.878494,1,0.5,2.88,252
5674,-0.884279,110.881863,1,0.5,2.88,252
5675,-0.884279,110.8886,1,0.5,2.63,324
5676,-0.884279,110.891969,1,0.5,2.63,324
5677,-0.884279,110.895337,1,0.5,2.63,324
5678,-0.887648,110.164333,1,0.5,3.37,298
5679,-0.887648,110.167702,1,0.5,3.37,298
5680,-0.887648,110.45404,1,0.5,41.37,11
5681,-0.887648,110.457409,1,0.5,41.37,11
5682,-0.887648,110.460777,1,0.5,41.37,11
5683,-0.887648,110.497833,1,0.5,13.48,83
5684,-0.887648,110.501202,1,0.5,13.48,83
5685,-0.887648,110.50457,1,0.5,6.43,202
5686,-0.887648,110.507939,2,0.5,6.76,333
5687,-0.887648,110.511308,2,0.5,9.29,-1
5688,-0.887648,110.514676,1,0.5,9.29,-1
5689,-0.887648,110.518045,1,0.5,9.29,-1
5690,-0.887648,110.521414,1,0.5,9.29,-1
5691,-0.887648,110.524782,1,0.5,12.53,-1
5692,-0.887648,110.528151,1,0.5,12.53,-1
5693,-0.887648,110.53152,1,0.5,12.53,-1
5694,-0.887648,110.534888,1,0.5,11.34,110
5695,-0.887648,110.797646,1,0.5,2.85,251
5696,-0.887648,110.801014,1,0.5,2.85,251
5697,-0.887648,110.827964,1,0.5,9.18,197
5698,-0.887648,110.831333,1,0.5,9.18,197
5699,-0.887648,110.834701,1,0.5,9.18,197
5700,-0.887648,110.875125,1,0.5,2.88,252
5701,-0.887648,110.878494,1,0.5,2.88,252
5702,-0.887648,110.881863,1,0.5,2.88,252
5703,-0.887648,110.8886,1,0.5,2.63,324
5704,-0.887648,110.891969,1,0.5,2.63,324
5705,-0.887648,110.895337,1,0.5,2.63,324
5706,-0.891016,110.45404,1,0.5,46.12,10
5707,-0.891016,110.457409,1,0.5,46.12,10
5708,-0.891016,110.50457,1,0.5,6.43,202
5709,-0.891016,110.507939,1,0.5,6.43,202
5710,-0.891016,110.511308,2,0.5,9.29,284
5711,-0.891016,110.514676,1,0.5,9.29,-1
5712,-0.891016,110.518045,1,0.5,9.29,-1
5713,-0.891016,110.521414,1,0.5,9.29,-1
5714,-0.891016,110.524782,1,0.5,12.53,-1
5715,-0.891016,110.528151,1,0.5,12.53,-1
5716,-0.891016,110.53152,1,0.5,12.53,-1
5717,-0.891016,110.534888,1,0.5,11.34,110
5718,-0.891016,110.814489,1,0.5,7.17,179
5719,-0.891016,110.817858,1,0.5,7.17,179
5720,-0.891016,110.821226,1,0.5,7.17,179
5721,-0.891016,110.827964,1,0.5,9.18,197
5722,-0.891016,110.831333,1,0.5,9.18,197
5723,-0.891016,110.834701,1,0.5,9.18,197
5724,-0.891016,110.8886,1,0.5,2.63,324
5725,-0.891016,110.891969,1,0.5,2.63,324
5726,-0.891016,110.895337,1,0.5,2.63,324
5727,-0.894385,110.45404,1,0.5,46.12,10
5728,-0.894385,110.457409,1,0.5,46.12,10
5729,-0.894385,110.494464,1,0.5,79.97,4
5730,-0.894385,110.497833,1,0.5,8.51,152
5731,-0.894385,110.501202,1,0.5,8.51,152
5732,-0.894385,110.524782,2,0.75,18.98,50
5733,-0.894385,110.528151,2,0.75,18.98,50
5734,-0.894385,110.53152,2,0.75,18.98,50
5735,-0.894385,110.814489,1,0.5,7.17,179
5736,-0.894385,110.817858,1,0.5,7.17,179
5737,-0.894385,110.821226,1,0.5,7.17,179
5738,-0.894385,110.827964,1,0.5,9.18,197
5739,-0.894385,110.831333,1,0.5,9.18,197
5740,-0.894385,110.834701,1,0.5,9.18,197
5741,-0.897754,110.45404,1,0.5,46.12,10
5742,-0.897754,110.457409,1,0.5,46.12,10
5743,-0.897754,110.494464,1,0.5,79.97,4
5744,-0.897754,110.497833,2,0.5,8.51,-1
5745,-0.897754,110.501202,2,0.5,8.51,-1
5746,-0.897754,110.50457,2,0.5,4.97,287
5747,-0.897754,110.507939,1,0.5,4.97,243
5748,-0.897754,110.511308,1,0.5,4.97,243
5749,-0.897754,110.524782,2,0.75,18.98,50
5750,-0.897754,110.528151,2,0.75,18.98,50
5751,-0.897754,110.53152,2,0.75,18.98,50
5752,-0.897754,110.814489,1,0.5,7.17,179
5753,-0.897754,110.817858,1,0.5,7.17,179
5754,-0.897754,110.821226,1,0.5,7.17,179
5755,-0.897754,110.827964,1,0.5,9.18,197
5756,-0.897754,110.831333,1,0.5,9.18,197
5757,-0.897754,110.834701,1,0.5,9.18,197
5758,-0.901123,110.497833,1,0.5,4.72,-1
5759,-0.901123,110.501202,1,0.5,4.72,-1
5760,-0.901123,110.50457,2,0.5,4.97,287
5761,-0.901123,110.507939,1,0.5,4.97,243
5762,-0.901123,110.511308,1,0.5,4.97,243
5763,-0.901123,110.514676,1,0.5,9.33,147
5764,-0.901123,110.524782,1,1.0,18.98,-1
5765,-0.901123,110.528151,1,1.0,18.98,-1
5766,-0.901123,110.53152,1,1.0,18.98,-1
5767,-0.901123,110.78754,1,0.5,4.6,267
5768,-0.901123,110.790908,1,0.5,4.6,267
5769,-0.901123,110.794277,1,0.5,4.6,267
5770,-0.901123,110.831333,1,0.5,16.6,-1
5771,-0.901123,110.834701,1,0.5,16.6,-1
5772,-0.904491,110.235076,1,0.5,5.64,226
5773,-0.904491,110.238444,1,0.5,5.64,226
5774,-0.904491,110.241813,1,0.5,5.64,226
5775,-0.904491,110.497833,1,0.5,4.72,-1
5776,-0.904491,110.501202,1,0.5,4.72,-1
5777,-0.904491,110.50457,2,0.5,4.97,287
5778,-0.904491,110.507939,1,0.5,4.97,243
5779,-0.904491,110.511308,2,0.5,4.97,287
5780,-0.904491,110.514676,3,0.5,20.58,18
5781,-0.904491,110.518045,1,0.5,20.58,51
5782,-0.904491,110.521414,1,0.5,20.58,51
5783,-0.904491,110.524782,1,1.0,18.98,-1
5784,-0.904491,110.528151,1,1.0,18.98,-1
5785,-0.904491,110.53152,1,1.0,18.98,-1
5786,-0.904491,110.78754,1,0.5,4.6,267
5787,-0.904491,110.790908,1,0.5,4.6,267
5788,-0.904491,110.794277,1,0.5,4.6,267
5789,-0.904491,110.831333,1,0.5,16.6,-1
5790,-0.904491,110.834701,1,0.5,16.6,-1
5791,-0.90786,110.235076,1,0.5,5.64,226
5792,-0.90786,110.238444,1,0.5,5.64,226
5793,-0.90786,110.241813,1,0.5,5.64,226
5794,-0.90786,110.420353,1,0.5,24.49,32
5795,-0.90786,110.423722,1,0.5,24.49,32
5796,-0.90786,110.427091,1,0.5,24.49,32
5797,-0.90786,110.491096,1,0.5,3.42,296
5798,-0.90786,110.494464,1,0.5,3.42,296
5799,-0.90786,110.497833,1,0.5,3.42,296
5800,-0.90786,110.507939,1,0.5,4.97,243
5801,-0.90786,110.511308,2,0.5,4.97,287
5802,-0.90786,110.514676,2,0.5,20.58,50
5803,-0.90786,110.518045,1,0.5,20.58,51
5804,-0.90786,110.521414,1,0.5,20.58,51
5805,-0.90786,110.53152,1,0.5,8.92,177
5806,-0.90786,110.534888,1,0.5,8.92,177
5807,-0.90786,110.571944,1,0.5,9.63,107
5808,-0.90786,110.575313,1,0.5,9.63,107
5809,-0.90786,110.578681,1,0.5,9.63,107
5810,-0.90786,110.784171,1,0.5,5.59,224
5811,-0.90786,110.78754,1,0.5,5.59,224
5812,-0.90786,110.790908,1,0.5,5.59,224
5813,-0.90786,110.794277,1,0.5,4.6,267
5814,-0.90786,110.831333,1,0.5,16.6,-1
5815,-0.90786,110.834701,1,0.5,16.6,-1
5816,-0.911229,110.235076,1,0.5,5.64,226
5817,-0.911229,110.238444,1,0.5,5.64,226
5818,-0.911229,110.241813,1,0.5,5.64,226
5819,-0.911229,110.420353,1,0.5,24.49,32
5820,-0.911229,110.423722,1,0.5,24.49,32
5821,-0.911229,110.427091,1,0.5,24.49,32
5822,-0.911229,110.491096,1,0.5,3.42,296
5823,-0.911229,110.494464,1,0.5,3.42,296
5824,-0.911229,110.497833,1,0.5,3.42,296
5825,-0.911229,110.511308,1,0.5,4.43,-1
5826,-0.911229,110.514676,2,0.5,20.58,50
5827,-0.911229,110.518045,1,0.5,20.58,51
5828,-0.911229,110.521414,1,0.5,20.58,51
5829,-0.911229,110.53152,1,0.5,8.92,177
5830,-0.911229,110.534888,1,0.5,8.92,177
5831,-0.911229,110.571944,1,0.5,9.63,107
5832,-0.911229,110.575313,1,0.5,9.63,107
5833,-0.911229,110.578681,1,0.5,9.63,107
5834,-0.911229,110.784171,1,0.5,5.59,224
5835,-0.911229,110.78754,1,0.5,5.59,224
5836,-0.911229,110.790908,1,0.5,5.59,224
5837,-0.914597,110.420353,1,0.5,24.49,32
5838,-0.914597,110.423722,1,0.5,24.49,32
5839,-0.914597,110.427091,1,0.5,24.49,32
5840,-0.914597,110.491096,1,0.5,3.42,296
5841,-0.914597,110.494464,1,0.5,3.42,296
5842,-0.914597,110.497833,1,0.5,3.42,296
5843,-0.914597,110.514676,1,0.5,20.58,51
5844,-0.914597,110.518045,2,0.5,20.58,50
5845,-0.914597,110.521414,2,0.5,20.58,50
5846,-0.914597,110.524782,2,0.5,7.99,293
5847,-0.914597,110.53152,1,0.5,8.92,177
5848,-0.914597,110.534888,1,0.5,8.92,177
5849,-0.914597,110.561838,1,0.5,4.03,301
5850,-0.914597,110.565207,1,0.5,4.03,301
5851,-0.914597,110.568575,1,0.5,4.03,301
5852,-0.914597,110.571944,1,0.5,9.63,107
5853,-0.914597,110.575313,1,0.5,9.63,107
5854,-0.914597,110.578681,1,0.5,9.63,107
5855,-0.914597,110.763959,1,0.5,4.77,219
5856,-0.914597,110.767328,1,0.5,4.77,219
5857,-0.914597,110.770696,1,0.5,4.77,219
5858,-0.914597,110.780802,1,0.5,16.67,49
5859,-0.914597,110.784171,1,0.5,16.67,49
5860,-0.914597,110.78754,1,0.5,16.67,49
5861,-0.914597,110.790908,1,0.5,16.67,49
5862,-0.917966,110.265394,2,0.5,10.54,-1
5863,-0.917966,110.268763,2,0.75,19.7,50
5864,-0.917966,110.272131,1,1.0,19.7,76
5865,-0.917966,110.2755,1,1.0,19.7,76
5866,-0.917966,110.48099,1,0.5,1.48,127
5867,-0.917966,110.484358,1,0.5,1.48,127
5868,-0.917966,110.487727,1,0.5,1.48,127
5869,-0.917966,110.514676,1,0.5,7.99,144
5870,-0.917966,110.518045,2,0.5,7.99,293
5871,-0.917966,110.521414,2,0.5,7.99,293
5872,-0.917966,110.524782,2,0.5,7.99,293
5873,-0.917966,110.528151,1,0.5,3.46,314
5874,-0.917966,110.53152,1,0.5,3.46,314
5875,-0.917966,110.534888,2,0.5,48.49,-1
5876,-0.917966,110.538257,1,0.5,48.49,9
5877,-0.917966,110.541626,1,0.5,48.49,9
5878,-0.917966,110.561838,1,0.5,4.03,301
5879,-0.917966,110.565207,1,0.5,4.03,301
5880,-0.917966,110.568575,1,0.5,4.03,301
5881,-0.917966,110.763959,1,0.5,4.77,219
5882,-0.917966,110.767328,1,0.5,4.77,219
5883,-0.917966,110.770696,1,0.5,4.77,219
5884,-0.917966,110.780802,1,0.5,16.67,49
5885,-0.917966,110.784171,1,0.5,16.67,49
5886,-0.917966,110.78754,1,0.5,16.67,49
5887,-0.917966,110.790908,1,0.5,16.67,49
5888,-0.921335,110.265394,2,0.5,10.54,-1
5889,-0.921335,110.268763,2,0.75,19.7,50
5890,-0.921335,110.272131,1,1.0,19.7,76
5891,-0.921335,110.2755,1,1.0,19.7,76
5892,-0.921335,110.48099,1,0.5,1.48,127
5893,-0.921335,110.484358,1,0.5,1.48,127
5894,-0.921335,110.487727,1,0.5,1.48,127
5895,-0.921335,110.514676,1,0.5,7.99,144
5896,-0.921335,110.518045,2,0.5,7.99,293
5897,-0.921335,110.521414,2,0.5,7.99,293
5898,-0.921335,110.524782,2,0.5,7.99,293
5899,-0.921335,110.528151,1,0.5,51.92,7
5900,-0.921335,110.53152,2,0.5,48.49,-1
5901,-0.921335,110.534888,2,0.5,48.49,-1
5902,-0.921335,110.538257,1,0.5,48.49,9
5903,-0.921335,110.541626,1,0.5,48.49,9
5904,-0.921335,110.561838,1,0.5,4.03,301
5905,-0.921335,110.565207,1,0.5,4.03,301
5906,-0.921335,110.568575,1,0.5,4.03,301
5907,-0.921335,110.763959,1,0.5,4.77,219
5908,-0.921335,110.767328,1,0.5,4.77,219
5909,-0.921335,110.770696,1,0.5,4.77,219
5910,-0.921335,110.780802,1,0.5,16.67,49
5911,-0.921335,110.784171,1,0.5,16.67,49
5912,-0.921335,110.78754,1,0.5,16.67,49
5913,-0.921335,110.790908,1,0.5,16.67,49
5914,-0.924703,110.265394,2,0.5,10.54,-1
5915,-0.924703,110.268763,2,0.75,19.7,50
5916,-0.924703,110.272131,1,1.0,19.7,76
5917,-0.924703,110.2755,1,1.0,19.7,76
5918,-0.924703,110.410247,1,0.5,2.41,225
5919,-0.924703,110.413616,1,0.5,2.41,225
5920,-0.924703,110.416985,1,0.5,2.41,225
5921,-0.924703,110.450671,1,0.5,9.12,157
5922,-0.924703,110.45404,1,0.5,9.12,157
5923,-0.924703,110.474252,2,0.5,13.18,112
5924,-0.924703,110.477621,2,0.5,13.62,111
5925,-0.924703,110.48099,2,0.5,13.62,111
5926,-0.924703,110.484358,1,0.5,13.62,-1
5927,-0.924703,110.491096,1,0.5,16.99,53
5928,-0.924703,110.494464,1,0.5,16.99,53
5929,-0.924703,110.497833,2,0.5,16.99,-1
5930,-0.924703,110.501202,1,0.5,8.95,177
5931,-0.924703,110.50457,1,0.5,8.95,177
5932,-0.924703,110.507939,1,0.5,13.8,65
5933,-0.924703,110.511308,1,0.5,13.8,65
5934,-0.924703,110.528151,1,0.5,51.92,7
5935,-0.924703,110.53152,2,0.5,48.49,-1
5936,-0.924703,110.534888,2,0.5,48.49,-1
5937,-0.924703,110.538257,1,0.5,48.49,9
5938,-0.924703,110.541626,1,0.5,48.49,9
5939,-0.924703,110.763959,1,0.5,4.77,219
5940,-0.924703,110.767328,1,0.5,4.77,219
5941,-0.924703,110.770696,1,0.5,4.77,219
5942,-0.924703,110.78754,1,0.5,16.67,49
5943,-0.924703,110.790908,1,0.5,16.67,49
5944,-0.928072,110.265394,1,0.5,10.54,87
5945,-0.928072,110.268763,1,0.5,10.54,87
5946,-0.928072,110.272131,1,0.5,10.54,87
5947,-0.928072,110.410247,1,0.5,2.41,225
5948,-0.928072,110.413616,1,0.5,2.41,225
5949,-0.928072,110.416985,1,0.5,2.41,225
5950,-0.928072,110.450671,1,0.5,9.12,157
5951,-0.928072,110.45404,1,0.5,9.12,157
5952,-0.928072,110.467515,1,0.5,4.77,219
5953,-0.928072,110.470884,1,0.5,4.77,219
5954,-0.928072,110.474252,4,0.5,13.18,2
5955,-0.928072,110.477621,3,0.5,13.62,18
5956,-0.928072,110.48099,2,0.5,13.62,111
5957,-0.928072,110.484358,1,0.5,13.62,-1
5958,-0.928072,110.491096,1,0.5,16.99,53
5959,-0.928072,110.494464,1,0.5,16.99,53
5960,-0.928072,110.497833,2,0.5,16.99,-1
5961,-0.928072,110.501202,1,0.5,8.95,177
5962,-0.928072,110.50457,1,0.5,8.95,177
5963,-0.928072,110.507939,1,0.5,13.8,65
5964,-0.928072,110.511308,1,0.5,13.8,65
5965,-0.928072,110.541626,1,0.5,6.4,201
5966,-0.928072,110.544995,1,0.5,6.4,201
5967,-0.928072,110.565207,1,0.5,3.5,312
5968,-0.928072,110.568575,2,0.5,7.57,328
5969,-0.928072,110.571944,2,0.5,7.57,328
5970,-0.928072,110.575313,2,0.5,7.57,328
5971,-0.928072,110.578681,1,0.5,5.78,161
5972,-0.928072,110.58205,1,0.5,5.78,161
5973,-0.931441,110.295712,1,0.5,39.09,16
5974,-0.931441,110.299081,1,0.5,39.09,16
5975,-0.931441,110.302449,1,0.5,39.09,16
5976,-0.931441,110.305818,1,0.5,39.09,16
5977,-0.931441,110.410247,1,0.5,2.41,225
5978,-0.931441,110.413616,1,0.5,2.41,225
5979,-0.931441,110.416985,1,0.5,2.41,225
5980,-0.931441,110.467515,1,0.5,4.77,219
5981,-0.931441,110.470884,1,0.5,4.77,219
5982,-0.931441,110.474252,4,0.5,13.18,2
5983,-0.931441,110.477621,3,0.5,13.62,18
5984,-0.931441,110.48099,2,0.5,13.62,111
5985,-0.931441,110.484358,1,0.5,13.62,-1
5986,-0.931441,110.487727,1,0.5,16.95,53
5987,-0.931441,110.491096,1,0.5,16.99,53
5988,-0.931441,110.494464,1,0.5,16.99,53
5989,-0.931441,110.497833,2,0.5,16.99,-1
5990,-0.931441,110.501202,1,0.5,8.95,177
5991,-0.931441,110.50457,1,0.5,8.95,177
5992,-0.931441,110.507939,1,0.5,13.8,65
5993,-0.931441,110.511308,1,0.5,13.8,65
5994,-0.931441,110.541626,1,0.5,5.19,158
5995,-0.931441,110.544995,1,0.5,5.19,158
5996,-0.931441,110.565207,1,0.5,3.5,312
5997,-0.931441,110.568575,2,0.5,7.57,328
5998,-0.931441,110.571944,2,0.5,7.57,328
5999,-0.931441,110.575313,2,0.5,7.57,328
6000,-0.931441,110.578681,1,0.5,5.78,161
6001,-0.931441,110.58205,1,0.5,5.78,161
6002,-0.934809,110.295712,1,0.5,39.09,16
6003,-0.934809,110.299081,1,0.5,39.09,16
6004,-0.934809,110.302449,1,0.5,39.09,16
6005,-0.934809,110.305818,1,0.5,39.09,16
6006,-0.934809,110.467515,1,0.5,4.77,219
6007,-0.934809,110.470884,1,0.5,4.77,219
6008,-0.934809,110.474252,2,0.5,5.43,287
6009,-0.934809,110.477621,1,0.5,5.43,-1
6010,-0.934809,110.487727,1,0.5,16.95,-1
6011,-0.934809,110.491096,1,0.5,16.95,-1
6012,-0.934809,110.494464,1,0.5,16.95,-1
6013,-0.934809,110.518045,1,0.5,19.1,72
6014,-0.934809,110.521414,1,0.5,26.25,29
6015,-0.934809,110.524782,1,0.5,26.25,29
6016,-0.934809,110.528151,1,0.5,26.25,29
6017,-0.934809,110.534888,1,0.5,6.03,186
6018,-0.934809,110.538257,1,0.5,6.03,186
6019,-0.934809,110.541626,1,0.5,6.4,201
6020,-0.934809,110.544995,1,0.5,6.4,201
6021,-0.934809,110.568575,2,0.5,7.57,328
6022,-0.934809,110.571944,2,0.5,7.57,328
6023,-0.934809,110.575313,2,0.5,7.57,328
6024,-0.934809,110.578681,1,0.5,5.78,161
6025,-0.934809,110.58205,1,0.5,5.78,161
6026,-0.938178,110.295712,1,0.5,39.09,16
6027,-0.938178,110.299081,1,0.5,39.09,16
6028,-0.938178,110.302449,1,0.5,39.09,16
6029,-0.938178,110.305818,1,0.5,39.09,16
6030,-0.938178,110.450671,1,0.5,6.5,241
6031,-0.938178,110.45404,1,0.5,6.5,241
6032,-0.938178,110.457409,1,0.5,6.5,241
6033,-0.938178,110.467515,1,0.5,2.1,212
6034,-0.938178,110.470884,1,0.5,2.1,212
6035,-0.938178,110.474252,1,0.5,2.1,212
6036,-0.938178,110.484358,1,0.5,10.27,102
6037,-0.938178,110.487727,1,0.5,10.27,102
6038,-0.938178,110.491096,1,0.5,10.27,102
6039,-0.938178,110.494464,1,0.5,10.27,102
6040,-0.938178,110.497833,1,0.5,10.27,102
6041,-0.938178,110.501202,1,0.5,3.47,313
6042,-0.938178,110.50457,1,0.5,3.47,313
6043,-0.938178,110.518045,1,0.5,19.1,72
6044,-0.938178,110.521414,1,0.5,26.25,29
6045,-0.938178,110.524782,1,0.5,26.25,29
6046,-0.938178,110.528151,1,0.5,26.25,29
6047,-0.938178,110.53152,1,0.5,9.02,176
6048,-0.938178,110.534888,1,0.5,6.03,186
6049,-0.938178,110.538257,1,0.5,6.03,186
6050,-0.938178,110.541626,1,0.5,6.4,201
6051,-0.938178,110.544995,1,0.5,6.4,201
6052,-0.938178,110.568575,2,0.5,7.57,328
6053,-0.938178,110.571944,2,0.5,7.57,328
6054,-0.938178,110.575313,1,0.5,7.57,140
6055,-0.938178,110.578681,1,0.5,5.78,161
6056,-0.938178,110.58205,1,0.5,5.78,161
6057,-0.938178,110.794277,1,0.5,4.96,243
6058,-0.938178,110.797646,1,0.5,4.96,243
6059,-0.938178,110.801014,1,0.5,4.96,243
6060,-0.941547,110.295712,1,0.5,39.09,16
6061,-0.941547,110.299081,1,0.5,39.09,16
6062,-0.941547,110.302449,1,0.5,39.09,16
6063,-0.941547,110.305818,1,0.5,39.09,16
6064,-0.941547,110.416985,1,0.5,5.32,-1
6065,-0.941547,110.420353,1,0.5,5.32,-1
6066,-0.941547,110.423722,1,0.5,5.32,-1
6067,-0.941547,110.450671,1,0.5,6.5,241
6068,-0.941547,110.45404,1,0.5,6.5,241
6069,-0.941547,110.457409,1,0.5,6.5,241
6070,-0.941547,110.467515,1,0.5,2.1,212
6071,-0.941547,110.470884,1,0.5,2.1,212
6072,-0.941547,110.474252,1,0.5,2.1,212
6073,-0.941547,110.484358,1,0.5,10.27,102
6074,-0.941547,110.487727,1,0.5,10.27,102
6075,-0.941547,110.491096,1,0.5,10.27,102
6076,-0.941547,110.494464,1,0.5,10.27,102
6077,-0.941547,110.497833,1,0.5,10.27,102
6078,-0.941547,110.501202,1,0.5,3.47,313
6079,-0.941547,110.50457,1,0.5,3.47,313
6080,-0.941547,110.518045,1,0.5,19.1,72
6081,-0.941547,110.521414,1,0.5,19.1,72
6082,-0.941547,110.524782,1,0.5,9.02,176
6083,-0.941547,110.528151,1,0.5,9.02,176
6084,-0.941547,110.53152,1,0.5,9.02,176
6085,-0.941547,110.534888,1,0.5,6.03,186
6086,-0.941547,110.538257,1,0.5,13.29,-1
6087,-0.941547,110.541626,1,0.5,13.29,-1
6088,-0.941547,110.544995,1,0.5,13.29,-1
6089,-0.941547,110.568575,1,0.5,4.5,274
6090,-0.941547,110.571944,1,0.5,4.5,274
6091,-0.941547,110.740378,1,0.5,19.23,71
6092,-0.941547,110.743747,1,0.5,19.23,71
6093,-0.941547,110.747115,1,0.5,19.23,71
6094,-0.941547,110.78754,1,0.5,3.96,304
6095,-0.941547,110.790908,1,0.5,3.96,304
6096,-0.941547,110.794277,1,0.5,3.96,304
6097,-0.941547,110.797646,1,0.5,4.96,243
6098,-0.941547,110.801014,1,0.5,4.96,243
6099,-0.944915,110.295712,1,0.5,39.09,16
6100,-0.944915,110.299081,1,0.5,39.09,16
6101,-0.944915,110.302449,1,0.5,39.09,16
6102,-0.944915,110.305818,1,0.5,39.09,16
6103,-0.944915,110.416985,1,0.5,5.32,-1
6104,-0.944915,110.420353,1,0.5,5.32,-1
6105,-0.944915,110.423722,1,0.5,5.32,-1
6106,-0.944915,110.450671,1,0.5,6.5,241
6107,-0.944915,110.45404,1,0.5,6.5,241
6108,-0.944915,110.457409,1,0.5,6.5,241
6109,-0.944915,110.467515,1,0.5,2.1,212
6110,-0.944915,110.470884,1,0.5,2.1,212
6111,-0.944915,110.474252,1,0.5,2.1,212
6112,-0.944915,110.484358,1,0.5,10.27,102
6113,-0.944915,110.487727,1,0.5,10.27,102
6114,-0.944915,110.491096,1,0.5,10.27,102
6115,-0.944915,110.494464,1,0.5,10.27,102
6116,-0.944915,110.497833,1,0.5,10.27,102
6117,-0.944915,110.501202,1,0.5,3.47,313
6118,-0.944915,110.50457,1,0.5,3.47,313
6119,-0.944915,110.507939,1,0.5,3.47,313
6120,-0.944915,110.521414,1,0.5,19.1,72
6121,-0.944915,110.524782,1,0.5,19.1,72
6122,-0.944915,110.528151,1,0.5,9.02,176
6123,-0.944915,110.53152,1,0.5,9.02,176
6124,-0.944915,110.534888,1,0.5,9.02,176
6125,-0.944915,110.538257,1,0.5,6.03,186
6126,-0.944915,110.541626,1,0.5,13.29,-1
6127,-0.944915,110.544995,1,0.5,13.29,-1
6128,-0.944915,110.548363,1,0.5,13.29,-1
6129,-0.944915,110.571944,1,0.5,4.5,274
6130,-0.944915,110.575313,1,0.5,4.5,274
6131,-0.944915,110.740378,1,0.5,19.23,71
6132,-0.944915,110.743747,1,0.5,19.23,71
6133,-0.944915,110.747115,1,0.5,19.23,71
6134,-0.944915,110.78754,1,0.5,3.96,304
6135,-0.944915,110.790908,1,0.5,3.96,304
6136,-0.944915,110.794277,1,0.5,3.96,304
6137,-0.944915,110.797646,1,0.5,4.96,243
6138,-0.944915,110.801014,1,0.5,4.96,243
6139,-0.948284,110.258657,1,0.5,11.22,115
6140,-0.948284,110.262025,1,0.5,11.22,115
6141,-0.948284,110.265394,1,0.5,11.22,115
6142,-0.948284,110.416985,1,0.5,5.32,-1
6143,-0.948284,110.420353,1,0.5,5.32,-1
6144,-0.948284,110.423722,1,0.5,5.32,-1
6145,-0.948284,110.427091,1,0.5,5.32,-1
6146,-0.948284,110.487727,1,0.5,10.27,102
6147,-0.948284,110.491096,1,0.5,10.27,102
6148,-0.948284,110.494464,2,0.5,13.1,112
6149,-0.948284,110.497833,2,0.5,13.1,112
6150,-0.948284,110.501202,2,0.5,13.1,112
6151,-0.948284,110.50457,1,0.5,3.47,313
6152,-0.948284,110.507939,1,0.5,3.47,313
6153,-0.948284,110.518045,1,0.5,39.56,-1
6154,-0.948284,110.521414,1,0.5,39.56,-1
6155,-0.948284,110.524782,1,0.5,39.56,-1
6156,-0.948284,110.528151,1,0.5,9.02,176
6157,-0.948284,110.53152,1,0.5,9.02,176
6158,-0.948284,110.534888,1,0.5,9.02,176
6159,-0.948284,110.541626,1,0.5,13.29,-1
6160,-0.948284,110.544995,1,0.5,13.29,-1
6161,-0.948284,110.548363,1,0.5,13.29,-1
6162,-0.948284,110.740378,1,0.5,19.23,71
6163,-0.948284,110.743747,1,0.5,19.23,71
6164,-0.948284,110.747115,1,0.5,19.23,71
6165,-0.948284,110.78754,1,0.5,3.96,304
6166,-0.948284,110.790908,1,0.5,3.96,304
6167,-0.948284,110.794277,1,0.5,3.96,304
6168,-0.948284,110.797646,1,0.5,4.96,243
6169,-0.948284,110.801014,1,0.5,4.96,243
6170,-0.951653,110.258657,1,0.5,11.22,115
6171,-0.951653,110.262025,1,0.5,11.22,115
6172,-0.951653,110.265394,1,0.5,11.22,115
6173,-0.951653,110.346242,1,0.5,14.67,56
6174,-0.951653,110.349611,1,0.5,14.67,56
6175,-0.951653,110.420353,1,0.5,5.32,-1
6176,-0.951653,110.423722,1,0.5,5.32,-1
6177,-0.951653,110.427091,1,0.5,5.32,-1
6178,-0.951653,110.460777,1,0.5,10.17,106
6179,-0.951653,110.464146,1,0.5,10.17,106
6180,-0.951653,110.467515,1,0.5,10.17,106
6181,-0.951653,110.494464,1,0.5,13.1,85
6182,-0.951653,110.497833,2,0.5,13.1,112
6183,-0.951653,110.501202,2,0.5,13.1,112
6184,-0.951653,110.50457,1,0.5,1.34,93
6185,-0.951653,110.518045,1,0.5,39.56,-1
6186,-0.951653,110.521414,1,0.5,39.56,-1
6187,-0.951653,110.524782,1,0.5,39.56,-1
6188,-0.951653,110.541626,1,0.5,13.29,-1
6189,-0.951653,110.544995,1,0.5,13.29,-1
6190,-0.951653,110.548363,1,0.5,13.29,-1
6191,-0.951653,110.696585,1,0.5,11.28,115
6192,-0.951653,110.699954,1,0.5,11.28,115
6193,-0.951653,110.703323,1,0.5,11.28,115
6194,-0.951653,110.740378,1,0.5,19.23,71
6195,-0.951653,110.743747,1,0.5,19.23,71
6196,-0.951653,110.747115,1,0.5,19.23,71
6197,-0.951653,110.770696,1,0.5,14.6,57
6198,-0.951653,110.774065,1,0.5,14.6,57
6199,-0.951653,110.777434,1,0.5,14.6,57
6200,-0.951653,110.780802,1,0.5,14.6,57
6201,-0.951653,110.78754,1,0.5,3.96,304
6202,-0.951653,110.790908,1,0.5,3.96,304
6203,-0.951653,110.794277,1,0.5,3.96,304
6204,-0.955021,110.262025,1,0.5,11.22,115
6205,-0.955021,110.265394,1,0.5,11.22,115
6206,-0.955021,110.268763,1,0.5,11.22,115
6207,-0.955021,110.312555,1,0.5,4.87,245
6208,-0.955021,110.315924,1,0.5,4.87,245
6209,-0.955021,110.319293,1,0.5,4.87,245
6210,-0.955021,110.346242,1,0.5,14.67,56
6211,-0.955021,110.349611,1,0.5,14.67,56
6212,-0.955021,110.406879,1,0.5,7.55,140
6213,-0.955021,110.410247,1,0.5,7.55,140
6214,-0.955021,110.413616,1,0.5,7.55,140
6215,-0.955021,110.416985,1,0.5,3.78,320
6216,-0.955021,110.420353,1,0.5,3.78,320
6217,-0.955021,110.423722,1,0.5,3.78,320
6218,-0.955021,110.443934,1,0.5,7.46,148
6219,-0.955021,110.447303,1,0.5,7.46,148
6220,-0.955021,110.450671,1,0.5,7.46,148
6221,-0.955021,110.460777,1,0.5,10.17,106
6222,-0.955021,110.464146,1,0.5,10.17,106
6223,-0.955021,110.467515,1,0.5,10.17,106
6224,-0.955021,110.494464,1,0.5,13.1,85
6225,-0.955021,110.497833,2,0.5,13.1,112
6226,-0.955021,110.501202,2,0.5,13.1,112
6227,-0.955021,110.50457,1,0.5,1.34,93
6228,-0.955021,110.518045,1,0.5,39.56,-1
6229,-0.955021,110.521414,1,0.5,39.56,-1
6230,-0.955021,110.524782,1,0.5,39.56,-1
6231,-0.955021,110.544995,1,0.5,40.44,12
6232,-0.955021,110.548363,1,0.5,40.44,12
6233,-0.955021,110.551732,1,0.5,40.44,12
6234,-0.955021,110.646055,1,0.5,3.57,330
6235,-0.955021,110.649424,1,0.5,3.57,330
6236,-0.955021,110.652792,2,0.5,3.57,210
6237,-0.955021,110.656161,1,0.5,1.94,207
6238,-0.955021,110.65953,1,0.5,1.94,207
6239,-0.955021,110.696585,1,0.5,11.28,115
6240,-0.955021,110.699954,1,0.5,11.28,115
6241,-0.955021,110.703323,1,0.5,11.28,115
6242,-0.955021,110.740378,1,0.5,19.23,71
6243,-0.955021,110.743747,1,0.5,19.23,71
6244,-0.955021,110.747115,1,0.5,19.23,71
6245,-0.955021,110.767328,1,0.5,36.17,13
6246,-0.955021,110.770696,2,0.5,36.17,21
6247,-0.955021,110.774065,2,0.75,36.17,21
6248,-0.955021,110.777434,2,0.75,36.17,21
6249,-0.955021,110.780802,1,1.0,36.17,13
6250,-0.955021,110.784171,1,1.0,36.17,13
6251,-0.955021,110.790908,1,0.5,13.55,84
6252,-0.955021,110.794277,1,0.5,13.55,84
6253,-0.955021,110.797646,1,0.5,13.55,84
6254,-0.95839,110.288975,1,1.0,7.01,142
6255,-0.95839,110.292343,1,1.0,7.01,142
6256,-0.95839,110.295712,1,1.0,7.01,142
6257,-0.95839,110.302449,1,0.5,6.79,137
6258,-0.95839,110.305818,1,0.5,6.79,137
6259,-0.95839,110.309187,1,0.5,6.79,137
6260,-0.95839,110.312555,1,0.5,4.87,245
6261,-0.95839,110.315924,1,0.5,4.87,245
6262,-0.95839,110.319293,1,0.5,4.87,245
6263,-0.95839,110.346242,2,0.5,14.67,-1
6264,-0.95839,110.349611,2,0.5,14.67,-1
6265,-0.95839,110.373192,1,0.5,4.13,155
6266,-0.95839,110.37656,1,0.5,4.13,155
6267,-0.95839,110.379929,1,0.5,4.13,155
6268,-0.95839,110.406879,1,0.5,7.55,140
6269,-0.95839,110.410247,1,0.5,7.55,140
6270,-0.95839,110.413616,1,0.5,7.55,140
6271,-0.95839,110.416985,1,0.5,3.78,320
6272,-0.95839,110.420353,1,0.5,3.78,320
6273,-0.95839,110.423722,1,0.5,3.78,320
6274,-0.95839,110.443934,1,0.5,7.46,148
6275,-0.95839,110.447303,1,0.5,7.46,148
6276,-0.95839,110.450671,1,0.5,7.46,148
6277,-0.95839,110.460777,1,0.5,10.17,106
6278,-0.95839,110.464146,2,0.5,26.1,37
6279,-0.95839,110.467515,2,0.5,26.1,37
6280,-0.95839,110.470884,1,0.5,26.1,29
6281,-0.95839,110.474252,1,0.5,26.1,29
6282,-0.95839,110.497833,2,0.5,11.07,216
6283,-0.95839,110.501202,2,0.5,11.07,216
6284,-0.95839,110.50457,3,0.5,11.54,18
6285,-0.95839,110.507939,2,0.5,11.54,216
6286,-0.95839,110.511308,2,0.5,11.54,216
6287,-0.95839,110.544995,1,0.5,40.44,12
6288,-0.95839,110.548363,1,0.5,40.44,12
6289,-0.95839,110.551732,1,0.5,40.44,12
6290,-0.95839,110.568575,1,0.5,5.52,181
6291,-0.95839,110.571944,1,0.5,5.52,181
6292,-0.95839,110.575313,1,0.5,5.52,181
6293,-0.95839,110.578681,1,0.5,6.05,198
6294,-0.95839,110.58205,1,0.5,6.05,198
6295,-0.95839,110.585419,2,0.5,6.05,302
6296,-0.95839,110.588787,1,0.5,4.32,-1
6297,-0.95839,110.646055,1,0.5,3.57,330
6298,-0.95839,110.649424,1,0.5,3.57,330
6299,-0.95839,110.652792,2,0.5,3.57,210
6300,-0.95839,110.656161,1,0.5,1.94,207
6301,-0.95839,110.65953,1,0.5,1.94,207
6302,-0.95839,110.767328,1,0.5,36.17,13
6303,-0.95839,110.770696,3,0.5,36.17,-1
6304,-0.95839,110.774065,3,0.67,36.17,-1
6305,-0.95839,110.777434,3,0.67,36.17,-1
6306,-0.95839,110.780802,1,1.0,36.17,13
6307,-0.95839,110.784171,1,1.0,36.17,13
6308,-0.95839,110.790908,1,0.5,13.55,84
6309,-0.95839,110.794277,1,0.5,13.55,84
6310,-0.95839,110.797646,1,0.5,13.55,84
6311,-0.961759,110.288975,2,0.75,14.89,91
6312,-0.961759,110.292343,2,0.75,14.89,91
6313,-0.961759,110.295712,2,0.75,14.89,91
6314,-0.961759,110.302449,1,0.5,6.79,137
6315,-0.961759,110.305818,1,0.5,6.79,137
6316,-0.961759,110.309187,1,0.5,6.79,137
6317,-0.961759,110.342874,1,0.5,5.16,158
6318,-0.961759,110.346242,2,0.5,5.16,287
6319,-0.961759,110.349611,2,0.5,5.16,287
6320,-0.961759,110.35298,1,0.5,5.79,161
6321,-0.961759,110.356348,1,0.5,5.79,161
6322,-0.961759,110.359717,1,0.5,5.79,161
6323,-0.961759,110.373192,1,0.5,4.13,155
6324,-0.961759,110.37656,1,0.5,4.13,155
6325,-0.961759,110.379929,1,0.5,4.13,155
6326,-0.961759,110.406879,1,0.5,7.55,140
6327,-0.961759,110.410247,1,0.5,7.55,140
6328,-0.961759,110.413616,1,0.5,7.55,140
6329,-0.961759,110.416985,1,0.5,3.78,320
6330,-0.961759,110.420353,1,0.5,3.78,320
6331,-0.961759,110.423722,1,0.5,3.78,320
6332,-0.961759,110.443934,1,0.5,7.46,148
6333,-0.961759,110.447303,1,0.5,7.46,148
6334,-0.961759,110.450671,2,0.5,7.46,328
6335,-0.961759,110.45404,1,0.5,6.87,138
6336,-0.961759,110.464146,1,0.5,26.1,29
6337,-0.961759,110.467515,1,0.5,26.1,29
6338,-0.961759,110.470884,1,0.5,26.1,29
6339,-0.961759,110.474252,1,0.5,26.1,29
6340,-0.961759,110.497833,1,0.5,11.07,98
6341,-0.961759,110.501202,1,0.5,11.07,98
6342,-0.961759,110.50457,3,0.5,11.54,18
6343,-0.961759,110.507939,3,0.5,11.54,18
6344,-0.961759,110.511308,2,0.5,11.54,216
6345,-0.961759,110.544995,1,0.5,40.44,12
6346,-0.961759,110.548363,1,0.5,40.44,12
6347,-0.961759,110.551732,1,0.5,40.44,12
6348,-0.961759,110.568575,1,0.5,5.52,181
6349,-0.961759,110.571944,1,0.5,5.52,181
6350,-0.961759,110.575313,1,0.5,5.52,181
6351,-0.961759,110.578681,1,0.5,6.05,198
6352,-0.961759,110.58205,1,0.5,6.05,198
6353,-0.961759,110.585419,2,0.5,6.05,302
6354,-0.961759,110.588787,1,0.5,17.51,39
6355,-0.961759,110.592156,1,0.5,17.51,39
6356,-0.961759,110.595525,1,0.5,17.51,39
6357,-0.961759,110.646055,1,0.5,3.57,330
6358,-0.961759,110.649424,1,0.5,3.57,330
6359,-0.961759,110.652792,3,0.5,7.26,18
6360,-0.961759,110.656161,2,0.5,7.26,-1
6361,-0.961759,110.65953,2,0.5,7.26,331
6362,-0.961759,110.767328,1,0.5,36.17,13
6363,-0.961759,110.770696,3,0.5,36.17,-1
6364,-0.961759,110.774065,4,0.62,36.17,-1
6365,-0.961759,110.777434,4,0.62,36.17,-1
6366,-0.961759,110.780802,2,0.75,36.17,21
6367,-0.961759,110.784171,1,1.0,36.17,13
6368,-0.961759,110.790908,1,0.5,13.55,84
6369,-0.961759,110.794277,1,0.5,13.55,84
6370,-0.961759,110.797646,1,0.5,13.55,84
6371,-0.965127,110.288975,2,0.75,14.89,91
6372,-0.965127,110.292343,2,0.75,14.89,91
6373,-0.965127,110.295712,2,0.75,14.89,91
6374,-0.965127,110.302449,1,0.5,6.79,137
6375,-0.965127,110.305818,1,0.5,6.79,137
6376,-0.965127,110.309187,1,0.5,6.79,137
6377,-0.965127,110.342874,1,0.5,5.16,158
6378,-0.965127,110.346242,2,0.5,5.16,287
6379,-0.965127,110.349611,2,0.5,5.16,287
6380,-0.965127,110.35298,1,0.5,5.79,161
6381,-0.965127,110.356348,1,0.5,5.79,161
6382,-0.965127,110.359717,1,0.5,5.79,161
6383,-0.965127,110.373192,1,0.5,4.13,155
6384,-0.965127,110.37656,1,0.5,4.13,155
6385,-0.965127,110.379929,1,0.5,4.13,155
6386,-0.965127,110.383298,1,0.5,3.52,-1
6387,-0.965127,110.386666,1,0.5,7.69,126
6388,-0.965127,110.390035,1,0.5,7.69,126
6389,-0.965127,110.420353,1,0.5,5.61,227
6390,-0.965127,110.423722,1,0.5,5.61,227
6391,-0.965127,110.427091,1,0.5,5.61,227
6392,-0.965127,110.433828,1,0.5,8.59,249
6393,-0.965127,110.437197,1,0.5,8.59,249
6394,-0.965127,110.440565,1,0.5,8.59,249
6395,-0.965127,110.450671,2,0.5,7.49,328
6396,-0.965127,110.45404,2,0.5,7.49,328
6397,-0.965127,110.457409,1,0.5,7.49,149
6398,-0.965127,110.460777,1,0.5,29.2,23
6399,-0.965127,110.464146,3,0.5,29.2,-1
6400,-0.965127,110.467515,3,0.5,29.2,-1
6401,-0.965127,110.470884,2,0.5,26.1,37
6402,-0.965127,110.474252,1,0.5,26.1,29
6403,-0.965127,110.487727,1,0.5,6.85,138
6404,-0.965127,110.491096,1,0.5,6.85,138
6405,-0.965127,110.494464,1,0.5,6.85,138
6406,-0.965127,110.497833,1,0.5,11.07,98
6407,-0.965127,110.501202,1,0.5,11.07,98
6408,-0.965127,110.50457,2,0.5,11.07,216
6409,-0.965127,110.507939,3,0.5,9.71,18
6410,-0.965127,110.511308,2,0.5,9.71,262
6411,-0.965127,110.548363,1,0.5,41.95,8
6412,-0.965127,110.551732,1,0.5,41.95,8
6413,-0.965127,110.568575,1,0.5,5.52,181
6414,-0.965127,110.571944,1,0.5,5.52,181
6415,-0.965127,110.575313,1,0.5,5.52,181
6416,-0.965127,110.578681,1,0.5,6.05,198
6417,-0.965127,110.58205,1,0.5,6.05,198
6418,-0.965127,110.585419,2,0.5,6.05,302
6419,-0.965127,110.588787,1,0.5,17.51,39
6420,-0.965127,110.592156,1,0.5,17.51,39
6421,-0.965127,110.595525,1,0.5,17.51,39
6422,-0.965127,110.652792,1,0.5,7.26,150
6423,-0.965127,110.656161,1,0.5,7.26,150
6424,-0.965127,110.65953,1,0.5,7.26,150
6425,-0.965127,110.767328,1,0.5,36.17,13
6426,-0.965127,110.770696,2,0.5,36.17,21
6427,-0.965127,110.774065,3,0.67,37.67,-1
6428,-0.965127,110.777434,3,0.67,37.67,-1
6429,-0.965127,110.780802,2,0.75,37.67,22
6430,-0.965127,110.804383,1,0.5,7.33,145
6431,-0.965127,110.807752,1,0.5,7.33,145
6432,-0.965127,110.81112,1,0.5,7.33,145
6433,-0.968496,110.288975,2,0.75,14.89,91
6434,-0.968496,110.292343,2,0.75,14.89,91
6435,-0.968496,110.295712,2,0.75,14.89,91
6436,-0.968496,110.342874,1,0.5,5.16,158
6437,-0.968496,110.346242,2,0.5,5.16,287
6438,-0.968496,110.349611,2,0.5,5.16,287
6439,-0.968496,110.35298,1,0.5,5.79,161
6440,-0.968496,110.356348,1,0.5,5.79,161
6441,-0.968496,110.359717,1,0.5,5.79,161
6442,-0.968496,110.369823,1,0.5,9.06,156
6443,-0.968496,110.373192,1,0.5,9.06,156
6444,-0.968496,110.37656,1,0.5,9.06,156
6445,-0.968496,110.383298,1,0.5,3.52,-1
6446,-0.968496,110.386666,1,0.5,7.69,126
6447,-0.968496,110.390035,1,0.5,7.69,126
6448,-0.968496,110.420353,1,0.5,5.61,227
6449,-0.968496,110.423722,1,0.5,5.61,227
6450,-0.968496,110.427091,1,0.5,5.61,227
6451,-0.968496,110.433828,1,0.5,8.59,249
6452,-0.968496,110.437197,1,0.5,8.59,249
6453,-0.968496,110.440565,1,0.5,8.59,249
6454,-0.968496,110.450671,2,0.5,7.49,328
6455,-0.968496,110.45404,2,0.5,7.49,328
6456,-0.968496,110.457409,1,0.5,7.49,149
6457,-0.968496,110.460777,1,0.5,29.2,23
6458,-0.968496,110.464146,2,0.5,29.2,-1
6459,-0.968496,110.467515,2,0.5,29.2,-1
6460,-0.968496,110.470884,1,0.5,23.23,35
6461,-0.968496,110.474252,1,0.5,22.0,45
6462,-0.968496,110.477621,1,0.5,22.0,45
6463,-0.968496,110.48099,1,0.5,22.0,45
6464,-0.968496,110.487727,1,0.5,6.85,138
6465,-0.968496,110.491096,1,0.5,6.85,138
6466,-0.968496,110.494464,1,0.5,6.85,138
6467,-0.968496,110.50457,1,0.5,3.19,282
6468,-0.968496,110.507939,2,0.5,4.02,210
6469,-0.968496,110.511308,1,0.5,4.02,-1
6470,-0.968496,110.528151,1,0.5,21.55,44
6471,-0.968496,110.53152,1,0.5,21.55,44
6472,-0.968496,110.534888,1,0.5,21.55,44
6473,-0.968496,110.588787,1,0.5,17.51,39
6474,-0.968496,110.592156,1,0.5,17.51,39
6475,-0.968496,110.595525,1,0.5,17.51,39
6476,-0.968496,110.652792,1,0.5,7.26,150
6477,-0.968496,110.656161,1,0.5,7.26,150
6478,-0.968496,110.65953,1,0.5,7.26,150
6479,-0.968496,110.774065,2,0.75,37.67,22
6480,-0.968496,110.777434,2,0.75,37.67,22
6481,-0.968496,110.780802,2,0.75,37.67,22
6482,-0.968496,110.804383,1,0.5,7.33,145
6483,-0.968496,110.807752,1,0.5,7.33,145
6484,-0.968496,110.81112,1,0.5,7.33,145
6485,-0.968496,110.834701,1,0.5,10.53,87
6486,-0.968496,110.83807,1,0.5,10.53,87
6487,-0.971865,110.369823,1,0.5,9.06,156
6488,-0.971865,110.373192,1,0.5,9.06,156
6489,-0.971865,110.37656,1,0.5,9.06,156
6490,-0.971865,110.383298,1,0.5,3.52,-1
6491,-0.971865,110.386666,1,0.5,7.69,126
6492,-0.971865,110.390035,1,0.5,7.69,126
6493,-0.971865,110.433828,1,0.5,8.59,249
6494,-0.971865,110.437197,1,0.5,8.59,249
6495,-0.971865,110.440565,1,0.5,8.59,249
6496,-0.971865,110.450671,1,0.5,7.49,149
6497,-0.971865,110.45404,1,0.5,7.49,149
6498,-0.971865,110.457409,1,0.5,7.49,149
6499,-0.971865,110.460777,1,0.5,29.2,23
6500,-0.971865,110.464146,2,0.5,29.2,-1
6501,-0.971865,110.467515,2,0.5,29.2,-1
6502,-0.971865,110.470884,1,0.5,23.23,35
6503,-0.971865,110.474252,1,0.5,22.0,45
6504,-0.971865,110.477621,1,0.5,10.14,-1
6505,-0.971865,110.48099,1,0.5,10.14,-1
6506,-0.971865,110.487727,1,0.5,6.85,138
6507,-0.971865,110.491096,1,0.5,6.85,138
6508,-0.971865,110.494464,2,0.5,6.85,-1
6509,-0.971865,110.497833,1,0.5,2.61,325
6510,-0.971865,110.501202,1,0.5,2.61,325
6511,-0.971865,110.50457,1,0.5,4.5,274
6512,-0.971865,110.507939,2,0.5,4.5,286
6513,-0.971865,110.511308,2,0.5,4.5,286
6514,-0.971865,110.528151,1,0.5,21.55,44
6515,-0.971865,110.53152,1,0.5,21.55,44
6516,-0.971865,110.534888,1,0.5,21.55,44
6517,-0.971865,110.588787,1,0.5,17.51,39
6518,-0.971865,110.592156,1,0.5,17.51,39
6519,-0.971865,110.595525,1,0.5,17.51,39
6520,-0.971865,110.770696,1,0.5,4.85,209
6521,-0.971865,110.774065,1,0.5,4.85,209
6522,-0.971865,110.777434,1,0.5,4.85,209
6523,-0.971865,110.834701,1,0.5,10.53,87
6524,-0.971865,110.83807,1,0.5,10.53,87
6525,-0.975234,110.366454,1,0.5,9.9,109
6526,-0.975234,110.369823,1,0.5,9.9,109
6527,-0.975234,110.373192,2,0.5,9.9,262
6528,-0.975234,110.37656,2,0.5,9.06,284
6529,-0.975234,110.379929,1,0.5,6.24,233
6530,-0.975234,110.383298,1,0.5,6.24,233
6531,-0.975234,110.386666,1,0.5,2.46,237
6532,-0.975234,110.390035,1,0.5,2.46,237
6533,-0.975234,110.450671,1,0.5,7.49,149
6534,-0.975234,110.45404,1,0.5,7.49,149
6535,-0.975234,110.457409,1,0.5,7.49,149
6536,-0.975234,110.474252,2,0.5,25.25,37
6537,-0.975234,110.477621,3,0.5,93.16,-1
6538,-0.975234,110.48099,3,0.5,93.16,-1
6539,-0.975234,110.484358,1,0.5,93.16,-1
6540,-0.975234,110.494464,1,0.5,2.61,325
6541,-0.975234,110.497833,1,0.5,11.31,110
6542,-0.975234,110.501202,1,0.5,11.31,110
6543,-0.975234,110.50457,1,0.5,4.5,274
6544,-0.975234,110.507939,1,0.5,4.5,274
6545,-0.975234,110.511308,1,0.5,4.5,274
6546,-0.975234,110.528151,1,0.5,21.55,44
6547,-0.975234,110.53152,2,0.5,21.55,-1
6548,-0.975234,110.534888,2,0.5,21.55,-1
6549,-0.975234,110.538257,1,0.5,6.05,198
6550,-0.975234,110.541626,1,0.5,6.05,198
6551,-0.975234,110.544995,1,0.5,6.05,198
6552,-0.975234,110.743747,1,0.5,14.22,46
6553,-0.975234,110.747115,1,0.5,14.22,46
6554,-0.975234,110.750484,1,0.5,14.22,46
6555,-0.975234,110.770696,1,0.5,4.85,209
6556,-0.975234,110.774065,1,0.5,4.85,209
6557,-0.975234,110.777434,1,0.5,4.85,209
6558,-0.975234,110.834701,1,0.5,10.53,87
6559,-0.975234,110.83807,1,0.5,10.53,87
6560,-0.978602,110.366454,1,0.5,9.9,109
6561,-0.978602,110.369823,1,0.5,9.9,109
6562,-0.978602,110.373192,2,0.5,9.9,262
6563,-0.978602,110.37656,2,0.5,9.06,284
6564,-0.978602,110.379929,1,0.5,6.24,233
6565,-0.978602,110.383298,1,0.5,6.24,233
6566,-0.978602,110.474252,1,0.5,25.25,34
6567,-0.978602,110.477621,3,0.5,25.25,17
6568,-0.978602,110.48099,3,0.5,25.25,17
6569,-0.978602,110.484358,1,0.5,16.0,43
6570,-0.978602,110.494464,1,0.5,2.61,325
6571,-0.978602,110.497833,1,0.5,11.31,110
6572,-0.978602,110.501202,1,0.5,11.31,110
6573,-0.978602,110.50457,1,0.5,4.5,274
6574,-0.978602,110.507939,1,0.5,4.5,274
6575,-0.978602,110.511308,2,0.5,4.85,-1
6576,-0.978602,110.514676,1,0.5,4.85,209
6577,-0.978602,110.53152,1,0.5,4.59,-1
6578,-0.978602,110.534888,1,0.5,4.59,-1
6579,-0.978602,110.538257,1,0.5,6.05,198
6580,-0.978602,110.541626,1,0.5,6.05,198
6581,-0.978602,110.544995,1,0.5,6.05,198
6582,-0.978602,110.622474,1,0.5,4.61,267
6583,-0.978602,110.625843,1,0.5,4.61,267
6584,-0.978602,110.743747,1,0.5,14.22,46
6585,-0.978602,110.747115,1,0.5,14.22,46
6586,-0.978602,110.750484,1,0.5,14.22,46
6587,-0.978602,110.767328,1,0.5,18.56,63
6588,-0.978602,110.770696,1,0.5,18.56,63
6589,-0.978602,110.774065,1,0.5,18.56,63
6590,-0.978602,110.777434,1,0.5,4.85,209
6591,-0.981971,110.359717,1,0.5,4.17,155
6592,-0.981971,110.363086,1,0.5,4.17,155
6593,-0.981971,110.366454,2,0.5,9.9,262
6594,-0.981971,110.369823,1,0.5,9.9,109
6595,-0.981971,110.373192,2,0.5,9.9,262
6596,-0.981971,110.37656,2,0.5,6.24,309
6597,-0.981971,110.379929,1,0.5,6.24,233
6598,-0.981971,110.383298,1,0.5,6.24,233
6599,-0.981971,110.40351,1,0.5,5.54,180
6600,-0.981971,110.406879,1,0.5,5.54,180
6601,-0.981971,110.410247,1,0.5,5.54,180
6602,-0.981971,110.450671,2,0.5,103.81,-1
6603,-0.981971,110.45404,2,0.5,103.81,-1
6604,-0.981971,110.457409,2,0.5,103.81,-1
6605,-0.981971,110.460777,1,0.5,10.57,87
6606,-0.981971,110.474252,1,0.5,25.25,34
6607,-0.981971,110.477621,2,0.5,25.25,37
6608,-0.981971,110.48099,2,0.5,25.25,37
6609,-0.981971,110.484358,1,0.5,16.0,43
6610,-0.981971,110.497833,1,0.5,11.31,110
6611,-0.981971,110.501202,1,0.5,11.31,110
6612,-0.981971,110.507939,1,0.5,2.1,212
6613,-0.981971,110.511308,1,0.5,4.85,209
6614,-0.981971,110.514676,1,0.5,4.85,209
6615,-0.981971,110.53152,1,0.5,4.59,-1
6616,-0.981971,110.534888,1,0.5,4.59,-1
6617,-0.981971,110.538257,1,0.5,6.05,198
6618,-0.981971,110.541626,1,0.5,6.05,198
6619,-0.981971,110.544995,1,0.5,6.05,198
6620,-0.981971,110.561838,1,0.5,8.12,-1
6621,-0.981971,110.565207,1,0.5,8.12,-1
6622,-0.981971,110.612368,1,0.5,3.12,254
6623,-0.981971,110.615737,1,0.5,3.12,254
6624,-0.981971,110.622474,1,0.5,4.61,267
6625,-0.981971,110.625843,1,0.5,4.61,267
6626,-0.981971,110.743747,1,0.5,14.22,46
6627,-0.981971,110.747115,1,0.5,14.22,46
6628,-0.981971,110.750484,1,0.5,14.22,46
6629,-0.981971,110.767328,1,0.5,18.56,63
6630,-0.981971,110.770696,1,0.5,18.56,63
6631,-0.981971,110.774065,1,0.5,18.56,63
6632,-0.981971,110.777434,1,0.5,28.72,28
6633,-0.98534,110.278869,1,0.5,1.52,127
6634,-0.98534,110.359717,1,0.5,4.17,155
6635,-0.98534,110.363086,1,0.5,4.17,155
6636,-0.98534,110.366454,1,0.5,4.17,155
6637,-0.98534,110.369823,1,0.5,3.64,283
6638,-0.98534,110.373192,2,0.5,6.37,309
6639,-0.98534,110.37656,2,0.5,6.37,309
6640,-0.98534,110.379929,1,0.5,6.37,204
6641,-0.98534,110.383298,1,0.5,6.37,204
6642,-0.98534,110.40351,1,0.5,5.54,180
6643,-0.98534,110.406879,1,0.5,5.54,180
6644,-0.98534,110.410247,1,0.5,5.54,180
6645,-0.98534,110.447303,1,0.5,103.81,0
6646,-0.98534,110.450671,3,0.5,103.81,-1
6647,-0.98534,110.45404,3,0.5,103.81,-1
6648,-0.98534,110.457409,3,0.5,103.81,-1
6649,-0.98534,110.460777,2,0.5,10.57,-1
6650,-0.98534,110.507939,2,0.5,8.86,285
6651,-0.98534,110.511308,2,0.5,8.86,285
6652,-0.98534,110.514676,2,0.5,8.86,285
6653,-0.98534,110.518045,1,0.5,8.86,-1
6654,-0.98534,110.561838,1,0.5,8.12,129
6655,-0.98534,110.565207,1,0.5,8.12,-1
6656,-0.98534,110.598893,1,0.5,5.88,-1
6657,-0.98534,110.602262,1,0.5,5.88,-1
6658,-0.98534,110.605631,1,0.5,8.8,-1
6659,-0.98534,110.612368,1,0.5,3.12,254
6660,-0.98534,110.615737,1,0.5,3.12,254
6661,-0.98534,110.619106,1,0.5,7.46,148
6662,-0.98534,110.767328,1,0.5,18.56,63
6663,-0.98534,110.770696,1,0.5,18.56,63
6664,-0.98534,110.774065,1,0.5,18.56,63
6665,-0.98534,110.777434,1,0.5,28.72,28
6666,-0.988708,110.272131,1,0.5,1.52,127
6667,-0.988708,110.2755,1,0.5,1.52,127
6668,-0.988708,110.278869,1,0.5,1.52,127
6669,-0.988708,110.346242,1,0.5,3.42,296
6670,-0.988708,110.349611,1,0.5,3.42,296
6671,-0.988708,110.35298,1,0.5,3.42,296
6672,-0.988708,110.359717,1,0.5,4.17,155
6673,-0.988708,110.363086,1,0.5,4.17,155
6674,-0.988708,110.366454,1,0.5,4.17,155
6675,-0.988708,110.393404,1,0.5,25.33,34
6676,-0.988708,110.396773,1,0.5,25.33,34
6677,-0.988708,110.400141,1,0.5,25.33,34
6678,-0.988708,110.40351,1,0.5,5.54,180
6679,-0.988708,110.406879,1,0.5,5.54,180
6680,-0.988708,110.410247,1,0.5,5.54,180
6681,-0.988708,110.447303,1,0.5,103.81,0
6682,-0.988708,110.450671,3,0.5,103.81,-1
6683,-0.988708,110.45404,3,0.5,103.81,-1
6684,-0.988708,110.457409,3,0.5,103.81,-1
6685,-0.988708,110.460777,2,0.5,10.57,-1
6686,-0.988708,110.464146,1,0.5,6.01,184
6687,-0.988708,110.467515,1,0.5,6.01,184
6688,-0.988708,110.470884,1,0.5,6.01,184
6689,-0.988708,110.507939,2,0.5,8.86,285
6690,-0.988708,110.511308,2,0.5,8.86,285
6691,-0.988708,110.514676,1,0.5,8.86,-1
6692,-0.988708,110.518045,1,0.5,8.86,-1
6693,-0.988708,110.561838,1,0.5,8.12,-1
6694,-0.988708,110.565207,1,0.5,8.12,-1
6695,-0.988708,110.568575,1,0.5,11.53,86
6696,-0.988708,110.571944,1,0.5,11.53,86
6697,-0.988708,110.575313,1,0.5,11.53,86
6698,-0.988708,110.592156,1,0.5,8.81,-1
6699,-0.988708,110.595525,1,0.5,8.81,-1
6700,-0.988708,110.598893,2,0.5,8.81,285
6701,-0.988708,110.602262,1,0.5,5.88,-1
6702,-0.988708,110.605631,1,0.5,6.57,164
6703,-0.988708,110.608999,1,0.5,6.57,164
6704,-0.988708,110.612368,1,0.5,3.12,254
6705,-0.988708,110.615737,1,0.5,3.12,254
6706,-0.988708,110.619106,1,0.5,7.46,148
6707,-0.988708,110.76059,1,0.5,3.26,-1
6708,-0.988708,110.763959,1,0.5,3.26,-1
6709,-0.988708,110.767328,1,0.5,3.26,-1
6710,-0.988708,110.807752,1,0.5,13.45,81
6711,-0.988708,110.81112,1,0.5,13.45,81
6712,-0.988708,110.814489,1,0.5,13.45,81
6713,-0.992077,110.272131,1,0.5,1.52,127
6714,-0.992077,110.2755,1,0.5,1.52,127
6715,-0.992077,110.278869,1,0.5,1.52,127
6716,-0.992077,110.346242,1,0.5,3.42,296
6717,-0.992077,110.349611,1,0.5,3.42,296
6718,-0.992077,110.35298,1,0.5,3.42,296
6719,-0.992077,110.390035,1,0.5,30.91,-1
6720,-0.992077,110.393404,1,0.5,25.33,34
6721,-0.992077,110.396773,1,0.5,25.33,34
6722,-0.992077,110.400141,1,0.5,25.33,34
6723,-0.992077,110.40351,1,0.5,5.54,180
6724,-0.992077,110.406879,1,0.5,5.54,180
6725,-0.992077,110.410247,1,0.5,5.54,180
6726,-0.992077,110.447303,1,0.5,10.69,88
6727,-0.992077,110.450671,1,0.5,10.69,88
6728,-0.992077,110.45404,1,0.5,10.69,88
6729,-0.992077,110.457409,1,0.5,8.68,-1
6730,-0.992077,110.460777,1,0.5,6.01,184
6731,-0.992077,110.464146,1,0.5,6.01,184
6732,-0.992077,110.467515,1,0.5,6.01,184
6733,-0.992077,110.470884,1,0.5,6.01,184
6734,-0.992077,110.491096,1,0.5,20.57,51
6735,-0.992077,110.494464,1,0.5,20.57,51
6736,-0.992077,110.497833,1,0.5,20.57,51
6737,-0.992077,110.507939,1,0.5,6.09,163
6738,-0.992077,110.511308,1,0.5,6.09,163
6739,-0.992077,110.514676,1,0.5,6.09,163
6740,-0.992077,110.518045,1,0.5,6.09,163
6741,-0.992077,110.568575,1,0.5,11.53,86
6742,-0.992077,110.571944,1,0.5,11.53,86
6743,-0.992077,110.575313,1,0.5,11.53,86
6744,-0.992077,110.585419,1,0.5,6.08,163
6745,-0.992077,110.588787,1,0.5,6.08,163
6746,-0.992077,110.592156,1,0.5,7.37,169
6747,-0.992077,110.595525,1,0.5,8.81,-1
6748,-0.992077,110.598893,1,0.5,8.81,-1
6749,-0.992077,110.602262,1,0.5,6.57,164
6750,-0.992077,110.605631,1,0.5,6.57,164
6751,-0.992077,110.608999,1,0.5,6.57,164
6752,-0.992077,110.612368,1,0.5,7.46,148
6753,-0.992077,110.615737,1,0.5,7.46,148
6754,-0.992077,110.619106,1,0.5,7.46,148
6755,-0.992077,110.733641,1,0.5,8.98,176
6756,-0.992077,110.737009,2,0.5,9.68,262
6757,-0.992077,110.740378,2,0.5,9.68,262
6758,-0.992077,110.743747,1,0.5,9.68,123
6759,-0.992077,110.76059,1,0.5,3.26,-1
6760,-0.992077,110.763959,1,0.5,3.26,-1
6761,-0.992077,110.767328,1,0.5,35.22,-1
6762,-0.992077,110.770696,1,0.5,35.22,-1
6763,-0.992077,110.801014,1,0.5,5.37,192
6764,-0.992077,110.804383,1,0.5,5.37,192
6765,-0.992077,110.807752,1,0.5,13.45,81
6766,-0.992077,110.81112,1,0.5,13.45,81
6767,-0.992077,110.814489,1,0.5,13.45,81
6768,-0.995446,110.346242,1,0.5,3.42,296
6769,-0.995446,110.349611,1,0.5,3.42,296
6770,-0.995446,110.35298,1,0.5,3.42,296
6771,-0.995446,110.390035,1,0.5,30.91,-1
6772,-0.995446,110.393404,2,0.5,25.33,37
6773,-0.995446,110.396773,2,0.5,25.33,37
6774,-0.995446,110.400141,2,0.5,25.33,37
6775,-0.995446,110.40351,1,0.5,20.84,55
6776,-0.995446,110.440565,1,0.5,24.89,-1
6777,-0.995446,110.443934,1,0.5,24.89,-1
6778,-0.995446,110.447303,1,0.5,10.69,88
6779,-0.995446,110.450671,1,0.5,10.69,88
6780,-0.995446,110.45404,1,0.5,10.69,88
6781,-0.995446,110.460777,1,0.5,6.01,184
6782,-0.995446,110.464146,1,0.5,6.01,184
6783,-0.995446,110.467515,1,0.5,6.01,184
6784,-0.995446,110.470884,1,0.5,6.01,184
6785,-0.995446,110.491096,1,0.5,20.57,51
6786,-0.995446,110.494464,1,0.5,20.57,51
6787,-0.995446,110.497833,1,0.5,20.57,51
6788,-0.995446,110.544995,1,0.5,29.19,23
6789,-0.995446,110.548363,1,0.5,29.19,23
6790,-0.995446,110.551732,1,0.5,29.19,23
6791,-0.995446,110.555101,1,0.5,4.22,159
6792,-0.995446,110.558469,1,0.5,4.22,159
6793,-0.995446,110.561838,1,0.5,4.22,159
6794,-0.995446,110.568575,1,0.5,11.53,86
6795,-0.995446,110.571944,1,0.5,11.53,86
6796,-0.995446,110.575313,1,0.5,11.53,86
6797,-0.995446,110.585419,1,0.5,6.08,163
6798,-0.995446,110.588787,1,0.5,6.08,163
6799,-0.995446,110.592156,1,0.5,7.37,169
6800,-0.995446,110.595525,1,0.5,8.81,-1
6801,-0.995446,110.598893,1,0.5,8.81,-1
6802,-0.995446,110.669636,1,0.5,3.54,329
6803,-0.995446,110.673004,1,0.5,3.54,329
6804,-0.995446,110.676373,1,0.5,3.54,329
6805,-0.995446,110.733641,1,0.5,8.98,-1
6806,-0.995446,110.737009,2,0.5,9.68,262
6807,-0.995446,110.740378,2,0.5,9.68,262
6808,-0.995446,110.743747,1,0.5,9.68,123
6809,-0.995446,110.753853,1,0.5,6.88,138
6810,-0.995446,110.757222,1,0.5,6.88,138
6811,-0.995446,110.76059,1,0.5,6.88,138
6812,-0.995446,110.767328,1,0.5,35.22,-1
6813,-0.995446,110.770696,1,0.5,35.22,-1
6814,-0.995446,110.794277,1,0.5,5.97,215
6815,-0.995446,110.797646,1,0.5,5.97,215
6816,-0.995446,110.801014,2,0.5,5.97,302
6817,-0.995446,110.804383,1,0.5,5.37,192
6818,-0.995446,110.807752,1,0.5,13.45,81
6819,-0.995446,110.81112,1,0.5,13.45,81
6820,-0.995446,110.814489,1,0.5,13.45,81
6821,-0.998814,110.393404,1,0.5,20.84,55
6822,-0.998814,110.396773,1,0.5,20.84,55
6823,-0.998814,110.400141,1,0.5,20.84,55
6824,-0.998814,110.40351,1,0.5,20.84,55
6825,-0.998814,110.440565,1,0.5,24.89,-1
6826,-0.998814,110.443934,1,0.5,24.89,-1
6827,-0.998814,110.447303,2,0.5,10.69,-1
6828,-0.998814,110.450671,1,0.5,10.69,88
6829,-0.998814,110.477621,1,0.5,4.49,275
6830,-0.998814,110.48099,1,0.5,4.49,275
6831,-0.998814,110.484358,1,0.5,4.49,275
6832,-0.998814,110.491096,1,0.5,20.57,51
6833,-0.998814,110.494464,1,0.5,20.57,51
6834,-0.998814,110.497833,1,0.5,20.57,51
6835,-0.998814,110.511308,1,0.5,12.83,-1
6836,-0.998814,110.514676,1,0.5,12.83,-1
6837,-0.998814,110.518045,1,0.5,12.83,-1
6838,-0.998814,110.544995,1,0.5,29.19,23
6839,-0.998814,110.548363,1,0.5,29.19,23
6840,-0.998814,110.551732,1,0.5,29.19,23
6841,-0.998814,110.555101,1,0.5,4.22,159
6842,-0.998814,110.558469,1,0.5,4.22,159
6843,-0.998814,110.561838,1,0.5,4.22,159
6844,-0.998814,110.568575,2,0.5,11.53,216
6845,-0.998814,110.571944,2,0.5,11.53,216
6846,-0.998814,110.575313,2,0.5,11.53,216
6847,-0.998814,110.585419,1,0.5,6.08,163
6848,-0.998814,110.588787,1,0.5,6.08,163
6849,-0.998814,110.592156,1,0.5,7.37,169
6850,-0.998814,110.649424,1,0.5,10.98,97
6851,-0.998814,110.652792,1,0.5,10.98,97
6852,-0.998814,110.669636,1,0.5,3.54,329
6853,-0.998814,110.673004,1,0.5,3.54,329
6854,-0.998814,110.676373,1,0.5,5.38,193
6855,-0.998814,110.679742,1,0.5,5.61,227
6856,-0.998814,110.68311,1,0.5,5.61,227
6857,-0.998814,110.686479,1,0.5,5.61,227
6858,-0.998814,110.737009,1,0.5,9.68,123
6859,-0.998814,110.740378,1,0.5,9.68,123
6860,-0.998814,110.743747,1,0.5,9.68,123
6861,-0.998814,110.753853,1,0.5,6.88,138
6862,-0.998814,110.757222,1,0.5,6.88,138
6863,-0.998814,110.76059,1,0.5,6.88,138
6864,-0.998814,110.767328,1,0.5,35.22,-1
6865,-0.998814,110.770696,1,0.5,35.22,-1
6866,-0.998814,110.794277,1,0.5,5.97,215
6867,-0.998814,110.797646,1,0.5,5.97,215
6868,-0.998814,110.801014,1,0.5,5.97,215
6869,-1.002183,110.393404,1,0.5,20.84,55
6870,-1.002183,110.396773,1,0.5,20.84,55
6871,-1.002183,110.400141,1,0.5,20.84,55
6872,-1.002183,110.440565,1,0.5,24.89,-1
6873,-1.002183,110.443934,1,0.5,24.89,-1
6874,-1.002183,110.447303,1,0.5,2.32,228
6875,-1.002183,110.450671,1,0.5,11.78,117
6876,-1.002183,110.45404,1,0.5,11.78,117
6877,-1.002183,110.457409,1,0.5,11.78,117
6878,-1.002183,110.477621,1,0.5,4.49,275
6879,-1.002183,110.48099,1,0.5,4.49,275
6880,-1.002183,110.484358,1,0.5,4.49,275
6881,-1.002183,110.491096,1,0.5,20.57,51
6882,-1.002183,110.494464,1,0.5,20.57,51
6883,-1.002183,110.497833,1,0.5,20.57,51
6884,-1.002183,110.511308,1,0.5,12.83,95
6885,-1.002183,110.514676,1,0.5,12.83,-1
6886,-1.002183,110.518045,1,0.5,12.83,-1
6887,-1.002183,110.53152,1,0.5,4.68,-1
6888,-1.002183,110.534888,1,0.5,4.68,-1
6889,-1.002183,110.544995,1,0.5,29.19,23
6890,-1.002183,110.548363,1,0.5,29.19,23
6891,-1.002183,110.551732,1,0.5,29.19,23
6892,-1.002183,110.568575,1,0.5,3.44,295
6893,-1.002183,110.571944,1,0.5,3.44,295
6894,-1.002183,110.575313,1,0.5,3.44,295
6895,-1.002183,110.578681,1,0.5,2.86,251
6896,-1.002183,110.58205,1,0.5,2.86,251
6897,-1.002183,110.585419,1,0.5,2.86,251
6898,-1.002183,110.649424,1,0.5,10.98,97
6899,-1.002183,110.652792,1,0.5,10.98,97
6900,-1.002183,110.666267,1,0.5,4.92,236
6901,-1.002183,110.669636,2,0.5,4.92,287
6902,-1.002183,110.673004,2,0.5,4.92,287
6903,-1.002183,110.676373,1,0.5,5.38,193
6904,-1.002183,110.679742,1,0.5,5.61,227
6905,-1.002183,110.68311,1,0.5,5.61,227
6906,-1.002183,110.686479,1,0.5,5.61,227
6907,-1.002183,110.76059,2,0.5,20.36,50
6908,-1.002183,110.763959,2,0.5,20.36,50
6909,-1.002183,110.767328,2,0.5,7.28,331
6910,-1.002183,110.770696,1,0.5,5.56,-1
6911,-1.002183,110.794277,1,0.5,5.97,215
6912,-1.002183,110.797646,1,0.5,5.97,215
6913,-1.002183,110.801014,1,0.5,5.97,215
6914,-1.005552,110.37656,1,0.5,6.91,138
6915,-1.005552,110.379929,1,0.5,6.91,138
6916,-1.005552,110.383298,1,0.5,6.91,138
6917,-1.005552,110.440565,1,0.5,2.32,228
6918,-1.005552,110.443934,1,0.5,2.32,228
6919,-1.005552,110.447303,1,0.5,2.32,228
6920,-1.005552,110.450671,1,0.5,11.78,117
6921,-1.005552,110.45404,1,0.5,11.78,117
6922,-1.005552,110.457409,1,0.5,11.78,117
6923,-1.005552,110.477621,1,0.5,4.49,275
6924,-1.005552,110.48099,1,0.5,4.49,275
6925,-1.005552,110.484358,1,0.5,4.49,275
6926,-1.005552,110.53152,1,0.5,4.68,-1
6927,-1.005552,110.534888,1,0.5,4.68,-1
6928,-1.005552,110.538257,1,0.5,12.25,-1
6929,-1.005552,110.541626,1,0.5,12.25,-1
6930,-1.005552,110.544995,1,0.5,12.25,-1
6931,-1.005552,110.568575,1,0.5,3.44,295
6932,-1.005552,110.571944,1,0.5,3.44,295
6933,-1.005552,110.575313,1,0.5,3.44,295
6934,-1.005552,110.578681,1,0.5,2.86,251
6935,-1.005552,110.58205,1,0.5,2.86,251
6936,-1.005552,110.585419,1,0.5,2.86,251
6937,-1.005552,110.666267,1,0.5,4.92,236
6938,-1.005552,110.669636,1,0.5,4.92,236
6939,-1.005552,110.673004,1,0.5,4.92,236
6940,-1.005552,110.679742,1,0.5,5.61,227
6941,-1.005552,110.68311,1,0.5,5.61,227
6942,-1.005552,110.686479,1,0.5,5.61,227
6943,-1.005552,110.76059,2,0.5,20.36,50
6944,-1.005552,110.763959,2,0.5,20.36,50
6945,-1.005552,110.767328,2,0.5,20.36,50
6946,-1.005552,110.794277,1,0.5,5.97,215
6947,-1.005552,110.797646,1,0.5,5.97,215
6948,-1.005552,110.801014,1,0.5,5.97,215
6949,-1.00892,110.37656,1,0.5,6.91,138
6950,-1.00892,110.379929,1,0.5,6.91,138
6951,-1.00892,110.383298,1,0.5,6.91,138
6952,-1.00892,110.413616,1,0.5,2.34,228
6953,-1.00892,110.416985,1,0.5,2.34,228
6954,-1.00892,110.420353,1,0.5,2.34,228
6955,-1.00892,110.450671,1,0.5,11.78,117
6956,-1.00892,110.45404,1,0.5,11.78,117
6957,-1.00892,110.457409,1,0.5,11.78,117
6958,-1.00892,110.538257,1,0.5,12.25,-1
6959,-1.00892,110.541626,1,0.5,12.25,-1
6960,-1.00892,110.544995,1,0.5,12.25,-1
6961,-1.00892,110.551732,1,0.5,3.63,283
6962,-1.00892,110.555101,1,0.5,3.63,283
6963,-1.00892,110.558469,1,0.5,3.63,283
6964,-1.00892,110.578681,1,0.5,2.86,251
6965,-1.00892,110.58205,1,0.5,2.86,251
6966,-1.00892,110.585419,1,0.5,2.86,251
6967,-1.00892,110.666267,1,0.5,4.92,236
6968,-1.00892,110.669636,1,0.5,4.92,236
6969,-1.00892,110.673004,1,0.5,4.92,236
6970,-1.00892,110.76059,2,0.5,20.36,50
6971,-1.00892,110.763959,2,0.5,20.36,50
6972,-1.00892,110.767328,2,0.5,20.36,50
6973,-1.012289,110.35298,1,0.5,5.41,238
6974,-1.012289,110.356348,1,0.5,5.41,238
6975,-1.012289,110.359717,1,0.5,5.41,238
6976,-1.012289,110.37656,1,0.5,6.91,138
6977,-1.012289,110.379929,1,0.5,6.91,138
6978,-1.012289,110.383298,1,0.5,6.91,138
6979,-1.012289,110.413616,1,0.5,2.34,228
6980,-1.012289,110.416985,1,0.5,2.34,228
6981,-1.012289,110.420353,1,0.5,23.82,-1
6982,-1.012289,110.423722,1,0.5,23.82,-1
6983,-1.012289,110.427091,1,0.5,23.82,-1
6984,-1.012289,110.430459,1,0.5,23.82,-1
6985,-1.012289,110.497833,1,0.5,2.69,308
6986,-1.012289,110.501202,1,0.5,2.69,308
6987,-1.012289,110.50457,1,0.5,2.69,308
6988,-1.012289,110.538257,1,0.5,12.25,-1
6989,-1.012289,110.541626,1,0.5,12.25,-1
6990,-1.012289,110.544995,1,0.5,12.25,-1
6991,-1.012289,110.551732,1,0.5,3.63,283
6992,-1.012289,110.555101,1,0.5,3.63,283
6993,-1.012289,110.558469,1,0.5,3.63,283
6994,-1.012289,110.76059,2,0.5,20.36,50
6995,-1.012289,110.763959,2,0.5,20.36,50
6996,-1.012289,110.767328,2,0.5,20.36,50
6997,-1.012289,110.807752,1,0.5,8.01,143
6998,-1.012289,110.81112,1,0.5,8.01,143
6999,-1.012289,110.814489,1,0.5,8.01,143
7000,-1.015658,110.35298,1,0.5,5.41,238
7001,-1.015658,110.356348,1,0.5,5.41,238
7002,-1.015658,110.359717,1,0.5,5.41,238
7003,-1.015658,110.413616,1,0.5,2.34,228
7004,-1.015658,110.416985,1,0.5,2.34,228
7005,-1.015658,110.420353,1,0.5,23.82,-1
7006,-1.015658,110.423722,1,0.5,23.82,-1
7007,-1.015658,110.427091,1,0.5,23.82,-1
7008,-1.015658,110.430459,1,0.5,23.82,-1
7009,-1.015658,110.487727,1,0.5,3.34,273
7010,-1.015658,110.491096,1,0.5,3.34,273
7011,-1.015658,110.497833,1,0.5,2.69,308
7012,-1.015658,110.501202,1,0.5,2.69,308
7013,-1.015658,110.50457,1,0.5,2.69,308
7014,-1.015658,110.507939,1,0.5,2.43,-1
7015,-1.015658,110.511308,1,0.5,2.43,-1
7016,-1.015658,110.551732,1,0.5,3.63,283
7017,-1.015658,110.555101,1,0.5,3.63,283
7018,-1.015658,110.558469,1,0.5,3.63,283
7019,-1.015658,110.625843,1,0.5,4.88,244
7020,-1.015658,110.629212,1,0.5,4.88,244
7021,-1.015658,110.63258,1,0.5,4.88,244
7022,-1.015658,110.656161,1,0.5,27.08,26
7023,-1.015658,110.65953,1,0.5,23.74,35
7024,-1.015658,110.662898,2,0.5,23.74,36
7025,-1.015658,110.666267,1,0.5,11.0,97
7026,-1.015658,110.669636,1,0.5,11.0,97
7027,-1.015658,110.763959,1,0.5,3.18,281
7028,-1.015658,110.767328,1,0.5,3.18,281
7029,-1.015658,110.780802,1,0.5,3.12,254
7030,-1.015658,110.784171,1,0.5,3.12,254
7031,-1.015658,110.807752,1,0.5,8.01,143
7032,-1.015658,110.81112,1,0.5,8.01,143
7033,-1.015658,110.814489,1,0.5,8.01,143
7034,-1.019026,110.35298,1,0.5,5.41,238
7035,-1.019026,110.356348,1,0.5,5.41,238
7036,-1.019026,110.359717,1,0.5,5.41,238
7037,-1.019026,110.423722,1,0.5,3.3,276
7038,-1.019026,110.427091,1,0.5,3.3,276
7039,-1.019026,110.430459,1,0.5,3.3,276
7040,-1.019026,110.487727,1,0.5,3.34,273
7041,-1.019026,110.491096,1,0.5,3.34,273
7042,-1.019026,110.497833,1,0.5,2.69,308
7043,-1.019026,110.501202,1,0.5,2.69,308
7044,-1.019026,110.50457,1,0.5,2.69,308
7045,-1.019026,110.507939,1,0.5,2.43,-1
7046,-1.019026,110.511308,1,0.5,2.43,-1
7047,-1.019026,110.514676,1,0.5,3.44,295
7048,-1.019026,110.518045,1,0.5,3.44,295
7049,-1.019026,110.521414,1,0.5,3.44,295
7050,-1.019026,110.528151,1,0.5,3.48,311
7051,-1.019026,110.53152,1,0.5,3.48,311
7052,-1.019026,110.534888,1,0.5,20.71,-1
7053,-1.019026,110.538257,1,0.5,20.71,-1
7054,-1.019026,110.541626,1,0.5,20.71,-1
7055,-1.019026,110.625843,1,0.5,4.88,244
7056,-1.019026,110.629212,1,0.5,4.88,244
7057,-1.019026,110.63258,1,0.5,4.88,244
7058,-1.019026,110.656161,1,0.5,27.08,26
7059,-1.019026,110.65953,1,0.5,23.74,35
7060,-1.019026,110.662898,2,0.5,23.74,36
7061,-1.019026,110.666267,1,0.5,11.0,97
7062,-1.019026,110.669636,1,0.5,11.0,97
7063,-1.019026,110.763959,1,0.5,4.16,155
7064,-1.019026,110.767328,1,0.5,4.16,155
7065,-1.019026,110.770696,1,0.5,4.01,-1
7066,-1.019026,110.780802,1,0.5,3.12,254
7067,-1.019026,110.784171,1,0.5,3.12,254
7068,-1.019026,110.807752,1,0.5,8.01,143
7069,-1.019026,110.81112,1,0.5,8.01,143
7070,-1.019026,110.814489,1,0.5,8.01,143
7071,-1.022395,110.423722,1,0.5,3.3,276
7072,-1.022395,110.427091,1,0.5,3.3,276
7073,-1.022395,110.430459,1,0.5,3.3,276
7074,-1.022395,110.433828,1,0.5,4.88,244
7075,-1.022395,110.437197,1,0.5,4.88,244
7076,-1.022395,110.440565,1,0.5,4.88,244
7077,-1.022395,110.487727,1,0.5,3.34,273
7078,-1.022395,110.491096,1,0.5,3.34,273
7079,-1.022395,110.50457,1,0.5,2.43,-1
7080,-1.022395,110.507939,1,0.5,2.43,-1
7081,-1.022395,110.511308,1,0.5,2.43,-1
7082,-1.022395,110.514676,1,0.5,3.44,295
7083,-1.022395,110.518045,1,0.5,3.44,295
7084,-1.022395,110.521414,1,0.5,3.44,295
7085,-1.022395,110.528151,1,0.5,3.48,311
7086,-1.022395,110.53152,1,0.5,3.48,311
7087,-1.022395,110.534888,1,0.5,20.71,-1
7088,-1.022395,110.538257,1,0.5,20.71,-1
7089,-1.022395,110.541626,2,0.5,20.71,50
7090,-1.022395,110.544995,1,0.5,8.81,-1
7091,-1.022395,110.555101,1,0.5,5.23,158
7092,-1.022395,110.558469,1,0.5,5.23,158
7093,-1.022395,110.561838,1,0.5,5.23,158
7094,-1.022395,110.625843,1,0.5,4.88,244
7095,-1.022395,110.629212,1,0.5,4.88,244
7096,-1.022395,110.63258,1,0.5,4.88,244
7097,-1.022395,110.763959,1,0.5,4.16,155
7098,-1.022395,110.767328,2,0.5,20.85,50
7099,-1.022395,110.770696,2,0.5,20.85,50
7100,-1.025764,110.40351,1,0.5,7.84,132
7101,-1.025764,110.406879,1,0.5,7.84,132
7102,-1.025764,110.423722,1,0.5,3.3,276
7103,-1.025764,110.427091,1,0.5,3.3,276
7104,-1.025764,110.430459,1,0.5,3.3,276
7105,-1.025764,110.433828,1,0.5,4.88,244
7106,-1.025764,110.437197,1,0.5,4.88,244
7107,-1.025764,110.440565,1,0.5,4.88,244
7108,-1.025764,110.514676,1,0.5,3.44,295
7109,-1.025764,110.518045,1,0.5,3.44,295
7110,-1.025764,110.521414,1,0.5,3.44,295
7111,-1.025764,110.528151,1,0.5,3.48,311
7112,-1.025764,110.53152,1,0.5,3.48,311
7113,-1.025764,110.534888,2,0.5,10.67,216
7114,-1.025764,110.538257,2,0.5,10.67,216
7115,-1.025764,110.541626,3,0.5,10.67,18
7116,-1.025764,110.544995,2,0.5,8.81,285
7117,-1.025764,110.555101,1,0.5,5.23,158
7118,-1.025764,110.558469,1,0.5,5.23,158
7119,-1.025764,110.561838,1,0.5,5.23,158
7120,-1.025764,110.629212,1,0.5,4.88,244
7121,-1.025764,110.63258,1,0.5,4.88,244
7122,-1.025764,110.639318,1,0.5,4.53,268
7123,-1.025764,110.642686,1,0.5,4.53,268
7124,-1.025764,110.646055,1,0.5,4.53,268
7125,-1.025764,110.649424,1,0.5,3.73,318
7126,-1.025764,110.763959,1,0.5,4.01,-1
7127,-1.025764,110.767328,2,0.5,20.85,50
7128,-1.025764,110.770696,2,0.5,20.85,50
7129,-1.029132,110.40351,1,0.5,7.84,132
7130,-1.029132,110.406879,1,0.5,7.84,132
7131,-1.029132,110.410247,1,0.5,8.47,152
7132,-1.029132,110.433828,1,0.5,4.88,244
7133,-1.029132,110.437197,1,0.5,4.88,244
7134,-1.029132,110.440565,1,0.5,4.88,244
7135,-1.029132,110.534888,1,0.5,10.67,88
7136,-1.029132,110.538257,2,0.5,10.67,216
7137,-1.029132,110.541626,2,0.5,10.67,216
7138,-1.029132,110.544995,1,0.5,6.39,-1
7139,-1.029132,110.555101,1,0.5,5.23,158
7140,-1.029132,110.558469,1,0.5,5.23,158
7141,-1.029132,110.561838,1,0.5,5.23,158
7142,-1.029132,110.639318,1,0.5,4.53,268
7143,-1.029132,110.642686,2,0.5,4.53,286
7144,-1.029132,110.646055,2,0.5,4.53,286
7145,-1.029132,110.649424,2,0.5,3.73,210
7146,-1.029132,110.763959,1,0.5,4.01,-1
7147,-1.029132,110.767328,2,0.5,20.85,50
7148,-1.029132,110.770696,2,0.5,20.85,50
7149,-1.032501,110.40351,1,0.5,7.84,132
7150,-1.032501,110.406879,1,0.5,7.84,132
7151,-1.032501,110.410247,1,0.5,8.47,152
7152,-1.032501,110.45404,1,0.5,105.85,0
7153,-1.032501,110.457409,1,0.5,105.85,0
7154,-1.032501,110.460777,1,0.5,105.85,0
7155,-1.032501,110.534888,1,0.5,10.67,88
7156,-1.032501,110.538257,2,0.5,10.67,216
7157,-1.032501,110.541626,2,0.5,10.67,216
7158,-1.032501,110.544995,1,0.5,6.39,-1
7159,-1.032501,110.555101,1,0.5,9.85,108
7160,-1.032501,110.558469,1,0.5,9.85,108
7161,-1.032501,110.588787,1,0.5,7.87,133
7162,-1.032501,110.592156,1,0.5,7.87,133
7163,-1.032501,110.595525,1,0.5,7.87,133
7164,-1.032501,110.639318,1,0.5,4.53,268
7165,-1.032501,110.642686,2,0.5,4.53,286
7166,-1.032501,110.646055,2,0.5,4.53,286
7167,-1.032501,110.649424,2,0.5,3.73,210
7168,-1.032501,110.753853,1,0.5,12.05,89
7169,-1.032501,110.757222,2,0.5,12.05,216
7170,-1.032501,110.76059,1,0.5,6.15,165
7171,-1.032501,110.763959,1,0.5,6.15,165
7172,-1.032501,110.767328,1,0.5,4.01,-1
7173,-1.032501,110.770696,1,0.5,4.01,-1
7174,-1.032501,110.784171,1,0.5,2.25,172
7175,-1.032501,110.78754,1,0.5,2.25,172
7176,-1.032501,110.790908,1,0.5,7.6,139
7177,-1.03587,110.40351,1,0.5,8.47,152
7178,-1.03587,110.406879,1,0.5,8.47,152
7179,-1.03587,110.410247,1,0.5,8.47,152
7180,-1.03587,110.423722,1,0.5,2.77,247
7181,-1.03587,110.427091,1,0.5,2.77,247
7182,-1.03587,110.430459,1,0.5,2.77,247
7183,-1.03587,110.45404,1,0.5,105.85,0
7184,-1.03587,110.457409,1,0.5,105.85,0
7185,-1.03587,110.460777,1,0.5,105.85,0
7186,-1.03587,110.555101,1,0.5,9.85,108
7187,-1.03587,110.558469,1,0.5,9.85,108
7188,-1.03587,110.588787,1,0.5,7.87,133
7189,-1.03587,110.592156,1,0.5,7.87,133
7190,-1.03587,110.595525,1,0.5,7.87,133
7191,-1.03587,110.625843,1,0.5,29.3,23
7192,-1.03587,110.629212,1,0.5,29.3,23
7193,-1.03587,110.63258,1,0.5,29.3,23
7194,-1.03587,110.635949,1,0.5,1.73,-1
7195,-1.03587,110.639318,1,0.5,1.73,-1
7196,-1.03587,110.642686,1,0.5,2.96,259
7197,-1.03587,110.646055,1,0.5,2.96,259
7198,-1.03587,110.649424,1,0.5,2.96,259
7199,-1.03587,110.753853,1,0.5,12.05,89
7200,-1.03587,110.757222,2,0.5,12.05,216
7201,-1.03587,110.76059,2,0.5,12.05,216
7202,-1.03587,110.763959,1,0.5,6.15,165
7203,-1.03587,110.78754,1,0.5,2.25,172
7204,-1.03587,110.790908,1,0.5,2.25,172
7205,-1.03587,110.794277,1,0.5,7.6,139
7206,-1.039238,110.423722,1,0.5,2.77,247
7207,-1.039238,110.427091,1,0.5,2.77,247
7208,-1.039238,110.430459,1,0.5,2.77,247
7209,-1.039238,110.433828,1,1.0,11.04,98
7210,-1.039238,110.437197,1,1.0,11.04,98
7211,-1.039238,110.440565,1,1.0,11.04,98
7212,-1.039238,110.45404,2,0.5,105.85,-1
7213,-1.039238,110.457409,2,0.5,105.85,-1
7214,-1.039238,110.460777,1,0.5,105.85,0
7215,-1.039238,110.588787,1,0.5,7.87,133
7216,-1.039238,110.592156,1,0.5,7.87,133
7217,-1.039238,110.595525,1,0.5,7.87,133
7218,-1.039238,110.625843,1,0.5,29.3,23
7219,-1.039238,110.629212,1,0.5,29.3,23
7220,-1.039238,110.63258,1,0.5,29.3,23
7221,-1.039238,110.635949,1,0.5,1.73,-1
7222,-1.039238,110.639318,1,0.5,1.73,-1
7223,-1.039238,110.662898,1,0.5,5.99,185
7224,-1.039238,110.666267,2,0.5,5.99,302
7225,-1.039238,110.669636,2,0.5,5.99,302
7226,-1.039238,110.673004,1,0.5,5.99,185
7227,-1.039238,110.757222,1,0.5,12.05,89
7228,-1.039238,110.76059,2,0.5,12.05,216
7229,-1.039238,110.763959,2,0.5,12.05,216
7230,-1.039238,110.767328,1,0.5,6.15,165
7231,-1.039238,110.784171,1,0.5,3.49,312
7232,-1.039238,110.78754,1,0.5,3.49,312
7233,-1.039238,110.790908,1,0.5,3.49,312
7234,-1.039238,110.794277,1,0.5,7.6,139
7235,-1.042607,110.423722,1,0.5,2.77,247
7236,-1.042607,110.427091,1,0.5,2.77,247
7237,-1.042607,110.430459,1,0.5,2.77,247
7238,-1.042607,110.433828,1,1.0,11.04,98
7239,-1.042607,110.437197,1,1.0,11.04,98
7240,-1.042607,110.440565,1,1.0,11.04,98
7241,-1.042607,110.45404,2,0.5,11.38,216
7242,-1.042607,110.457409,2,0.5,11.38,216
7243,-1.042607,110.460777,1,0.5,6.39,-1
7244,-1.042607,110.578681,1,0.5,5.02,234
7245,-1.042607,110.58205,1,0.5,5.02,234
7246,-1.042607,110.585419,1,0.5,5.02,234
7247,-1.042607,110.629212,1,0.5,29.3,23
7248,-1.042607,110.63258,1,0.5,29.3,23
7249,-1.042607,110.635949,1,0.5,29.3,23
7250,-1.042607,110.639318,1,0.5,1.73,-1
7251,-1.042607,110.642686,1,0.5,1.73,-1
7252,-1.042607,110.652792,1,0.5,14.68,-1
7253,-1.042607,110.656161,1,0.5,14.68,-1
7254,-1.042607,110.666267,1,0.5,5.99,185
7255,-1.042607,110.669636,2,0.5,5.99,302
7256,-1.042607,110.673004,2,0.5,5.99,302
7257,-1.042607,110.676373,1,0.5,5.99,185
7258,-1.042607,110.740378,1,0.5,3.13,254
7259,-1.042607,110.743747,1,0.5,3.13,254
7260,-1.042607,110.76059,1,0.5,6.4,201
7261,-1.042607,110.763959,1,0.5,6.4,201
7262,-1.042607,110.784171,1,0.5,3.49,312
7263,-1.042607,110.78754,1,0.5,3.49,312
7264,-1.042607,110.790908,1,0.5,3.49,312
7265,-1.045976,110.430459,1,0.5,30.66,25
7266,-1.045976,110.433828,2,0.75,11.04,216
7267,-1.045976,110.437197,2,0.75,11.04,216
7268,-1.045976,110.440565,1,1.0,11.04,98
7269,-1.045976,110.45404,1,0.5,11.38,-1
7270,-1.045976,110.457409,1,0.5,11.38,-1
7271,-1.045976,110.558469,1,0.5,5.35,183
7272,-1.045976,110.561838,1,0.5,5.35,183
7273,-1.045976,110.565207,1,0.5,5.35,183
7274,-1.045976,110.58205,2,0.5,5.02,287
7275,-1.045976,110.585419,2,0.5,5.02,287
7276,-1.045976,110.588787,1,0.5,5.02,234
7277,-1.045976,110.592156,1,0.5,5.02,234
7278,-1.045976,110.612368,1,1.0,19.99,66
7279,-1.045976,110.615737,1,1.0,14.99,41
7280,-1.045976,110.619106,1,1.0,14.99,41
7281,-1.045976,110.622474,1,1.0,14.99,41
7282,-1.045976,110.639318,1,0.5,7.81,132
7283,-1.045976,110.642686,1,0.5,7.81,132
7284,-1.045976,110.652792,1,0.5,14.68,-1
7285,-1.045976,110.656161,1,0.5,14.68,-1
7286,-1.045976,110.666267,1,0.5,5.99,185
7287,-1.045976,110.669636,2,0.5,5.99,302
7288,-1.045976,110.673004,2,0.5,5.99,302
7289,-1.045976,110.676373,1,0.5,5.99,185
7290,-1.045976,110.740378,1,0.5,3.13,254
7291,-1.045976,110.743747,1,0.5,3.13,254
7292,-1.045976,110.747115,1,0.5,3.13,254
7293,-1.049345,110.433828,1,0.5,30.66,25
7294,-1.049345,110.437197,2,0.75,11.04,216
7295,-1.049345,110.440565,2,0.75,11.04,216
7296,-1.049345,110.443934,1,1.0,11.04,98
7297,-1.049345,110.467515,1,0.5,70.36,4
7298,-1.049345,110.470884,1,0.5,70.36,4
7299,-1.049345,110.474252,1,0.5,70.36,4
7300,-1.049345,110.558469,1,0.5,5.35,183
7301,-1.049345,110.561838,1,0.5,5.35,183
7302,-1.049345,110.565207,1,0.5,5.35,183
7303,-1.049345,110.58205,2,0.5,22.56,-1
7304,-1.049345,110.585419,2,0.5,22.56,-1
7305,-1.049345,110.588787,1,0.5,22.56,-1
7306,-1.049345,110.592156,1,0.5,5.02,234
7307,-1.049345,110.612368,1,1.0,19.99,66
7308,-1.049345,110.615737,1,1.0,14.99,41
7309,-1.049345,110.619106,1,1.0,14.99,41
7310,-1.049345,110.622474,1,1.0,14.99,41
7311,-1.049345,110.639318,2,0.5,7.81,-1
7312,-1.049345,110.642686,2,0.5,7.81,-1
7313,-1.049345,110.652792,1,0.5,14.68,-1
7314,-1.049345,110.656161,1,0.5,14.68,-1
7315,-1.049345,110.740378,1,0.5,3.13,254
7316,-1.049345,110.743747,1,0.5,3.13,254
7317,-1.049345,110.747115,1,0.5,3.13,254
7318,-1.052713,110.433828,1,0.5,30.66,25
7319,-1.052713,110.437197,1,0.5,5.43,-1
7320,-1.052713,110.440565,1,0.5,5.43,-1
7321,-1.052713,110.467515,1,0.5,70.36,4
7322,-1.052713,110.470884,1,0.5,70.36,4
7323,-1.052713,110.474252,1,0.5,70.36,4
7324,-1.052713,110.558469,1,0.5,3.01,258
7325,-1.052713,110.561838,1,0.5,3.01,258
7326,-1.052713,110.565207,1,0.5,3.01,258
7327,-1.052713,110.58205,1,0.5,22.56,-1
7328,-1.052713,110.585419,1,0.5,22.56,-1
7329,-1.052713,110.588787,1,0.5,22.56,-1
7330,-1.052713,110.592156,2,0.5,5.49,287
7331,-1.052713,110.595525,1,0.5,5.49,-1
7332,-1.052713,110.598893,1,0.5,5.49,-1
7333,-1.052713,110.612368,1,1.0,19.99,66
7334,-1.052713,110.615737,1,1.0,14.99,41
7335,-1.052713,110.619106,1,1.0,14.99,41
7336,-1.052713,110.622474,1,1.0,14.99,41
7337,-1.052713,110.629212,1,0.5,21.27,44
7338,-1.052713,110.63258,1,0.5,21.27,44
7339,-1.052713,110.635949,1,0.5,21.27,44
7340,-1.052713,110.639318,1,0.5,6.46,240
7341,-1.052713,110.642686,1,0.5,6.46,240
7342,-1.052713,110.794277,1,0.5,4.09,289
7343,-1.052713,110.797646,1,0.5,4.09,289
7344,-1.052713,110.801014,1,0.5,4.09,289
7345,-1.056082,110.437197,1,0.5,5.43,-1
7346,-1.056082,110.440565,1,0.5,5.43,-1
7347,-1.056082,110.467515,1,0.5,70.36,4
7348,-1.056082,110.470884,1,0.5,70.36,-1
7349,-1.056082,110.474252,1,0.5,70.36,4
7350,-1.056082,110.58205,1,0.5,22.56,-1
7351,-1.056082,110.585419,3,0.5,26.7,-1
7352,-1.056082,110.588787,3,0.67,90.54,-1
7353,-1.056082,110.592156,2,0.75,90.54,-1
7354,-1.056082,110.595525,2,0.75,90.54,-1
7355,-1.056082,110.598893,1,0.5,5.49,-1
7356,-1.056082,110.629212,2,0.5,21.27,50
7357,-1.056082,110.63258,2,0.5,21.27,50
7358,-1.056082,110.635949,1,0.5,21.27,44
7359,-1.056082,110.639318,1,0.5,6.46,240
7360,-1.056082,110.642686,1,0.5,6.46,240
7361,-1.056082,110.669636,1,0.5,16.78,-1
7362,-1.056082,110.673004,1,0.5,16.78,-1
7363,-1.056082,110.676373,1,0.5,16.78,-1
7364,-1.056082,110.794277,1,0.5,4.09,289
7365,-1.056082,110.797646,1,0.5,4.09,289
7366,-1.056082,110.801014,1,0.5,4.09,289
7367,-1.059451,110.521414,1,0.5,8.51,152
7368,-1.059451,110.524782,1,0.5,8.51,152
7369,-1.059451,110.528151,1,0.5,8.51,152
7370,-1.059451,110.585419,2,0.5,26.7,37
7371,-1.059451,110.588787,2,0.75,90.54,-1
7372,-1.059451,110.592156,2,0.75,90.54,-1
7373,-1.059451,110.595525,2,0.75,90.54,-1
7374,-1.059451,110.598893,1,0.5,5.49,-1
7375,-1.059451,110.629212,2,0.5,21.27,50
7376,-1.059451,110.63258,2,0.5,21.27,50
7377,-1.059451,110.635949,1,0.5,21.27,44
7378,-1.059451,110.639318,1,0.5,6.46,240
7379,-1.059451,110.642686,1,0.5,6.46,240
7380,-1.059451,110.669636,1,0.5,16.78,-1
7381,-1.059451,110.673004,2,0.5,44.99,-1
7382,-1.059451,110.676373,2,0.5,44.99,-1
7383,-1.059451,110.679742,1,0.5,44.99,10
7384,-1.059451,110.750484,1,0.5,8.75,205
7385,-1.059451,110.753853,1,0.5,8.75,205
7386,-1.059451,110.757222,1,0.5,8.75,205
7387,-1.059451,110.76059,1,0.5,4.56,268
7388,-1.059451,110.794277,1,0.5,4.09,289
7389,-1.059451,110.797646,1,0.5,4.09,289
7390,-1.059451,110.801014,1,0.5,4.09,289
7391,-1.062819,110.521414,1,0.5,8.51,152
7392,-1.062819,110.524782,1,0.5,8.51,152
7393,-1.062819,110.528151,1,0.5,8.51,152
7394,-1.062819,110.538257,1,0.5,7.13,154
7395,-1.062819,110.541626,1,0.5,7.13,154
7396,-1.062819,110.544995,1,0.5,7.13,154
7397,-1.062819,110.585419,1,0.5,26.7,29
7398,-1.062819,110.588787,1,1.0,90.54,-1
7399,-1.062819,110.592156,1,1.0,90.54,-1
7400,-1.062819,110.595525,1,1.0,90.54,-1
7401,-1.062819,110.602262,1,0.5,3.73,318
7402,-1.062819,110.605631,1,0.5,3.73,318
7403,-1.062819,110.629212,1,0.5,1.8,189
7404,-1.062819,110.63258,1,0.5,1.8,189
7405,-1.062819,110.669636,2,0.5,43.96,-1
7406,-1.062819,110.673004,2,0.5,43.96,-1
7407,-1.062819,110.676373,2,0.5,43.96,-1
7408,-1.062819,110.679742,1,0.5,44.99,10
7409,-1.062819,110.750484,1,0.5,8.75,205
7410,-1.062819,110.753853,1,0.5,8.75,205
7411,-1.062819,110.757222,1,0.5,8.75,205
7412,-1.062819,110.76059,1,0.5,4.56,268
7413,-1.066188,110.363086,2,0.5,4.21,-1
7414,-1.066188,110.366454,3,0.5,15.74,18
7415,-1.066188,110.369823,3,0.5,15.74,18
7416,-1.066188,110.373192,2,0.5,15.74,80
7417,-1.066188,110.521414,1,0.5,8.51,152
7418,-1.066188,110.524782,1,0.5,8.51,152
7419,-1.066188,110.528151,1,0.5,8.51,152
7420,-1.066188,110.538257,1,0.5,7.13,154
7421,-1.066188,110.541626,1,0.5,7.13,154
7422,-1.066188,110.544995,1,0.5,7.13,154
7423,-1.066188,110.585419,1,0.5,26.7,29
7424,-1.066188,110.588787,1,0.5,26.7,29
7425,-1.066188,110.592156,1,0.5,47.79,9
7426,-1.066188,110.595525,1,0.5,47.79,9
7427,-1.066188,110.602262,1,0.5,3.73,318
7428,-1.066188,110.605631,1,0.5,3.73,318
7429,-1.066188,110.669636,1,0.5,43.96,-1
7430,-1.066188,110.673004,1,0.5,43.96,-1
7431,-1.066188,110.676373,1,0.5,43.96,-1
7432,-1.066188,110.679742,1,0.5,44.99,10
7433,-1.066188,110.750484,1,0.5,8.75,205
7434,-1.066188,110.753853,1,0.5,8.75,205
7435,-1.066188,110.757222,2,0.5,8.75,285
7436,-1.066188,110.76059,1,0.5,4.29,291
7437,-1.066188,110.763959,1,0.5,4.29,291
7438,-1.069557,110.363086,2,0.5,4.21,-1
7439,-1.069557,110.366454,3,0.5,15.74,18
7440,-1.069557,110.369823,3,0.5,15.74,18
7441,-1.069557,110.373192,2,0.5,15.74,80
7442,-1.069557,110.595525,1,0.5,2.6,325
7443,-1.069557,110.598893,1,0.5,2.6,325
7444,-1.069557,110.602262,2,0.5,3.73,210
7445,-1.069557,110.605631,1,0.5,3.73,318
7446,-1.069557,110.612368,1,0.5,5.53,180
7447,-1.069557,110.615737,1,0.5,5.53,180
7448,-1.069557,110.619106,1,0.5,5.53,180
7449,-1.069557,110.686479,1,0.5,2.89,248
7450,-1.069557,110.689848,1,0.5,2.89,248
7451,-1.069557,110.693217,1,0.5,2.89,248
7452,-1.069557,110.740378,1,0.5,6.13,166
7453,-1.069557,110.743747,1,0.5,6.13,166
7454,-1.069557,110.753853,1,0.5,8.75,205
7455,-1.069557,110.757222,2,0.5,8.75,285
7456,-1.069557,110.76059,1,0.5,4.29,291
7457,-1.069557,110.763959,1,0.5,4.29,291
7458,-1.072925,110.342874,1,0.5,3.96,304
7459,-1.072925,110.346242,1,0.5,3.96,304
7460,-1.072925,110.349611,2,0.5,3.96,210
7461,-1.072925,110.35298,2,0.5,5.33,287
7462,-1.072925,110.356348,1,0.5,0.91,62
7463,-1.072925,110.363086,2,0.5,4.21,-1
7464,-1.072925,110.366454,2,0.5,15.74,80
7465,-1.072925,110.369823,2,0.5,15.74,80
7466,-1.072925,110.373192,1,0.5,15.74,-1
7467,-1.072925,110.571944,1,0.5,4.05,300
7468,-1.072925,110.575313,1,0.5,4.05,300
7469,-1.072925,110.578681,1,0.5,4.05,300
7470,-1.072925,110.595525,1,0.5,2.6,325
7471,-1.072925,110.598893,1,0.5,2.6,325
7472,-1.072925,110.602262,1,0.5,2.6,325
7473,-1.072925,110.612368,1,0.5,5.53,180
7474,-1.072925,110.615737,1,0.5,5.53,180
7475,-1.072925,110.619106,1,0.5,5.53,180
7476,-1.072925,110.642686,1,0.5,20.4,58
7477,-1.072925,110.646055,1,0.5,20.4,58
7478,-1.072925,110.686479,1,0.5,2.89,248
7479,-1.072925,110.689848,1,0.5,2.89,248
7480,-1.072925,110.693217,1,0.5,2.89,248
7481,-1.072925,110.740378,1,0.5,6.13,166
7482,-1.072925,110.743747,1,0.5,6.13,166
7483,-1.072925,110.757222,1,0.5,4.29,291
7484,-1.072925,110.76059,1,0.5,4.29,291
7485,-1.072925,110.763959,1,0.5,4.29,291
7486,-1.072925,110.777434,1,0.5,10.73,88
7487,-1.072925,110.780802,1,0.5,10.73,88
7488,-1.072925,110.784171,1,0.5,10.73,88
7489,-1.072925,110.78754,1,0.5,10.73,88
7490,-1.076294,110.571944,1,0.5,4.05,300
7491,-1.076294,110.575313,1,0.5,4.05,300
7492,-1.076294,110.578681,1,0.5,4.05,300
7493,-1.076294,110.58205,1,0.5,6.11,163
7494,-1.076294,110.585419,1,0.5,6.11,163
7495,-1.076294,110.588787,1,0.5,6.11,163
7496,-1.076294,110.592156,1,0.5,8.09,134
7497,-1.076294,110.595525,1,0.5,8.09,134
7498,-1.076294,110.598893,1,0.5,3.2,278
7499,-1.076294,110.602262,1,0.5,3.2,278
7500,-1.076294,110.605631,1,0.5,3.2,278
7501,-1.076294,110.642686,1,0.5,20.4,58
7502,-1.076294,110.646055,1,0.5,20.4,58
7503,-1.076294,110.686479,1,0.5,2.89,248
7504,-1.076294,110.689848,1,0.5,2.89,248
7505,-1.076294,110.693217,1,0.5,2.89,248
7506,-1.076294,110.740378,1,0.5,25.84,-1
7507,-1.076294,110.743747,1,0.5,25.84,-1
7508,-1.076294,110.757222,1,0.5,4.29,291
7509,-1.076294,110.76059,1,0.5,4.29,291
7510,-1.076294,110.763959,1,0.5,4.29,291
7511,-1.076294,110.777434,1,0.5,10.73,88
7512,-1.076294,110.780802,1,0.5,10.73,88
7513,-1.076294,110.784171,1,0.5,10.73,88
7514,-1.076294,110.78754,1,0.5,10.73,88
7515,-1.079663,110.524782,1,0.5,4.4,279
7516,-1.079663,110.528151,1,0.5,4.4,279
7517,-1.079663,110.53152,1,0.5,4.4,279
7518,-1.079663,110.571944,1,0.5,4.05,300
7519,-1.079663,110.575313,1,0.5,4.05,300
7520,-1.079663,110.578681,1,0.5,15.58,60
7521,-1.079663,110.58205,2,0.5,15.58,80
7522,-1.079663,110.585419,1,0.5,6.11,163
7523,-1.079663,110.588787,1,0.5,6.11,163
7524,-1.079663,110.592156,1,0.5,8.09,134
7525,-1.079663,110.595525,1,0.5,8.09,134
7526,-1.079663,110.598893,1,0.5,3.2,278
7527,-1.079663,110.602262,1,0.5,3.2,278
7528,-1.079663,110.605631,1,0.5,3.2,278
7529,-1.079663,110.642686,1,0.5,20.4,58
7530,-1.079663,110.646055,1,0.5,20.4,58
7531,-1.079663,110.652792,1,0.5,22.1,45
7532,-1.079663,110.656161,1,0.5,22.1,45
7533,-1.079663,110.740378,1,0.5,25.84,-1
7534,-1.079663,110.743747,1,0.5,25.84,-1
7535,-1.083031,110.393404,1,0.5,4.5,274
7536,-1.083031,110.396773,1,0.5,4.5,274
7537,-1.083031,110.400141,1,0.5,4.5,274
7538,-1.083031,110.524782,1,0.5,4.4,279
7539,-1.083031,110.528151,1,0.5,4.4,279
7540,-1.083031,110.53152,1,0.5,4.4,279
7541,-1.083031,110.578681,1,0.5,15.58,60
7542,-1.083031,110.58205,2,0.5,15.58,80
7543,-1.083031,110.585419,1,0.5,6.11,163
7544,-1.083031,110.588787,1,0.5,6.11,163
7545,-1.083031,110.592156,1,0.5,8.09,134
7546,-1.083031,110.595525,1,0.5,8.09,134
7547,-1.083031,110.598893,1,0.5,3.2,278
7548,-1.083031,110.602262,1,0.5,3.2,278
7549,-1.083031,110.605631,1,0.5,3.2,278
7550,-1.083031,110.608999,1,0.5,2.33,228
7551,-1.083031,110.612368,1,0.5,2.33,228
7552,-1.083031,110.615737,2,0.5,4.98,287
7553,-1.083031,110.619106,1,0.5,4.98,235
7554,-1.083031,110.622474,1,0.5,4.98,235
7555,-1.083031,110.652792,1,0.5,22.1,45
7556,-1.083031,110.656161,1,0.5,22.1,45
7557,-1.083031,110.740378,1,0.5,25.84,-1
7558,-1.083031,110.743747,1,0.5,25.84,-1
7559,-1.0864,110.393404,1,0.5,4.5,274
7560,-1.0864,110.396773,1,0.5,4.5,274
7561,-1.0864,110.400141,1,0.5,4.5,274
7562,-1.0864,110.524782,1,0.5,4.4,279
7563,-1.0864,110.528151,1,0.5,4.4,279
7564,-1.0864,110.53152,1,0.5,4.4,279
7565,-1.0864,110.538257,1,0.5,19.44,75
7566,-1.0864,110.541626,1,0.5,19.44,75
7567,-1.0864,110.544995,1,0.5,19.44,75
7568,-1.0864,110.608999,1,0.5,2.33,228
7569,-1.0864,110.612368,1,0.5,2.33,228
7570,-1.0864,110.615737,2,0.5,4.98,287
7571,-1.0864,110.619106,1,0.5,4.98,235
7572,-1.0864,110.622474,1,0.5,4.98,235
7573,-1.0864,110.625843,1,0.5,38.16,15
7574,-1.0864,110.629212,1,0.5,38.16,15
7575,-1.089769,110.393404,1,0.5,4.5,274
7576,-1.089769,110.396773,1,0.5,4.5,274
7577,-1.089769,110.400141,1,0.5,4.5,274
7578,-1.089769,110.406879,1,0.5,7.76,132
7579,-1.089769,110.410247,1,0.5,7.76,132
7580,-1.089769,110.413616,1,0.5,7.76,132
7581,-1.089769,110.534888,1,0.5,45.45,10
7582,-1.089769,110.538257,1,0.5,19.44,75
7583,-1.089769,110.541626,1,0.5,19.44,75
7584,-1.089769,110.544995,1,0.5,19.44,75
7585,-1.089769,110.565207,1,0.5,5.24,-1
7586,-1.089769,110.568575,1,0.5,5.24,-1
7587,-1.089769,110.571944,1,0.5,5.24,-1
7588,-1.089769,110.575313,1,0.5,5.24,-1
7589,-1.089769,110.578681,1,0.5,4.07,288
7590,-1.089769,110.58205,1,0.5,4.07,288
7591,-1.089769,110.585419,1,0.5,4.07,288
7592,-1.089769,110.608999,1,0.5,2.33,228
7593,-1.089769,110.612368,1,0.5,2.33,228
7594,-1.089769,110.615737,1,0.5,2.33,228
7595,-1.089769,110.625843,1,0.5,38.16,15
7596,-1.089769,110.629212,1,0.5,38.16,15
7597,-1.089769,110.639318,1,0.5,3.78,320
7598,-1.089769,110.642686,1,0.5,3.78,320
7599,-1.089769,110.646055,1,0.5,3.78,320
7600,-1.093137,110.406879,1,0.5,7.76,132
7601,-1.093137,110.410247,1,0.5,122.1,-1
7602,-1.093137,110.413616,1,0.5,122.1,-1
7603,-1.093137,110.534888,1,0.5,45.45,10
7604,-1.093137,110.538257,1,0.5,45.45,10
7605,-1.093137,110.541626,1,0.5,45.45,10
7606,-1.093137,110.544995,1,0.5,19.44,75
7607,-1.093137,110.548363,1,0.5,9.67,123
7608,-1.093137,110.551732,1,0.5,9.67,123
7609,-1.093137,110.565207,2,0.5,6.74,-1
7610,-1.093137,110.568575,2,0.5,6.74,-1
7611,-1.093137,110.571944,2,0.5,6.74,-1
7612,-1.093137,110.575313,1,0.5,5.24,-1
7613,-1.093137,110.578681,1,0.5,4.07,288
7614,-1.093137,110.58205,1,0.5,4.07,288
7615,-1.093137,110.585419,1,0.5,4.07,288
7616,-1.093137,110.588787,1,0.5,55.06,6
7617,-1.093137,110.592156,1,0.5,55.06,6
7618,-1.093137,110.595525,1,0.5,55.06,6
7619,-1.093137,110.622474,1,0.5,28.65,28
7620,-1.093137,110.625843,1,0.5,38.16,15
7621,-1.093137,110.629212,1,0.5,38.16,15
7622,-1.093137,110.639318,1,0.5,3.78,320
7623,-1.093137,110.642686,1,0.5,3.78,320
7624,-1.093137,110.646055,1,0.5,3.78,320
7625,-1.093137,110.686479,1,0.5,2.84,246
7626,-1.093137,110.689848,1,0.5,2.84,246
7627,-1.093137,110.699954,1,0.5,10.86,97
7628,-1.093137,110.703323,1,0.5,10.86,97
7629,-1.093137,110.706691,1,0.5,10.86,97
7630,-1.093137,110.716797,1,0.5,6.97,135
7631,-1.093137,110.720166,1,0.5,6.97,135
7632,-1.093137,110.723535,1,0.5,6.97,135
7633,-1.096506,110.390035,1,0.5,7.72,-1
7634,-1.096506,110.393404,1,0.5,7.72,-1
7635,-1.096506,110.396773,1,0.5,7.72,-1
7636,-1.096506,110.548363,1,0.5,9.67,123
7637,-1.096506,110.551732,1,0.5,9.67,123
7638,-1.096506,110.561838,1,0.5,6.74,137
7639,-1.096506,110.565207,1,0.5,6.74,137
7640,-1.096506,110.568575,1,0.5,6.74,137
7641,-1.096506,110.571944,1,0.5,6.74,137
7642,-1.096506,110.575313,1,0.5,6.81,137
7643,-1.096506,110.578681,2,0.5,6.81,333
7644,-1.096506,110.58205,2,0.5,6.81,333
7645,-1.096506,110.585419,1,0.5,5.95,215
7646,-1.096506,110.588787,1,0.5,55.06,6
7647,-1.096506,110.592156,1,0.5,55.06,6
7648,-1.096506,110.595525,1,0.5,55.06,6
7649,-1.096506,110.622474,1,0.5,28.65,28
7650,-1.096506,110.625843,1,0.5,28.65,28
7651,-1.096506,110.639318,1,0.5,3.78,320
7652,-1.096506,110.642686,1,0.5,3.78,320
7653,-1.096506,110.646055,1,0.5,3.78,320
7654,-1.096506,110.686479,1,0.5,2.84,246
7655,-1.096506,110.689848,1,0.5,2.84,246
7656,-1.096506,110.699954,1,0.5,10.86,97
7657,-1.096506,110.703323,1,0.5,10.86,97
7658,-1.096506,110.706691,1,0.5,10.86,97
7659,-1.096506,110.716797,1,0.5,6.97,135
7660,-1.096506,110.720166,1,0.5,6.97,135
7661,-1.096506,110.723535,1,0.5,6.97,-1
7662,-1.099875,110.390035,1,0.5,7.72,-1
7663,-1.099875,110.393404,1,0.5,7.72,-1
7664,-1.099875,110.396773,2,0.5,7.72,-1
7665,-1.099875,110.400141,1,0.5,3.7,326
7666,-1.099875,110.40351,1,0.5,3.7,326
7667,-1.099875,110.416985,1,0.5,4.67,-1
7668,-1.099875,110.420353,2,0.5,4.67,286
7669,-1.099875,110.423722,2,0.5,4.67,286
7670,-1.099875,110.427091,1,0.5,3.42,296
7671,-1.099875,110.548363,1,0.5,9.67,123
7672,-1.099875,110.551732,1,0.5,9.67,123
7673,-1.099875,110.561838,1,0.5,6.74,137
7674,-1.099875,110.565207,1,0.5,6.74,137
7675,-1.099875,110.568575,2,0.5,6.74,-1
7676,-1.099875,110.571944,2,0.5,6.74,-1
7677,-1.099875,110.575313,1,0.5,6.81,137
7678,-1.099875,110.578681,1,0.5,6.81,137
7679,-1.099875,110.58205,1,0.5,6.81,137
7680,-1.099875,110.585419,1,0.5,1.99,208
7681,-1.099875,110.588787,2,0.5,55.06,-1
7682,-1.099875,110.592156,2,0.5,55.06,-1
7683,-1.099875,110.595525,1,0.5,55.06,6
7684,-1.099875,110.686479,1,0.5,2.84,246
7685,-1.099875,110.689848,1,0.5,2.84,246
7686,-1.099875,110.699954,1,0.5,10.86,97
7687,-1.099875,110.703323,1,0.5,10.86,97
7688,-1.099875,110.706691,1,0.5,10.86,97
7689,-1.099875,110.71006,1,0.5,2.18,217
7690,-1.099875,110.713429,1,0.5,2.18,217
7691,-1.099875,110.716797,1,0.5,2.18,217
7692,-1.103243,110.390035,1,0.5,7.72,-1
7693,-1.103243,110.393404,1,0.5,7.72,-1
7694,-1.103243,110.396773,2,0.5,7.72,-1
7695,-1.103243,110.400141,1,0.5,3.7,326
7696,-1.103243,110.40351,1,0.5,3.7,326
7697,-1.103243,110.416985,1,0.5,4.67,-1
7698,-1.103243,110.420353,2,0.5,4.67,286
7699,-1.103243,110.423722,2,0.5,4.67,286
7700,-1.103243,110.427091,1,0.5,3.42,296
7701,-1.103243,110.568575,1,0.5,3.85,310
7702,-1.103243,110.571944,1,0.5,3.85,310
7703,-1.103243,110.585419,1,0.5,1.99,208
7704,-1.103243,110.588787,1,0.5,1.99,208
7705,-1.103243,110.592156,1,0.5,1.99,208
7706,-1.103243,110.649424,1,0.5,31.62,24
7707,-1.103243,110.652792,1,0.5,31.62,24
7708,-1.103243,110.656161,1,0.5,31.62,24
7709,-1.103243,110.71006,1,0.5,2.18,217
7710,-1.103243,110.713429,1,0.5,2.18,217
7711,-1.103243,110.716797,1,0.5,2.18,217
7712,-1.103243,110.83807,1,0.5,4.62,267
7713,-1.103243,110.841439,1,0.5,4.62,267
7714,-1.103243,110.844807,1,0.5,4.62,267
7715,-1.106612,110.416985,1,0.5,4.67,-1
7716,-1.106612,110.420353,2,0.5,4.67,286
7717,-1.106612,110.423722,2,0.5,4.67,286
7718,-1.106612,110.427091,1,0.5,3.42,296
7719,-1.106612,110.551732,1,0.5,1.63,128
7720,-1.106612,110.555101,1,0.5,1.63,128
7721,-1.106612,110.558469,1,0.5,1.63,128
7722,-1.106612,110.568575,1,0.5,3.85,310
7723,-1.106612,110.571944,1,0.5,10.06,120
7724,-1.106612,110.575313,1,0.5,10.06,120
7725,-1.106612,110.578681,1,0.5,10.06,120
7726,-1.106612,110.58205,1,0.5,11.94,100
7727,-1.106612,110.585419,2,0.5,11.94,216
7728,-1.106612,110.588787,1,0.5,1.99,208
7729,-1.106612,110.592156,1,0.5,1.99,208
7730,-1.106612,110.646055,1,0.5,14.42,-1
7731,-1.106612,110.649424,2,0.5,31.62,-1
7732,-1.106612,110.652792,2,0.5,31.62,-1
7733,-1.106612,110.656161,1,0.5,31.62,24
7734,-1.106612,110.71006,1,0.5,2.18,217
7735,-1.106612,110.713429,1,0.5,2.18,217
7736,-1.106612,110.716797,1,0.5,2.18,217
7737,-1.106612,110.723535,1,0.5,20.18,-1
7738,-1.106612,110.726903,1,0.5,20.18,58
7739,-1.106612,110.83807,1,0.5,4.62,267
7740,-1.106612,110.841439,1,0.5,4.62,267
7741,-1.106612,110.844807,1,0.5,4.62,267
7742,-1.109981,110.541626,1,0.5,7.9,133
7743,-1.109981,110.544995,1,0.5,7.9,133
7744,-1.109981,110.548363,1,0.5,7.9,133
7745,-1.109981,110.551732,1,0.5,1.63,128
7746,-1.109981,110.555101,1,0.5,1.63,128
7747,-1.109981,110.558469,1,0.5,1.63,128
7748,-1.109981,110.571944,1,1.0,12.44,92
7749,-1.109981,110.575313,1,1.0,12.44,92
7750,-1.109981,110.578681,1,1.0,12.44,92
7751,-1.109981,110.58205,1,0.5,11.94,100
7752,-1.109981,110.585419,1,0.5,11.94,100
7753,-1.109981,110.646055,1,0.5,14.42,-1
7754,-1.109981,110.649424,1,0.5,14.42,-1
7755,-1.109981,110.652792,1,0.5,14.42,-1
7756,-1.109981,110.723535,1,0.5,9.51,94
7757,-1.109981,110.726903,1,0.5,9.51,94
7758,-1.109981,110.730272,1,0.5,9.51,94
7759,-1.109981,110.83807,1,0.5,4.62,267
7760,-1.109981,110.841439,1,0.5,4.62,267
7761,-1.109981,110.844807,1,0.5,4.62,267
7762,-1.11335,110.541626,1,0.5,7.9,133
7763,-1.11335,110.544995,1,0.5,7.9,133
7764,-1.11335,110.548363,1,0.5,7.9,133
7765,-1.11335,110.551732,1,0.5,1.63,128
7766,-1.11335,110.555101,1,0.5,1.63,128
7767,-1.11335,110.558469,1,0.5,1.63,128
7768,-1.11335,110.571944,1,1.0,12.44,92
7769,-1.11335,110.575313,1,1.0,12.44,92
7770,-1.11335,110.578681,1,1.0,12.44,92
7771,-1.11335,110.58205,1,0.5,11.94,100
7772,-1.11335,110.585419,1,0.5,11.94,100
7773,-1.11335,110.612368,1,0.5,8.9,-1
7774,-1.11335,110.615737,1,0.5,8.9,-1
7775,-1.11335,110.619106,1,0.5,8.9,-1
7776,-1.11335,110.646055,1,0.5,14.42,-1
7777,-1.11335,110.649424,1,0.5,14.42,-1
7778,-1.11335,110.652792,1,0.5,14.42,-1
7779,-1.11335,110.723535,1,0.5,9.51,94
7780,-1.11335,110.726903,1,0.5,9.51,94
7781,-1.11335,110.730272,1,0.5,9.51,94
7782,-1.116718,110.541626,2,0.5,7.97,293
7783,-1.116718,110.544995,2,0.5,7.97,293
7784,-1.116718,110.548363,2,0.5,7.97,293
7785,-1.116718,110.571944,1,1.0,12.44,92
7786,-1.116718,110.575313,1,1.0,12.44,92
7787,-1.116718,110.578681,1,1.0,12.44,92
7788,-1.116718,110.58205,1,0.5,11.94,100
7789,-1.116718,110.585419,1,0.5,11.94,100
7790,-1.116718,110.612368,1,0.5,8.9,-1
7791,-1.116718,110.615737,1,0.5,8.9,-1
7792,-1.116718,110.619106,1,0.5,8.9,-1
7793,-1.116718,110.723535,1,0.5,9.51,94
7794,-1.116718,110.726903,1,0.5,9.51,94
7795,-1.116718,110.730272,1,0.5,9.51,94
7796,-1.116718,110.834701,1,0.5,1.47,127
7797,-1.116718,110.83807,1,0.5,1.47,127
7798,-1.120087,110.541626,1,0.5,7.97,141
7799,-1.120087,110.544995,1,0.5,7.97,141
7800,-1.120087,110.548363,1,0.5,7.97,141
7801,-1.120087,110.558469,1,0.5,4.09,289
7802,-1.120087,110.561838,1,0.5,4.09,289
7803,-1.120087,110.565207,1,0.5,4.09,289
7804,-1.120087,110.575313,2,0.5,5.24,287
7805,-1.120087,110.578681,2,0.5,5.24,287
7806,-1.120087,110.598893,1,0.5,7.4,168
7807,-1.120087,110.602262,1,0.5,7.4,168
7808,-1.120087,110.605631,1,0.5,7.4,168
7809,-1.120087,110.612368,1,0.5,8.9,-1
7810,-1.120087,110.615737,1,0.5,8.9,-1
7811,-1.120087,110.619106,1,0.5,8.9,-1
7812,-1.120087,110.723535,1,0.5,2.05,211
7813,-1.120087,110.726903,1,0.5,2.05,211
7814,-1.120087,110.834701,1,0.5,1.47,127
7815,-1.120087,110.83807,1,0.5,1.47,127
7816,-1.123456,110.558469,1,0.5,4.09,289
7817,-1.123456,110.561838,1,0.5,4.09,289
7818,-1.123456,110.565207,1,0.5,4.09,289
7819,-1.123456,110.575313,2,0.5,5.24,287
7820,-1.123456,110.578681,2,0.5,5.24,287
7821,-1.123456,110.598893,1,0.5,7.4,168
7822,-1.123456,110.602262,1,0.5,7.4,168
7823,-1.123456,110.605631,1,0.5,7.4,168
7824,-1.123456,110.716797,1,0.5,29.93,25
7825,-1.123456,110.720166,1,0.5,29.93,25
7826,-1.123456,110.723535,2,0.5,29.93,-1
7827,-1.123456,110.726903,1,0.5,2.05,211
7828,-1.123456,110.81112,1,0.5,5.38,193
7829,-1.123456,110.814489,1,0.5,5.38,193
7830,-1.123456,110.817858,1,0.5,5.38,193
7831,-1.123456,110.821226,1,0.5,5.38,193
7832,-1.123456,110.831333,1,0.5,26.83,29
7833,-1.123456,110.834701,2,0.5,26.83,37
7834,-1.123456,110.83807,2,0.5,26.83,37
7835,-1.126824,110.558469,1,0.5,4.09,289
7836,-1.126824,110.561838,1,0.5,4.09,289
7837,-1.126824,110.565207,1,0.5,4.09,289
7838,-1.126824,110.575313,2,0.5,5.24,287
7839,-1.126824,110.578681,2,0.5,5.24,287
7840,-1.126824,110.598893,1,0.5,7.4,168
7841,-1.126824,110.602262,1,0.5,7.4,168
7842,-1.126824,110.605631,1,0.5,7.4,168
7843,-1.126824,110.716797,1,0.5,29.93,25
7844,-1.126824,110.720166,1,0.5,29.93,25
7845,-1.126824,110.723535,1,0.5,29.93,25
7846,-1.126824,110.814489,1,0.5,5.38,193
7847,-1.126824,110.817858,1,0.5,5.38,193
7848,-1.126824,110.821226,1,0.5,5.38,193
7849,-1.126824,110.824595,1,0.5,5.38,193
7850,-1.126824,110.834701,1,0.5,26.83,29
7851,-1.126824,110.83807,1,0.5,26.83,-1
7852,-1.126824,110.841439,1,0.5,26.83,-1
7853,-1.130193,110.602262,1,0.5,2.71,-1
7854,-1.130193,110.605631,1,0.5,2.71,-1
7855,-1.130193,110.625843,1,0.5,6.35,-1
7856,-1.130193,110.629212,1,0.5,5.78,161
7857,-1.130193,110.63258,1,0.5,5.78,161
7858,-1.130193,110.720166,1,0.5,29.93,25
7859,-1.130193,110.723535,1,0.5,29.93,25
7860,-1.130193,110.726903,1,0.5,29.93,25
7861,-1.130193,110.801014,1,0.5,4.69,-1
7862,-1.130193,110.804383,1,0.5,4.69,-1
7863,-1.130193,110.814489,1,0.5,5.38,193
7864,-1.130193,110.817858,1,0.5,5.38,193
7865,-1.130193,110.821226,1,0.5,5.38,193
7866,-1.130193,110.824595,1,0.5,5.38,193
7867,-1.130193,110.834701,1,0.5,26.83,29
7868,-1.130193,110.83807,1,0.5,26.83,-1
7869,-1.130193,110.841439,1,0.5,26.83,-1
7870,-1.133562,110.629212,1,0.5,5.78,161
7871,-1.133562,110.63258,1,0.5,5.78,161
7872,-1.133562,110.635949,1,0.5,5.78,161
7873,-1.133562,110.716797,1,0.5,11.31,110
7874,-1.133562,110.720166,1,0.5,11.31,110
7875,-1.133562,110.723535,1,0.5,11.31,110
7876,-1.133562,110.730272,1,0.5,4.81,222
7877,-1.133562,110.733641,1,0.5,4.81,222
7878,-1.133562,110.737009,1,0.5,4.81,222
7879,-1.133562,110.801014,1,0.5,4.69,-1
7880,-1.133562,110.804383,1,0.5,4.69,-1
7881,-1.133562,110.821226,1,0.5,9.29,-1
7882,-1.133562,110.824595,1,0.5,9.29,-1
7883,-1.133562,110.827964,1,0.5,9.29,-1
7884,-1.13693,110.524782,1,0.5,9.7,122
7885,-1.13693,110.528151,1,0.5,9.7,122
7886,-1.13693,110.53152,1,0.5,9.7,122
7887,-1.13693,110.629212,1,0.5,5.78,161
7888,-1.13693,110.63258,1,0.5,5.78,161
7889,-1.13693,110.635949,1,0.5,5.78,161
7890,-1.13693,110.639318,1,0.5,16.9,52
7891,-1.13693,110.642686,1,0.5,16.9,52
7892,-1.13693,110.646055,1,0.5,16.9,52
7893,-1.13693,110.689848,1,0.5,4.57,265
7894,-1.13693,110.693217,1,0.5,4.57,265
7895,-1.13693,110.696585,1,0.5,4.57,265
7896,-1.13693,110.716797,2,0.5,11.31,216
7897,-1.13693,110.720166,2,0.5,11.31,216
7898,-1.13693,110.723535,2,0.5,11.31,216
7899,-1.13693,110.730272,1,0.5,4.81,222
7900,-1.13693,110.733641,1,0.5,4.81,222
7901,-1.13693,110.737009,1,0.5,4.81,222
7902,-1.13693,110.821226,1,0.5,9.29,-1
7903,-1.13693,110.824595,1,0.5,9.29,-1
7904,-1.13693,110.827964,1,0.5,9.29,-1
7905,-1.140299,110.521414,1,0.5,9.7,122
7906,-1.140299,110.524782,1,0.5,9.7,122
7907,-1.140299,110.528151,1,0.5,9.7,122
7908,-1.140299,110.53152,1,0.5,9.7,122
7909,-1.140299,110.558469,1,0.5,3.8,321
7910,-1.140299,110.561838,1,0.5,3.8,321
7911,-1.140299,110.565207,1,0.5,3.8,321
7912,-1.140299,110.592156,1,0.5,10.75,88
7913,-1.140299,110.595525,1,0.5,10.75,88
7914,-1.140299,110.598893,1,0.5,10.75,88
7915,-1.140299,110.639318,1,0.5,16.9,52
7916,-1.140299,110.642686,1,0.5,16.9,52
7917,-1.140299,110.646055,1,0.5,16.9,52
7918,-1.140299,110.689848,1,0.5,4.57,265
7919,-1.140299,110.693217,1,0.5,4.57,265
7920,-1.140299,110.696585,1,0.5,4.57,265
7921,-1.140299,110.716797,2,0.5,11.31,216
7922,-1.140299,110.720166,2,0.5,11.31,216
7923,-1.140299,110.723535,2,0.5,11.31,216
7924,-1.140299,110.730272,1,0.5,4.81,222
7925,-1.140299,110.733641,1,0.5,4.81,222
7926,-1.140299,110.737009,1,0.5,4.81,222
7927,-1.143668,110.521414,1,0.5,9.7,122
7928,-1.143668,110.524782,1,0.5,9.7,122
7929,-1.143668,110.528151,1,0.5,9.7,122
7930,-1.143668,110.53152,1,0.5,9.7,122
7931,-1.143668,110.558469,1,0.5,3.8,321
7932,-1.143668,110.561838,1,0.5,3.8,321
7933,-1.143668,110.565207,1,0.5,3.8,321
7934,-1.143668,110.592156,1,0.5,26.81,29
7935,-1.143668,110.595525,1,0.5,26.81,29
7936,-1.143668,110.598893,1,0.5,26.81,29
7937,-1.143668,110.625843,1,0.5,3.19,282
7938,-1.143668,110.629212,1,0.5,3.19,282
7939,-1.143668,110.63258,1,0.5,3.43,295
7940,-1.143668,110.639318,1,0.5,16.9,52
7941,-1.143668,110.642686,1,0.5,16.9,52
7942,-1.143668,110.646055,1,0.5,16.9,52
7943,-1.143668,110.696585,1,0.5,5.12,253
7944,-1.143668,110.699954,1,0.5,5.12,253
7945,-1.143668,110.703323,1,0.5,5.12,253
7946,-1.143668,110.706691,1,0.5,10.86,97
7947,-1.143668,110.71006,2,0.5,10.86,-1
7948,-1.143668,110.713429,1,0.5,4.65,266
7949,-1.143668,110.716797,1,0.5,4.09,289
7950,-1.143668,110.720166,1,0.5,4.09,289
7951,-1.143668,110.723535,1,0.5,4.09,289
7952,-1.143668,110.801014,1,0.5,11.78,117
7953,-1.143668,110.804383,1,0.5,11.78,117
7954,-1.147036,110.588787,1,0.5,26.81,29
7955,-1.147036,110.592156,1,0.5,26.81,29
7956,-1.147036,110.595525,1,0.5,26.81,29
7957,-1.147036,110.598893,1,0.5,26.81,29
7958,-1.147036,110.625843,1,0.5,3.19,282
7959,-1.147036,110.629212,1,0.5,3.19,282
7960,-1.147036,110.63258,1,0.5,3.43,295
7961,-1.147036,110.696585,1,0.5,5.12,253
7962,-1.147036,110.699954,2,0.5,5.99,302
7963,-1.147036,110.703323,3,0.67,5.99,18
7964,-1.147036,110.706691,3,0.67,10.86,18
7965,-1.147036,110.71006,2,0.5,10.86,-1
7966,-1.147036,110.713429,1,0.5,4.65,266
7967,-1.147036,110.801014,1,0.5,11.78,117
7968,-1.147036,110.804383,1,0.5,11.78,117
7969,-1.150405,110.588787,1,0.5,26.81,29
7970,-1.150405,110.592156,1,0.5,26.81,29
7971,-1.150405,110.595525,1,0.5,26.81,29
7972,-1.150405,110.625843,1,0.5,3.19,282
7973,-1.150405,110.629212,1,0.5,3.19,282
7974,-1.150405,110.63258,2,0.5,6.43,309
7975,-1.150405,110.635949,1,0.5,6.43,202
7976,-1.150405,110.639318,1,0.5,5.93,-1
7977,-1.150405,110.642686,1,0.5,5.93,215
7978,-1.150405,110.646055,1,0.5,5.93,-1
7979,-1.150405,110.696585,1,0.5,5.12,253
7980,-1.150405,110.699954,3,0.5,7.65,18
7981,-1.150405,110.703323,5,0.6,14.91,1
7982,-1.150405,110.706691,4,0.62,14.91,2
7983,-1.150405,110.71006,2,0.5,14.91,91
7984,-1.150405,110.713429,2,0.5,14.91,91
7985,-1.150405,110.797646,1,0.5,12.78,-1
7986,-1.150405,110.801014,1,1.0,11.78,117
7987,-1.150405,110.804383,1,1.0,11.78,117
7988,-1.150405,110.807752,1,1.0,11.78,117
7989,-1.153774,110.423722,1,0.5,9.34,146
7990,-1.153774,110.427091,1,0.5,9.34,146
7991,-1.153774,110.629212,1,0.5,5.34,182
7992,-1.153774,110.63258,1,0.5,5.34,182
7993,-1.153774,110.635949,1,0.5,6.43,202
7994,-1.153774,110.639318,1,0.5,5.93,-1
7995,-1.153774,110.642686,1,0.5,5.93,-1
7996,-1.153774,110.646055,1,0.5,5.93,-1
7997,-1.153774,110.693217,1,0.5,24.13,30
7998,-1.153774,110.696585,1,0.5,24.13,30
7999,-1.153774,110.699954,3,0.5,24.13,17
8000,-1.153774,110.703323,4,0.62,14.91,2
8001,-1.153774,110.706691,4,0.62,14.91,2
8002,-1.153774,110.71006,1,0.5,14.91,41
8003,-1.153774,110.713429,1,0.5,14.91,41
8004,-1.153774,110.797646,1,0.5,12.78,-1
8005,-1.153774,110.801014,1,1.0,11.78,117
8006,-1.153774,110.804383,1,1.0,11.78,117
8007,-1.153774,110.807752,1,1.0,11.78,117
8008,-1.157142,110.423722,1,0.5,9.34,146
8009,-1.157142,110.427091,1,0.5,9.34,146
8010,-1.157142,110.571944,1,0.5,2.14,218
8011,-1.157142,110.575313,1,0.5,2.14,218
8012,-1.157142,110.578681,1,0.5,2.14,218
8013,-1.157142,110.629212,1,0.5,5.34,182
8014,-1.157142,110.63258,1,0.5,5.34,182
8015,-1.157142,110.635949,1,0.5,6.43,202
8016,-1.157142,110.639318,1,0.5,5.93,-1
8017,-1.157142,110.642686,1,0.5,5.93,-1
8018,-1.157142,110.646055,1,0.5,5.93,-1
8019,-1.157142,110.693217,1,0.5,24.13,30
8020,-1.157142,110.696585,1,0.5,24.13,30
8021,-1.157142,110.699954,3,0.5,24.13,17
8022,-1.157142,110.703323,2,0.5,7.65,328
8023,-1.157142,110.706691,2,0.5,7.65,328
8024,-1.157142,110.763959,1,0.5,7.58,140
8025,-1.157142,110.767328,1,0.5,7.58,140
8026,-1.157142,110.770696,1,0.5,7.58,140
8027,-1.157142,110.797646,1,0.5,12.78,-1
8028,-1.157142,110.801014,1,1.0,11.78,117
8029,-1.157142,110.804383,1,1.0,11.78,117
8030,-1.157142,110.807752,1,1.0,11.78,117
8031,-1.160511,110.423722,1,0.5,9.34,146
8032,-1.160511,110.427091,1,0.5,9.34,146
8033,-1.160511,110.571944,1,0.5,2.14,218
8034,-1.160511,110.575313,1,0.5,2.14,218
8035,-1.160511,110.578681,1,0.5,2.14,218
8036,-1.160511,110.629212,1,0.5,5.34,182
8037,-1.160511,110.63258,1,0.5,5.34,182
8038,-1.160511,110.635949,1,0.5,6.43,202
8039,-1.160511,110.693217,1,0.5,24.13,30
8040,-1.160511,110.696585,1,0.5,24.13,30
8041,-1.160511,110.699954,1,0.5,24.13,30
8042,-1.160511,110.703323,1,0.5,2.59,-1
8043,-1.160511,110.706691,1,0.5,2.59,-1
8044,-1.160511,110.763959,1,0.5,7.58,140
8045,-1.160511,110.767328,1,0.5,7.58,140
8046,-1.160511,110.770696,1,0.5,7.58,140
8047,-1.160511,110.797646,1,0.5,12.78,-1
8048,-1.160511,110.801014,1,0.5,12.78,-1
8049,-1.16388,110.460777,1,0.5,7.52,-1
8050,-1.16388,110.464146,1,0.5,7.52,-1
8051,-1.16388,110.467515,1,0.5,7.52,-1
8052,-1.16388,110.474252,1,0.5,4.51,274
8053,-1.16388,110.477621,1,0.5,4.51,274
8054,-1.16388,110.48099,1,0.5,4.51,274
8055,-1.16388,110.571944,1,0.5,2.14,218
8056,-1.16388,110.575313,1,0.5,2.14,218
8057,-1.16388,110.578681,1,0.5,2.14,218
8058,-1.16388,110.666267,1,0.5,2.68,308
8059,-1.16388,110.669636,1,0.5,2.68,308
8060,-1.16388,110.676373,1,0.5,7.26,150
8061,-1.16388,110.679742,1,0.5,7.26,150
8062,-1.16388,110.68311,1,0.5,7.26,150
8063,-1.16388,110.703323,1,0.5,2.59,-1
8064,-1.16388,110.706691,1,0.5,2.59,-1
8065,-1.16388,110.763959,1,0.5,7.58,140
8066,-1.16388,110.767328,1,0.5,7.58,140
8067,-1.16388,110.770696,1,0.5,7.58,140
8068,-1.16388,110.807752,1,0.5,2.57,323
8069,-1.16388,110.81112,1,0.5,2.57,323
8070,-1.16388,110.814489,1,0.5,2.57,323
8071,-1.167248,110.457409,1,0.5,9.52,94
8072,-1.167248,110.460777,1,0.5,9.52,94
8073,-1.167248,110.464146,1,0.5,9.52,94
8074,-1.167248,110.467515,1,0.5,7.52,-1
8075,-1.167248,110.474252,1,0.5,4.51,274
8076,-1.167248,110.477621,1,0.5,4.51,274
8077,-1.167248,110.48099,1,0.5,4.51,274
8078,-1.167248,110.555101,1,0.5,19.9,66
8079,-1.167248,110.558469,1,0.5,19.9,66
8080,-1.167248,110.561838,1,0.5,19.9,66
8081,-1.167248,110.622474,1,0.5,2.01,208
8082,-1.167248,110.625843,1,0.5,2.01,208
8083,-1.167248,110.629212,1,0.5,2.01,208
8084,-1.167248,110.666267,1,0.5,2.68,308
8085,-1.167248,110.669636,1,0.5,2.68,308
8086,-1.167248,110.676373,1,0.5,7.26,150
8087,-1.167248,110.679742,2,0.5,18.53,50
8088,-1.167248,110.68311,2,0.5,18.53,50
8089,-1.167248,110.686479,1,0.5,18.53,63
8090,-1.167248,110.737009,1,0.5,6.23,233
8091,-1.167248,110.740378,1,0.5,6.23,233
8092,-1.167248,110.743747,1,0.5,6.23,233
8093,-1.167248,110.750484,1,0.5,6.75,137
8094,-1.167248,110.753853,1,0.5,6.75,137
8095,-1.167248,110.807752,1,0.5,2.57,323
8096,-1.167248,110.81112,1,0.5,2.57,323
8097,-1.167248,110.814489,1,0.5,2.57,323
8098,-1.167248,110.824595,2,0.5,16.02,80
8099,-1.167248,110.827964,2,0.5,16.02,80
8100,-1.167248,110.831333,2,0.5,16.02,80
8101,-1.170617,110.457409,1,0.5,9.52,94
8102,-1.170617,110.460777,1,0.5,9.52,94
8103,-1.170617,110.464146,1,0.5,9.52,94
8104,-1.170617,110.467515,1,0.5,7.52,-1
8105,-1.170617,110.474252,1,0.5,4.51,274
8106,-1.170617,110.477621,1,0.5,4.51,274
8107,-1.170617,110.48099,1,0.5,4.51,274
8108,-1.170617,110.555101,1,0.5,19.9,66
8109,-1.170617,110.558469,1,0.5,19.9,66
8110,-1.170617,110.561838,1,0.5,22.37,45
8111,-1.170617,110.565207,1,0.5,22.37,45
8112,-1.170617,110.622474,1,0.5,2.01,208
8113,-1.170617,110.625843,1,0.5,2.01,208
8114,-1.170617,110.629212,1,0.5,2.01,208
8115,-1.170617,110.666267,1,0.5,7.27,150
8116,-1.170617,110.669636,1,0.5,7.27,150
8117,-1.170617,110.673004,1,0.5,7.27,150
8118,-1.170617,110.676373,1,0.5,7.26,150
8119,-1.170617,110.679742,2,0.5,18.53,50
8120,-1.170617,110.68311,2,0.5,18.53,50
8121,-1.170617,110.686479,1,0.5,18.53,63
8122,-1.170617,110.737009,1,0.5,6.23,233
8123,-1.170617,110.740378,1,0.5,6.23,233
8124,-1.170617,110.743747,1,0.5,6.23,233
8125,-1.170617,110.750484,2,0.5,43.06,-1
8126,-1.170617,110.753853,2,0.5,43.06,-1
8127,-1.170617,110.757222,1,0.5,43.06,8
8128,-1.170617,110.78754,1,0.5,3.93,306
8129,-1.170617,110.790908,1,0.5,3.93,306
8130,-1.170617,110.794277,1,0.5,3.93,306
8131,-1.170617,110.824595,2,0.5,16.02,80
8132,-1.170617,110.827964,2,0.5,16.02,80
8133,-1.170617,110.831333,2,0.5,16.02,80
8134,-1.173986,110.400141,1,0.5,4.5,274
8135,-1.173986,110.40351,1,0.5,4.5,274
8136,-1.173986,110.406879,1,0.5,4.5,274
8137,-1.173986,110.555101,1,0.5,19.9,66
8138,-1.173986,110.558469,1,0.5,19.9,66
8139,-1.173986,110.561838,1,0.5,22.37,45
8140,-1.173986,110.565207,1,0.5,22.37,45
8141,-1.173986,110.619106,1,0.5,3.42,296
8142,-1.173986,110.622474,1,0.5,3.42,296
8143,-1.173986,110.625843,2,0.5,20.44,50
8144,-1.173986,110.629212,1,0.5,20.44,-1
8145,-1.173986,110.63258,1,0.5,20.44,-1
8146,-1.173986,110.656161,1,0.5,48.51,9
8147,-1.173986,110.65953,1,0.5,48.51,9
8148,-1.173986,110.662898,1,0.5,48.51,9
8149,-1.173986,110.666267,1,0.5,7.27,150
8150,-1.173986,110.669636,1,0.5,7.27,150
8151,-1.173986,110.673004,1,0.5,7.27,150
8152,-1.173986,110.679742,1,0.5,18.53,63
8153,-1.173986,110.68311,1,0.5,18.53,63
8154,-1.173986,110.686479,1,0.5,18.53,63
8155,-1.173986,110.750484,2,0.5,43.06,-1
8156,-1.173986,110.753853,2,0.5,43.06,-1
8157,-1.173986,110.757222,1,0.5,43.06,8
8158,-1.173986,110.78754,1,0.5,3.93,306
8159,-1.173986,110.790908,1,0.5,3.93,306
8160,-1.173986,110.794277,1,0.5,3.93,306
8161,-1.173986,110.824595,1,0.5,3.58,330
8162,-1.173986,110.827964,1,0.5,3.58,330
8163,-1.173986,110.831333,1,0.5,3.58,330
8164,-1.177354,110.393404,1,0.5,6.38,204
8165,-1.177354,110.396773,1,0.5,6.38,204
8166,-1.177354,110.400141,2,0.5,4.57,286
8167,-1.177354,110.40351,2,0.5,4.57,286
8168,-1.177354,110.406879,2,0.5,5.17,287
8169,-1.177354,110.410247,2,0.5,5.74,-1
8170,-1.177354,110.413616,1,0.5,5.74,151
8171,-1.177354,110.474252,1,0.5,78.9,4
8172,-1.177354,110.477621,1,0.5,78.9,4
8173,-1.177354,110.48099,1,0.5,78.9,4
8174,-1.177354,110.555101,1,1.0,51.29,7
8175,-1.177354,110.558469,1,1.0,51.29,7
8176,-1.177354,110.561838,2,0.75,51.29,-1
8177,-1.177354,110.565207,2,0.5,40.42,-1
8178,-1.177354,110.595525,1,0.5,7.61,139
8179,-1.177354,110.598893,1,0.5,7.61,139
8180,-1.177354,110.602262,1,0.5,7.61,139
8181,-1.177354,110.619106,1,0.5,3.42,296
8182,-1.177354,110.622474,1,0.5,3.42,296
8183,-1.177354,110.625843,2,0.5,20.44,50
8184,-1.177354,110.629212,1,0.5,20.44,-1
8185,-1.177354,110.63258,1,0.5,20.44,-1
8186,-1.177354,110.656161,1,0.5,48.51,9
8187,-1.177354,110.65953,1,0.5,48.51,9
8188,-1.177354,110.662898,2,0.5,48.51,-1
8189,-1.177354,110.666267,1,0.5,5.58,224
8190,-1.177354,110.669636,1,0.5,5.58,224
8191,-1.177354,110.673004,1,0.5,5.58,224
8192,-1.177354,110.686479,1,0.5,2.11,212
8193,-1.177354,110.689848,1,0.5,2.11,212
8194,-1.177354,110.693217,1,0.5,2.11,212
8195,-1.177354,110.733641,1,0.5,6.78,137
8196,-1.177354,110.737009,1,0.5,6.78,137
8197,-1.177354,110.740378,1,0.5,6.78,137
8198,-1.177354,110.750484,1,0.5,43.06,8
8199,-1.177354,110.753853,1,0.5,43.06,8
8200,-1.177354,110.757222,1,0.5,43.06,8
8201,-1.177354,110.780802,1,0.5,8.26,130
8202,-1.177354,110.784171,1,0.5,8.26,130
8203,-1.177354,110.78754,1,0.5,3.93,306
8204,-1.177354,110.790908,1,0.5,3.93,306
8205,-1.177354,110.794277,1,0.5,3.93,306
8206,-1.180723,110.393404,1,0.5,6.38,204
8207,-1.180723,110.396773,1,0.5,6.38,204
8208,-1.180723,110.400141,2,0.5,4.57,286
8209,-1.180723,110.40351,2,0.5,4.57,286
8210,-1.180723,110.406879,3,0.5,5.17,18
8211,-1.180723,110.410247,2,0.5,5.17,287
8212,-1.180723,110.413616,1,0.5,4.9,236
8213,-1.180723,110.430459,1,0.5,6.6,-1
8214,-1.180723,110.433828,1,0.5,6.6,-1
8215,-1.180723,110.464146,1,0.5,22.32,45
8216,-1.180723,110.467515,1,0.5,22.32,45
8217,-1.180723,110.474252,1,0.5,78.9,4
8218,-1.180723,110.477621,1,0.5,22.77,40
8219,-1.180723,110.48099,1,0.5,22.77,40
8220,-1.180723,110.484358,1,0.5,22.77,40
8221,-1.180723,110.548363,2,0.5,39.28,22
8222,-1.180723,110.551732,2,0.5,39.28,22
8223,-1.180723,110.555101,3,0.67,51.29,-1
8224,-1.180723,110.558469,2,0.75,51.29,-1
8225,-1.180723,110.561838,1,1.0,51.29,7
8226,-1.180723,110.565207,1,0.5,40.42,12
8227,-1.180723,110.568575,1,0.5,4.9,236
8228,-1.180723,110.571944,1,0.5,4.9,236
8229,-1.180723,110.575313,3,0.5,7.39,18
8230,-1.180723,110.578681,3,0.5,7.39,18
8231,-1.180723,110.58205,2,0.5,7.39,328
8232,-1.180723,110.585419,2,0.5,8.31,294
8233,-1.180723,110.588787,1,0.5,2.8,247
8234,-1.180723,110.592156,1,0.5,2.8,247
8235,-1.180723,110.595525,1,0.5,7.61,139
8236,-1.180723,110.598893,1,0.5,7.61,139
8237,-1.180723,110.602262,1,0.5,7.61,139
8238,-1.180723,110.619106,1,0.5,3.42,296
8239,-1.180723,110.622474,1,0.5,3.42,296
8240,-1.180723,110.625843,2,0.5,20.44,50
8241,-1.180723,110.629212,1,0.5,20.44,-1
8242,-1.180723,110.63258,1,0.5,20.44,-1
8243,-1.180723,110.662898,1,0.5,5.58,224
8244,-1.180723,110.666267,1,0.5,5.58,224
8245,-1.180723,110.669636,1,0.5,5.58,224
8246,-1.180723,110.673004,1,0.5,4.99,235
8247,-1.180723,110.686479,1,0.5,2.11,212
8248,-1.180723,110.689848,1,0.5,2.11,212
8249,-1.180723,110.693217,1,0.5,2.11,212
8250,-1.180723,110.733641,1,0.5,6.78,137
8251,-1.180723,110.737009,1,0.5,6.78,137
8252,-1.180723,110.740378,1,0.5,6.78,137
8253,-1.180723,110.780802,1,0.5,8.26,130
8254,-1.180723,110.784171,1,0.5,8.26,130
8255,-1.180723,110.78754,1,0.5,8.26,130
8256,-1.180723,110.790908,1,0.5,8.26,130
8257,-1.184092,110.400141,1,0.5,4.57,265
8258,-1.184092,110.40351,1,0.5,4.57,265
8259,-1.184092,110.406879,2,0.5,5.17,287
8260,-1.184092,110.410247,2,0.5,5.17,287
8261,-1.184092,110.413616,1,0.5,4.9,236
8262,-1.184092,110.430459,1,0.5,6.6,-1
8263,-1.184092,110.433828,1,0.5,6.6,-1
8264,-1.184092,110.464146,1,0.5,22.32,45
8265,-1.184092,110.467515,1,0.5,22.32,45
8266,-1.184092,110.474252,1,0.5,78.9,4
8267,-1.184092,110.477621,1,0.5,22.77,40
8268,-1.184092,110.48099,1,0.5,22.77,40
8269,-1.184092,110.484358,1,0.5,22.77,40
8270,-1.184092,110.548363,2,0.5,39.28,22
8271,-1.184092,110.551732,2,0.5,39.28,22
8272,-1.184092,110.555101,3,0.67,51.29,-1
8273,-1.184092,110.558469,2,0.75,51.29,-1
8274,-1.184092,110.561838,2,0.75,51.29,-1
8275,-1.184092,110.565207,1,0.5,40.42,12
8276,-1.184092,110.568575,1,0.5,4.9,236
8277,-1.184092,110.571944,1,0.5,4.9,236
8278,-1.184092,110.575313,3,0.5,7.39,18
8279,-1.184092,110.578681,3,0.5,7.39,18
8280,-1.184092,110.58205,4,0.5,7.39,2
8281,-1.184092,110.585419,4,0.5,8.31,2
8282,-1.184092,110.588787,3,0.5,5.35,18
8283,-1.184092,110.592156,1,0.5,2.8,247
8284,-1.184092,110.595525,1,0.5,7.61,139
8285,-1.184092,110.598893,1,0.5,7.61,139
8286,-1.184092,110.602262,1,0.5,7.61,139
8287,-1.184092,110.625843,1,0.5,3.7,326
8288,-1.184092,110.629212,1,0.5,3.7,326
8289,-1.184092,110.63258,2,0.5,18.09,-1
8290,-1.184092,110.635949,1,0.5,18.09,47
8291,-1.184092,110.639318,1,0.5,18.09,47
8292,-1.184092,110.642686,1,0.5,18.09,47
8293,-1.184092,110.656161,1,0.5,3.49,312
8294,-1.184092,110.65953,1,0.5,3.49,312
8295,-1.184092,110.662898,2,0.5,5.58,287
8296,-1.184092,110.666267,1,0.5,5.58,224
8297,-1.184092,110.669636,1,0.5,5.58,224
8298,-1.184092,110.673004,1,0.5,4.99,235
8299,-1.184092,110.706691,1,0.5,2.41,225
8300,-1.184092,110.71006,1,0.5,2.41,225
8301,-1.184092,110.713429,1,0.5,2.41,225
8302,-1.184092,110.733641,1,0.5,6.78,137
8303,-1.184092,110.737009,1,0.5,6.78,137
8304,-1.184092,110.740378,1,0.5,6.78,137
8305,-1.184092,110.780802,1,0.5,8.26,130
8306,-1.184092,110.784171,1,0.5,8.26,-1
8307,-1.184092,110.78754,1,0.5,8.26,130
8308,-1.184092,110.790908,1,0.5,8.26,-1
8309,-1.187461,110.406879,1,0.5,4.9,236
8310,-1.187461,110.410247,1,0.5,4.9,236
8311,-1.187461,110.413616,1,0.5,4.9,236
8312,-1.187461,110.430459,1,0.5,26.23,29
8313,-1.187461,110.433828,1,0.5,26.23,29
8314,-1.187461,110.437197,1,0.5,26.23,29
8315,-1.187461,110.447303,1,0.5,4.07,288
8316,-1.187461,110.450671,1,0.5,4.07,288
8317,-1.187461,110.45404,1,0.5,4.07,288
8318,-1.187461,110.474252,1,0.5,18.68,-1
8319,-1.187461,110.477621,1,0.5,22.77,40
8320,-1.187461,110.48099,1,0.5,22.77,40
8321,-1.187461,110.484358,1,0.5,22.77,40
8322,-1.187461,110.538257,1,0.5,10.89,97
8323,-1.187461,110.541626,1,0.5,10.89,97
8324,-1.187461,110.544995,1,0.5,10.89,97
8325,-1.187461,110.548363,2,0.5,39.28,22
8326,-1.187461,110.551732,2,0.5,39.28,22
8327,-1.187461,110.555101,3,0.67,51.29,-1
8328,-1.187461,110.558469,2,0.75,51.29,-1
8329,-1.187461,110.561838,2,0.75,51.29,-1
8330,-1.187461,110.565207,1,0.5,40.42,12
8331,-1.187461,110.568575,1,0.5,4.9,236
8332,-1.187461,110.571944,2,0.5,4.9,287
8333,-1.187461,110.575313,3,0.5,7.39,18
8334,-1.187461,110.578681,2,0.5,7.39,328
8335,-1.187461,110.58205,6,0.5,20.25,-1
8336,-1.187461,110.585419,7,0.5,20.25,-1
8337,-1.187461,110.588787,6,0.5,20.25,-1
8338,-1.187461,110.592156,2,0.5,9.38,-1
8339,-1.187461,110.595525,1,0.5,7.61,139
8340,-1.187461,110.598893,1,0.5,7.61,139
8341,-1.187461,110.602262,1,0.5,7.61,139
8342,-1.187461,110.63258,1,0.5,18.09,47
8343,-1.187461,110.635949,1,0.5,18.09,47
8344,-1.187461,110.639318,1,0.5,18.09,47
8345,-1.187461,110.642686,1,0.5,18.09,47
8346,-1.187461,110.656161,1,0.5,3.49,312
8347,-1.187461,110.65953,1,0.5,3.49,312
8348,-1.187461,110.662898,2,0.5,4.99,287
8349,-1.187461,110.666267,1,0.5,4.99,235
8350,-1.187461,110.669636,1,0.5,4.99,235
8351,-1.187461,110.673004,1,0.5,4.99,235
8352,-1.187461,110.706691,1,0.5,2.41,225
8353,-1.187461,110.71006,1,0.5,2.41,225
8354,-1.187461,110.713429,1,0.5,2.41,225
8355,-1.187461,110.733641,1,0.5,6.78,137
8356,-1.187461,110.737009,1,0.5,6.78,137
8357,-1.187461,110.740378,1,0.5,6.78,137
8358,-1.187461,110.81112,1,0.5,7.88,133
8359,-1.187461,110.814489,1,0.5,7.88,133
8360,-1.190829,110.430459,1,0.5,26.23,29
8361,-1.190829,110.433828,1,0.5,26.23,29
8362,-1.190829,110.437197,1,0.5,26.23,29
8363,-1.190829,110.447303,1,0.5,4.07,288
8364,-1.190829,110.450671,1,0.5,4.07,288
8365,-1.190829,110.45404,1,0.5,4.07,288
8366,-1.190829,110.50457,1,0.5,5.72,151
8367,-1.190829,110.507939,1,0.5,5.72,151
8368,-1.190829,110.511308,1,0.5,5.72,151
8369,-1.190829,110.538257,1,0.5,10.89,97
8370,-1.190829,110.541626,1,0.5,10.89,97
8371,-1.190829,110.544995,1,0.5,10.89,97
8372,-1.190829,110.565207,1,0.5,2.31,228
8373,-1.190829,110.568575,2,0.5,3.98,210
8374,-1.190829,110.571944,3,0.5,3.98,-1
8375,-1.190829,110.575313,2,0.5,3.98,210
8376,-1.190829,110.578681,1,0.5,3.98,303
8377,-1.190829,110.58205,5,0.5,20.25,1
8378,-1.190829,110.585419,5,0.5,20.25,1
8379,-1.190829,110.588787,5,0.5,20.25,1
8380,-1.190829,110.592156,1,0.5,9.38,-1
8381,-1.190829,110.619106,1,0.5,29.99,25
8382,-1.190829,110.622474,1,0.5,29.99,25
8383,-1.190829,110.625843,1,0.5,29.99,25
8384,-1.190829,110.63258,1,0.5,18.09,47
8385,-1.190829,110.635949,2,0.5,18.09,-1
8386,-1.190829,110.639318,2,0.5,18.09,-1
8387,-1.190829,110.642686,2,0.5,18.09,-1
8388,-1.190829,110.656161,1,0.5,3.49,312
8389,-1.190829,110.65953,1,0.5,3.49,312
8390,-1.190829,110.662898,1,0.5,3.49,312
8391,-1.190829,110.696585,1,0.5,6.05,198
8392,-1.190829,110.699954,1,0.5,6.05,198
8393,-1.190829,110.703323,1,0.5,6.05,198
8394,-1.190829,110.81112,1,0.5,7.88,133
8395,-1.190829,110.814489,1,0.5,7.88,133
8396,-1.194198,110.430459,1,0.5,26.23,29
8397,-1.194198,110.433828,1,0.5,26.23,29
8398,-1.194198,110.437197,1,0.5,26.23,29
8399,-1.194198,110.447303,1,0.5,4.07,288
8400,-1.194198,110.450671,1,0.5,4.07,288
8401,-1.194198,110.45404,1,0.5,4.07,288
8402,-1.194198,110.50457,1,0.5,5.72,151
8403,-1.194198,110.507939,1,0.5,5.72,151
8404,-1.194198,110.511308,1,0.5,5.72,151
8405,-1.194198,110.524782,1,0.5,2.11,212
8406,-1.194198,110.528151,1,0.5,2.11,212
8407,-1.194198,110.53152,1,0.5,2.11,212
8408,-1.194198,110.538257,1,0.5,10.89,97
8409,-1.194198,110.541626,1,0.5,10.89,97
8410,-1.194198,110.544995,1,0.5,10.89,97
8411,-1.194198,110.565207,1,0.5,2.31,228
8412,-1.194198,110.568575,2,0.5,3.98,210
8413,-1.194198,110.571944,3,0.5,23.85,17
8414,-1.194198,110.575313,3,0.5,23.85,17
8415,-1.194198,110.578681,2,0.5,23.85,36
8416,-1.194198,110.58205,3,0.5,7.23,18
8417,-1.194198,110.585419,4,0.5,9.38,2
8418,-1.194198,110.588787,4,0.5,9.38,2
8419,-1.194198,110.592156,1,0.5,9.38,-1
8420,-1.194198,110.619106,1,0.5,15.39,59
8421,-1.194198,110.622474,1,0.5,15.39,59
8422,-1.194198,110.625843,1,0.5,15.39,59
8423,-1.194198,110.635949,1,0.5,6.65,167
8424,-1.194198,110.639318,1,0.5,6.65,167
8425,-1.194198,110.642686,1,0.5,6.65,167
8426,-1.194198,110.646055,1,0.5,7.82,132
8427,-1.194198,110.662898,1,0.5,4.18,155
8428,-1.194198,110.666267,1,0.5,4.18,155
8429,-1.194198,110.696585,1,0.5,6.05,198
8430,-1.194198,110.699954,1,0.5,6.05,198
8431,-1.194198,110.703323,1,0.5,6.05,198
8432,-1.194198,110.81112,1,0.5,7.88,133
8433,-1.194198,110.814489,1,0.5,7.88,133
8434,-1.194198,111.006504,1,1.0,7.82,132
8435,-1.194198,111.009873,1,1.0,7.82,132
8436,-1.194198,111.013241,1,0.5,8.3,131
8437,-1.197567,110.393404,1,0.5,18.42,-1
8438,-1.197567,110.396773,1,0.5,18.42,-1
8439,-1.197567,110.497833,1,0.5,19.55,75
8440,-1.197567,110.501202,1,0.5,19.55,75
8441,-1.197567,110.50457,2,0.5,19.55,50
8442,-1.197567,110.507939,1,0.5,5.72,151
8443,-1.197567,110.511308,1,0.5,5.72,151
8444,-1.197567,110.524782,1,0.5,2.11,212
8445,-1.197567,110.528151,1,0.5,2.11,212
8446,-1.197567,110.53152,1,0.5,2.11,212
8447,-1.197567,110.565207,1,0.5,2.31,228
8448,-1.197567,110.568575,2,0.5,3.98,210
8449,-1.197567,110.571944,3,0.5,23.85,17
8450,-1.197567,110.575313,3,0.5,23.85,17
8451,-1.197567,110.578681,2,0.5,23.85,36
8452,-1.197567,110.585419,1,0.5,9.38,-1
8453,-1.197567,110.588787,1,0.5,9.38,-1
8454,-1.197567,110.592156,1,0.5,9.38,-1
8455,-1.197567,110.619106,1,0.5,15.39,59
8456,-1.197567,110.622474,2,0.5,22.31,-1
8457,-1.197567,110.625843,2,0.5,22.31,-1
8458,-1.197567,110.629212,1,0.5,22.31,45
8459,-1.197567,110.639318,1,0.5,7.82,132
8460,-1.197567,110.642686,1,0.5,7.82,132
8461,-1.197567,110.646055,1,0.5,7.82,132
8462,-1.197567,110.656161,1,0.5,6.04,199
8463,-1.197567,110.65953,1,0.5,6.04,199
8464,-1.197567,110.662898,1,0.5,4.18,155
8465,-1.197567,110.666267,1,0.5,4.18,155
8466,-1.197567,111.003135,1,0.5,6.05,198
8467,-1.197567,111.006504,1,1.0,7.82,132
8468,-1.197567,111.009873,1,1.0,7.82,132
8469,-1.197567,111.013241,2,0.5,8.3,294
8470,-1.197567,111.01661,1,0.5,2.38,229
8471,-1.200935,110.393404,1,0.5,18.42,-1
8472,-1.200935,110.396773,1,0.5,18.42,-1
8473,-1.200935,110.423722,1,0.5,5.89,-1
8474,-1.200935,110.427091,1,0.5,5.89,-1
8475,-1.200935,110.430459,1,0.5,5.89,-1
8476,-1.200935,110.433828,1,0.5,11.99,-1
8477,-1.200935,110.497833,1,0.5,19.55,75
8478,-1.200935,110.501202,1,0.5,19.55,75
8479,-1.200935,110.50457,2,0.5,19.55,50
8480,-1.200935,110.507939,1,0.5,5.72,151
8481,-1.200935,110.511308,1,0.5,5.72,151
8482,-1.200935,110.524782,1,0.5,2.11,212
8483,-1.200935,110.528151,2,0.5,41.16,-1
8484,-1.200935,110.53152,2,0.5,41.16,-1
8485,-1.200935,110.534888,1,0.5,41.16,11
8486,-1.200935,110.571944,1,0.5,23.85,-1
8487,-1.200935,110.575313,2,0.5,23.85,36
8488,-1.200935,110.578681,2,0.5,23.85,36
8489,-1.200935,110.622474,1,0.5,22.31,45
8490,-1.200935,110.625843,1,0.5,22.31,45
8491,-1.200935,110.629212,1,0.5,22.31,45
8492,-1.200935,110.656161,1,0.5,6.04,199
8493,-1.200935,110.65953,1,0.5,6.04,199
8494,-1.200935,110.662898,1,0.5,4.18,155
8495,-1.200935,110.666267,1,0.5,4.18,155
8496,-1.200935,111.003135,1,0.5,6.05,198
8497,-1.200935,111.006504,1,1.0,7.82,132
8498,-1.200935,111.009873,1,1.0,7.82,132
8499,-1.200935,111.013241,2,0.5,8.3,294
8500,-1.200935,111.01661,1,0.5,2.38,229
8501,-1.204304,110.423722,1,0.5,5.89,-1
8502,-1.204304,110.427091,1,0.5,5.89,-1
8503,-1.204304,110.430459,1,0.5,5.89,-1
8504,-1.204304,110.433828,1,0.5,11.99,-1
8505,-1.204304,110.45404,1,0.5,21.06,54
8506,-1.204304,110.457409,1,0.5,21.06,54
8507,-1.204304,110.460777,1,0.5,21.06,54
8508,-1.204304,110.497833,1,0.5,19.55,75
8509,-1.204304,110.501202,1,0.5,19.55,75
8510,-1.204304,110.50457,1,0.5,19.55,75
8511,-1.204304,110.528151,1,0.5,41.16,11
8512,-1.204304,110.53152,1,0.5,41.16,11
8513,-1.204304,110.534888,1,0.5,41.16,11
8514,-1.204304,110.656161,1,0.5,6.04,199
8515,-1.204304,110.65953,1,0.5,6.04,199
8516,-1.204304,110.662898,1,0.5,18.66,-1
8517,-1.204304,110.666267,1,0.5,18.66,-1
8518,-1.204304,110.669636,1,0.5,18.66,-1
8519,-1.204304,110.676373,1,0.5,13.22,82
8520,-1.204304,110.679742,1,0.5,13.22,82
8521,-1.204304,110.68311,1,0.5,13.22,82
8522,-1.204304,110.730272,1,0.5,8.04,143
8523,-1.204304,110.733641,2,0.5,8.04,293
8524,-1.204304,110.737009,2,0.5,8.04,293
8525,-1.204304,111.003135,1,0.5,6.05,198
8526,-1.204304,111.006504,1,0.5,8.3,131
8527,-1.204304,111.009873,1,0.5,8.3,131
8528,-1.204304,111.013241,2,0.5,8.3,294
8529,-1.204304,111.01661,1,0.5,2.38,229
8530,-1.207673,110.423722,1,0.5,5.89,-1
8531,-1.207673,110.427091,1,0.5,5.89,-1
8532,-1.207673,110.430459,1,0.5,5.89,-1
8533,-1.207673,110.433828,1,0.5,11.99,-1
8534,-1.207673,110.45404,1,0.5,21.06,54
8535,-1.207673,110.457409,1,0.5,21.06,54
8536,-1.207673,110.460777,1,0.5,21.06,54
8537,-1.207673,110.528151,1,0.5,41.16,11
8538,-1.207673,110.53152,1,0.5,41.16,11
8539,-1.207673,110.534888,1,0.5,41.16,11
8540,-1.207673,110.646055,1,0.5,3.01,258
8541,-1.207673,110.649424,1,0.5,3.01,258
8542,-1.207673,110.652792,1,0.5,3.01,258
8543,-1.207673,110.662898,1,0.5,18.66,-1
8544,-1.207673,110.666267,1,0.5,18.66,-1
8545,-1.207673,110.669636,1,0.5,18.66,-1
8546,-1.207673,110.676373,1,0.5,13.22,82
8547,-1.207673,110.679742,1,0.5,13.22,82
8548,-1.207673,110.68311,1,0.5,13.22,82
8549,-1.207673,110.726903,1,0.5,19.68,76
8550,-1.207673,110.730272,2,0.5,19.68,50
8551,-1.207673,110.733641,3,0.5,19.68,18
8552,-1.207673,110.737009,2,0.5,8.04,293
8553,-1.211041,110.45404,1,0.5,21.06,54
8554,-1.211041,110.457409,2,0.5,21.06,50
8555,-1.211041,110.460777,2,0.5,21.06,50
8556,-1.211041,110.464146,1,0.5,7.45,148
8557,-1.211041,110.612368,1,0.5,38.18,15
8558,-1.211041,110.615737,1,0.5,38.18,15
8559,-1.211041,110.619106,1,0.5,38.18,15
8560,-1.211041,110.646055,1,0.5,3.01,258
8561,-1.211041,110.649424,1,0.5,3.01,258
8562,-1.211041,110.652792,1,0.5,3.01,258
8563,-1.211041,110.662898,1,0.5,18.66,-1
8564,-1.211041,110.666267,1,0.5,18.66,-1
8565,-1.211041,110.669636,1,0.5,18.66,-1
8566,-1.211041,110.676373,1,0.5,13.22,82
8567,-1.211041,110.679742,1,0.5,13.22,82
8568,-1.211041,110.68311,1,0.5,13.22,82
8569,-1.211041,110.726903,1,0.5,19.68,76
8570,-1.211041,110.730272,2,0.5,19.68,50
8571,-1.211041,110.733641,2,0.5,19.68,50
8572,-1.211041,110.737009,1,0.5,8.04,143
8573,-1.21441,110.457409,1,0.5,7.45,148
8574,-1.21441,110.460777,1,0.5,7.45,148
8575,-1.21441,110.464146,1,0.5,7.45,148
8576,-1.21441,110.534888,1,0.5,5.02,234
8577,-1.21441,110.538257,1,0.5,5.02,234
8578,-1.21441,110.541626,1,0.5,5.02,234
8579,-1.21441,110.558469,1,0.5,6.28,188
8580,-1.21441,110.561838,1,0.5,6.28,188
8581,-1.21441,110.612368,1,0.5,38.18,15
8582,-1.21441,110.615737,1,0.5,38.18,15
8583,-1.21441,110.619106,1,0.5,38.18,15
8584,-1.21441,110.646055,1,0.5,3.01,258
8585,-1.21441,110.649424,1,0.5,3.01,258
8586,-1.21441,110.652792,1,0.5,3.01,258
8587,-1.21441,110.703323,1,0.5,3.38,298
8588,-1.21441,110.706691,1,0.5,3.38,298
8589,-1.21441,110.71006,1,0.5,3.38,298
8590,-1.21441,110.726903,1,0.5,19.68,76
8591,-1.21441,110.730272,1,0.5,19.68,76
8592,-1.21441,110.733641,1,0.5,19.68,76
8593,-1.217779,110.457409,1,0.5,7.45,148
8594,-1.217779,110.460777,1,0.5,7.45,148
8595,-1.217779,110.464146,1,0.5,7.45,148
8596,-1.217779,110.534888,1,0.5,5.02,234
8597,-1.217779,110.538257,1,0.5,5.02,234
8598,-1.217779,110.541626,1,0.5,5.02,234
8599,-1.217779,110.558469,1,0.5,6.28,188
8600,-1.217779,110.561838,1,0.5,6.28,188
8601,-1.217779,110.592156,1,0.5,18.81,61
8602,-1.217779,110.595525,1,0.5,18.81,61
8603,-1.217779,110.598893,1,0.5,18.81,61
8604,-1.217779,110.612368,1,0.5,38.18,15
8605,-1.217779,110.615737,1,0.5,38.18,15
8606,-1.217779,110.619106,1,0.5,38.18,15
8607,-1.217779,110.706691,1,0.5,3.38,298
8608,-1.217779,110.71006,1,0.5,3.38,298
8609,-1.217779,110.713429,1,0.5,3.38,298
8610,-1.221147,110.592156,1,0.5,18.81,61
8611,-1.221147,110.595525,1,0.5,18.81,61
8612,-1.221147,110.598893,1,0.5,18.81,61
8613,-1.221147,110.602262,1,0.5,18.81,61
8614,-1.221147,110.699954,1,0.5,4.61,267
8615,-1.221147,110.703323,1,0.5,4.61,267
8616,-1.221147,110.706691,2,0.5,4.61,286
8617,-1.221147,110.71006,1,0.5,3.38,298
8618,-1.221147,110.713429,1,0.5,3.38,298
8619,-1.224516,110.592156,1,0.5,18.81,61
8620,-1.224516,110.595525,1,0.5,18.81,61
8621,-1.224516,110.598893,1,0.5,18.81,61
8622,-1.224516,110.602262,1,0.5,18.81,61
8623,-1.224516,110.699954,1,0.5,4.61,267
8624,-1.224516,110.703323,1,0.5,4.61,267
8625,-1.224516,110.706691,2,0.5,4.61,286
8626,-1.224516,110.71006,1,0.5,3.38,298
8627,-1.224516,110.713429,1,0.5,3.38,298
8628,-1.224516,110.993029,1,0.5,18.47,63
8629,-1.224516,110.996398,1,0.5,18.47,63
8630,-1.224516,110.999767,1,0.5,18.47,63
8631,-1.227885,110.699954,1,0.5,4.61,267
8632,-1.227885,110.703323,1,0.5,4.61,267
8633,-1.227885,110.706691,1,0.5,4.61,267
8634,-1.227885,110.804383,1,0.5,13.06,-1
8635,-1.227885,110.807752,1,0.5,13.06,-1
8636,-1.227885,110.81112,1,0.5,13.06,-1
8637,-1.227885,110.865019,1,0.5,7.97,141
8638,-1.227885,110.868388,1,0.5,7.97,141
8639,-1.227885,110.871757,1,0.5,7.97,141
8640,-1.227885,110.875125,1,0.5,9.84,108
8641,-1.227885,110.969448,1,0.5,18.08,47
8642,-1.227885,110.972817,1,0.5,18.08,47
8643,-1.227885,110.976186,1,0.5,18.08,47
8644,-1.227885,110.993029,1,0.5,19.51,75
8645,-1.227885,110.996398,1,0.5,19.51,75
8646,-1.227885,110.999767,1,0.5,18.47,63
8647,-1.231253,110.790908,1,0.5,2.65,-1
8648,-1.231253,110.794277,1,0.5,2.65,-1
8649,-1.231253,110.797646,1,0.5,2.65,-1
8650,-1.231253,110.804383,1,0.5,13.06,-1
8651,-1.231253,110.807752,1,0.5,13.06,-1
8652,-1.231253,110.81112,1,0.5,13.06,-1
8653,-1.231253,110.865019,1,0.5,7.97,141
8654,-1.231253,110.868388,1,0.5,7.97,141
8655,-1.231253,110.871757,1,0.5,7.97,141
8656,-1.231253,110.875125,1,0.5,9.84,108
8657,-1.231253,110.969448,1,0.5,18.08,47
8658,-1.231253,110.972817,1,0.5,18.08,47
8659,-1.231253,110.976186,1,0.5,18.08,47
8660,-1.231253,110.993029,1,0.5,19.51,75
8661,-1.231253,110.996398,1,0.5,19.51,75
8662,-1.231253,110.999767,1,0.5,18.47,63
8663,-1.234622,110.464146,1,0.5,4.81,222
8664,-1.234622,110.467515,1,0.5,4.81,222
8665,-1.234622,110.484358,1,0.5,25.46,33
8666,-1.234622,110.487727,1,0.5,25.46,33
8667,-1.234622,110.491096,1,0.5,8.29,131
8668,-1.234622,110.494464,1,0.5,8.29,131
8669,-1.234622,110.497833,1,0.5,47.54,9
8670,-1.234622,110.501202,1,0.5,47.54,9
8671,-1.234622,110.50457,1,0.5,47.54,9
8672,-1.234622,110.558469,1,0.5,5.44,-1
8673,-1.234622,110.561838,1,0.5,5.44,-1
8674,-1.234622,110.565207,1,0.5,5.44,-1
8675,-1.234622,110.790908,1,0.5,2.65,-1
8676,-1.234622,110.794277,1,0.5,2.65,-1
8677,-1.234622,110.797646,1,0.5,2.65,-1
8678,-1.234622,110.804383,1,0.5,13.06,-1
8679,-1.234622,110.807752,1,0.5,13.06,-1
8680,-1.234622,110.81112,2,0.5,13.06,112
8681,-1.234622,110.814489,1,0.5,4.93,-1
8682,-1.234622,110.817858,2,0.5,4.93,287
8683,-1.234622,110.821226,1,0.5,3.44,295
8684,-1.234622,110.865019,1,0.5,7.97,141
8685,-1.234622,110.868388,1,0.5,7.97,141
8686,-1.234622,110.871757,1,0.5,7.97,141
8687,-1.234622,110.875125,1,0.5,9.84,108
8688,-1.234622,110.996398,1,0.5,19.51,75
8689,-1.234622,110.999767,1,0.5,3.23,257
8690,-1.234622,111.003135,1,0.5,3.23,257
8691,-1.237991,110.464146,1,0.5,4.81,222
8692,-1.237991,110.467515,1,0.5,4.81,222
8693,-1.237991,110.484358,1,0.5,25.46,33
8694,-1.237991,110.487727,1,0.5,25.46,33
8695,-1.237991,110.491096,1,0.5,14.49,-1
8696,-1.237991,110.494464,1,0.5,8.29,131
8697,-1.237991,110.497833,2,0.5,47.54,-1
8698,-1.237991,110.501202,2,0.5,47.54,-1
8699,-1.237991,110.50457,2,0.5,47.54,-1
8700,-1.237991,110.551732,1,0.5,21.05,54
8701,-1.237991,110.555101,1,0.5,21.05,54
8702,-1.237991,110.558469,2,0.5,21.05,50
8703,-1.237991,110.561838,1,0.5,5.44,-1
8704,-1.237991,110.565207,1,0.5,5.44,-1
8705,-1.237991,110.65953,1,0.5,18.86,61
8706,-1.237991,110.662898,1,0.5,18.86,61
8707,-1.237991,110.666267,1,0.5,18.86,61
8708,-1.237991,110.790908,1,0.5,2.65,-1
8709,-1.237991,110.794277,1,0.5,2.65,-1
8710,-1.237991,110.797646,1,0.5,2.65,-1
8711,-1.237991,110.81112,1,0.5,4.93,-1
8712,-1.237991,110.814489,1,0.5,4.93,-1
8713,-1.237991,110.817858,2,0.5,4.93,287
8714,-1.237991,110.821226,1,0.5,3.44,295
8715,-1.237991,110.865019,1,0.5,7.97,141
8716,-1.237991,110.868388,1,0.5,7.97,141
8717,-1.237991,110.871757,1,0.5,7.97,141
8718,-1.237991,110.875125,1,0.5,9.84,108
8719,-1.237991,110.996398,1,0.5,3.23,257
8720,-1.237991,110.999767,1,0.5,3.23,257
8721,-1.237991,111.003135,1,0.5,3.23,257
8722,-1.241359,110.464146,1,0.5,4.81,222
8723,-1.241359,110.467515,1,0.5,4.81,222
8724,-1.241359,110.484358,1,0.5,25.46,33
8725,-1.241359,110.487727,1,0.5,25.46,33
8726,-1.241359,110.491096,2,0.5,14.49,90
8727,-1.241359,110.494464,2,0.5,8.29,294
8728,-1.241359,110.497833,1,0.5,6.91,138
8729,-1.241359,110.501202,1,0.5,6.91,138
8730,-1.241359,110.50457,1,0.5,6.91,138
8731,-1.241359,110.538257,1,0.5,4.79,221
8732,-1.241359,110.541626,1,0.5,4.79,221
8733,-1.241359,110.551732,1,0.5,21.05,54
8734,-1.241359,110.555101,1,0.5,21.05,54
8735,-1.241359,110.558469,2,0.5,21.05,50
8736,-1.241359,110.561838,1,0.5,5.44,-1
8737,-1.241359,110.565207,1,0.5,5.44,-1
8738,-1.241359,110.65953,1,0.5,18.86,61
8739,-1.241359,110.662898,1,0.5,18.86,61
8740,-1.241359,110.666267,1,0.5,18.86,61
8741,-1.241359,110.757222,1,0.5,16.49,48
8742,-1.241359,110.76059,1,0.5,16.49,48
8743,-1.241359,110.763959,1,0.5,16.49,48
8744,-1.241359,110.784171,1,0.5,10.22,103
8745,-1.241359,110.78754,1,0.5,10.22,103
8746,-1.241359,110.790908,1,0.5,10.22,103
8747,-1.241359,110.81112,1,0.5,4.93,-1
8748,-1.241359,110.814489,1,0.5,4.93,-1
8749,-1.241359,110.817858,2,0.5,4.93,287
8750,-1.241359,110.821226,1,0.5,3.44,295
8751,-1.241359,110.996398,1,0.5,3.23,257
8752,-1.241359,110.999767,1,0.5,3.23,257
8753,-1.241359,111.003135,1,0.5,3.23,257
8754,-1.244728,110.437197,1,1.0,20.31,58
8755,-1.244728,110.440565,2,0.75,20.31,50
8756,-1.244728,110.443934,2,0.75,20.31,50
8757,-1.244728,110.484358,1,0.5,14.49,-1
8758,-1.244728,110.487727,1,0.5,14.49,-1
8759,-1.244728,110.491096,2,0.5,14.49,90
8760,-1.244728,110.494464,1,0.5,4.19,155
8761,-1.244728,110.497833,1,0.5,6.91,138
8762,-1.244728,110.501202,1,0.5,6.91,138
8763,-1.244728,110.50457,1,0.5,6.91,138
8764,-1.244728,110.538257,1,0.5,4.79,221
8765,-1.244728,110.541626,1,0.5,4.79,221
8766,-1.244728,110.551732,1,0.5,21.05,54
8767,-1.244728,110.555101,1,0.5,21.05,54
8768,-1.244728,110.558469,1,0.5,21.05,54
8769,-1.244728,110.757222,1,0.5,16.49,48
8770,-1.244728,110.76059,1,0.5,16.49,48
8771,-1.244728,110.763959,1,0.5,16.49,48
8772,-1.244728,110.784171,1,0.5,10.22,103
8773,-1.244728,110.78754,1,0.5,10.22,103
8774,-1.244728,110.790908,1,0.5,10.22,103
8775,-1.244728,110.996398,1,0.5,3.23,257
8776,-1.244728,110.999767,1,0.5,3.23,257
8777,-1.244728,111.003135,1,0.5,3.23,257
8778,-1.248097,110.437197,1,1.0,20.31,58
8779,-1.248097,110.440565,2,0.75,20.31,50
8780,-1.248097,110.443934,2,0.75,20.31,50
8781,-1.248097,110.497833,1,0.5,6.91,138
8782,-1.248097,110.501202,1,0.5,6.91,138
8783,-1.248097,110.50457,1,0.5,6.91,138
8784,-1.248097,110.757222,1,0.5,16.49,48
8785,-1.248097,110.76059,1,0.5,16.49,48
8786,-1.248097,110.763959,1,0.5,16.49,48
8787,-1.248097,110.784171,1,0.5,10.22,103
8788,-1.248097,110.78754,1,0.5,10.22,103
8789,-1.248097,110.790908,1,0.5,10.22,103
8790,-1.248097,111.01661,1,0.5,11.15,116
8791,-1.248097,111.019979,1,0.5,11.15,116
8792,-1.251465,110.437197,1,1.0,20.31,58
8793,-1.251465,110.440565,2,0.75,20.31,50
8794,-1.251465,110.443934,2,0.75,20.31,50
8795,-1.251465,110.484358,1,0.5,9.11,157
8796,-1.251465,110.487727,1,0.5,9.11,157
8797,-1.251465,110.491096,1,0.5,9.11,157
8798,-1.251465,110.494464,1,0.5,3.42,296
8799,-1.251465,110.497833,1,0.5,3.42,296
8800,-1.251465,110.501202,1,0.5,3.42,296
8801,-1.251465,110.50457,1,0.5,3.42,296
8802,-1.251465,110.528151,1,0.5,2.83,246
8803,-1.251465,110.53152,1,0.5,2.83,246
8804,-1.251465,110.76059,1,0.5,2.22,-1
8805,-1.251465,110.763959,2,0.5,7.48,-1
8806,-1.251465,110.767328,1,0.5,7.48,148
8807,-1.251465,110.770696,1,0.5,7.48,148
8808,-1.251465,110.831333,1,0.5,7.97,141
8809,-1.251465,110.834701,1,0.5,7.97,141
8810,-1.251465,110.83807,1,0.5,7.97,141
8811,-1.251465,110.959342,1,0.5,10.32,101
8812,-1.251465,110.962711,1,0.5,10.32,101
8813,-1.251465,110.96608,1,0.5,10.32,101
8814,-1.251465,111.01661,1,0.5,11.15,116
8815,-1.251465,111.019979,1,0.5,11.15,116
8816,-1.254834,110.484358,1,0.5,9.11,157
8817,-1.254834,110.487727,1,0.5,9.11,157
8818,-1.254834,110.491096,1,0.5,9.11,157
8819,-1.254834,110.494464,1,0.5,3.42,296
8820,-1.254834,110.497833,1,0.5,3.42,296
8821,-1.254834,110.501202,1,0.5,3.42,296
8822,-1.254834,110.50457,1,0.5,3.42,296
8823,-1.254834,110.528151,1,0.5,2.83,246
8824,-1.254834,110.53152,1,0.5,2.83,246
8825,-1.254834,110.565207,1,0.5,4.52,271
8826,-1.254834,110.568575,1,0.5,4.52,271
8827,-1.254834,110.571944,1,0.5,4.52,271
8828,-1.254834,110.763959,1,0.5,7.48,148
8829,-1.254834,110.767328,1,0.5,7.48,148
8830,-1.254834,110.770696,2,0.5,7.48,-1
8831,-1.254834,110.774065,1,0.5,3.82,322
8832,-1.254834,110.777434,1,0.5,3.82,322
8833,-1.254834,110.821226,1,0.5,4.37,280
8834,-1.254834,110.824595,2,0.5,4.37,286
8835,-1.254834,110.827964,1,0.5,2.96,259
8836,-1.254834,110.831333,1,0.5,7.97,141
8837,-1.254834,110.834701,1,0.5,7.97,141
8838,-1.254834,110.83807,1,0.5,7.97,141
8839,-1.254834,110.959342,1,0.5,10.32,101
8840,-1.254834,110.962711,1,0.5,10.32,101
8841,-1.254834,110.96608,1,0.5,10.32,101
8842,-1.254834,111.01661,1,0.5,11.15,116
8843,-1.254834,111.019979,1,0.5,11.15,116
8844,-1.254834,111.023347,1,0.5,8.04,143
8845,-1.258203,110.363086,1,0.5,9.66,123
8846,-1.258203,110.366454,1,0.5,9.66,123
8847,-1.258203,110.369823,1,0.5,9.66,123
8848,-1.258203,110.484358,1,0.5,9.11,157
8849,-1.258203,110.487727,1,0.5,9.11,157
8850,-1.258203,110.491096,1,0.5,9.11,157
8851,-1.258203,110.524782,2,0.75,6.32,309
8852,-1.258203,110.528151,2,0.75,6.32,309
8853,-1.258203,110.53152,2,0.75,6.32,309
8854,-1.258203,110.534888,1,0.5,3.31,276
8855,-1.258203,110.538257,1,0.5,3.31,276
8856,-1.258203,110.541626,1,0.5,3.31,276
8857,-1.258203,110.548363,2,0.75,11.67,216
8858,-1.258203,110.551732,2,0.75,11.67,216
8859,-1.258203,110.555101,1,1.0,11.67,99
8860,-1.258203,110.565207,1,0.5,4.52,271
8861,-1.258203,110.568575,1,0.5,4.52,271
8862,-1.258203,110.571944,1,0.5,4.52,271
8863,-1.258203,110.595525,1,0.5,7.83,132
8864,-1.258203,110.598893,1,0.5,7.83,132
8865,-1.258203,110.602262,1,0.5,7.83,132
8866,-1.258203,110.76059,1,0.5,7.4,168
8867,-1.258203,110.763959,2,0.5,7.48,-1
8868,-1.258203,110.767328,2,0.5,7.48,-1
8869,-1.258203,110.770696,2,0.5,7.48,-1
8870,-1.258203,110.774065,1,0.5,3.82,322
8871,-1.258203,110.777434,1,0.5,3.82,322
8872,-1.258203,110.821226,1,0.5,4.37,280
8873,-1.258203,110.824595,2,0.5,4.37,286
8874,-1.258203,110.827964,2,0.5,6.19,309
8875,-1.258203,110.831333,1,0.5,7.97,141
8876,-1.258203,110.834701,1,0.5,7.97,141
8877,-1.258203,110.83807,1,0.5,7.97,141
8878,-1.258203,110.868388,1,0.5,3.76,316
8879,-1.258203,110.871757,1,0.5,3.76,316
8880,-1.258203,110.875125,1,0.5,3.76,316
8881,-1.258203,111.01661,1,0.5,8.04,143
8882,-1.258203,111.019979,1,0.5,8.04,143
8883,-1.258203,111.023347,1,0.5,8.04,143
8884,-1.261572,110.363086,1,0.5,9.66,123
8885,-1.261572,110.366454,1,0.5,9.66,123
8886,-1.261572,110.369823,1,0.5,9.66,123
8887,-1.261572,110.474252,1,0.5,5.39,193
8888,-1.261572,110.477621,1,0.5,5.39,193
8889,-1.261572,110.48099,1,0.5,5.39,193
8890,-1.261572,110.524782,2,0.75,6.32,309
8891,-1.261572,110.528151,3,0.67,6.32,18
8892,-1.261572,110.53152,3,0.67,6.32,18
8893,-1.261572,110.534888,2,0.5,3.98,210
8894,-1.261572,110.538257,1,0.5,3.31,276
8895,-1.261572,110.541626,1,0.5,3.31,276
8896,-1.261572,110.548363,2,0.75,11.67,216
8897,-1.261572,110.551732,2,0.75,11.67,216
8898,-1.261572,110.555101,1,1.0,11.67,99
8899,-1.261572,110.565207,1,0.5,4.52,271
8900,-1.261572,110.568575,1,0.5,4.52,271
8901,-1.261572,110.571944,1,0.5,4.52,271
8902,-1.261572,110.595525,1,0.5,7.83,132
8903,-1.261572,110.598893,1,0.5,7.83,132
8904,-1.261572,110.602262,1,0.5,7.83,132
8905,-1.261572,110.605631,1,0.5,7.83,132
8906,-1.261572,110.612368,1,0.5,2.11,212
8907,-1.261572,110.615737,1,0.5,2.11,212
8908,-1.261572,110.619106,1,0.5,2.11,212
8909,-1.261572,110.76059,2,0.5,12.72,112
8910,-1.261572,110.763959,2,0.5,18.03,-1
8911,-1.261572,110.767328,2,0.5,18.03,-1
8912,-1.261572,110.770696,1,0.5,18.03,47
8913,-1.261572,110.797646,1,0.5,4.82,209
8914,-1.261572,110.801014,1,0.5,4.82,209
8915,-1.261572,110.804383,1,0.5,4.82,209
8916,-1.261572,110.821226,1,0.5,6.19,-1
8917,-1.261572,110.824595,2,0.5,15.97,80
8918,-1.261572,110.827964,3,0.5,15.97,18
8919,-1.261572,110.831333,2,0.5,15.97,80
8920,-1.261572,110.834701,2,0.5,14.86,91
8921,-1.261572,110.83807,1,0.5,14.86,-1
8922,-1.261572,110.868388,1,0.5,3.76,316
8923,-1.261572,110.871757,1,0.5,3.76,316
8924,-1.261572,110.875125,1,0.5,3.76,316
8925,-1.261572,111.009873,1,0.5,4.6,267
8926,-1.261572,111.013241,1,0.5,8.04,143
8927,-1.261572,111.01661,2,0.5,8.04,293
8928,-1.261572,111.019979,1,0.5,8.04,143
8929,-1.261572,111.023347,1,0.5,8.04,143
8930,-1.26494,110.363086,1,0.5,9.66,123
8931,-1.26494,110.366454,1,0.5,9.66,123
8932,-1.26494,110.369823,1,0.5,9.66,123
8933,-1.26494,110.386666,1,0.5,2.18,217
8934,-1.26494,110.390035,1,0.5,2.18,217
8935,-1.26494,110.393404,1,0.5,2.18,217
8936,-1.26494,110.474252,1,0.5,5.39,193
8937,-1.26494,110.477621,1,0.5,5.39,193
8938,-1.26494,110.48099,1,0.5,5.39,193
8939,-1.26494,110.524782,2,0.75,6.32,309
8940,-1.26494,110.528151,3,0.67,6.32,18
8941,-1.26494,110.53152,3,0.67,6.32,18
8942,-1.26494,110.534888,2,0.5,3.98,210
8943,-1.26494,110.538257,1,0.5,3.31,276
8944,-1.26494,110.541626,1,0.5,3.31,276
8945,-1.26494,110.544995,1,0.5,4.55,268
8946,-1.26494,110.548363,3,0.67,11.67,18
8947,-1.26494,110.551732,3,0.67,11.67,18
8948,-1.26494,110.555101,1,1.0,11.67,99
8949,-1.26494,110.568575,1,0.5,3.48,311
8950,-1.26494,110.571944,1,0.5,3.48,311
8951,-1.26494,110.598893,1,0.5,7.83,132
8952,-1.26494,110.602262,1,0.5,7.83,132
8953,-1.26494,110.605631,1,0.5,7.83,132
8954,-1.26494,110.612368,1,0.5,1.64,128
8955,-1.26494,110.615737,1,0.5,1.64,128
8956,-1.26494,110.619106,1,0.5,1.64,128
8957,-1.26494,110.76059,2,0.5,12.72,112
8958,-1.26494,110.763959,2,0.5,18.03,-1
8959,-1.26494,110.767328,2,0.5,18.03,-1
8960,-1.26494,110.770696,2,0.5,18.03,-1
8961,-1.26494,110.774065,1,0.5,8.49,152
8962,-1.26494,110.777434,1,0.5,8.49,152
8963,-1.26494,110.797646,1,0.5,4.82,209
8964,-1.26494,110.801014,1,0.5,4.82,209
8965,-1.26494,110.804383,1,0.5,4.82,209
8966,-1.26494,110.817858,1,0.5,5.07,256
8967,-1.26494,110.821226,1,0.5,5.07,256
8968,-1.26494,110.824595,2,0.5,15.97,80
8969,-1.26494,110.827964,3,0.5,15.97,18
8970,-1.26494,110.831333,3,0.5,15.97,18
8971,-1.26494,110.834701,2,0.5,14.86,91
8972,-1.26494,110.83807,1,0.5,14.86,-1
8973,-1.26494,110.868388,1,0.5,3.76,316
8974,-1.26494,110.871757,1,0.5,3.76,316
8975,-1.26494,110.875125,1,0.5,3.76,316
8976,-1.26494,111.009873,1,0.5,4.6,267
8977,-1.26494,111.013241,1,0.5,8.04,143
8978,-1.26494,111.01661,1,0.5,8.04,143
8979,-1.268309,110.386666,1,0.5,2.18,217
8980,-1.268309,110.390035,1,0.5,2.18,217
8981,-1.268309,110.393404,1,0.5,2.18,217
8982,-1.268309,110.474252,1,0.5,5.39,193
8983,-1.268309,110.477621,1,0.5,5.39,193
8984,-1.268309,110.48099,1,0.5,5.39,193
8985,-1.268309,110.514676,1,0.5,6.33,230
8986,-1.268309,110.518045,2,0.5,6.33,309
8987,-1.268309,110.521414,1,0.5,4.06,300
8988,-1.268309,110.524782,3,0.67,6.32,18
8989,-1.268309,110.528151,3,0.67,6.32,18
8990,-1.268309,110.53152,4,0.62,11.94,2
8991,-1.268309,110.534888,2,0.5,11.94,216
8992,-1.268309,110.538257,1,0.5,11.94,100
8993,-1.268309,110.544995,1,0.5,4.55,268
8994,-1.268309,110.548363,1,0.5,4.55,268
8995,-1.268309,110.551732,1,0.5,4.55,268
8996,-1.268309,110.568575,1,0.5,3.48,311
8997,-1.268309,110.571944,1,0.5,3.48,311
8998,-1.268309,110.612368,1,0.5,1.64,128
8999,-1.268309,110.615737,1,0.5,1.64,128
9000,-1.268309,110.619106,1,0.5,1.64,128
9001,-1.268309,110.76059,1,0.5,12.72,-1
9002,-1.268309,110.763959,1,0.5,18.03,47
9003,-1.268309,110.767328,1,0.5,18.03,47
9004,-1.268309,110.770696,2,0.5,18.03,-1
9005,-1.268309,110.774065,1,0.5,8.49,152
9006,-1.268309,110.777434,1,0.5,8.49,152
9007,-1.268309,110.817858,1,0.5,5.07,256
9008,-1.268309,110.821226,1,0.5,5.07,256
9009,-1.268309,110.824595,2,0.5,15.97,80
9010,-1.268309,110.827964,2,0.5,15.97,80
9011,-1.268309,110.831333,2,0.5,15.97,80
9012,-1.268309,110.834701,1,0.5,14.86,-1
9013,-1.268309,110.83807,1,0.5,14.86,-1
9014,-1.271678,110.386666,1,0.5,2.18,217
9015,-1.271678,110.390035,2,0.5,5.78,302
9016,-1.271678,110.393404,2,0.5,5.78,302
9017,-1.271678,110.396773,1,0.5,5.78,161
9018,-1.271678,110.477621,1,0.5,5.39,193
9019,-1.271678,110.48099,1,0.5,5.39,193
9020,-1.271678,110.514676,1,0.5,6.33,230
9021,-1.271678,110.518045,2,0.5,6.33,309
9022,-1.271678,110.521414,1,0.5,4.06,300
9023,-1.271678,110.524782,2,0.5,6.32,309
9024,-1.271678,110.528151,1,0.5,6.47,241
9025,-1.271678,110.53152,2,0.5,11.94,216
9026,-1.271678,110.534888,1,0.5,11.94,100
9027,-1.271678,110.538257,1,0.5,11.94,100
9028,-1.271678,110.541626,1,0.5,5.98,185
9029,-1.271678,110.544995,2,0.5,5.98,302
9030,-1.271678,110.548363,1,0.5,4.55,268
9031,-1.271678,110.551732,1,0.5,4.55,268
9032,-1.271678,110.568575,1,0.5,3.48,311
9033,-1.271678,110.571944,1,0.5,3.48,311
9034,-1.271678,110.612368,1,0.5,1.64,128
9035,-1.271678,110.615737,1,0.5,1.64,128
9036,-1.271678,110.619106,1,0.5,1.64,128
9037,-1.271678,110.770696,1,0.5,7.16,179
9038,-1.271678,110.774065,1,0.5,8.49,152
9039,-1.271678,110.777434,1,0.5,8.49,152
9040,-1.271678,110.824595,1,0.5,15.97,43
9041,-1.271678,110.827964,2,0.5,15.97,80
9042,-1.271678,110.831333,2,0.5,15.97,80
9043,-1.271678,110.834701,1,0.5,19.67,76
9044,-1.271678,110.83807,1,0.5,19.67,76
9045,-1.275046,110.356348,1,0.5,13.67,77
9046,-1.275046,110.359717,1,0.5,13.67,77
9047,-1.275046,110.383298,1,0.5,9.79,-1
9048,-1.275046,110.386666,1,0.5,27.72,-1
9049,-1.275046,110.390035,2,0.5,27.72,37
9050,-1.275046,110.393404,2,0.5,27.72,37
9051,-1.275046,110.396773,1,0.5,5.78,161
9052,-1.275046,110.514676,1,0.5,6.33,230
9053,-1.275046,110.518045,2,0.5,6.33,309
9054,-1.275046,110.521414,1,0.5,4.06,300
9055,-1.275046,110.524782,1,0.5,4.06,300
9056,-1.275046,110.528151,1,0.5,6.47,241
9057,-1.275046,110.53152,2,0.5,11.94,216
9058,-1.275046,110.534888,1,0.5,11.94,100
9059,-1.275046,110.538257,1,0.5,11.94,100
9060,-1.275046,110.541626,1,0.5,5.98,185
9061,-1.275046,110.544995,1,0.5,5.98,185
9062,-1.275046,110.568575,1,0.5,3.48,311
9063,-1.275046,110.571944,1,0.5,3.48,311
9064,-1.275046,110.592156,1,0.5,4.21,159
9065,-1.275046,110.595525,1,0.5,4.21,159
9066,-1.278415,110.356348,1,0.5,13.67,77
9067,-1.278415,110.359717,1,0.5,13.67,77
9068,-1.278415,110.383298,1,0.5,9.79,-1
9069,-1.278415,110.386666,1,0.5,27.72,-1
9070,-1.278415,110.390035,2,0.5,27.72,37
9071,-1.278415,110.393404,2,0.5,27.72,37
9072,-1.278415,110.396773,1,0.5,5.78,161
9073,-1.278415,110.433828,1,0.5,2.36,229
9074,-1.278415,110.437197,1,0.5,2.36,229
9075,-1.278415,110.440565,1,0.5,2.36,229
9076,-1.278415,110.538257,1,0.5,5.05,223
9077,-1.278415,110.541626,2,0.5,5.98,302
9078,-1.278415,110.544995,2,0.5,5.98,302
9079,-1.278415,110.592156,1,0.5,4.21,159
9080,-1.278415,110.595525,1,0.5,4.21,159
9081,-1.278415,110.656161,1,0.5,3.19,282
9082,-1.278415,110.65953,1,0.5,3.19,282
9083,-1.278415,110.662898,1,0.5,3.19,282
9084,-1.278415,110.885231,1,0.5,2.32,228
9085,-1.278415,110.8886,1,0.5,2.32,228
9086,-1.278415,110.891969,1,0.5,2.32,228
9087,-1.278415,111.137883,1,0.5,8.68,-1
9088,-1.278415,111.141251,2,0.75,25.27,37
9089,-1.278415,111.14462,2,0.75,25.27,37
9090,-1.278415,111.147989,2,0.75,25.27,37
9091,-1.278415,111.151357,1,0.5,7.0,142
9092,-1.281784,110.356348,1,0.5,13.67,77
9093,-1.281784,110.359717,1,0.5,13.67,77
9094,-1.281784,110.383298,1,0.5,9.79,-1
9095,-1.281784,110.386666,1,0.5,27.72,-1
9096,-1.281784,110.390035,1,0.5,27.72,-1
9097,-1.281784,110.393404,1,0.5,27.72,-1
9098,-1.281784,110.433828,1,0.5,2.36,229
9099,-1.281784,110.437197,1,0.5,2.36,229
9100,-1.281784,110.440565,1,0.5,2.36,229
9101,-1.281784,110.538257,1,0.5,5.05,223
9102,-1.281784,110.541626,1,0.5,5.05,223
9103,-1.281784,110.544995,1,0.5,5.05,223
9104,-1.281784,110.602262,1,0.5,3.44,295
9105,-1.281784,110.605631,1,0.5,3.44,295
9106,-1.281784,110.608999,1,0.5,3.44,295
9107,-1.281784,110.656161,1,0.5,3.19,282
9108,-1.281784,110.65953,1,0.5,3.19,282
9109,-1.281784,110.662898,1,0.5,3.19,282
9110,-1.281784,110.885231,2,0.5,13.43,111
9111,-1.281784,110.8886,2,0.5,13.43,111
9112,-1.281784,110.891969,2,0.5,13.43,111
9113,-1.281784,110.912181,1,0.5,7.67,126
9114,-1.281784,110.91555,1,0.5,7.67,126
9115,-1.281784,110.918918,1,0.5,7.67,126
9116,-1.281784,111.141251,1,0.5,8.68,-1
9117,-1.281784,111.14462,2,0.75,25.27,37
9118,-1.281784,111.147989,2,0.75,25.27,37
9119,-1.281784,111.151357,2,0.75,25.27,37
9120,-1.281784,111.154726,1,0.5,7.0,142
9121,-1.285152,110.359717,1,0.5,3.5,312
9122,-1.285152,110.363086,1,0.5,3.5,312
9123,-1.285152,110.366454,1,0.5,3.5,312
9124,-1.285152,110.379929,1,0.5,11.59,99
9125,-1.285152,110.383298,1,0.5,16.67,49
9126,-1.285152,110.386666,1,0.5,16.67,49
9127,-1.285152,110.390035,1,0.5,16.67,49
9128,-1.285152,110.393404,1,0.5,11.59,99
9129,-1.285152,110.433828,1,0.5,2.36,229
9130,-1.285152,110.437197,1,0.5,2.36,229
9131,-1.285152,110.440565,1,0.5,2.36,229
9132,-1.285152,110.585419,1,0.5,11.67,99
9133,-1.285152,110.588787,1,0.5,11.67,99
9134,-1.285152,110.592156,1,0.5,11.67,99
9135,-1.285152,110.602262,1,0.5,3.44,295
9136,-1.285152,110.605631,1,0.5,3.44,295
9137,-1.285152,110.608999,1,0.5,3.44,295
9138,-1.285152,110.656161,1,0.5,3.19,282
9139,-1.285152,110.65953,1,0.5,3.19,282
9140,-1.285152,110.662898,1,0.5,3.19,282
9141,-1.285152,110.763959,1,0.5,3.59,330
9142,-1.285152,110.767328,1,0.5,3.59,330
9143,-1.285152,110.770696,1,0.5,3.59,330
9144,-1.285152,110.878494,1,0.5,8.25,130
9145,-1.285152,110.881863,1,0.5,8.25,130
9146,-1.285152,110.885231,2,0.5,13.43,111
9147,-1.285152,110.8886,2,0.5,13.43,111
9148,-1.285152,110.891969,2,0.5,13.43,111
9149,-1.285152,110.895337,1,0.5,7.88,133
9150,-1.285152,110.898706,1,0.5,7.88,133
9151,-1.285152,110.902075,1,0.5,7.88,133
9152,-1.285152,110.912181,1,0.5,7.67,126
9153,-1.285152,110.91555,1,0.5,7.67,126
9154,-1.285152,110.918918,1,0.5,7.67,126
9155,-1.285152,111.141251,1,0.5,8.68,-1
9156,-1.285152,111.14462,2,0.75,25.27,37
9157,-1.285152,111.147989,2,0.75,25.27,37
9158,-1.285152,111.151357,2,0.75,25.27,37
9159,-1.285152,111.154726,1,0.5,7.0,142
9160,-1.288521,110.359717,1,0.5,3.5,312
9161,-1.288521,110.363086,1,0.5,3.5,312
9162,-1.288521,110.366454,1,0.5,3.5,312
9163,-1.288521,110.379929,1,0.5,11.59,99
9164,-1.288521,110.383298,1,0.5,16.67,49
9165,-1.288521,110.386666,1,0.5,16.67,49
9166,-1.288521,110.390035,1,0.5,16.67,49
9167,-1.288521,110.393404,1,0.5,11.59,99
9168,-1.288521,110.433828,1,0.5,2.36,229
9169,-1.288521,110.437197,1,0.5,2.36,229
9170,-1.288521,110.440565,1,0.5,2.36,229
9171,-1.288521,110.568575,1,0.5,16.1,42
9172,-1.288521,110.571944,2,0.75,16.1,80
9173,-1.288521,110.575313,2,0.75,16.1,80
9174,-1.288521,110.578681,1,1.0,10.81,-1
9175,-1.288521,110.585419,1,0.5,11.67,99
9176,-1.288521,110.588787,1,0.5,11.67,99
9177,-1.288521,110.592156,1,0.5,11.67,99
9178,-1.288521,110.602262,1,0.5,3.44,295
9179,-1.288521,110.605631,1,0.5,3.44,295
9180,-1.288521,110.608999,1,0.5,3.44,295
9181,-1.288521,110.763959,1,0.5,3.59,330
9182,-1.288521,110.767328,1,0.5,3.59,330
9183,-1.288521,110.770696,1,0.5,3.59,330
9184,-1.288521,110.794277,1,0.5,2.47,237
9185,-1.288521,110.797646,1,0.5,2.47,237
9186,-1.288521,110.878494,1,0.5,8.25,130
9187,-1.288521,110.881863,1,0.5,8.25,130
9188,-1.288521,110.885231,1,0.5,13.43,81
9189,-1.288521,110.8886,1,0.5,13.43,81
9190,-1.288521,110.891969,1,0.5,13.43,81
9191,-1.288521,110.895337,1,0.5,7.88,133
9192,-1.288521,110.898706,1,0.5,7.88,133
9193,-1.288521,110.902075,1,0.5,7.88,133
9194,-1.288521,110.908812,1,0.5,13.17,-1
9195,-1.288521,110.912181,1,0.5,7.67,126
9196,-1.288521,110.91555,1,0.5,7.67,126
9197,-1.288521,110.918918,1,0.5,7.67,126
9198,-1.288521,110.922287,1,0.5,7.67,126
9199,-1.288521,111.14462,1,0.5,8.68,-1
9200,-1.288521,111.147989,1,0.5,8.68,-1
9201,-1.29189,110.359717,1,0.5,3.5,312
9202,-1.29189,110.363086,1,0.5,3.5,312
9203,-1.29189,110.366454,1,0.5,3.5,312
9204,-1.29189,110.379929,1,0.5,11.59,99
9205,-1.29189,110.383298,1,0.5,16.67,49
9206,-1.29189,110.386666,1,0.5,16.67,49
9207,-1.29189,110.390035,1,0.5,16.67,49
9208,-1.29189,110.393404,1,0.5,11.59,99
9209,-1.29189,110.534888,1,0.5,6.87,138
9210,-1.29189,110.538257,1,0.5,6.87,138
9211,-1.29189,110.541626,1,0.5,6.87,138
9212,-1.29189,110.544995,2,0.5,22.51,-1
9213,-1.29189,110.548363,2,0.5,23.38,36
9214,-1.29189,110.551732,2,0.5,23.38,36
9215,-1.29189,110.555101,1,0.5,23.38,-1
9216,-1.29189,110.568575,1,0.5,16.1,42
9217,-1.29189,110.571944,2,0.75,16.1,80
9218,-1.29189,110.575313,2,0.75,16.1,80
9219,-1.29189,110.578681,1,1.0,10.81,-1
9220,-1.29189,110.585419,1,0.5,11.67,99
9221,-1.29189,110.588787,1,0.5,11.67,99
9222,-1.29189,110.592156,1,0.5,11.67,99
9223,-1.29189,110.619106,1,0.5,13.09,85
9224,-1.29189,110.622474,1,0.5,13.09,85
9225,-1.29189,110.625843,1,0.5,13.09,85
9226,-1.29189,110.794277,1,0.5,2.47,237
9227,-1.29189,110.797646,1,0.5,2.47,237
9228,-1.29189,110.898706,1,0.5,7.88,133
9229,-1.29189,110.902075,1,0.5,7.88,133
9230,-1.29189,110.905444,1,0.5,7.88,133
9231,-1.29189,110.912181,1,0.5,13.17,-1
9232,-1.29189,110.91555,1,0.5,13.17,-1
9233,-1.29189,110.918918,1,0.5,13.17,-1
9234,-1.295258,110.457409,1,0.5,25.58,33
9235,-1.295258,110.460777,1,0.5,25.58,33
9236,-1.295258,110.464146,1,0.5,21.02,54
9237,-1.295258,110.467515,1,0.5,21.02,54
9238,-1.295258,110.470884,1,0.5,21.02,54
9239,-1.295258,110.53152,1,0.5,3.75,316
9240,-1.295258,110.534888,2,0.5,6.87,-1
9241,-1.295258,110.538257,2,0.5,6.87,-1
9242,-1.295258,110.541626,1,0.5,6.87,138
9243,-1.295258,110.544995,2,0.5,22.51,-1
9244,-1.295258,110.548363,2,0.5,23.38,36
9245,-1.295258,110.551732,2,0.5,23.38,36
9246,-1.295258,110.555101,1,0.5,23.38,-1
9247,-1.295258,110.568575,1,0.5,16.65,49
9248,-1.295258,110.571944,2,0.75,16.65,79
9249,-1.295258,110.575313,2,0.75,16.65,79
9250,-1.295258,110.578681,1,1.0,10.81,88
9251,-1.295258,110.619106,1,0.5,13.09,85
9252,-1.295258,110.622474,1,0.5,13.09,85
9253,-1.295258,110.625843,1,0.5,13.09,85
9254,-1.295258,110.797646,1,0.5,2.47,237
9255,-1.295258,110.801014,1,0.5,2.47,237
9256,-1.298627,110.457409,1,0.5,25.58,33
9257,-1.298627,110.460777,1,0.5,25.58,33
9258,-1.298627,110.464146,1,0.5,21.02,54
9259,-1.298627,110.467515,1,0.5,21.02,54
9260,-1.298627,110.470884,1,0.5,21.02,54
9261,-1.298627,110.53152,1,0.5,3.75,316
9262,-1.298627,110.534888,3,0.5,6.87,18
9263,-1.298627,110.538257,3,0.5,6.87,18
9264,-1.298627,110.541626,2,0.5,6.87,-1
9265,-1.298627,110.544995,1,0.5,2.64,324
9266,-1.298627,110.548363,1,0.5,2.64,324
9267,-1.298627,110.551732,1,0.5,2.64,324
9268,-1.298627,110.622474,1,0.5,13.49,83
9269,-1.298627,110.625843,1,0.5,13.09,85
9270,-1.298627,110.629212,1,0.5,13.09,85
9271,-1.298627,110.63258,1,0.5,13.49,83
9272,-1.301996,110.37656,1,0.5,2.51,237
9273,-1.301996,110.379929,1,0.5,2.51,237
9274,-1.301996,110.383298,1,0.5,2.51,237
9275,-1.301996,110.457409,2,0.5,25.58,37
9276,-1.301996,110.460777,2,0.5,25.58,37
9277,-1.301996,110.464146,1,0.5,21.02,54
9278,-1.301996,110.467515,1,0.5,21.02,54
9279,-1.301996,110.470884,1,0.5,21.02,54
9280,-1.301996,110.514676,1,0.5,24.46,32
9281,-1.301996,110.518045,1,0.5,24.46,32
9282,-1.301996,110.521414,1,0.5,24.46,32
9283,-1.301996,110.534888,1,0.5,3.75,316
9284,-1.301996,110.538257,2,0.5,4.37,286
9285,-1.301996,110.541626,2,0.5,4.37,286
9286,-1.301996,110.544995,1,0.5,4.37,280
9287,-1.301996,110.622474,1,0.5,13.49,83
9288,-1.301996,110.625843,1,0.5,13.09,85
9289,-1.301996,110.629212,1,0.5,13.09,85
9290,-1.301996,110.63258,1,0.5,13.49,83
9291,-1.305364,110.37656,1,0.5,2.51,237
9292,-1.305364,110.379929,1,0.5,2.51,237
9293,-1.305364,110.383298,1,0.5,2.51,237
9294,-1.305364,110.460777,2,0.5,25.58,37
9295,-1.305364,110.464146,2,0.5,25.58,37
9296,-1.305364,110.514676,1,0.5,24.46,32
9297,-1.305364,110.518045,1,0.5,24.46,32
9298,-1.305364,110.521414,1,0.5,24.46,32
9299,-1.305364,110.538257,1,0.5,4.09,289
9300,-1.305364,110.541626,2,0.5,4.19,-1
9301,-1.305364,110.544995,2,0.5,4.19,-1
9302,-1.305364,110.548363,1,0.5,4.19,155
9303,-1.305364,110.622474,1,0.5,13.49,83
9304,-1.305364,110.625843,1,0.5,13.09,85
9305,-1.305364,110.629212,1,0.5,13.09,85
9306,-1.305364,110.63258,1,0.5,13.49,83
9307,-1.308733,110.379929,1,0.5,2.51,237
9308,-1.308733,110.383298,1,0.5,2.51,237
9309,-1.308733,110.386666,1,0.5,2.51,237
9310,-1.308733,110.460777,2,0.5,11.13,216
9311,-1.308733,110.464146,2,0.5,11.13,216
9312,-1.308733,110.467515,1,0.5,3.87,297
9313,-1.308733,110.514676,1,0.5,24.46,32
9314,-1.308733,110.518045,1,0.5,24.46,32
9315,-1.308733,110.521414,1,0.5,24.46,32
9316,-1.308733,110.538257,1,0.5,4.09,289
9317,-1.308733,110.541626,2,0.5,4.19,-1
9318,-1.308733,110.544995,2,0.5,4.19,-1
9319,-1.308733,110.548363,1,0.5,4.19,155
9320,-1.308733,110.555101,1,0.5,3.51,329
9321,-1.308733,110.558469,1,0.5,3.51,329
9322,-1.308733,110.561838,1,0.5,3.51,329
9323,-1.308733,111.077246,1,0.5,2.24,172
9324,-1.308733,111.080615,1,0.5,2.24,172
9325,-1.308733,111.083984,1,0.5,2.24,172
9326,-1.312102,110.460777,1,0.5,3.87,297
9327,-1.312102,110.464146,1,0.5,3.87,297
9328,-1.312102,110.467515,1,0.5,3.87,297
9329,-1.312102,110.477621,1,0.5,20.25,58
9330,-1.312102,110.48099,1,0.5,20.25,58
9331,-1.312102,110.487727,1,0.5,11.86,105
9332,-1.312102,110.491096,1,0.5,11.86,105
9333,-1.312102,110.494464,1,0.5,11.86,105
9334,-1.312102,110.497833,1,0.5,11.86,105
9335,-1.312102,110.538257,1,0.5,4.09,289
9336,-1.312102,110.541626,1,0.5,4.09,289
9337,-1.312102,110.544995,1,0.5,4.09,289
9338,-1.312102,110.555101,1,0.5,3.51,329
9339,-1.312102,110.558469,1,0.5,3.51,329
9340,-1.312102,110.561838,1,0.5,3.51,329
9341,-1.312102,111.077246,1,0.5,2.24,172
9342,-1.312102,111.080615,1,0.5,2.24,172
9343,-1.312102,111.083984,1,0.5,2.24,172
9344,-1.312102,111.134514,2,0.5,3.66,210
9345,-1.312102,111.137883,2,0.5,3.66,210
9346,-1.312102,111.141251,1,0.5,3.66,-1
9347,-1.31547,110.460777,1,0.5,3.87,297
9348,-1.31547,110.464146,1,0.5,3.87,297
9349,-1.31547,110.467515,1,0.5,3.87,297
9350,-1.31547,110.477621,1,0.5,20.25,58
9351,-1.31547,110.48099,2,0.5,20.25,50
9352,-1.31547,110.484358,1,0.5,9.57,-1
9353,-1.31547,110.487727,2,0.5,11.86,216
9354,-1.31547,110.491096,1,0.5,11.86,105
9355,-1.31547,110.494464,1,0.5,11.86,105
9356,-1.31547,110.497833,1,0.5,11.86,105
9357,-1.31547,111.077246,1,0.5,2.24,172
9358,-1.31547,111.080615,1,0.5,2.24,172
9359,-1.31547,111.083984,1,0.5,2.24,172
9360,-1.31547,111.134514,2,0.5,3.66,210
9361,-1.31547,111.137883,2,0.5,3.66,210
9362,-1.31547,111.141251,1,0.5,3.66,-1
9363,-1.318839,110.410247,1,0.5,19.17,71
9364,-1.318839,110.413616,1,0.5,19.17,71
9365,-1.318839,110.416985,1,0.5,114.52,0
9366,-1.318839,110.420353,1,0.5,114.52,0
9367,-1.318839,110.423722,1,0.5,114.52,0
9368,-1.318839,110.460777,1,0.5,7.37,169
9369,-1.318839,110.464146,1,0.5,7.37,169
9370,-1.318839,110.467515,1,0.5,7.37,169
9371,-1.318839,110.477621,2,0.5,20.25,50
9372,-1.318839,110.48099,3,0.5,20.25,18
9373,-1.318839,110.484358,2,0.5,9.57,262
9374,-1.318839,110.487727,2,0.5,11.86,216
9375,-1.318839,110.491096,1,0.5,11.86,105
9376,-1.318839,110.494464,1,0.5,11.86,105
9377,-1.318839,110.497833,1,0.5,11.86,105
9378,-1.318839,111.060403,1,0.5,22.3,45
9379,-1.318839,111.063772,1,0.5,22.3,45
9380,-1.318839,111.06714,1,0.5,22.3,45
9381,-1.318839,111.134514,2,0.5,3.66,210
9382,-1.318839,111.137883,2,0.5,3.66,210
9383,-1.318839,111.141251,1,0.5,3.66,-1
9384,-1.322208,110.410247,1,0.5,19.17,71
9385,-1.322208,110.413616,1,0.5,19.17,71
9386,-1.322208,110.416985,1,0.5,114.52,0
9387,-1.322208,110.420353,1,0.5,114.52,0
9388,-1.322208,110.423722,1,0.5,114.52,0
9389,-1.322208,110.450671,1,0.5,7.19,178
9390,-1.322208,110.45404,1,0.5,7.19,178
9391,-1.322208,110.457409,1,0.5,7.19,178
9392,-1.322208,110.460777,1,0.5,7.37,169
9393,-1.322208,110.464146,1,0.5,7.37,169
9394,-1.322208,110.467515,1,0.5,7.37,169
9395,-1.322208,110.474252,1,0.5,35.71,14
9396,-1.322208,110.477621,2,0.5,35.71,21
9397,-1.322208,110.48099,3,0.5,35.71,-1
9398,-1.322208,110.484358,2,0.5,9.57,262
9399,-1.322208,110.487727,1,0.5,9.57,-1
9400,-1.322208,110.501202,1,0.5,9.53,94
9401,-1.322208,110.50457,1,0.5,9.53,94
9402,-1.322208,110.507939,1,0.5,9.53,94
9403,-1.322208,111.060403,1,0.5,22.3,45
9404,-1.322208,111.063772,1,0.5,22.3,45
9405,-1.322208,111.06714,1,0.5,22.3,45
9406,-1.325576,110.410247,1,0.5,19.17,71
9407,-1.325576,110.413616,1,0.5,19.17,71
9408,-1.325576,110.416985,1,0.5,114.52,0
9409,-1.325576,110.420353,1,0.5,114.52,0
9410,-1.325576,110.423722,1,0.5,114.52,0
9411,-1.325576,110.450671,1,0.5,7.19,178
9412,-1.325576,110.45404,1,0.5,7.19,178
9413,-1.325576,110.457409,1,0.5,7.19,178
9414,-1.325576,110.460777,1,0.5,7.37,169
9415,-1.325576,110.464146,1,0.5,7.37,169
9416,-1.325576,110.467515,1,0.5,7.37,169
9417,-1.325576,110.474252,1,0.5,35.71,14
9418,-1.325576,110.477621,2,0.5,35.71,21
9419,-1.325576,110.48099,2,0.5,35.71,21
9420,-1.325576,110.484358,1,0.5,3.31,276
9421,-1.325576,110.501202,1,0.5,9.53,94
9422,-1.325576,110.50457,1,0.5,9.53,94
9423,-1.325576,110.507939,2,0.5,9.53,-1
9424,-1.325576,110.511308,1,0.5,4.0,-1
9425,-1.325576,110.58205,1,0.5,1.83,189
9426,-1.325576,110.585419,1,0.5,1.83,189
9427,-1.325576,110.588787,1,0.5,1.83,189
9428,-1.325576,110.726903,1,0.5,5.54,180
9429,-1.325576,110.730272,1,0.5,5.54,180
9430,-1.325576,110.733641,1,0.5,5.54,180
9431,-1.325576,111.057034,1,0.5,7.02,142
9432,-1.325576,111.060403,2,0.5,22.3,-1
9433,-1.325576,111.063772,2,0.5,22.3,-1
9434,-1.325576,111.06714,1,0.5,22.3,45
9435,-1.328945,110.474252,1,0.5,35.71,14
9436,-1.328945,110.477621,1,0.5,35.71,14
9437,-1.328945,110.48099,1,0.5,35.71,14
9438,-1.328945,110.494464,1,0.5,28.69,28
9439,-1.328945,110.497833,1,0.5,28.69,28
9440,-1.328945,110.501202,1,0.5,28.69,28
9441,-1.328945,110.507939,1,0.5,4.0,-1
9442,-1.328945,110.511308,1,0.5,4.0,-1
9443,-1.328945,110.565207,1,0.5,2.79,247
9444,-1.328945,110.568575,1,0.5,2.79,247
9445,-1.328945,110.58205,1,0.5,1.83,189
9446,-1.328945,110.585419,1,0.5,1.83,189
9447,-1.328945,110.588787,1,0.5,1.83,189
9448,-1.328945,110.726903,1,0.5,5.54,180
9449,-1.328945,110.730272,1,0.5,5.54,180
9450,-1.328945,110.733641,1,0.5,5.54,180
9451,-1.328945,111.057034,1,0.5,7.02,142
9452,-1.328945,111.060403,1,0.5,7.02,142
9453,-1.328945,111.063772,1,0.5,7.02,142
9454,-1.328945,111.134514,1,0.5,5.02,234
9455,-1.328945,111.137883,1,0.5,5.02,234
9456,-1.328945,111.141251,1,0.5,5.02,234
9457,-1.332314,110.433828,1,0.5,4.77,219
9458,-1.332314,110.437197,1,0.5,4.77,219
9459,-1.332314,110.440565,1,0.5,4.77,219
9460,-1.332314,110.443934,1,0.5,68.05,5
9461,-1.332314,110.447303,1,0.5,68.05,5
9462,-1.332314,110.450671,1,0.5,68.05,5
9463,-1.332314,110.494464,1,0.5,28.69,28
9464,-1.332314,110.497833,1,0.5,28.69,28
9465,-1.332314,110.501202,1,0.5,28.69,28
9466,-1.332314,110.507939,1,0.5,4.0,-1
9467,-1.332314,110.511308,1,0.5,4.0,-1
9468,-1.332314,110.565207,1,0.5,2.79,247
9469,-1.332314,110.568575,1,0.5,2.79,247
9470,-1.332314,110.58205,1,0.5,1.83,189
9471,-1.332314,110.585419,1,0.5,1.83,189
9472,-1.332314,110.588787,1,0.5,1.83,189
9473,-1.332314,110.726903,1,0.5,5.54,180
9474,-1.332314,110.730272,1,0.5,5.54,180
9475,-1.332314,110.733641,1,0.5,5.54,180
9476,-1.332314,111.057034,2,0.5,8.43,-1
9477,-1.332314,111.060403,2,0.5,8.43,-1
9478,-1.332314,111.063772,2,0.5,8.43,-1
9479,-1.332314,111.134514,1,0.5,5.02,234
9480,-1.332314,111.137883,1,0.5,5.02,234
9481,-1.332314,111.141251,1,0.5,5.02,234
9482,-1.335683,110.369823,1,0.5,3.72,318
9483,-1.335683,110.373192,1,0.5,3.72,318
9484,-1.335683,110.37656,1,0.5,3.72,318
9485,-1.335683,110.433828,1,0.5,4.77,219
9486,-1.335683,110.437197,1,0.5,4.77,219
9487,-1.335683,110.440565,1,0.5,4.77,219
9488,-1.335683,110.443934,1,0.5,68.05,5
9489,-1.335683,110.447303,1,0.5,68.05,5
9490,-1.335683,110.450671,1,0.5,68.05,5
9491,-1.335683,110.518045,2,0.5,14.96,91
9492,-1.335683,110.521414,2,0.5,14.96,91
9493,-1.335683,110.524782,2,0.5,14.96,91
9494,-1.335683,110.528151,1,0.5,7.09,-1
9495,-1.335683,110.565207,1,0.5,2.79,247
9496,-1.335683,110.568575,1,0.5,2.79,247
9497,-1.335683,111.057034,1,0.5,8.43,-1
9498,-1.335683,111.060403,1,0.5,8.43,-1
9499,-1.335683,111.063772,1,0.5,8.43,-1
9500,-1.339051,110.369823,1,0.5,3.72,318
9501,-1.339051,110.373192,1,0.5,3.72,318
9502,-1.339051,110.37656,1,0.5,3.72,318
9503,-1.339051,110.413616,1,0.5,17.71,38
9504,-1.339051,110.416985,1,0.5,17.71,38
9505,-1.339051,110.420353,1,0.5,17.71,38
9506,-1.339051,110.423722,1,0.5,17.71,38
9507,-1.339051,110.433828,1,0.5,4.77,219
9508,-1.339051,110.437197,1,0.5,4.77,219
9509,-1.339051,110.440565,1,0.5,4.77,219
9510,-1.339051,110.518045,2,0.5,14.96,91
9511,-1.339051,110.521414,2,0.5,14.96,91
9512,-1.339051,110.524782,2,0.5,14.96,91
9513,-1.339051,110.528151,1,0.5,7.09,-1
9514,-1.34242,110.369823,1,0.5,3.72,318
9515,-1.34242,110.373192,1,0.5,3.72,318
9516,-1.34242,110.37656,1,0.5,3.72,318
9517,-1.34242,110.413616,1,0.5,17.71,38
9518,-1.34242,110.416985,1,0.5,17.71,38
9519,-1.34242,110.420353,1,0.5,17.71,38
9520,-1.34242,110.423722,1,0.5,17.71,38
9521,-1.34242,110.433828,1,0.5,4.77,219
9522,-1.34242,110.437197,1,0.5,4.77,219
9523,-1.34242,110.440565,1,0.5,4.77,219
9524,-1.34242,110.511308,1,0.5,6.36,204
9525,-1.34242,110.514676,1,0.5,6.36,204
9526,-1.34242,110.518045,2,0.5,14.96,91
9527,-1.34242,110.521414,2,0.5,22.06,-1
9528,-1.34242,110.524782,2,0.5,22.06,-1
9529,-1.34242,110.528151,1,0.5,22.06,45
9530,-1.34242,110.53152,1,0.5,17.99,47
9531,-1.34242,110.534888,1,0.5,17.99,47
9532,-1.34242,110.538257,1,0.5,17.99,47
9533,-1.34242,110.575313,1,0.5,4.9,236
9534,-1.34242,110.578681,1,0.5,4.9,236
9535,-1.34242,110.58205,1,0.5,4.9,236
9536,-1.34242,110.585419,1,0.5,4.9,236
9537,-1.34242,110.703323,1,0.5,3.25,257
9538,-1.34242,110.706691,1,0.5,3.25,257
9539,-1.34242,110.720166,1,0.5,45.13,10
9540,-1.34242,110.723535,1,0.5,45.13,10
9541,-1.34242,110.726903,1,0.5,45.13,10
9542,-1.345789,110.413616,1,0.5,17.71,38
9543,-1.345789,110.416985,1,0.5,17.71,38
9544,-1.345789,110.420353,1,0.5,17.71,38
9545,-1.345789,110.423722,1,0.5,17.71,38
9546,-1.345789,110.511308,1,0.5,6.36,204
9547,-1.345789,110.514676,1,0.5,6.36,204
9548,-1.345789,110.518045,1,0.5,6.36,204
9549,-1.345789,110.521414,1,0.5,22.06,45
9550,-1.345789,110.524782,1,0.5,22.06,45
9551,-1.345789,110.528151,1,0.5,22.06,45
9552,-1.345789,110.53152,1,0.5,17.99,47
9553,-1.345789,110.534888,1,0.5,17.99,47
9554,-1.345789,110.538257,1,0.5,17.99,47
9555,-1.345789,110.575313,1,0.5,4.9,236
9556,-1.345789,110.578681,1,0.5,4.9,236
9557,-1.345789,110.58205,1,0.5,4.9,236
9558,-1.345789,110.585419,1,0.5,4.9,236
9559,-1.345789,110.699954,1,0.5,2.57,323
9560,-1.345789,110.703323,1,0.5,2.57,323
9561,-1.345789,110.706691,1,0.5,2.57,323
9562,-1.345789,110.720166,1,0.5,45.13,10
9563,-1.345789,110.723535,1,0.5,45.13,10
9564,-1.345789,110.726903,1,0.5,45.13,10
9565,-1.345789,111.023347,1,0.5,12.27,114
9566,-1.345789,111.026716,1,0.5,12.27,114
9567,-1.345789,111.030085,1,0.5,12.27,114
9568,-1.349157,110.359717,1,0.5,3.46,314
9569,-1.349157,110.363086,2,0.5,3.94,210
9570,-1.349157,110.366454,2,0.5,3.94,210
9571,-1.349157,110.369823,1,0.5,3.94,306
9572,-1.349157,110.406879,1,0.5,5.72,151
9573,-1.349157,110.410247,1,0.5,7.64,-1
9574,-1.349157,110.413616,1,0.5,7.64,-1
9575,-1.349157,110.416985,1,0.5,7.64,-1
9576,-1.349157,110.511308,1,0.5,6.36,204
9577,-1.349157,110.514676,1,0.5,6.36,204
9578,-1.349157,110.518045,1,0.5,6.36,204
9579,-1.349157,110.528151,1,0.5,17.99,47
9580,-1.349157,110.53152,1,0.5,17.99,47
9581,-1.349157,110.534888,1,0.5,17.99,47
9582,-1.349157,110.538257,1,0.5,17.99,47
9583,-1.349157,110.575313,1,0.5,4.9,236
9584,-1.349157,110.578681,1,0.5,4.9,236
9585,-1.349157,110.58205,1,0.5,4.9,236
9586,-1.349157,110.585419,1,0.5,4.9,236
9587,-1.349157,110.699954,1,0.5,2.57,323
9588,-1.349157,110.703323,1,0.5,2.57,323
9589,-1.349157,110.706691,1,0.5,2.57,323
9590,-1.349157,110.720166,1,0.5,45.13,10
9591,-1.349157,110.723535,1,0.5,45.13,10
9592,-1.349157,110.726903,1,0.5,45.13,10
9593,-1.349157,111.023347,1,0.5,12.27,114
9594,-1.349157,111.026716,1,0.5,12.27,114
9595,-1.349157,111.030085,1,0.5,12.27,114
9596,-1.352526,110.265394,1,0.5,5.38,193
9597,-1.352526,110.268763,1,0.5,5.38,193
9598,-1.352526,110.272131,1,0.5,5.38,193
9599,-1.352526,110.359717,1,0.5,4.22,159
9600,-1.352526,110.363086,2,0.5,4.22,-1
9601,-1.352526,110.366454,2,0.5,4.22,-1
9602,-1.352526,110.369823,1,0.5,3.94,306
9603,-1.352526,110.406879,1,0.5,5.72,151
9604,-1.352526,110.410247,1,0.5,5.78,161
9605,-1.352526,110.413616,1,0.5,5.78,161
9606,-1.352526,110.416985,1,0.5,5.78,161
9607,-1.352526,110.437197,1,0.5,2.84,246
9608,-1.352526,110.440565,1,0.5,2.84,246
9609,-1.352526,110.443934,1,0.5,2.84,246
9610,-1.352526,110.578681,1,0.5,5.05,223
9611,-1.352526,110.58205,1,0.5,5.05,223
9612,-1.352526,110.585419,1,0.5,5.05,223
9613,-1.352526,110.602262,1,0.5,5.94,215
9614,-1.352526,110.605631,1,0.5,5.94,215
9615,-1.352526,110.699954,1,0.5,2.57,323
9616,-1.352526,110.703323,1,0.5,2.57,323
9617,-1.352526,110.706691,1,0.5,2.57,323
9618,-1.352526,111.023347,1,0.5,12.27,114
9619,-1.352526,111.026716,1,0.5,12.27,114
9620,-1.352526,111.030085,1,0.5,12.27,114
9621,-1.355895,110.265394,1,0.5,5.38,193
9622,-1.355895,110.268763,1,0.5,5.38,193
9623,-1.355895,110.272131,1,0.5,5.38,193
9624,-1.355895,110.359717,1,0.5,4.22,159
9625,-1.355895,110.363086,2,0.5,4.22,-1
9626,-1.355895,110.366454,2,0.5,4.22,-1
9627,-1.355895,110.369823,1,0.5,3.94,306
9628,-1.355895,110.406879,1,0.5,5.72,151
9629,-1.355895,110.410247,1,0.5,5.78,161
9630,-1.355895,110.413616,1,0.5,5.78,161
9631,-1.355895,110.416985,1,0.5,5.78,161
9632,-1.355895,110.437197,1,0.5,2.84,246
9633,-1.355895,110.440565,1,0.5,2.84,246
9634,-1.355895,110.443934,1,0.5,2.84,246
9635,-1.355895,110.602262,1,0.5,5.94,215
9636,-1.355895,110.605631,1,0.5,5.94,215
9637,-1.359263,110.265394,1,0.5,5.38,193
9638,-1.359263,110.268763,1,0.5,5.38,193
9639,-1.359263,110.272131,1,0.5,5.38,193
9640,-1.359263,110.406879,1,0.5,5.72,151
9641,-1.359263,110.410247,1,0.5,5.78,161
9642,-1.359263,110.413616,1,0.5,5.78,161
9643,-1.359263,110.416985,1,0.5,5.78,161
9644,-1.359263,110.437197,1,0.5,2.84,246
9645,-1.359263,110.440565,1,0.5,2.84,246
9646,-1.359263,110.443934,2,0.5,21.21,50
9647,-1.359263,110.447303,1,0.5,21.21,44
9648,-1.359263,110.450671,1,0.5,21.21,44
9649,-1.359263,110.45404,1,0.5,21.21,44
9650,-1.359263,110.457409,1,0.5,24.11,-1
9651,-1.359263,110.592156,1,0.5,84.56,-1
9652,-1.359263,110.595525,1,0.5,84.56,-1
9653,-1.359263,110.598893,1,0.5,84.56,-1
9654,-1.359263,110.602262,1,0.5,5.94,215
9655,-1.359263,110.605631,1,0.5,5.94,215
9656,-1.359263,110.743747,1,0.5,3.65,-1
9657,-1.359263,110.747115,1,0.5,3.65,-1
9658,-1.359263,110.750484,1,0.5,3.65,-1
9659,-1.362632,110.262025,1,0.5,4.34,272
9660,-1.362632,110.265394,1,0.5,4.34,272
9661,-1.362632,110.443934,1,0.5,21.21,44
9662,-1.362632,110.447303,1,0.5,21.21,44
9663,-1.362632,110.450671,1,0.5,21.21,44
9664,-1.362632,110.45404,1,0.5,21.21,44
9665,-1.362632,110.457409,1,0.5,24.11,-1
9666,-1.362632,110.58205,1,0.5,3.35,273
9667,-1.362632,110.585419,1,0.5,3.35,273
9668,-1.362632,110.588787,1,0.5,30.86,-1
9669,-1.362632,110.592156,1,0.5,84.56,-1
9670,-1.362632,110.595525,1,0.5,84.56,-1
9671,-1.362632,110.598893,1,0.5,84.56,-1
9672,-1.362632,110.68311,1,0.5,3.89,297
9673,-1.362632,110.686479,1,0.5,3.89,297
9674,-1.362632,110.689848,1,0.5,3.89,297
9675,-1.362632,110.743747,1,0.5,3.65,-1
9676,-1.362632,110.747115,1,0.5,3.65,-1
9677,-1.362632,110.750484,1,0.5,3.65,-1
9678,-1.366001,110.258657,1,0.5,4.34,272
9679,-1.366001,110.262025,1,0.5,4.34,272
9680,-1.366001,110.265394,1,0.5,4.34,272
9681,-1.366001,110.443934,1,0.5,21.21,44
9682,-1.366001,110.447303,1,0.5,21.21,44
9683,-1.366001,110.450671,1,0.5,21.21,44
9684,-1.366001,110.45404,1,0.5,21.21,44
9685,-1.366001,110.58205,1,0.5,2.34,228
9686,-1.366001,110.585419,1,0.5,2.34,228
9687,-1.366001,110.588787,1,0.5,30.86,-1
9688,-1.366001,110.592156,1,0.5,84.56,-1
9689,-1.366001,110.595525,1,0.5,84.56,-1
9690,-1.366001,110.598893,1,0.5,84.56,-1
9691,-1.366001,110.676373,1,0.5,10.47,-1
9692,-1.366001,110.679742,1,0.5,10.47,-1
9693,-1.366001,110.68311,2,0.5,10.47,-1
9694,-1.366001,110.686479,1,0.5,3.89,297
9695,-1.366001,110.689848,1,0.5,3.89,297
9696,-1.366001,110.743747,1,0.5,3.65,-1
9697,-1.366001,110.747115,1,0.5,3.65,-1
9698,-1.366001,110.750484,1,0.5,3.65,-1
9699,-1.369369,110.194652,1,0.5,3.03,264
9700,-1.369369,110.19802,1,0.5,3.03,264
9701,-1.369369,110.258657,1,0.5,11.34,110
9702,-1.369369,110.262025,1,0.5,11.34,110
9703,-1.369369,110.265394,1,0.5,11.34,110
9704,-1.369369,110.443934,1,0.5,21.21,-1
9705,-1.369369,110.447303,1,0.5,21.21,-1
9706,-1.369369,110.450671,1,0.5,21.21,-1
9707,-1.369369,110.45404,1,0.5,21.21,44
9708,-1.369369,110.58205,1,0.5,2.34,228
9709,-1.369369,110.585419,1,0.5,2.34,228
9710,-1.369369,110.588787,1,0.5,30.86,-1
9711,-1.369369,110.592156,1,0.5,84.56,-1
9712,-1.369369,110.595525,1,0.5,84.56,-1
9713,-1.369369,110.598893,1,0.5,84.56,-1
9714,-1.369369,110.602262,1,0.5,15.37,59
9715,-1.369369,110.673004,1,0.5,9.47,104
9716,-1.369369,110.676373,1,0.5,9.47,104
9717,-1.369369,110.679742,1,0.5,9.47,104
9718,-1.369369,110.68311,1,0.5,10.47,-1
9719,-1.369369,110.726903,1,0.5,13.1,85
9720,-1.369369,110.730272,1,0.5,13.1,85
9721,-1.369369,110.733641,1,0.5,13.1,85
9722,-1.372738,110.086854,1,0.5,8.18,129
9723,-1.372738,110.090222,1,0.5,8.18,129
9724,-1.372738,110.093591,1,0.5,8.18,129
9725,-1.372738,110.194652,1,0.5,3.03,264
9726,-1.372738,110.19802,1,0.5,3.03,264
9727,-1.372738,110.251919,1,0.5,2.54,323
9728,-1.372738,110.255288,1,0.5,2.54,323
9729,-1.372738,110.258657,1,0.5,11.34,110
9730,-1.372738,110.262025,1,0.5,11.34,110
9731,-1.372738,110.265394,2,0.5,11.34,216
9732,-1.372738,110.268763,1,0.5,7.31,145
9733,-1.372738,110.272131,1,0.5,7.31,145
9734,-1.372738,110.561838,1,0.5,1.5,127
9735,-1.372738,110.565207,1,0.5,1.5,127
9736,-1.372738,110.568575,1,0.5,1.5,127
9737,-1.372738,110.58205,1,0.5,2.34,228
9738,-1.372738,110.585419,1,0.5,2.34,228
9739,-1.372738,110.595525,1,0.5,15.37,59
9740,-1.372738,110.598893,1,0.5,15.37,59
9741,-1.372738,110.602262,1,0.5,15.37,59
9742,-1.372738,110.676373,1,0.5,9.47,104
9743,-1.372738,110.679742,1,0.5,9.47,104
9744,-1.372738,110.68311,1,0.5,9.47,104
9745,-1.372738,110.686479,2,0.5,10.47,-1
9746,-1.372738,110.689848,1,0.5,5.17,158
9747,-1.372738,110.693217,1,0.5,5.17,158
9748,-1.372738,110.726903,1,0.5,15.17,-1
9749,-1.372738,110.730272,1,0.5,15.17,-1
9750,-1.372738,110.733641,1,0.5,15.17,-1
9751,-1.372738,110.737009,1,0.5,15.17,-1
9752,-1.376107,110.086854,1,0.5,8.18,129
9753,-1.376107,110.090222,1,0.5,8.18,129
9754,-1.376107,110.093591,1,0.5,8.18,129
9755,-1.376107,110.194652,1,0.5,3.03,264
9756,-1.376107,110.19802,1,0.5,3.03,264
9757,-1.376107,110.251919,1,0.5,2.54,323
9758,-1.376107,110.255288,1,0.5,2.54,323
9759,-1.376107,110.258657,1,0.5,11.34,110
9760,-1.376107,110.262025,1,0.5,11.34,110
9761,-1.376107,110.265394,2,0.5,11.34,216
9762,-1.376107,110.268763,1,0.5,7.31,145
9763,-1.376107,110.272131,1,0.5,7.31,145
9764,-1.376107,110.565207,1,0.5,1.5,127
9765,-1.376107,110.568575,1,0.5,1.5,127
9766,-1.376107,110.571944,1,0.5,1.5,127
9767,-1.376107,110.598893,1,0.5,15.37,59
9768,-1.376107,110.602262,1,0.5,15.37,59
9769,-1.376107,110.605631,1,0.5,15.37,59
9770,-1.376107,110.676373,1,0.5,9.47,104
9771,-1.376107,110.679742,1,0.5,9.47,104
9772,-1.376107,110.68311,1,0.5,9.47,104
9773,-1.376107,110.686479,1,0.5,5.17,158
9774,-1.376107,110.689848,1,0.5,5.17,158
9775,-1.376107,110.693217,1,0.5,5.17,158
9776,-1.376107,110.726903,1,0.5,15.17,-1
9777,-1.376107,110.730272,1,0.5,15.17,-1
9778,-1.376107,110.733641,1,0.5,15.17,-1
9779,-1.376107,110.737009,1,0.5,15.17,-1
9780,-1.379475,110.086854,1,0.5,8.18,129
9781,-1.379475,110.090222,1,0.5,8.18,129
9782,-1.379475,110.093591,1,0.5,8.18,129
9783,-1.379475,110.265394,1,0.5,7.31,145
9784,-1.379475,110.268763,3,0.5,14.68,18
9785,-1.379475,110.272131,3,0.5,14.68,18
9786,-1.379475,110.2755,3,0.5,14.68,18
9787,-1.379475,110.278869,2,0.5,13.99,-1
9788,-1.379475,110.565207,1,0.5,1.5,127
9789,-1.379475,110.568575,1,0.5,1.5,127
9790,-1.379475,110.571944,1,0.5,1.5,127
9791,-1.379475,110.588787,2,0.5,8.19,294
9792,-1.379475,110.592156,2,0.5,8.19,294
9793,-1.379475,110.595525,2,0.5,8.19,294
9794,-1.379475,110.686479,1,0.5,5.17,158
9795,-1.379475,110.689848,1,0.5,5.17,158
9796,-1.379475,110.693217,1,0.5,5.17,158
9797,-1.379475,110.726903,1,0.5,15.17,-1
9798,-1.379475,110.730272,1,0.5,15.17,-1
9799,-1.379475,110.733641,1,0.5,15.17,-1
9800,-1.379475,110.737009,1,0.5,15.17,-1
9801,-1.382844,110.262025,1,0.5,29.3,23
9802,-1.382844,110.265394,2,0.5,29.3,-1
9803,-1.382844,110.268763,3,0.5,14.68,18
9804,-1.382844,110.272131,2,0.5,14.68,91
9805,-1.382844,110.2755,3,0.5,14.68,18
9806,-1.382844,110.278869,2,0.5,13.99,-1
9807,-1.382844,110.379929,1,0.5,1.81,189
9808,-1.382844,110.383298,2,0.5,3.94,210
9809,-1.382844,110.386666,2,0.5,3.94,210
9810,-1.382844,110.390035,1,0.5,3.94,306
9811,-1.382844,110.578681,1,0.5,4.54,268
9812,-1.382844,110.58205,1,0.5,4.54,268
9813,-1.382844,110.585419,1,0.5,4.54,268
9814,-1.382844,110.588787,2,0.5,8.19,294
9815,-1.382844,110.592156,2,0.5,8.19,294
9816,-1.382844,110.595525,2,0.5,8.19,294
9817,-1.382844,110.726903,1,0.5,15.17,-1
9818,-1.382844,110.730272,1,0.5,15.17,-1
9819,-1.382844,110.733641,1,0.5,15.17,-1
9820,-1.382844,110.737009,1,0.5,15.17,-1
9821,-1.382844,110.747115,1,0.5,3.03,264
9822,-1.382844,110.750484,1,0.5,3.03,264
9823,-1.386213,110.265394,1,0.5,29.3,23
9824,-1.386213,110.268763,2,0.5,29.3,-1
9825,-1.386213,110.272131,2,0.5,14.68,-1
9826,-1.386213,110.2755,1,0.5,14.68,-1
9827,-1.386213,110.278869,2,0.5,14.68,91
9828,-1.386213,110.282237,1,0.5,13.99,46
9829,-1.386213,110.379929,1,0.5,1.81,189
9830,-1.386213,110.383298,2,0.5,3.94,210
9831,-1.386213,110.386666,2,0.5,3.94,210
9832,-1.386213,110.390035,1,0.5,3.94,306
9833,-1.386213,110.578681,1,0.5,4.54,268
9834,-1.386213,110.58205,1,0.5,4.54,268
9835,-1.386213,110.585419,1,0.5,4.54,268
9836,-1.386213,110.588787,2,0.5,8.19,294
9837,-1.386213,110.592156,2,0.5,8.19,294
9838,-1.386213,110.595525,2,0.5,8.19,294
9839,-1.386213,110.649424,1,0.5,1.06,62
9840,-1.386213,110.652792,1,0.5,1.06,62
9841,-1.386213,110.656161,1,0.5,1.06,62
9842,-1.386213,110.65953,1,0.5,0.96,62
9843,-1.386213,110.747115,1,0.5,3.03,264
9844,-1.386213,110.750484,1,0.5,3.03,264
9845,-1.389581,110.177808,1,0.5,6.92,138
9846,-1.389581,110.181177,1,0.5,6.92,138
9847,-1.389581,110.184546,1,0.5,6.92,138
9848,-1.389581,110.265394,1,0.5,29.3,23
9849,-1.389581,110.268763,2,0.5,29.3,-1
9850,-1.389581,110.272131,2,0.5,29.3,-1
9851,-1.389581,110.379929,1,0.5,1.81,189
9852,-1.389581,110.383298,2,0.5,3.94,210
9853,-1.389581,110.386666,2,0.5,3.94,210
9854,-1.389581,110.390035,1,0.5,3.94,306
9855,-1.389581,110.558469,1,0.5,2.41,225
9856,-1.389581,110.561838,1,0.5,2.41,225
9857,-1.389581,110.565207,1,0.5,2.41,225
9858,-1.389581,110.578681,1,0.5,4.54,268
9859,-1.389581,110.58205,1,0.5,4.54,268
9860,-1.389581,110.585419,1,0.5,4.54,268
9861,-1.389581,110.649424,1,0.5,1.06,62
9862,-1.389581,110.652792,1,0.5,1.06,62
9863,-1.389581,110.656161,1,0.5,1.06,62
9864,-1.389581,110.65953,1,0.5,0.96,62
9865,-1.389581,110.747115,1,0.5,3.03,264
9866,-1.389581,110.750484,1,0.5,3.03,264
9867,-1.39295,110.154227,1,0.5,26.24,29
9868,-1.39295,110.157596,1,0.5,26.24,29
9869,-1.39295,110.160965,1,0.5,26.24,29
9870,-1.39295,110.177808,1,0.5,6.92,138
9871,-1.39295,110.181177,1,0.5,6.92,138
9872,-1.39295,110.184546,1,0.5,6.92,138
9873,-1.39295,110.268763,2,0.5,2.76,-1
9874,-1.39295,110.272131,2,0.5,2.76,-1
9875,-1.39295,110.383298,1,0.5,13.67,77
9876,-1.39295,110.386666,1,0.5,13.67,77
9877,-1.39295,110.390035,1,0.5,13.67,77
9878,-1.39295,110.558469,1,0.5,2.41,225
9879,-1.39295,110.561838,1,0.5,2.41,225
9880,-1.39295,110.565207,1,0.5,2.41,225
9881,-1.39295,110.578681,1,0.5,5.14,-1
9882,-1.39295,110.58205,1,0.5,5.14,-1
9883,-1.39295,110.585419,1,0.5,5.14,-1
9884,-1.39295,110.649424,1,0.5,1.06,62
9885,-1.39295,110.652792,1,0.5,1.06,62
9886,-1.39295,110.656161,1,0.5,1.06,62
9887,-1.39295,110.65953,1,0.5,0.96,62
9888,-1.396319,110.083485,1,0.5,3.38,298
9889,-1.396319,110.086854,1,0.5,3.38,298
9890,-1.396319,110.090222,1,0.5,3.38,298
9891,-1.396319,110.154227,1,0.5,26.24,29
9892,-1.396319,110.157596,1,0.5,26.24,29
9893,-1.396319,110.160965,1,0.5,26.24,29
9894,-1.396319,110.177808,1,0.5,6.92,138
9895,-1.396319,110.181177,1,0.5,6.92,138
9896,-1.396319,110.184546,1,0.5,6.92,138
9897,-1.396319,110.383298,1,0.5,13.67,77
9898,-1.396319,110.386666,1,0.5,13.67,77
9899,-1.396319,110.390035,1,0.5,13.67,77
9900,-1.396319,110.558469,1,0.5,2.41,225
9901,-1.396319,110.561838,1,0.5,2.41,225
9902,-1.396319,110.565207,1,0.5,2.41,225
9903,-1.396319,110.716797,1,0.5,3.41,296
9904,-1.396319,110.720166,1,0.5,3.41,296
9905,-1.396319,110.723535,1,0.5,3.41,296
9906,-1.396319,110.750484,1,0.5,8.06,136
9907,-1.396319,110.753853,1,0.5,8.06,136
9908,-1.396319,110.757222,1,0.5,8.06,136
9909,-1.399688,110.083485,1,0.5,3.38,298
9910,-1.399688,110.086854,1,0.5,3.38,298
9911,-1.399688,110.090222,1,0.5,3.38,298
9912,-1.399688,110.154227,1,0.5,26.24,29
9913,-1.399688,110.157596,1,0.5,26.24,29
9914,-1.399688,110.160965,1,0.5,26.24,29
9915,-1.399688,110.383298,1,0.5,13.67,77
9916,-1.399688,110.386666,1,0.5,13.67,77
9917,-1.399688,110.390035,1,0.5,13.67,77
9918,-1.399688,110.406879,1,0.5,3.67,-1
9919,-1.399688,110.410247,1,0.5,3.67,-1
9920,-1.399688,110.413616,1,0.5,3.67,-1
9921,-1.399688,110.716797,1,0.5,3.41,296
9922,-1.399688,110.720166,1,0.5,3.41,296
9923,-1.399688,110.723535,1,0.5,3.41,296
9924,-1.399688,110.750484,1,0.5,8.06,136
9925,-1.399688,110.753853,1,0.5,8.06,136
9926,-1.399688,110.757222,1,0.5,8.06,136
9927,-1.403056,110.083485,1,0.5,3.38,298
9928,-1.403056,110.086854,1,0.5,3.38,298
9929,-1.403056,110.090222,1,0.5,3.38,298
9930,-1.403056,110.154227,1,0.5,26.24,29
9931,-1.403056,110.157596,1,0.5,26.24,29
9932,-1.403056,110.160965,1,0.5,26.24,29
9933,-1.403056,110.406879,1,0.5,3.67,-1
9934,-1.403056,110.410247,1,0.5,3.67,-1
9935,-1.403056,110.413616,1,0.5,3.67,-1
9936,-1.403056,110.447303,1,0.5,6.42,203
9937,-1.403056,110.450671,1,0.5,6.42,203
9938,-1.403056,110.45404,1,0.5,6.42,203
9939,-1.403056,110.716797,1,0.5,3.41,296
9940,-1.403056,110.720166,1,0.5,3.41,296
9941,-1.403056,110.723535,1,0.5,3.41,296
9942,-1.403056,110.750484,1,0.5,8.06,136
9943,-1.403056,110.753853,1,0.5,8.06,136
9944,-1.403056,110.757222,1,0.5,8.06,136
9945,-1.406425,110.406879,1,0.5,3.67,-1
9946,-1.406425,110.410247,1,0.5,3.67,-1
9947,-1.406425,110.413616,1,0.5,3.67,-1
9948,-1.406425,110.447303,1,0.5,6.42,203
9949,-1.406425,110.450671,1,0.5,6.42,203
9950,-1.406425,110.45404,1,0.5,6.42,203
9951,-1.409794,110.113803,1,0.5,6.7,-1
9952,-1.409794,110.117172,2,0.5,6.7,333
9953,-1.409794,110.120541,2,0.5,6.7,333
9954,-1.409794,110.123909,2,0.5,6.59,333
9955,-1.409794,110.447303,1,0.5,6.42,203
9956,-1.409794,110.450671,1,0.5,6.42,203
9957,-1.409794,110.45404,1,0.5,6.42,203
9958,-1.409794,110.578681,1,0.5,3.73,318
9959,-1.409794,110.58205,1,0.5,3.73,318
9960,-1.409794,110.585419,1,0.5,3.73,318
9961,-1.413162,110.113803,1,0.5,6.7,-1
9962,-1.413162,110.117172,2,0.5,6.7,333
9963,-1.413162,110.120541,2,0.5,6.7,333
9964,-1.413162,110.123909,2,0.5,6.59,333
9965,-1.413162,110.578681,1,0.5,3.73,318
9966,-1.413162,110.58205,1,0.5,3.73,318
9967,-1.413162,110.585419,1,0.5,3.73,318
9968,-1.413162,110.713429,1,1.0,10.53,87
9969,-1.413162,110.716797,1,1.0,10.53,87
9970,-1.416531,110.113803,1,0.5,9.13,157
9971,-1.416531,110.117172,2,0.5,9.13,284
9972,-1.416531,110.120541,2,0.5,9.13,284
9973,-1.416531,110.123909,2,0.5,9.13,284
9974,-1.416531,110.204758,1,0.5,5.84,162
9975,-1.416531,110.208126,1,0.5,5.84,162
9976,-1.416531,110.211495,1,0.5,5.84,162
9977,-1.416531,110.420353,1,0.5,2.7,308
9978,-1.416531,110.423722,1,0.5,2.7,308
9979,-1.416531,110.45404,1,0.5,4.74,220
9980,-1.416531,110.457409,1,0.5,4.74,220
9981,-1.416531,110.578681,1,0.5,3.73,318
9982,-1.416531,110.58205,1,0.5,3.73,318
9983,-1.416531,110.585419,1,0.5,3.73,318
9984,-1.416531,110.666267,1,0.5,2.84,246
9985,-1.416531,110.669636,1,0.5,2.84,246
9986,-1.416531,110.713429,1,1.0,10.53,87
9987,-1.416531,110.716797,1,1.0,10.53,87
9988,-1.4199,110.110435,1,0.5,3.0,258
9989,-1.4199,110.113803,2,0.5,9.13,284
9990,-1.4199,110.117172,3,0.5,9.13,18
9991,-1.4199,110.120541,3,0.5,9.13,18
9992,-1.4199,110.123909,2,0.5,9.13,284
9993,-1.4199,110.204758,1,0.5,5.84,162
9994,-1.4199,110.208126,1,0.5,5.84,162
9995,-1.4199,110.211495,1,0.5,5.84,162
9996,-1.4199,110.420353,1,0.5,2.7,308
9997,-1.4199,110.423722,1,0.5,2.7,308
9998,-1.4199,110.45404,1,0.5,4.74,220
9999,-1.4199,110.457409,1,0.5,4.74,220
10000,-1.4199,110.477621,1,0.5,8.06,136
10001,-1.4199,110.48099,1,1.0,13.92,-1
10002,-1.4199,110.484358,1,1.0,13.92,-1
10003,-1.4199,110.487727,1,1.0,13.92,-1
10004,-1.4199,110.666267,1,0.5,2.84,246
10005,-1.4199,110.669636,1,0.5,2.84,246
10006,-1.4199,110.673004,1,0.5,2.85,251
10007,-1.4199,110.713429,1,1.0,10.53,87
10008,-1.4199,110.716797,1,1.0,10.53,87
10009,-1.423268,110.110435,1,0.5,3.0,258
10010,-1.423268,110.113803,2,0.5,9.13,284
10011,-1.423268,110.117172,2,0.5,9.13,284
10012,-1.423268,110.120541,2,0.5,9.13,284
10013,-1.423268,110.123909,1,0.5,9.13,157
10014,-1.423268,110.204758,1,0.5,5.84,162
10015,-1.423268,110.208126,1,0.5,5.84,162
10016,-1.423268,110.211495,1,0.5,5.84,162
10017,-1.423268,110.356348,1,0.5,1.5,127
10018,-1.423268,110.359717,1,0.5,1.5,127
10019,-1.423268,110.420353,1,0.5,2.7,308
10020,-1.423268,110.423722,1,0.5,2.7,308
10021,-1.423268,110.437197,1,0.5,6.44,-1
10022,-1.423268,110.440565,1,0.5,6.44,-1
10023,-1.423268,110.443934,1,0.5,6.44,-1
10024,-1.423268,110.45404,1,0.5,4.74,220
10025,-1.423268,110.457409,1,0.5,4.74,220
10026,-1.423268,110.477621,1,0.5,8.06,136
10027,-1.423268,110.48099,1,1.0,13.92,-1
10028,-1.423268,110.484358,1,1.0,13.92,-1
10029,-1.423268,110.487727,1,1.0,13.92,-1
10030,-1.423268,110.666267,1,0.5,2.84,246
10031,-1.423268,110.669636,1,0.5,2.84,246
10032,-1.423268,110.673004,1,0.5,2.85,251
10033,-1.426637,110.110435,1,0.5,3.0,258
10034,-1.426637,110.113803,2,0.5,9.13,284
10035,-1.426637,110.117172,2,0.5,9.13,284
10036,-1.426637,110.120541,2,0.5,9.13,284
10037,-1.426637,110.123909,1,0.5,9.13,157
10038,-1.426637,110.356348,1,0.5,1.5,127
10039,-1.426637,110.359717,1,0.5,1.5,127
10040,-1.426637,110.437197,1,0.5,6.44,-1
10041,-1.426637,110.440565,1,0.5,6.44,-1
10042,-1.426637,110.443934,1,0.5,6.44,-1
10043,-1.426637,110.460777,1,0.5,5.59,224
10044,-1.426637,110.464146,1,0.5,5.59,224
10045,-1.426637,110.467515,1,0.5,5.59,224
10046,-1.426637,110.477621,1,0.5,8.06,136
10047,-1.426637,110.48099,1,1.0,13.92,-1
10048,-1.426637,110.484358,1,1.0,13.92,-1
10049,-1.426637,110.487727,1,1.0,13.92,-1
10050,-1.426637,110.666267,1,0.5,2.85,251
10051,-1.426637,110.669636,1,0.5,2.85,251
10052,-1.426637,110.673004,1,0.5,2.85,251
10053,-1.426637,111.121039,1,0.5,3.17,261
10054,-1.426637,111.124408,1,0.5,3.17,261
10055,-1.430006,110.356348,1,0.5,1.5,127
10056,-1.430006,110.359717,1,0.5,1.5,127
10057,-1.430006,110.379929,1,0.5,4.94,242
10058,-1.430006,110.383298,1,0.5,4.94,242
10059,-1.430006,110.386666,1,0.5,4.94,242
10060,-1.430006,110.437197,1,0.5,6.44,-1
10061,-1.430006,110.440565,1,0.5,6.44,-1
10062,-1.430006,110.443934,1,0.5,6.44,-1
10063,-1.430006,110.460777,1,0.5,5.59,224
10064,-1.430006,110.464146,1,0.5,5.59,224
10065,-1.430006,110.467515,1,0.5,5.59,224
10066,-1.430006,110.585419,1,0.5,2.55,323
10067,-1.430006,110.588787,1,0.5,2.55,323
10068,-1.430006,111.124408,1,0.5,3.17,261
10069,-1.430006,111.127777,1,0.5,3.17,261
10070,-1.433374,110.295712,1,0.5,4.55,268
10071,-1.433374,110.299081,1,0.5,4.55,268
10072,-1.433374,110.302449,1,0.5,4.55,268
10073,-1.433374,110.379929,1,0.5,4.94,242
10074,-1.433374,110.383298,1,0.5,4.94,242
10075,-1.433374,110.386666,1,0.5,4.94,242
10076,-1.433374,110.460777,1,0.5,5.59,224
10077,-1.433374,110.464146,1,0.5,5.59,224
10078,-1.433374,110.467515,1,0.5,5.59,224
10079,-1.433374,110.585419,1,0.5,2.55,323
10080,-1.433374,110.588787,1,0.5,2.55,323
10081,-1.433374,111.124408,1,0.5,3.17,261
10082,-1.433374,111.127777,1,0.5,3.17,261
10083,-1.436743,110.295712,1,0.5,4.55,268
10084,-1.436743,110.299081,1,0.5,4.55,268
10085,-1.436743,110.302449,1,0.5,4.55,268
10086,-1.436743,110.379929,1,0.5,4.94,242
10087,-1.436743,110.383298,1,0.5,4.94,242
10088,-1.436743,110.386666,1,0.5,4.94,242
10089,-1.436743,110.656161,1,0.5,4.5,274
10090,-1.436743,110.65953,1,0.5,4.5,274
10091,-1.436743,110.662898,1,0.5,4.5,274
10092,-1.440112,110.295712,1,0.5,4.55,268
10093,-1.440112,110.299081,1,0.5,4.55,268
10094,-1.440112,110.302449,1,0.5,4.55,268
10095,-1.440112,110.639318,1,0.5,4.33,272
10096,-1.440112,110.642686,1,0.5,4.33,272
10097,-1.440112,110.646055,1,0.5,4.33,272
10098,-1.440112,110.656161,1,0.5,4.5,274
10099,-1.440112,110.65953,1,0.5,4.5,274
10100,-1.440112,110.662898,1,0.5,4.5,274
10101,-1.44348,110.642686,1,0.5,4.33,272
10102,-1.44348,110.646055,1,0.5,4.33,272
10103,-1.44348,110.649424,1,0.5,4.33,272
10104,-1.44348,110.65953,1,0.5,4.5,274
10105,-1.44348,110.662898,1,0.5,4.5,274
10106,-1.44348,110.666267,1,0.5,4.5,274
10107,-1.446849,110.309187,1,0.5,5.64,226
10108,-1.446849,110.312555,1,0.5,5.64,226
10109,-1.446849,110.315924,1,0.5,8.3,131
10110,-1.446849,110.319293,1,0.5,8.3,131
10111,-1.446849,110.524782,1,0.5,6.58,164
10112,-1.446849,110.528151,1,0.5,6.58,164
10113,-1.446849,110.53152,1,0.5,6.58,164
10114,-1.446849,110.534888,1,0.5,6.58,164
10115,-1.446849,110.558469,1,0.5,4.52,271
10116,-1.446849,110.561838,1,0.5,4.52,271
10117,-1.446849,110.642686,1,0.5,4.33,272
10118,-1.446849,110.646055,1,0.5,4.33,272
10119,-1.446849,110.649424,1,0.5,4.33,272
10120,-1.446849,110.65953,1,0.5,4.5,274
10121,-1.446849,110.662898,1,0.5,4.5,274
10122,-1.446849,110.666267,1,0.5,4.5,274
10123,-1.450218,110.309187,1,0.5,5.64,226
10124,-1.450218,110.312555,1,0.5,5.64,226
10125,-1.450218,110.315924,1,0.5,8.3,131
10126,-1.450218,110.319293,1,0.5,8.3,131
10127,-1.450218,110.528151,1,0.5,6.58,164
10128,-1.450218,110.53152,1,0.5,6.58,164
10129,-1.450218,110.534888,1,0.5,6.58,164
10130,-1.450218,110.558469,1,0.5,4.52,271
10131,-1.450218,110.561838,1,0.5,4.52,271
10132,-1.450218,110.565207,1,0.5,4.75,220
10133,-1.450218,110.568575,1,0.5,4.75,220
10134,-1.450218,110.571944,1,0.5,6.89,138
10135,-1.450218,110.575313,1,0.5,6.89,138
10136,-1.450218,110.578681,1,0.5,6.89,138
10137,-1.453586,110.272131,1,0.5,4.64,-1
10138,-1.453586,110.2755,1,0.5,4.64,266
10139,-1.453586,110.278869,1,0.5,4.64,266
10140,-1.453586,110.312555,1,0.5,5.64,226
10141,-1.453586,110.315924,1,0.5,5.64,226
10142,-1.453586,110.319293,2,0.5,8.3,294
10143,-1.453586,110.322661,2,0.5,8.3,294
10144,-1.453586,110.32603,1,0.5,3.47,313
10145,-1.453586,110.440565,1,0.5,6.22,-1
10146,-1.453586,110.443934,1,0.5,6.22,-1
10147,-1.453586,110.447303,1,0.5,6.22,-1
10148,-1.453586,110.528151,1,0.5,6.58,164
10149,-1.453586,110.53152,1,0.5,6.58,164
10150,-1.453586,110.534888,1,0.5,6.58,164
10151,-1.453586,110.558469,1,0.5,4.52,271
10152,-1.453586,110.561838,1,0.5,4.52,271
10153,-1.453586,110.565207,1,0.5,4.75,220
10154,-1.453586,110.568575,1,0.5,4.75,220
10155,-1.453586,110.571944,1,0.5,6.89,138
10156,-1.453586,110.575313,1,0.5,6.89,138
10157,-1.453586,110.578681,1,0.5,6.89,138
10158,-1.456955,110.2755,1,0.5,4.64,266
10159,-1.456955,110.278869,1,0.5,4.64,-1
10160,-1.456955,110.282237,1,0.5,4.64,-1
10161,-1.456955,110.319293,1,0.5,3.47,313
10162,-1.456955,110.322661,1,0.5,3.47,313
10163,-1.456955,110.32603,1,0.5,3.47,313
10164,-1.456955,110.332768,1,0.5,8.16,129
10165,-1.456955,110.336136,1,0.5,8.16,129
10166,-1.456955,110.440565,1,0.5,6.22,-1
10167,-1.456955,110.443934,1,0.5,6.22,-1
10168,-1.456955,110.447303,1,0.5,6.22,-1
10169,-1.456955,110.565207,1,0.5,4.75,220
10170,-1.456955,110.568575,1,0.5,4.75,220
10171,-1.456955,110.571944,1,0.5,6.89,138
10172,-1.456955,110.575313,1,0.5,6.89,138
10173,-1.456955,110.578681,1,0.5,6.89,138
10174,-1.460324,110.2755,1,0.5,4.64,266
10175,-1.460324,110.278869,1,0.5,4.64,266
10176,-1.460324,110.282237,1,0.5,4.64,266
10177,-1.460324,110.319293,1,0.5,3.47,313
10178,-1.460324,110.322661,1,0.5,3.47,313
10179,-1.460324,110.32603,1,0.5,3.47,313
10180,-1.460324,110.332768,1,0.5,8.16,129
10181,-1.460324,110.336136,1,0.5,8.16,129
10182,-1.460324,110.440565,1,0.5,6.22,-1
10183,-1.460324,110.443934,1,0.5,6.22,-1
10184,-1.460324,110.447303,1,0.5,6.22,-1
10185,-1.467061,110.561838,1,0.5,2.15,218
10186,-1.467061,110.565207,1,0.5,2.15,218
10187,-1.47043,110.117172,1,0.5,4.06,300
10188,-1.47043,110.120541,1,0.5,4.06,300
10189,-1.47043,110.123909,1,0.5,4.06,300
10190,-1.47043,110.561838,1,0.5,2.57,323
10191,-1.47043,110.565207,1,0.5,2.57,323
10192,-1.47043,110.568575,1,0.5,2.57,323
10193,-1.473799,110.117172,2,0.5,16.52,79
10194,-1.473799,110.120541,2,0.5,16.52,79
10195,-1.473799,110.123909,2,0.5,16.52,79
10196,-1.473799,110.127278,1,0.5,15.97,43
10197,-1.473799,110.393404,1,0.5,4.54,268
10198,-1.473799,110.396773,1,0.5,4.54,268
10199,-1.473799,110.400141,1,0.5,4.54,268
10200,-1.473799,110.561838,1,0.5,2.57,323
10201,-1.473799,110.565207,1,0.5,2.57,323
10202,-1.473799,110.568575,1,0.5,2.57,323
10203,-1.473799,110.575313,1,1.0,9.47,104
10204,-1.473799,110.578681,1,1.0,9.47,104
10205,-1.473799,110.58205,1,1.0,9.08,156
10206,-1.477167,110.107066,1,0.5,10.66,88
10207,-1.477167,110.110435,1,0.5,10.66,88
10208,-1.477167,110.113803,1,0.5,10.66,88
10209,-1.477167,110.117172,6,0.5,16.52,-1
10210,-1.477167,110.120541,6,0.58,16.52,-1
10211,-1.477167,110.123909,6,0.58,16.52,-1
10212,-1.477167,110.127278,4,0.62,12.24,2
10213,-1.477167,110.140753,1,0.5,87.71,-1
10214,-1.477167,110.144121,1,0.5,87.71,-1
10215,-1.477167,110.14749,1,0.5,40.4,12
10216,-1.477167,110.150859,1,0.5,40.4,12
10217,-1.477167,110.393404,1,0.5,4.54,268
10218,-1.477167,110.396773,1,0.5,4.54,268
10219,-1.477167,110.400141,1,0.5,4.54,268
10220,-1.477167,110.561838,1,0.5,2.57,323
10221,-1.477167,110.565207,1,0.5,2.57,323
10222,-1.477167,110.568575,1,0.5,2.57,323
10223,-1.477167,110.575313,1,1.0,9.47,104
10224,-1.477167,110.578681,1,1.0,9.47,104
10225,-1.477167,110.58205,1,1.0,9.08,156
10226,-1.477167,110.642686,1,0.5,3.0,258
10227,-1.477167,110.646055,1,0.5,3.0,258
10228,-1.477167,110.649424,1,0.5,3.0,258
10229,-1.480536,110.107066,1,0.5,10.66,88
10230,-1.480536,110.110435,1,0.5,33.46,19
10231,-1.480536,110.113803,1,0.5,33.46,19
10232,-1.480536,110.117172,6,0.5,33.46,-1
10233,-1.480536,110.120541,6,0.58,16.52,-1
10234,-1.480536,110.123909,6,0.58,16.52,-1
10235,-1.480536,110.127278,4,0.62,12.24,2
10236,-1.480536,110.130647,2,0.5,10.8,216
10237,-1.480536,110.134015,1,0.5,15.97,43
10238,-1.480536,110.137384,1,0.5,87.71,-1
10239,-1.480536,110.140753,2,0.5,87.71,-1
10240,-1.480536,110.144121,1,0.5,87.71,-1
10241,-1.480536,110.14749,1,0.5,40.4,12
10242,-1.480536,110.150859,1,0.5,40.4,12
10243,-1.480536,110.393404,1,0.5,4.54,268
10244,-1.480536,110.396773,1,0.5,4.54,268
10245,-1.480536,110.400141,1,0.5,4.54,268
10246,-1.480536,110.575313,1,1.0,9.47,104
10247,-1.480536,110.578681,1,1.0,9.47,104
10248,-1.480536,110.58205,1,1.0,9.08,156
10249,-1.480536,110.642686,1,0.5,3.0,258
10250,-1.480536,110.646055,1,0.5,3.0,258
10251,-1.480536,110.649424,1,0.5,3.0,258
10252,-1.483905,110.107066,1,0.5,10.66,88
10253,-1.483905,110.110435,1,0.5,33.46,19
10254,-1.483905,110.113803,2,0.5,33.46,-1
10255,-1.483905,110.117172,4,0.5,33.46,-1
10256,-1.483905,110.120541,4,0.5,12.24,2
10257,-1.483905,110.123909,4,0.5,12.24,2
10258,-1.483905,110.127278,4,0.5,12.24,2
10259,-1.483905,110.130647,3,0.67,11.55,18
10260,-1.483905,110.134015,1,1.0,23.6,35
10261,-1.483905,110.137384,1,1.0,87.71,-1
10262,-1.483905,110.140753,2,0.5,87.71,-1
10263,-1.483905,110.144121,1,0.5,87.71,-1
10264,-1.483905,110.14749,1,0.5,40.4,12
10265,-1.483905,110.150859,1,0.5,40.4,12
10266,-1.483905,110.154227,1,0.5,40.4,12
10267,-1.483905,110.157596,1,0.5,9.18,197
10268,-1.483905,110.575313,1,1.0,9.47,104
10269,-1.483905,110.578681,1,1.0,9.47,104
10270,-1.483905,110.58205,2,0.75,9.08,284
10271,-1.483905,110.585419,1,0.5,2.67,-1
10272,-1.483905,110.588787,1,0.5,2.67,-1
10273,-1.483905,110.642686,1,0.5,3.0,258
10274,-1.483905,110.646055,1,0.5,3.0,258
10275,-1.483905,110.649424,1,0.5,3.0,258
10276,-1.487273,110.090222,1,0.5,9.2,191
10277,-1.487273,110.093591,1,0.5,9.2,191
10278,-1.487273,110.09696,1,0.5,9.2,191
10279,-1.487273,110.113803,1,0.5,1.22,73
10280,-1.487273,110.117172,3,0.5,5.68,18
10281,-1.487273,110.120541,4,0.5,12.24,2
10282,-1.487273,110.123909,4,0.5,12.24,2
10283,-1.487273,110.127278,4,0.5,12.24,2
10284,-1.487273,110.130647,4,0.62,23.6,-1
10285,-1.487273,110.134015,3,0.67,23.6,17
10286,-1.487273,110.137384,2,0.75,87.71,-1
10287,-1.487273,110.140753,2,0.5,87.71,-1
10288,-1.487273,110.144121,2,0.5,87.71,-1
10289,-1.487273,110.14749,1,0.5,40.4,12
10290,-1.487273,110.150859,1,0.5,40.4,12
10291,-1.487273,110.154227,1,0.5,40.4,12
10292,-1.487273,110.157596,1,0.5,39.3,16
10293,-1.487273,110.329399,1,0.5,11.61,99
10294,-1.487273,110.332768,1,0.5,11.61,99
10295,-1.487273,110.336136,1,0.5,11.61,99
10296,-1.487273,110.339505,1,0.5,11.61,99
10297,-1.487273,110.342874,1,0.5,11.61,99
10298,-1.487273,110.443934,1,0.5,4.78,221
10299,-1.487273,110.447303,1,0.5,4.78,221
10300,-1.487273,110.58205,1,0.5,2.67,-1
10301,-1.487273,110.585419,1,0.5,2.67,-1
10302,-1.487273,110.588787,1,0.5,2.67,-1
10303,-1.487273,110.662898,1,0.5,6.53,194
10304,-1.487273,110.666267,1,0.5,6.53,194
10305,-1.490642,110.090222,1,0.5,9.2,191
10306,-1.490642,110.093591,1,0.5,9.2,191
10307,-1.490642,110.09696,1,0.5,9.2,191
10308,-1.490642,110.117172,2,0.5,5.68,-1
10309,-1.490642,110.120541,4,0.5,9.16,2
10310,-1.490642,110.123909,5,0.5,9.16,1
10311,-1.490642,110.127278,4,0.5,11.55,2
10312,-1.490642,110.130647,4,0.62,23.6,-1
10313,-1.490642,110.134015,4,0.62,23.6,-1
10314,-1.490642,110.137384,4,0.62,184.01,-1
10315,-1.490642,110.140753,2,0.5,184.01,-1
10316,-1.490642,110.144121,2,0.5,184.01,-1
10317,-1.490642,110.14749,2,0.5,40.4,-1
10318,-1.490642,110.150859,1,0.5,40.4,12
10319,-1.490642,110.154227,1,0.5,40.4,12
10320,-1.490642,110.157596,1,0.5,39.3,16
10321,-1.490642,110.329399,1,0.5,11.61,99
10322,-1.490642,110.332768,1,0.5,11.61,99
10323,-1.490642,110.336136,1,0.5,11.61,99
10324,-1.490642,110.339505,1,0.5,11.61,99
10325,-1.490642,110.342874,1,0.5,11.61,99
10326,-1.490642,110.443934,1,0.5,4.78,221
10327,-1.490642,110.447303,1,0.5,4.78,221
10328,-1.490642,110.58205,2,0.75,8.81,285
10329,-1.490642,110.585419,2,0.75,8.81,285
10330,-1.490642,110.588787,1,0.5,2.67,-1
10331,-1.490642,110.662898,1,0.5,6.53,194
10332,-1.490642,110.666267,1,0.5,6.53,194
10333,-1.494011,110.090222,2,0.5,9.2,284
10334,-1.494011,110.093591,2,0.5,9.2,284
10335,-1.494011,110.09696,1,0.5,9.2,191
10336,-1.494011,110.117172,1,0.5,1.41,-1
10337,-1.494011,110.120541,3,0.5,7.58,18
10338,-1.494011,110.123909,3,0.5,7.58,18
10339,-1.494011,110.127278,2,0.5,11.55,216
10340,-1.494011,110.130647,4,0.5,23.6,-1
10341,-1.494011,110.134015,4,0.5,23.6,-1
10342,-1.494011,110.137384,4,0.5,184.01,-1
10343,-1.494011,110.140753,3,0.5,184.01,-1
10344,-1.494011,110.144121,3,0.5,79.93,-1
10345,-1.494011,110.14749,3,0.5,79.93,-1
10346,-1.494011,110.150859,1,0.5,79.93,4
10347,-1.494011,110.154227,1,0.5,39.3,16
10348,-1.494011,110.157596,1,0.5,39.3,16
10349,-1.494011,110.329399,1,0.5,11.61,99
10350,-1.494011,110.332768,1,0.5,11.61,99
10351,-1.494011,110.336136,1,0.5,11.61,99
10352,-1.494011,110.339505,1,0.5,11.61,99
10353,-1.494011,110.342874,1,0.5,11.61,99
10354,-1.494011,110.443934,1,0.5,4.78,221
10355,-1.494011,110.447303,1,0.5,4.78,221
10356,-1.494011,110.555101,1,0.5,4.31,290
10357,-1.494011,110.558469,1,0.5,4.31,290
10358,-1.494011,110.561838,1,0.5,4.31,290
10359,-1.494011,110.565207,1,0.5,4.31,290
10360,-1.494011,110.58205,1,1.0,8.81,-1
10361,-1.494011,110.585419,2,0.75,8.81,285
10362,-1.494011,110.588787,1,0.5,4.9,236
10363,-1.494011,110.592156,1,0.5,4.9,236
10364,-1.494011,110.662898,1,0.5,6.53,194
10365,-1.494011,110.666267,1,0.5,6.53,194
10366,-1.497379,110.090222,1,0.5,8.05,136
10367,-1.497379,110.093591,1,0.5,8.05,136
10368,-1.497379,110.09696,1,0.5,8.05,136
10369,-1.497379,110.120541,2,0.5,7.58,328
10370,-1.497379,110.123909,2,0.5,7.58,328
10371,-1.497379,110.127278,1,0.5,8.98,176
10372,-1.497379,110.130647,3,0.5,14.65,18
10373,-1.497379,110.134015,3,0.5,14.65,18
10374,-1.497379,110.137384,3,0.5,184.01,-1
10375,-1.497379,110.140753,3,0.5,184.01,-1
10376,-1.497379,110.144121,3,0.5,79.93,-1
10377,-1.497379,110.14749,3,0.5,79.93,-1
10378,-1.497379,110.150859,2,0.5,79.93,3
10379,-1.497379,110.154227,1,0.5,79.93,4
10380,-1.497379,110.191283,1,0.5,2.25,172
10381,-1.497379,110.194652,1,0.5,2.25,172
10382,-1.497379,110.555101,1,0.5,4.31,290
10383,-1.497379,110.558469,1,0.5,4.31,290
10384,-1.497379,110.561838,1,0.5,4.31,290
10385,-1.497379,110.565207,2,0.5,4.31,286
10386,-1.497379,110.568575,1,0.5,1.56,-1
10387,-1.497379,110.571944,1,0.5,1.56,-1
10388,-1.497379,110.58205,1,1.0,8.81,-1
10389,-1.497379,110.585419,2,0.75,8.81,285
10390,-1.497379,110.588787,1,0.5,4.9,236
10391,-1.497379,110.592156,1,0.5,4.9,236
10392,-1.500748,110.080116,1,1.0,6.03,186
10393,-1.500748,110.083485,1,1.0,6.03,186
10394,-1.500748,110.090222,1,0.5,8.05,136
10395,-1.500748,110.093591,1,0.5,8.05,136
10396,-1.500748,110.09696,1,0.5,8.05,136
10397,-1.500748,110.103697,1,0.5,4.77,219
10398,-1.500748,110.107066,1,0.5,4.77,219
10399,-1.500748,110.110435,2,0.5,28.36,37
10400,-1.500748,110.113803,1,0.5,28.36,27
10401,-1.500748,110.117172,1,0.5,28.36,27
10402,-1.500748,110.120541,1,0.5,6.88,138
10403,-1.500748,110.123909,1,0.5,6.88,138
10404,-1.500748,110.140753,1,0.5,7.35,-1
10405,-1.500748,110.144121,2,0.5,79.93,3
10406,-1.500748,110.14749,2,0.5,79.93,3
10407,-1.500748,110.150859,2,0.5,79.93,3
10408,-1.500748,110.154227,1,0.5,79.93,4
10409,-1.500748,110.191283,1,0.5,2.25,172
10410,-1.500748,110.194652,1,0.5,2.25,172
10411,-1.500748,110.450671,1,0.5,10.23,103
10412,-1.500748,110.45404,1,0.5,10.23,103
10413,-1.500748,110.457409,1,0.5,10.23,103
10414,-1.500748,110.555101,1,0.5,4.31,290
10415,-1.500748,110.558469,1,0.5,4.31,290
10416,-1.500748,110.561838,1,0.5,4.31,290
10417,-1.500748,110.565207,2,0.5,4.31,286
10418,-1.500748,110.568575,1,0.5,1.56,-1
10419,-1.500748,110.571944,1,0.5,1.56,-1
10420,-1.500748,110.58205,1,1.0,8.81,-1
10421,-1.500748,110.585419,2,0.75,8.81,285
10422,-1.500748,110.588787,1,0.5,4.9,236
10423,-1.500748,110.592156,1,0.5,4.9,236
10424,-1.504117,110.073379,1,0.5,6.03,186
10425,-1.504117,110.076748,2,0.5,22.39,-1
10426,-1.504117,110.080116,2,0.75,22.39,-1
10427,-1.504117,110.083485,2,0.75,22.39,-1
10428,-1.504117,110.090222,1,0.5,8.05,136
10429,-1.504117,110.093591,1,0.5,8.05,136
10430,-1.504117,110.09696,1,0.5,8.05,136
10431,-1.504117,110.103697,1,0.5,4.77,219
10432,-1.504117,110.107066,1,0.5,4.77,219
10433,-1.504117,110.110435,2,0.5,28.36,37
10434,-1.504117,110.113803,1,0.5,28.36,27
10435,-1.504117,110.117172,1,0.5,28.36,27
10436,-1.504117,110.140753,1,0.5,7.35,-1
10437,-1.504117,110.144121,1,0.5,7.35,-1
10438,-1.504117,110.14749,1,0.5,7.35,-1
10439,-1.504117,110.150859,1,0.5,7.35,-1
10440,-1.504117,110.154227,1,0.5,15.68,-1
10441,-1.504117,110.366454,1,0.5,0.52,67
10442,-1.504117,110.369823,1,0.5,0.52,67
10443,-1.504117,110.373192,1,0.5,0.52,67
10444,-1.504117,110.450671,1,0.5,10.23,103
10445,-1.504117,110.45404,1,0.5,10.23,103
10446,-1.504117,110.457409,1,0.5,10.23,103
10447,-1.504117,110.565207,1,0.5,1.56,-1
10448,-1.504117,110.568575,1,0.5,1.56,-1
10449,-1.504117,110.571944,1,0.5,1.56,-1
10450,-1.504117,110.602262,1,0.5,3.07,270
10451,-1.504117,110.605631,1,0.5,3.07,270
10452,-1.507485,110.07001,1,0.5,22.39,45
10453,-1.507485,110.073379,3,0.5,22.39,17
10454,-1.507485,110.076748,3,0.5,22.39,17
10455,-1.507485,110.080116,3,0.67,22.39,17
10456,-1.507485,110.083485,3,0.67,22.39,17
10457,-1.507485,110.100328,1,0.5,0.59,-1
10458,-1.507485,110.103697,2,0.5,4.77,286
10459,-1.507485,110.107066,2,0.5,4.77,286
10460,-1.507485,110.110435,2,0.5,28.36,37
10461,-1.507485,110.113803,1,0.5,28.36,27
10462,-1.507485,110.117172,1,0.5,28.36,27
10463,-1.507485,110.140753,1,0.5,7.35,-1
10464,-1.507485,110.144121,1,0.5,7.35,-1
10465,-1.507485,110.14749,1,0.5,7.35,-1
10466,-1.507485,110.366454,1,0.5,0.52,67
10467,-1.507485,110.369823,1,0.5,0.52,67
10468,-1.507485,110.373192,1,0.5,0.52,67
10469,-1.507485,110.602262,1,0.5,3.07,270
10470,-1.507485,110.605631,1,0.5,3.07,270
10471,-1.510854,110.066642,1,0.5,9.22,175
10472,-1.510854,110.07001,2,0.5,22.39,-1
10473,-1.510854,110.073379,3,0.5,22.39,17
10474,-1.510854,110.076748,3,0.5,22.39,17
10475,-1.510854,110.080116,3,0.67,22.39,17
10476,-1.510854,110.083485,3,0.67,22.39,17
10477,-1.510854,110.09696,1,0.5,1.3,93
10478,-1.510854,110.100328,1,0.5,1.3,93
10479,-1.510854,110.103697,1,0.5,1.3,93
10480,-1.510854,110.107066,1,0.5,0.59,-1
10481,-1.510854,110.110435,1,0.5,3.3,276
10482,-1.510854,110.113803,1,0.5,3.3,276
10483,-1.510854,110.117172,1,0.5,3.3,276
10484,-1.510854,110.366454,1,0.5,0.52,67
10485,-1.510854,110.369823,1,0.5,0.52,67
10486,-1.510854,110.373192,1,0.5,0.52,67
10487,-1.510854,110.602262,1,0.5,3.07,270
10488,-1.510854,110.605631,1,0.5,3.07,270
10489,-1.514223,110.066642,1,0.5,9.22,175
10490,-1.514223,110.07001,1,0.5,9.22,175
10491,-1.514223,110.073379,1,0.5,6.55,-1
10492,-1.514223,110.076748,1,0.5,6.55,-1
10493,-1.514223,110.080116,1,0.5,6.55,-1
10494,-1.514223,110.083485,1,0.5,5.75,151
10495,-1.514223,110.09696,1,0.5,1.3,93
10496,-1.514223,110.100328,1,0.5,1.3,93
10497,-1.514223,110.103697,1,0.5,1.3,93
10498,-1.514223,110.107066,1,0.5,0.59,-1
10499,-1.514223,110.541626,1,0.5,3.74,317
10500,-1.514223,110.544995,1,0.5,3.74,317
10501,-1.514223,110.548363,1,0.5,3.74,317
10502,-1.517591,110.063273,1,0.5,0.44,68
10503,-1.517591,110.066642,2,0.5,9.22,284
10504,-1.517591,110.07001,2,0.5,9.22,284
10505,-1.517591,110.076748,1,0.5,2.83,246
10506,-1.517591,110.080116,1,0.5,2.83,246
10507,-1.517591,110.083485,1,0.5,2.83,246
10508,-1.517591,110.09696,1,0.5,1.3,93
10509,-1.517591,110.100328,1,0.5,1.3,93
10510,-1.517591,110.103697,1,0.5,1.3,93
10511,-1.517591,110.107066,1,0.5,0.59,-1
10512,-1.517591,110.541626,1,0.5,3.74,317
10513,-1.517591,110.544995,1,0.5,3.74,317
10514,-1.517591,110.548363,1,0.5,3.74,317
10515,-1.517591,110.622474,1,0.5,19.02,72
10516,-1.517591,110.625843,1,0.5,19.02,72
10517,-1.517591,110.629212,1,0.5,19.02,72
10518,-1.52096,110.063273,1,0.5,0.44,68
10519,-1.52096,110.066642,1,0.5,0.44,68
10520,-1.52096,110.07001,1,0.5,0.44,68
10521,-1.52096,110.541626,1,0.5,3.74,317
10522,-1.52096,110.544995,1,0.5,3.74,317
10523,-1.52096,110.548363,1,0.5,3.74,317
10524,-1.52096,110.622474,1,0.5,19.02,72
10525,-1.52096,110.625843,1,0.5,19.02,72
10526,-1.52096,110.629212,2,0.5,19.02,50
10527,-1.52096,110.63258,1,0.5,12.81,-1
10528,-1.52096,110.635949,1,0.5,12.81,-1
10529,-1.524329,110.063273,1,0.5,0.44,68
10530,-1.524329,110.066642,1,0.5,0.44,68
10531,-1.524329,110.07001,1,0.5,0.44,68
10532,-1.524329,110.622474,1,0.5,19.02,72
10533,-1.524329,110.625843,2,0.5,19.02,50
10534,-1.524329,110.629212,3,0.5,19.02,-1
10535,-1.524329,110.63258,2,0.5,12.81,112
10536,-1.524329,110.635949,1,0.5,12.81,-1
10537,-1.527697,110.622474,1,0.5,19.02,72
10538,-1.527697,110.625843,2,0.5,19.02,50
10539,-1.527697,110.629212,3,0.5,19.02,-1
10540,-1.527697,110.63258,2,0.5,12.81,112
10541,-1.527697,110.635949,1,0.5,12.81,-1
10542,-1.527697,110.652792,1,0.5,4.76,220
10543,-1.527697,110.656161,1,0.5,4.76,220
10544,-1.527697,110.65953,1,0.5,4.76,220
10545,-1.531066,110.652792,1,0.5,4.76,220
10546,-1.531066,110.656161,1,0.5,4.76,220
10547,-1.531066,110.65953,1,0.5,4.76,220
10548,-1.534435,110.571944,1,0.5,8.49,152
10549,-1.534435,110.575313,1,0.5,8.49,152
10550,-1.537803,110.571944,1,0.5,8.49,152
10551,-1.537803,110.575313,1,0.5,8.49,152
10552,-1.541172,110.396773,1,0.5,2.85,251
10553,-1.541172,110.400141,1,0.5,2.85,251
10554,-1.541172,110.40351,1,0.5,2.85,251
10555,-1.541172,110.565207,1,0.5,3.24,257
10556,-1.541172,110.568575,1,0.5,3.24,257
10557,-1.541172,110.571944,2,0.5,8.49,-1
10558,-1.541172,110.575313,1,0.5,8.49,152
10559,-1.544541,110.396773,1,0.5,2.85,251
10560,-1.544541,110.400141,1,0.5,2.85,251
10561,-1.544541,110.40351,1,0.5,2.85,251
10562,-1.544541,110.565207,1,0.5,3.24,257
10563,-1.544541,110.568575,1,0.5,3.24,257
10564,-1.544541,110.571944,1,0.5,3.24,257
10565,-1.544541,110.639318,1,0.5,4.84,209
10566,-1.544541,110.642686,1,0.5,4.84,209
10567,-1.544541,110.646055,1,0.5,4.84,209
10568,-1.54791,110.059904,1,0.5,4.38,280
10569,-1.54791,110.063273,1,0.5,4.38,280
10570,-1.54791,110.066642,1,0.5,4.38,280
10571,-1.54791,110.507939,1,0.5,2.03,211
10572,-1.54791,110.511308,1,0.5,2.03,211
10573,-1.54791,110.538257,1,0.5,14.76,56
10574,-1.54791,110.541626,1,0.5,14.76,56
10575,-1.54791,110.565207,1,0.5,3.24,257
10576,-1.54791,110.568575,1,0.5,3.24,257
10577,-1.54791,110.571944,1,0.5,3.24,257
10578,-1.54791,110.639318,1,0.5,4.84,209
10579,-1.54791,110.642686,1,0.5,4.84,209
10580,-1.54791,110.646055,1,0.5,4.84,209
10581,-1.54791,110.720166,1,0.5,0.56,67
10582,-1.54791,110.723535,1,0.5,0.56,67
10583,-1.54791,110.726903,1,0.5,0.56,67
10584,-1.551278,110.059904,1,0.5,4.38,280
10585,-1.551278,110.063273,1,0.5,4.38,280
10586,-1.551278,110.066642,1,0.5,4.38,280
10587,-1.551278,110.507939,1,0.5,2.03,211
10588,-1.551278,110.511308,1,0.5,2.03,211
10589,-1.551278,110.538257,1,0.5,14.76,56
10590,-1.551278,110.541626,1,0.5,14.76,56
10591,-1.551278,110.575313,1,0.5,2.74,292
10592,-1.551278,110.578681,1,0.5,2.74,292
10593,-1.551278,110.58205,1,0.5,2.74,292
10594,-1.551278,110.639318,1,0.5,4.84,209
10595,-1.551278,110.642686,1,0.5,4.84,209
10596,-1.551278,110.646055,1,0.5,4.84,209
10597,-1.551278,110.720166,1,0.5,0.56,67
10598,-1.551278,110.723535,1,0.5,0.56,67
10599,-1.551278,110.726903,2,0.5,5.55,287
10600,-1.551278,110.730272,1,0.5,5.55,180
10601,-1.551278,110.733641,1,0.5,5.55,180
10602,-1.551278,110.740378,1,0.5,13.51,83
10603,-1.551278,110.743747,1,0.5,13.51,83
10604,-1.551278,110.81112,1,0.5,12.75,-1
10605,-1.551278,110.814489,1,0.5,12.75,-1
10606,-1.554647,110.059904,1,0.5,4.38,280
10607,-1.554647,110.063273,1,0.5,4.38,280
10608,-1.554647,110.066642,1,0.5,4.38,280
10609,-1.554647,110.507939,1,0.5,2.03,211
10610,-1.554647,110.511308,1,0.5,2.03,211
10611,-1.554647,110.538257,1,0.5,14.76,56
10612,-1.554647,110.541626,1,0.5,14.76,56
10613,-1.554647,110.568575,1,0.5,9.84,108
10614,-1.554647,110.571944,1,0.5,9.84,108
10615,-1.554647,110.575313,2,0.5,9.84,262
10616,-1.554647,110.578681,1,0.5,2.74,292
10617,-1.554647,110.58205,1,0.5,2.74,292
10618,-1.554647,110.676373,1,0.5,5.08,256
10619,-1.554647,110.679742,1,0.5,5.08,256
10620,-1.554647,110.68311,1,0.5,5.08,256
10621,-1.554647,110.726903,1,0.5,5.55,180
10622,-1.554647,110.730272,1,0.5,5.55,180
10623,-1.554647,110.733641,1,0.5,5.55,180
10624,-1.554647,110.740378,1,0.5,13.51,83
10625,-1.554647,110.743747,1,0.5,13.51,83
10626,-1.554647,110.81112,1,0.5,12.75,-1
10627,-1.554647,110.814489,1,0.5,12.75,-1
10628,-1.554647,110.817858,1,0.5,1.71,-1
10629,-1.554647,110.821226,1,0.5,11.18,115
10630,-1.554647,110.824595,2,0.5,11.18,216
10631,-1.554647,110.827964,2,0.5,5.77,-1
10632,-1.554647,110.831333,1,0.5,5.77,-1
10633,-1.558016,110.538257,1,0.5,14.76,56
10634,-1.558016,110.541626,1,0.5,14.76,56
10635,-1.558016,110.568575,1,0.5,9.84,108
10636,-1.558016,110.571944,1,0.5,9.84,108
10637,-1.558016,110.575313,2,0.5,9.84,262
10638,-1.558016,110.578681,1,0.5,2.74,292
10639,-1.558016,110.58205,1,0.5,2.74,292
10640,-1.558016,110.676373,1,0.5,5.08,256
10641,-1.558016,110.679742,1,0.5,5.08,256
10642,-1.558016,110.68311,1,0.5,5.08,256
10643,-1.558016,110.726903,1,0.5,5.55,180
10644,-1.558016,110.730272,1,0.5,5.55,180
10645,-1.558016,110.733641,1,0.5,5.55,180
10646,-1.558016,110.740378,1,0.5,13.51,83
10647,-1.558016,110.743747,1,0.5,13.51,83
10648,-1.558016,110.797646,1,0.5,1.86,190
10649,-1.558016,110.801014,2,0.5,9.87,262
10650,-1.558016,110.804383,1,0.5,9.39,-1
10651,-1.558016,110.807752,2,0.5,16.48,79
10652,-1.558016,110.81112,2,0.5,13.0,112
10653,-1.558016,110.814489,1,0.5,13.0,96
10654,-1.558016,110.817858,2,0.5,13.0,112
10655,-1.558016,110.821226,2,0.75,17.76,-1
10656,-1.558016,110.824595,3,0.67,17.76,18
10657,-1.558016,110.827964,3,0.67,17.76,18
10658,-1.558016,110.831333,1,0.5,5.77,-1
10659,-1.561384,110.568575,1,0.5,9.84,108
10660,-1.561384,110.571944,1,0.5,9.84,108
10661,-1.561384,110.575313,1,0.5,9.84,108
10662,-1.561384,110.740378,1,0.5,13.51,83
10663,-1.561384,110.743747,1,0.5,13.51,83
10664,-1.561384,110.797646,1,0.5,3.62,283
10665,-1.561384,110.801014,2,0.5,9.87,262
10666,-1.561384,110.804383,1,0.5,9.39,-1
10667,-1.561384,110.807752,2,0.5,16.48,79
10668,-1.561384,110.81112,2,0.5,13.0,112
10669,-1.561384,110.814489,1,0.5,13.0,-1
10670,-1.561384,110.817858,2,0.5,13.0,112
10671,-1.561384,110.821226,2,0.75,17.76,-1
10672,-1.561384,110.824595,2,0.75,17.76,-1
10673,-1.561384,110.827964,2,0.75,17.76,-1
10674,-1.564753,110.578681,1,0.5,4.44,263
10675,-1.564753,110.58205,1,0.5,4.44,263
10676,-1.564753,110.797646,1,0.5,3.62,283
10677,-1.564753,110.801014,2,0.5,9.87,262
10678,-1.564753,110.804383,1,0.5,9.39,-1
10679,-1.564753,110.807752,2,0.5,16.48,79
10680,-1.564753,110.81112,2,0.5,13.0,112
10681,-1.564753,110.814489,1,0.5,13.0,-1
10682,-1.564753,110.817858,1,0.5,13.0,96
10683,-1.564753,110.821226,1,1.0,17.76,38
10684,-1.564753,110.824595,1,1.0,17.76,38
10685,-1.564753,110.827964,1,1.0,17.76,38
10686,-1.568122,110.511308,1,0.5,16.29,-1
10687,-1.568122,110.514676,1,0.5,16.29,-1
10688,-1.568122,110.518045,1,0.5,16.29,-1
10689,-1.568122,110.578681,1,0.5,4.44,263
10690,-1.568122,110.58205,1,0.5,4.44,263
10691,-1.568122,110.602262,1,0.5,7.78,132
10692,-1.568122,110.605631,1,0.5,7.78,132
10693,-1.568122,110.608999,1,0.5,7.78,132
10694,-1.568122,110.743747,1,0.5,9.47,104
10695,-1.568122,110.747115,1,0.5,9.47,104
10696,-1.568122,110.750484,1,0.5,9.47,104
10697,-1.568122,110.797646,1,0.5,1.86,190
10698,-1.568122,110.801014,1,0.5,1.86,190
10699,-1.568122,110.821226,1,1.0,17.76,38
10700,-1.568122,110.824595,1,1.0,17.76,38
10701,-1.568122,110.827964,2,0.75,17.76,-1
10702,-1.568122,110.831333,1,0.5,4.22,159
10703,-1.568122,110.834701,1,0.5,4.22,159
10704,-1.57149,110.396773,1,0.5,2.85,251
10705,-1.57149,110.400141,1,0.5,2.85,251
10706,-1.57149,110.511308,1,0.5,16.29,-1
10707,-1.57149,110.514676,1,0.5,16.29,-1
10708,-1.57149,110.518045,1,0.5,16.29,-1
10709,-1.57149,110.555101,1,0.5,5.44,-1
10710,-1.57149,110.558469,1,0.5,5.44,-1
10711,-1.57149,110.561838,1,0.5,5.44,-1
10712,-1.57149,110.578681,1,0.5,4.44,263
10713,-1.57149,110.58205,1,0.5,4.44,263
10714,-1.57149,110.602262,1,0.5,7.78,132
10715,-1.57149,110.605631,2,0.5,7.78,-1
10716,-1.57149,110.608999,2,0.5,7.78,-1
10717,-1.57149,110.733641,1,0.5,8.02,143
10718,-1.57149,110.737009,1,0.5,8.02,143
10719,-1.57149,110.743747,1,0.5,9.47,104
10720,-1.57149,110.747115,1,0.5,9.47,104
10721,-1.57149,110.750484,1,0.5,9.47,104
10722,-1.57149,110.774065,1,0.5,4.86,245
10723,-1.57149,110.777434,1,0.5,4.86,245
10724,-1.57149,110.797646,1,0.5,5.98,185
10725,-1.57149,110.801014,1,0.5,5.98,185
10726,-1.57149,110.804383,1,0.5,5.98,185
10727,-1.57149,110.807752,1,0.5,5.98,185
10728,-1.57149,110.814489,1,0.5,10.61,-1
10729,-1.57149,110.817858,1,0.5,10.61,-1
10730,-1.57149,110.821226,1,0.5,10.61,-1
10731,-1.57149,110.831333,1,0.5,4.22,159
10732,-1.57149,110.834701,1,0.5,4.22,159
10733,-1.57149,110.83807,1,0.5,4.22,159
10734,-1.57149,110.871757,1,0.5,12.32,113
10735,-1.57149,110.875125,1,0.5,12.32,113
10736,-1.57149,110.878494,1,0.5,12.32,113
10737,-1.57149,110.925656,1,0.5,9.75,119
10738,-1.57149,110.929024,1,0.5,9.75,119
10739,-1.574859,110.07001,1,0.5,10.71,88
10740,-1.574859,110.073379,1,0.5,10.71,88
10741,-1.574859,110.076748,1,0.5,28.62,28
10742,-1.574859,110.080116,1,0.5,28.62,28
10743,-1.574859,110.083485,1,0.5,28.62,28
10744,-1.574859,110.396773,1,0.5,2.85,251
10745,-1.574859,110.400141,1,0.5,2.85,251
10746,-1.574859,110.511308,1,0.5,16.29,-1
10747,-1.574859,110.514676,1,0.5,16.29,-1
10748,-1.574859,110.518045,1,0.5,16.29,-1
10749,-1.574859,110.555101,1,0.5,3.48,311
10750,-1.574859,110.558469,1,0.5,3.48,311
10751,-1.574859,110.561838,1,0.5,3.48,311
10752,-1.574859,110.568575,1,0.5,4.42,279
10753,-1.574859,110.571944,1,0.5,4.42,279
10754,-1.574859,110.575313,1,0.5,4.42,279
10755,-1.574859,110.602262,1,0.5,7.78,132
10756,-1.574859,110.605631,2,0.5,7.78,-1
10757,-1.574859,110.608999,2,0.5,7.78,-1
10758,-1.574859,110.737009,1,0.5,8.02,143
10759,-1.574859,110.740378,1,0.5,8.02,143
10760,-1.574859,110.743747,1,0.5,4.03,301
10761,-1.574859,110.747115,2,0.5,9.47,-1
10762,-1.574859,110.750484,3,0.5,9.47,18
10763,-1.574859,110.753853,2,0.5,9.47,-1
10764,-1.574859,110.777434,1,0.5,4.86,245
10765,-1.574859,110.780802,1,0.5,4.86,245
10766,-1.574859,110.801014,1,0.5,7.55,140
10767,-1.574859,110.804383,1,0.5,7.55,140
10768,-1.574859,110.807752,1,0.5,7.55,140
10769,-1.574859,110.814489,1,0.5,10.61,-1
10770,-1.574859,110.817858,1,0.5,10.61,-1
10771,-1.574859,110.821226,1,0.5,10.61,-1
10772,-1.574859,110.831333,1,0.5,4.22,159
10773,-1.574859,110.834701,1,0.5,4.22,159
10774,-1.574859,110.83807,1,0.5,4.22,159
10775,-1.574859,110.844807,1,0.5,3.65,-1
10776,-1.574859,110.848176,1,0.5,3.65,-1
10777,-1.574859,110.871757,1,0.5,12.32,113
10778,-1.574859,110.875125,1,0.5,12.32,113
10779,-1.574859,110.878494,1,0.5,12.32,113
10780,-1.578228,110.066642,1,0.5,4.7,-1
10781,-1.578228,110.07001,2,0.5,10.71,216
10782,-1.578228,110.073379,2,0.5,10.71,216
10783,-1.578228,110.076748,1,0.5,28.62,28
10784,-1.578228,110.080116,1,0.5,28.62,28
10785,-1.578228,110.083485,1,0.5,28.62,28
10786,-1.578228,110.396773,1,0.5,2.85,251
10787,-1.578228,110.400141,1,0.5,2.85,251
10788,-1.578228,110.555101,1,0.5,3.48,311
10789,-1.578228,110.558469,1,0.5,3.48,311
10790,-1.578228,110.561838,1,0.5,3.48,311
10791,-1.578228,110.565207,1,0.5,3.48,311
10792,-1.578228,110.571944,1,0.5,4.42,279
10793,-1.578228,110.575313,2,0.5,5.49,287
10794,-1.578228,110.578681,2,0.5,5.49,287
10795,-1.578228,110.608999,1,0.5,5.29,160
10796,-1.578228,110.612368,1,0.5,5.29,160
10797,-1.578228,110.629212,1,0.5,2.38,229
10798,-1.578228,110.63258,1,0.5,2.38,229
10799,-1.578228,110.737009,1,0.5,8.02,143
10800,-1.578228,110.740378,1,0.5,8.02,143
10801,-1.578228,110.743747,1,0.5,4.03,301
10802,-1.578228,110.747115,1,0.5,4.03,301
10803,-1.578228,110.750484,2,0.5,5.89,-1
10804,-1.578228,110.753853,1,0.5,5.89,-1
10805,-1.578228,110.777434,1,0.5,4.86,245
10806,-1.578228,110.780802,1,0.5,4.86,245
10807,-1.578228,110.801014,1,0.5,7.55,140
10808,-1.578228,110.804383,1,0.5,7.55,140
10809,-1.578228,110.807752,1,0.5,7.55,140
10810,-1.578228,110.814489,2,0.5,10.61,-1
10811,-1.578228,110.817858,2,0.5,10.61,-1
10812,-1.578228,110.821226,2,0.5,10.61,-1
10813,-1.578228,110.844807,2,0.5,3.65,210
10814,-1.578228,110.848176,2,0.5,3.65,210
10815,-1.578228,110.851545,1,0.5,3.0,258
10816,-1.578228,110.861651,2,0.5,4.86,287
10817,-1.578228,110.865019,2,0.5,7.34,331
10818,-1.578228,110.868388,2,0.5,7.34,331
10819,-1.578228,110.871757,1,0.5,7.34,145
10820,-1.581596,110.066642,1,0.5,4.7,-1
10821,-1.581596,110.07001,2,0.5,10.71,216
10822,-1.581596,110.073379,2,0.5,10.71,216
10823,-1.581596,110.076748,1,0.5,28.62,28
10824,-1.581596,110.080116,1,0.5,28.62,28
10825,-1.581596,110.083485,1,0.5,28.62,28
10826,-1.581596,110.558469,1,0.5,3.48,311
10827,-1.581596,110.561838,1,0.5,3.48,311
10828,-1.581596,110.565207,1,0.5,3.48,311
10829,-1.581596,110.571944,1,0.5,4.42,279
10830,-1.581596,110.575313,2,0.5,5.49,287
10831,-1.581596,110.578681,3,0.5,27.37,-1
10832,-1.581596,110.58205,1,0.5,27.37,26
10833,-1.581596,110.585419,1,0.5,27.37,26
10834,-1.581596,110.605631,1,0.5,25.89,29
10835,-1.581596,110.608999,1,0.5,25.89,-1
10836,-1.581596,110.612368,1,0.5,25.89,-1
10837,-1.581596,110.629212,1,0.5,2.38,229
10838,-1.581596,110.63258,1,0.5,2.38,229
10839,-1.581596,110.750484,1,0.5,5.89,-1
10840,-1.581596,110.753853,1,0.5,5.89,-1
10841,-1.581596,110.767328,1,0.5,3.78,320
10842,-1.581596,110.770696,1,0.5,3.78,320
10843,-1.581596,110.777434,1,0.5,4.86,245
10844,-1.581596,110.780802,1,0.5,4.86,245
10845,-1.581596,110.801014,1,0.5,7.55,140
10846,-1.581596,110.804383,1,0.5,7.55,140
10847,-1.581596,110.807752,1,0.5,7.55,140
10848,-1.581596,110.814489,1,0.5,4.56,268
10849,-1.581596,110.817858,1,0.5,4.56,268
10850,-1.581596,110.821226,1,0.5,4.56,268
10851,-1.581596,110.844807,2,0.5,3.65,210
10852,-1.581596,110.848176,2,0.5,3.65,210
10853,-1.581596,110.851545,1,0.5,3.0,258
10854,-1.581596,110.861651,2,0.5,4.86,287
10855,-1.581596,110.865019,2,0.5,7.34,331
10856,-1.581596,110.868388,2,0.5,7.34,331
10857,-1.581596,110.871757,1,0.5,7.34,145
10858,-1.584965,110.066642,1,0.5,4.7,-1
10859,-1.584965,110.07001,1,0.5,4.7,-1
10860,-1.584965,110.073379,1,0.5,4.7,-1
10861,-1.584965,110.575313,1,0.5,5.49,-1
10862,-1.584965,110.578681,2,0.5,27.37,37
10863,-1.584965,110.58205,1,0.5,27.37,26
10864,-1.584965,110.585419,1,0.5,27.37,26
10865,-1.584965,110.605631,1,0.5,25.89,29
10866,-1.584965,110.608999,1,0.5,25.89,29
10867,-1.584965,110.612368,1,0.5,25.89,-1
10868,-1.584965,110.629212,1,0.5,2.38,229
10869,-1.584965,110.63258,1,0.5,2.38,229
10870,-1.584965,110.767328,1,0.5,3.78,320
10871,-1.584965,110.770696,1,0.5,3.78,320
10872,-1.584965,110.777434,1,0.5,2.38,229
10873,-1.584965,110.780802,1,0.5,2.38,229
10874,-1.584965,110.784171,1,0.5,2.38,229
10875,-1.584965,110.814489,1,0.5,4.56,268
10876,-1.584965,110.817858,1,0.5,4.56,268
10877,-1.584965,110.821226,1,0.5,4.56,268
10878,-1.584965,110.83807,1,0.5,6.95,135
10879,-1.584965,110.841439,1,0.5,6.95,135
10880,-1.584965,110.844807,1,0.5,3.0,258
10881,-1.584965,110.848176,1,0.5,3.0,258
10882,-1.584965,110.851545,1,0.5,3.0,258
10883,-1.584965,110.858282,1,0.5,7.68,126
10884,-1.584965,110.861651,3,0.5,7.68,18
10885,-1.584965,110.865019,3,0.5,7.68,18
10886,-1.584965,110.868388,2,0.5,7.34,331
10887,-1.584965,110.871757,2,0.5,7.34,331
10888,-1.584965,110.875125,1,0.5,6.2,-1
10889,-1.588334,110.066642,1,0.5,1.17,73
10890,-1.588334,110.07001,1,0.5,1.17,73
10891,-1.588334,110.578681,1,0.5,19.49,75
10892,-1.588334,110.58205,1,0.5,19.49,75
10893,-1.588334,110.585419,1,0.5,19.49,75
10894,-1.588334,110.767328,1,0.5,3.78,320
10895,-1.588334,110.770696,1,0.5,3.78,320
10896,-1.588334,110.777434,1,0.5,2.38,229
10897,-1.588334,110.780802,1,0.5,2.38,229
10898,-1.588334,110.784171,1,0.5,2.38,229
10899,-1.588334,110.83807,1,0.5,6.95,135
10900,-1.588334,110.841439,1,0.5,6.95,135
10901,-1.588334,110.858282,1,0.5,7.68,126
10902,-1.588334,110.861651,2,0.5,7.68,-1
10903,-1.588334,110.865019,2,0.5,7.68,-1
10904,-1.588334,110.868388,1,0.5,7.34,145
10905,-1.588334,110.871757,2,0.5,7.34,331
10906,-1.588334,110.875125,1,0.5,6.2,-1
10907,-1.591702,110.066642,1,0.5,1.17,73
10908,-1.591702,110.07001,1,0.5,1.17,73
10909,-1.591702,110.541626,1,0.5,5.82,162
10910,-1.591702,110.544995,1,0.5,5.82,162
10911,-1.591702,110.548363,1,0.5,5.82,162
10912,-1.591702,110.578681,1,0.5,19.49,75
10913,-1.591702,110.58205,2,0.5,19.49,50
10914,-1.591702,110.585419,2,0.5,20.08,50
10915,-1.591702,110.588787,1,0.5,20.08,66
10916,-1.591702,110.592156,2,0.5,20.08,50
10917,-1.591702,110.595525,1,0.5,3.99,-1
10918,-1.591702,110.598893,1,0.5,3.99,-1
10919,-1.591702,110.743747,1,0.5,4.57,265
10920,-1.591702,110.747115,1,0.5,4.57,265
10921,-1.591702,110.777434,1,0.5,2.38,229
10922,-1.591702,110.780802,1,0.5,2.38,229
10923,-1.591702,110.784171,1,0.5,2.38,229
10924,-1.591702,110.83807,1,0.5,6.95,135
10925,-1.591702,110.841439,1,0.5,6.95,135
10926,-1.591702,110.858282,1,0.5,7.68,126
10927,-1.591702,110.861651,1,0.5,7.68,126
10928,-1.591702,110.865019,1,0.5,7.68,126
10929,-1.591702,110.871757,1,0.5,6.2,-1
10930,-1.591702,110.875125,1,0.5,6.2,-1
10931,-1.595071,110.07001,1,0.5,1.17,73
10932,-1.595071,110.073379,1,0.5,1.17,73
10933,-1.595071,110.369823,1,0.5,13.34,78
10934,-1.595071,110.373192,1,0.5,13.34,78
10935,-1.595071,110.37656,1,0.5,13.34,78
10936,-1.595071,110.541626,1,0.5,5.82,162
10937,-1.595071,110.544995,1,0.5,5.82,162
10938,-1.595071,110.548363,2,0.5,10.33,-1
10939,-1.595071,110.551732,1,0.5,10.33,101
10940,-1.595071,110.555101,1,0.5,10.33,101
10941,-1.595071,110.578681,1,0.5,19.49,75
10942,-1.595071,110.58205,2,0.5,19.49,50
10943,-1.595071,110.585419,2,0.5,20.08,50
10944,-1.595071,110.588787,1,0.5,20.08,66
10945,-1.595071,110.592156,2,0.5,20.08,50
10946,-1.595071,110.595525,1,0.5,3.99,-1
10947,-1.595071,110.598893,1,0.5,3.99,-1
10948,-1.595071,110.723535,1,0.5,8.52,152
10949,-1.595071,110.726903,1,0.5,6.49,241
10950,-1.595071,110.730272,1,0.5,6.49,241
10951,-1.595071,110.733641,1,0.5,6.49,241
10952,-1.595071,110.740378,1,0.5,3.09,260
10953,-1.595071,110.743747,2,0.5,4.57,286
10954,-1.595071,110.747115,2,0.5,4.57,286
10955,-1.595071,110.780802,1,0.5,11.36,110
10956,-1.595071,110.784171,1,0.5,11.36,110
10957,-1.595071,110.78754,1,0.5,11.36,110
10958,-1.595071,110.868388,1,0.5,12.92,96
10959,-1.595071,110.871757,1,0.5,12.92,96
10960,-1.595071,110.875125,1,0.5,12.92,96
10961,-1.59844,110.369823,1,0.5,13.34,78
10962,-1.59844,110.373192,1,0.5,13.34,78
10963,-1.59844,110.37656,1,0.5,13.34,78
10964,-1.59844,110.541626,1,0.5,5.82,162
10965,-1.59844,110.544995,1,0.5,5.82,162
10966,-1.59844,110.548363,2,0.5,10.33,-1
10967,-1.59844,110.551732,1,0.5,10.33,101
10968,-1.59844,110.555101,1,0.5,10.33,101
10969,-1.59844,110.578681,2,0.5,19.49,50
10970,-1.59844,110.58205,3,0.5,19.49,18
10971,-1.59844,110.585419,3,0.5,20.08,18
10972,-1.59844,110.588787,1,0.5,20.08,66
10973,-1.59844,110.592156,2,0.5,20.08,50
10974,-1.59844,110.595525,1,0.5,3.99,-1
10975,-1.59844,110.598893,1,0.5,3.99,-1
10976,-1.59844,110.723535,1,0.5,8.52,152
10977,-1.59844,110.726903,1,0.5,6.49,241
10978,-1.59844,110.730272,1,0.5,6.49,241
10979,-1.59844,110.733641,1,0.5,6.49,241
10980,-1.59844,110.737009,1,0.5,13.55,84
10981,-1.59844,110.740378,2,0.5,13.55,111
10982,-1.59844,110.743747,2,0.5,13.55,111
10983,-1.59844,110.747115,2,0.5,13.55,111
10984,-1.59844,110.780802,1,0.5,11.36,110
10985,-1.59844,110.784171,1,0.5,11.36,110
10986,-1.59844,110.78754,1,0.5,11.36,110
10987,-1.59844,110.868388,1,0.5,12.92,96
10988,-1.59844,110.871757,1,0.5,12.92,96
10989,-1.59844,110.875125,1,0.5,12.92,96
10990,-1.601808,110.369823,1,0.5,13.34,78
10991,-1.601808,110.373192,1,0.5,13.34,78
10992,-1.601808,110.37656,1,0.5,13.34,78
10993,-1.601808,110.393404,1,0.5,8.29,131
10994,-1.601808,110.396773,1,0.5,8.29,131
10995,-1.601808,110.400141,1,0.5,8.29,131
10996,-1.601808,110.541626,1,0.5,23.22,35
10997,-1.601808,110.544995,1,0.5,23.22,35
10998,-1.601808,110.548363,2,0.5,23.22,36
10999,-1.601808,110.551732,1,0.5,10.33,101
11000,-1.601808,110.555101,2,0.5,10.33,-1
11001,-1.601808,110.558469,1,0.5,6.6,-1
11002,-1.601808,110.561838,1,0.5,6.6,-1
11003,-1.601808,110.578681,1,0.5,8.39,-1
11004,-1.601808,110.58205,2,0.5,28.82,37
11005,-1.601808,110.585419,2,0.5,28.82,37
11006,-1.601808,110.726903,1,0.5,6.49,241
11007,-1.601808,110.730272,1,0.5,6.49,241
11008,-1.601808,110.733641,2,0.5,13.27,-1
11009,-1.601808,110.737009,1,0.5,13.55,84
11010,-1.601808,110.740378,2,0.5,13.55,111
11011,-1.601808,110.743747,2,0.5,13.55,111
11012,-1.601808,110.747115,2,0.5,13.55,111
11013,-1.601808,110.780802,1,0.5,11.36,110
11014,-1.601808,110.784171,1,0.5,11.36,110
11015,-1.601808,110.78754,1,0.5,11.36,110
11016,-1.601808,110.848176,1,0.5,7.02,142
11017,-1.601808,110.851545,1,0.5,7.02,142
11018,-1.601808,110.854913,1,0.5,7.02,142
11019,-1.601808,110.865019,1,0.5,4.72,-1
11020,-1.601808,110.868388,1,0.5,12.92,96
11021,-1.601808,110.871757,1,0.5,12.92,96
11022,-1.601808,110.875125,1,0.5,12.92,96
11023,-1.605177,110.342874,1,0.5,3.95,305
11024,-1.605177,110.346242,1,0.5,3.95,305
11025,-1.605177,110.349611,2,0.5,3.95,210
11026,-1.605177,110.35298,1,0.5,1.3,93
11027,-1.605177,110.356348,1,0.5,1.3,93
11028,-1.605177,110.390035,1,0.5,9.07,156
11029,-1.605177,110.393404,2,0.5,9.07,284
11030,-1.605177,110.396773,2,0.5,9.07,284
11031,-1.605177,110.400141,1,0.5,8.29,131
11032,-1.605177,110.555101,1,0.5,6.6,-1
11033,-1.605177,110.558469,1,0.5,6.6,-1
11034,-1.605177,110.561838,1,0.5,6.6,-1
11035,-1.605177,110.58205,1,0.5,28.82,28
11036,-1.605177,110.585419,1,0.5,28.82,28
11037,-1.605177,110.679742,1,0.5,2.2,-1
11038,-1.605177,110.68311,1,0.5,2.2,-1
11039,-1.605177,110.733641,1,0.5,13.27,82
11040,-1.605177,110.737009,1,0.5,13.55,84
11041,-1.605177,110.740378,1,0.5,13.55,84
11042,-1.605177,110.743747,1,0.5,13.55,84
11043,-1.605177,110.747115,1,0.5,13.55,84
11044,-1.605177,110.814489,1,0.5,18.3,64
11045,-1.605177,110.817858,1,0.5,18.3,64
11046,-1.605177,110.821226,1,0.5,18.3,64
11047,-1.605177,110.841439,1,0.5,7.02,142
11048,-1.605177,110.844807,1,0.5,7.02,142
11049,-1.605177,110.848176,1,0.5,7.02,142
11050,-1.605177,110.851545,1,0.5,7.02,142
11051,-1.605177,110.854913,1,0.5,7.02,142
11052,-1.605177,110.865019,1,0.5,4.72,-1
11053,-1.605177,110.868388,1,0.5,12.92,96
11054,-1.605177,110.871757,1,0.5,12.92,96
11055,-1.605177,110.875125,1,0.5,12.92,96
11056,-1.608546,110.342874,1,0.5,3.95,305
11057,-1.608546,110.346242,1,0.5,3.95,305
11058,-1.608546,110.349611,2,0.5,3.95,210
11059,-1.608546,110.35298,1,0.5,1.3,93
11060,-1.608546,110.356348,1,0.5,1.3,93
11061,-1.608546,110.390035,1,0.5,9.07,156
11062,-1.608546,110.393404,2,0.5,9.07,284
11063,-1.608546,110.396773,2,0.5,9.07,284
11064,-1.608546,110.400141,1,0.5,8.29,131
11065,-1.608546,110.555101,1,0.5,6.6,-1
11066,-1.608546,110.558469,1,0.5,6.6,-1
11067,-1.608546,110.561838,1,0.5,6.6,-1
11068,-1.608546,110.666267,1,0.5,2.97,259
11069,-1.608546,110.669636,1,0.5,2.97,259
11070,-1.608546,110.673004,1,0.5,2.97,259
11071,-1.608546,110.679742,1,0.5,2.2,-1
11072,-1.608546,110.68311,1,0.5,2.2,-1
11073,-1.608546,110.733641,1,0.5,13.27,82
11074,-1.608546,110.737009,1,0.5,13.27,82
11075,-1.608546,110.740378,1,0.5,13.27,82
11076,-1.608546,110.814489,1,0.5,18.3,64
11077,-1.608546,110.817858,1,0.5,18.3,64
11078,-1.608546,110.821226,1,0.5,18.3,64
11079,-1.608546,110.841439,1,0.5,7.02,142
11080,-1.608546,110.844807,1,0.5,7.02,142
11081,-1.608546,110.848176,1,0.5,7.02,142
11082,-1.608546,110.851545,1,0.5,7.02,142
11083,-1.608546,110.854913,1,0.5,7.02,142
11084,-1.608546,110.865019,1,0.5,4.72,-1
11085,-1.608546,110.868388,1,0.5,4.72,-1
11086,-1.608546,110.871757,1,0.5,4.72,-1
11087,-1.611914,110.342874,1,0.5,3.95,305
11088,-1.611914,110.346242,1,0.5,3.95,305
11089,-1.611914,110.349611,2,0.5,3.95,210
11090,-1.611914,110.35298,1,0.5,1.3,93
11091,-1.611914,110.356348,1,0.5,1.3,93
11092,-1.611914,110.390035,1,0.5,9.07,156
11093,-1.611914,110.393404,1,0.5,9.07,156
11094,-1.611914,110.396773,1,0.5,9.07,156
11095,-1.611914,110.555101,1,0.5,6.6,-1
11096,-1.611914,110.558469,1,0.5,6.6,-1
11097,-1.611914,110.561838,1,0.5,6.6,-1
11098,-1.611914,110.666267,1,0.5,2.97,259
11099,-1.611914,110.669636,2,0.5,9.37,-1
11100,-1.611914,110.673004,2,0.5,9.37,-1
11101,-1.611914,110.676373,1,0.5,9.37,-1
11102,-1.611914,110.679742,1,0.5,4.25,170
11103,-1.611914,110.814489,1,0.5,18.3,64
11104,-1.611914,110.817858,1,0.5,18.3,64
11105,-1.611914,110.821226,1,0.5,18.3,64
11106,-1.615283,110.555101,1,0.5,6.6,-1
11107,-1.615283,110.558469,1,0.5,6.6,-1
11108,-1.615283,110.561838,1,0.5,6.6,-1
11109,-1.615283,110.662898,1,0.5,4.15,155
11110,-1.615283,110.666267,3,0.5,15.92,18
11111,-1.615283,110.669636,4,0.5,15.92,2
11112,-1.615283,110.673004,3,0.5,15.92,18
11113,-1.615283,110.676373,2,0.5,15.92,80
11114,-1.615283,110.679742,1,0.5,4.25,170
11115,-1.618652,110.662898,1,0.5,4.15,155
11116,-1.618652,110.666267,2,0.5,15.92,80
11117,-1.618652,110.669636,3,0.5,15.92,18
11118,-1.618652,110.673004,2,0.5,15.92,80
11119,-1.618652,110.676373,2,0.5,15.92,80
11120,-1.618652,110.679742,1,0.5,4.25,170
11121,-1.622021,110.073379,1,0.5,1.61,128
11122,-1.622021,110.076748,2,0.5,11.14,216
11123,-1.622021,110.080116,2,0.5,11.14,216
11124,-1.622021,110.083485,2,0.5,11.14,216
11125,-1.622021,110.086854,2,0.5,11.68,216
11126,-1.622021,110.315924,1,0.5,12.28,114
11127,-1.622021,110.319293,1,0.5,12.28,114
11128,-1.622021,110.322661,1,0.5,12.28,114
11129,-1.622021,110.470884,1,0.5,1.86,190
11130,-1.622021,110.474252,1,0.5,1.86,190
11131,-1.622021,110.477621,1,0.5,1.86,190
11132,-1.622021,110.555101,1,0.5,51.71,7
11133,-1.622021,110.558469,1,0.5,51.71,7
11134,-1.622021,110.561838,1,0.5,51.71,7
11135,-1.622021,110.565207,1,0.5,49.96,7
11136,-1.622021,110.662898,1,0.5,4.15,155
11137,-1.622021,110.666267,2,0.5,15.92,80
11138,-1.622021,110.669636,2,0.5,15.92,80
11139,-1.622021,110.673004,1,0.5,15.92,43
11140,-1.622021,110.676373,1,0.5,15.92,43
11141,-1.625389,110.073379,3,0.5,5.65,18
11142,-1.625389,110.076748,4,0.5,11.14,2
11143,-1.625389,110.080116,4,0.5,11.14,2
11144,-1.625389,110.083485,2,0.5,11.14,216
11145,-1.625389,110.086854,2,0.5,11.68,216
11146,-1.625389,110.315924,1,0.5,12.28,114
11147,-1.625389,110.319293,1,0.5,12.28,114
11148,-1.625389,110.322661,1,0.5,12.28,114
11149,-1.625389,110.369823,1,0.5,2.77,247
11150,-1.625389,110.373192,1,0.5,2.77,247
11151,-1.625389,110.37656,1,0.5,2.77,247
11152,-1.625389,110.470884,1,0.5,1.86,190
11153,-1.625389,110.474252,1,0.5,1.86,190
11154,-1.625389,110.477621,1,0.5,1.86,190
11155,-1.625389,110.555101,1,0.5,51.71,7
11156,-1.625389,110.558469,1,0.5,51.71,7
11157,-1.625389,110.561838,1,0.5,51.71,7
11158,-1.625389,110.565207,1,0.5,49.96,7
11159,-1.628758,110.073379,3,0.5,5.65,18
11160,-1.628758,110.076748,4,0.5,11.14,2
11161,-1.628758,110.080116,4,0.5,11.14,2
11162,-1.628758,110.083485,2,0.5,11.14,216
11163,-1.628758,110.086854,2,0.5,11.68,216
11164,-1.628758,110.369823,1,0.5,2.77,247
11165,-1.628758,110.373192,1,0.5,2.77,247
11166,-1.628758,110.37656,1,0.5,2.77,247
11167,-1.628758,110.470884,1,0.5,1.86,190
11168,-1.628758,110.474252,1,0.5,1.86,190
11169,-1.628758,110.477621,1,0.5,1.86,190
11170,-1.628758,110.50457,1,0.5,3.52,-1
11171,-1.628758,110.507939,1,0.5,3.52,-1
11172,-1.628758,110.511308,1,0.5,3.52,-1
11173,-1.632127,110.073379,2,0.5,2.22,-1
11174,-1.632127,110.076748,2,0.5,2.22,-1
11175,-1.632127,110.080116,2,0.5,2.22,-1
11176,-1.632127,110.329399,1,0.5,3.56,-1
11177,-1.632127,110.332768,1,0.5,3.56,-1
11178,-1.632127,110.336136,1,0.5,3.56,-1
11179,-1.632127,110.50457,1,0.5,3.52,-1
11180,-1.632127,110.507939,1,0.5,3.52,-1
11181,-1.632127,110.511308,1,0.5,3.52,-1
11182,-1.632127,110.642686,1,0.5,4.04,301
11183,-1.632127,110.646055,1,0.5,4.04,301
11184,-1.635495,110.063273,1,0.5,5.45,-1
11185,-1.635495,110.066642,1,0.5,5.45,-1
11186,-1.635495,110.07001,1,0.5,5.45,-1
11187,-1.635495,110.329399,1,0.5,3.56,-1
11188,-1.635495,110.332768,1,0.5,3.56,-1
11189,-1.635495,110.336136,1,0.5,3.56,-1
11190,-1.635495,110.50457,1,0.5,3.52,-1
11191,-1.635495,110.507939,1,0.5,3.52,-1
11192,-1.635495,110.511308,1,0.5,3.52,-1
11193,-1.635495,110.555101,1,0.5,3.68,-1
11194,-1.635495,110.558469,1,0.5,3.68,-1
11195,-1.635495,110.561838,1,0.5,3.68,-1
11196,-1.635495,110.642686,1,0.5,4.04,301
11197,-1.635495,110.646055,1,0.5,4.04,301
11198,-1.638864,110.059904,2,0.5,1.17,-1
11199,-1.638864,110.063273,4,0.5,5.45,2
11200,-1.638864,110.066642,4,0.5,5.45,2
11201,-1.638864,110.07001,2,0.5,5.45,287
11202,-1.638864,110.329399,1,0.5,3.56,-1
11203,-1.638864,110.332768,1,0.5,3.56,-1
11204,-1.638864,110.336136,1,0.5,3.56,-1
11205,-1.638864,110.413616,1,0.5,6.14,166
11206,-1.638864,110.416985,1,0.5,6.14,166
11207,-1.638864,110.420353,1,0.5,6.14,166
11208,-1.638864,110.555101,1,0.5,3.68,-1
11209,-1.638864,110.558469,1,0.5,3.68,-1
11210,-1.638864,110.561838,2,0.5,12.87,112
11211,-1.638864,110.565207,1,0.5,12.87,95
11212,-1.638864,110.568575,1,0.5,12.87,95
11213,-1.638864,110.592156,1,0.5,7.17,179
11214,-1.638864,110.595525,1,0.5,7.17,179
11215,-1.638864,110.598893,1,0.5,7.17,179
11216,-1.638864,110.646055,1,0.5,4.04,301
11217,-1.638864,110.649424,1,0.5,4.04,301
11218,-1.642233,110.056536,1,0.5,7.38,169
11219,-1.642233,110.059904,2,0.5,7.38,328
11220,-1.642233,110.063273,5,0.5,7.38,1
11221,-1.642233,110.066642,5,0.5,7.38,1
11222,-1.642233,110.07001,3,0.5,5.45,18
11223,-1.642233,110.329399,1,0.5,3.56,-1
11224,-1.642233,110.332768,1,0.5,3.56,-1
11225,-1.642233,110.336136,1,0.5,3.56,-1
11226,-1.642233,110.393404,1,0.5,18.54,63
11227,-1.642233,110.396773,1,0.5,18.54,63
11228,-1.642233,110.400141,1,0.5,18.54,63
11229,-1.642233,110.413616,1,0.5,6.14,166
11230,-1.642233,110.416985,1,0.5,6.14,166
11231,-1.642233,110.420353,1,0.5,6.14,166
11232,-1.642233,110.558469,1,0.5,3.68,-1
11233,-1.642233,110.561838,1,0.5,3.68,-1
11234,-1.642233,110.565207,2,0.5,12.87,112
11235,-1.642233,110.568575,1,0.5,12.87,95
11236,-1.642233,110.571944,1,0.5,12.87,95
11237,-1.642233,110.595525,1,0.5,7.17,179
11238,-1.642233,110.598893,1,0.5,7.17,179
11239,-1.642233,110.602262,1,0.5,7.17,179
11240,-1.645601,110.056536,1,0.5,7.38,169
11241,-1.645601,110.059904,2,0.5,7.38,328
11242,-1.645601,110.063273,4,0.5,7.38,2
11243,-1.645601,110.066642,4,0.5,7.38,2
11244,-1.645601,110.07001,2,0.5,5.03,287
11245,-1.645601,110.329399,1,0.5,3.56,-1
11246,-1.645601,110.332768,1,0.5,3.56,-1
11247,-1.645601,110.336136,1,0.5,3.56,-1
11248,-1.645601,110.396773,1,0.5,18.54,63
11249,-1.645601,110.400141,1,0.5,18.54,63
11250,-1.645601,110.40351,1,0.5,18.54,63
11251,-1.645601,110.416985,1,0.5,6.14,166
11252,-1.645601,110.420353,1,0.5,6.14,166
11253,-1.645601,110.423722,1,0.5,6.14,166
11254,-1.645601,110.561838,1,0.5,2.43,-1
11255,-1.645601,110.565207,2,0.5,12.87,112
11256,-1.645601,110.568575,2,0.5,12.87,112
11257,-1.645601,110.571944,1,0.5,12.87,95
11258,-1.645601,110.595525,1,0.5,7.17,179
11259,-1.645601,110.598893,1,0.5,7.17,179
11260,-1.645601,110.602262,1,0.5,7.17,179
11261,-1.64897,110.056536,1,0.5,7.38,169
11262,-1.64897,110.059904,2,0.5,7.38,328
11263,-1.64897,110.063273,2,0.5,7.38,328
11264,-1.64897,110.066642,2,0.5,7.38,328
11265,-1.64897,110.07001,1,0.5,5.03,223
11266,-1.64897,110.396773,1,0.5,18.54,63
11267,-1.64897,110.400141,1,0.5,18.54,63
11268,-1.64897,110.40351,1,0.5,18.54,63
11269,-1.64897,110.561838,1,0.5,2.43,-1
11270,-1.64897,110.565207,2,0.5,12.87,112
11271,-1.64897,110.568575,2,0.5,12.87,112
11272,-1.64897,110.571944,1,0.5,12.87,95
11273,-1.64897,110.595525,1,0.5,7.17,179
11274,-1.64897,110.598893,1,0.5,7.17,179
11275,-1.64897,110.602262,1,0.5,7.17,179
11276,-1.64897,110.662898,1,0.5,33.43,19
11277,-1.64897,110.666267,1,0.5,33.43,19
11278,-1.64897,110.669636,1,0.5,33.43,19
11279,-1.652339,110.063273,1,0.5,5.03,223
11280,-1.652339,110.066642,1,0.5,5.03,223
11281,-1.652339,110.07001,1,0.5,5.03,223
11282,-1.652339,110.662898,1,0.5,33.43,19
11283,-1.652339,110.666267,1,0.5,33.43,19
11284,-1.652339,110.669636,1,0.5,33.43,19
11285,-1.652339,110.673004,1,0.5,33.43,19
11286,-1.652339,110.945868,1,0.5,4.7,-1
11287,-1.652339,110.949236,2,0.5,4.7,286
11288,-1.652339,110.952605,2,0.5,4.7,286
11289,-1.652339,110.955974,1,0.5,3.87,297
11290,-1.655707,110.470884,1,0.5,7.19,178
11291,-1.655707,110.474252,1,0.5,7.19,178
11292,-1.655707,110.639318,1,0.5,2.0,208
11293,-1.655707,110.642686,1,0.5,2.0,208
11294,-1.655707,110.646055,1,0.5,2.0,208
11295,-1.655707,110.662898,1,0.5,33.43,19
11296,-1.655707,110.666267,1,0.5,33.43,19
11297,-1.655707,110.669636,1,0.5,33.43,19
11298,-1.655707,110.673004,1,0.5,33.43,19
11299,-1.655707,110.93913,1,0.5,10.37,101
11300,-1.655707,110.942499,1,0.5,10.37,101
11301,-1.655707,110.949236,1,0.5,3.87,297
11302,-1.655707,110.952605,1,0.5,3.87,297
11303,-1.655707,110.955974,1,0.5,3.87,297
11304,-1.659076,110.04643,1,0.5,30.53,25
11305,-1.659076,110.049798,1,0.5,30.53,25
11306,-1.659076,110.265394,1,0.5,5.41,238
11307,-1.659076,110.268763,1,0.5,5.41,238
11308,-1.659076,110.272131,1,0.5,5.41,238
11309,-1.659076,110.2755,1,0.5,5.41,238
11310,-1.659076,110.470884,1,0.5,7.19,178
11311,-1.659076,110.474252,1,0.5,7.19,178
11312,-1.659076,110.534888,1,0.5,8.25,130
11313,-1.659076,110.538257,1,0.5,8.25,130
11314,-1.659076,110.541626,1,0.5,10.21,103
11315,-1.659076,110.544995,1,0.5,10.21,103
11316,-1.659076,110.639318,1,0.5,2.0,208
11317,-1.659076,110.642686,1,0.5,2.0,208
11318,-1.659076,110.646055,1,0.5,2.0,208
11319,-1.659076,110.666267,1,0.5,33.43,19
11320,-1.659076,110.669636,1,0.5,33.43,19
11321,-1.659076,110.673004,1,0.5,33.43,19
11322,-1.659076,110.93913,1,0.5,10.37,101
11323,-1.659076,110.942499,1,0.5,10.37,101
11324,-1.662445,110.04643,1,0.5,30.53,25
11325,-1.662445,110.049798,1,0.5,30.53,25
11326,-1.662445,110.265394,1,0.5,5.41,238
11327,-1.662445,110.268763,1,0.5,5.41,238
11328,-1.662445,110.272131,1,0.5,5.41,238
11329,-1.662445,110.2755,1,0.5,5.41,238
11330,-1.662445,110.302449,1,1.0,15.31,59
11331,-1.662445,110.305818,1,1.0,15.31,59
11332,-1.662445,110.309187,1,1.0,15.31,59
11333,-1.662445,110.470884,1,0.5,7.19,178
11334,-1.662445,110.474252,1,0.5,7.19,178
11335,-1.662445,110.534888,1,0.5,8.25,130
11336,-1.662445,110.538257,1,0.5,8.25,130
11337,-1.662445,110.541626,1,0.5,10.21,103
11338,-1.662445,110.544995,1,0.5,10.21,103
11339,-1.662445,110.558469,1,0.5,38.36,15
11340,-1.662445,110.561838,1,0.5,38.36,15
11341,-1.662445,110.565207,1,0.5,38.36,15
11342,-1.662445,110.646055,1,0.5,3.92,297
11343,-1.662445,110.649424,1,0.5,3.92,297
11344,-1.662445,110.652792,1,0.5,3.92,297
11345,-1.662445,110.93913,1,0.5,21.25,-1
11346,-1.665813,110.04643,2,0.5,38.11,22
11347,-1.665813,110.049798,2,0.5,38.11,22
11348,-1.665813,110.053167,1,0.5,38.11,15
11349,-1.665813,110.265394,1,0.5,5.41,238
11350,-1.665813,110.268763,1,0.5,5.41,238
11351,-1.665813,110.272131,1,0.5,5.41,238
11352,-1.665813,110.2755,1,0.5,5.41,238
11353,-1.665813,110.302449,1,1.0,15.31,59
11354,-1.665813,110.305818,1,1.0,15.31,59
11355,-1.665813,110.309187,1,1.0,15.31,59
11356,-1.665813,110.534888,1,0.5,8.25,130
11357,-1.665813,110.538257,1,0.5,8.25,130
11358,-1.665813,110.541626,1,0.5,10.21,103
11359,-1.665813,110.544995,1,0.5,10.21,103
11360,-1.665813,110.558469,1,0.5,38.36,15
11361,-1.665813,110.561838,1,0.5,38.36,15
11362,-1.665813,110.565207,1,0.5,38.36,15
11363,-1.665813,110.646055,2,0.5,10.08,-1
11364,-1.665813,110.649424,2,0.5,10.08,-1
11365,-1.665813,110.652792,2,0.5,10.08,-1
11366,-1.665813,110.935762,1,0.5,27.53,-1
11367,-1.665813,110.93913,1,0.5,21.25,-1
11368,-1.669182,110.04643,1,0.5,38.11,15
11369,-1.669182,110.049798,1,0.5,38.11,15
11370,-1.669182,110.053167,1,0.5,38.11,15
11371,-1.669182,110.268763,1,0.5,5.41,238
11372,-1.669182,110.272131,1,0.5,5.41,238
11373,-1.669182,110.2755,1,0.5,5.41,238
11374,-1.669182,110.302449,1,1.0,15.31,59
11375,-1.669182,110.305818,1,1.0,15.31,59
11376,-1.669182,110.309187,1,1.0,15.31,59
11377,-1.669182,110.32603,1,0.5,4.07,288
11378,-1.669182,110.329399,1,0.5,4.07,288
11379,-1.669182,110.514676,1,0.5,3.28,277
11380,-1.669182,110.518045,1,0.5,3.28,277
11381,-1.669182,110.521414,2,0.5,5.05,287
11382,-1.669182,110.524782,1,0.5,2.36,229
11383,-1.669182,110.528151,1,0.5,2.36,229
11384,-1.669182,110.53152,1,0.5,2.36,229
11385,-1.669182,110.534888,1,0.5,11.31,110
11386,-1.669182,110.538257,1,0.5,11.31,110
11387,-1.669182,110.541626,1,0.5,11.31,110
11388,-1.669182,110.551732,1,0.5,37.85,15
11389,-1.669182,110.555101,1,0.5,37.85,15
11390,-1.669182,110.558469,1,0.5,37.85,15
11391,-1.669182,110.561838,1,0.5,38.36,15
11392,-1.669182,110.565207,1,0.5,38.36,15
11393,-1.669182,110.646055,1,0.5,10.08,120
11394,-1.669182,110.649424,1,0.5,10.08,120
11395,-1.669182,110.652792,1,0.5,10.08,120
11396,-1.669182,110.679742,1,0.5,3.92,297
11397,-1.669182,110.68311,1,0.5,3.92,297
11398,-1.669182,110.686479,1,0.5,3.92,297
11399,-1.669182,110.814489,1,0.5,3.82,322
11400,-1.669182,110.817858,1,0.5,3.82,322
11401,-1.669182,110.821226,1,0.5,3.82,322
11402,-1.669182,110.824595,1,0.5,3.82,322
11403,-1.669182,110.932393,1,0.5,27.53,-1
11404,-1.669182,110.935762,1,0.5,27.53,-1
11405,-1.669182,110.93913,1,0.5,21.25,-1
11406,-1.672551,110.04643,1,0.5,38.11,15
11407,-1.672551,110.049798,1,0.5,38.11,15
11408,-1.672551,110.053167,1,0.5,38.11,15
11409,-1.672551,110.322661,1,0.5,8.06,136
11410,-1.672551,110.32603,2,0.5,8.06,293
11411,-1.672551,110.329399,2,0.5,8.06,293
11412,-1.672551,110.339505,1,0.5,2.06,-1
11413,-1.672551,110.342874,1,0.5,2.06,-1
11414,-1.672551,110.346242,1,0.5,2.06,-1
11415,-1.672551,110.514676,1,0.5,3.28,277
11416,-1.672551,110.518045,1,0.5,3.28,277
11417,-1.672551,110.521414,2,0.5,5.05,287
11418,-1.672551,110.524782,1,0.5,2.36,229
11419,-1.672551,110.528151,1,0.5,2.36,229
11420,-1.672551,110.53152,1,0.5,2.36,229
11421,-1.672551,110.534888,1,0.5,11.31,110
11422,-1.672551,110.538257,1,0.5,11.31,110
11423,-1.672551,110.541626,1,0.5,11.31,110
11424,-1.672551,110.544995,1,1.0,14.99,41
11425,-1.672551,110.548363,1,1.0,14.99,41
11426,-1.672551,110.551732,1,0.5,37.85,15
11427,-1.672551,110.555101,1,0.5,37.85,15
11428,-1.672551,110.558469,1,0.5,37.85,15
11429,-1.672551,110.561838,1,0.5,38.36,15
11430,-1.672551,110.565207,2,0.5,38.36,22
11431,-1.672551,110.568575,1,0.5,10.85,97
11432,-1.672551,110.575313,1,1.0,37.54,15
11433,-1.672551,110.578681,1,1.0,37.54,15
11434,-1.672551,110.58205,1,1.0,37.54,15
11435,-1.672551,110.646055,1,0.5,10.08,120
11436,-1.672551,110.649424,1,0.5,10.08,120
11437,-1.672551,110.652792,1,0.5,10.08,120
11438,-1.672551,110.679742,1,0.5,3.92,297
11439,-1.672551,110.68311,1,0.5,3.92,297
11440,-1.672551,110.686479,1,0.5,3.92,297
11441,-1.672551,110.814489,1,0.5,3.82,322
11442,-1.672551,110.817858,1,0.5,3.82,322
11443,-1.672551,110.821226,1,0.5,3.82,322
11444,-1.672551,110.824595,1,0.5,3.82,322
11445,-1.672551,110.929024,1,0.5,15.87,-1
11446,-1.672551,110.932393,1,0.5,15.87,-1
11447,-1.675919,110.295712,1,0.5,11.7,99
11448,-1.675919,110.299081,1,0.5,11.7,99
11449,-1.675919,110.302449,1,0.5,11.7,99
11450,-1.675919,110.322661,1,0.5,8.06,136
11451,-1.675919,110.32603,1,0.5,8.06,136
11452,-1.675919,110.329399,1,0.5,8.06,136
11453,-1.675919,110.339505,1,0.5,2.06,-1
11454,-1.675919,110.342874,1,0.5,2.06,-1
11455,-1.675919,110.346242,1,0.5,2.06,-1
11456,-1.675919,110.514676,1,0.5,3.28,277
11457,-1.675919,110.518045,3,0.5,9.88,18
11458,-1.675919,110.521414,4,0.5,9.88,2
11459,-1.675919,110.524782,2,0.5,9.88,262
11460,-1.675919,110.528151,1,0.5,2.36,229
11461,-1.675919,110.53152,1,0.5,2.36,229
11462,-1.675919,110.534888,1,0.5,11.31,110
11463,-1.675919,110.538257,1,0.5,11.31,110
11464,-1.675919,110.541626,1,0.5,11.31,110
11465,-1.675919,110.544995,2,0.75,14.99,91
11466,-1.675919,110.548363,2,0.75,14.99,91
11467,-1.675919,110.551732,2,0.5,37.85,22
11468,-1.675919,110.555101,1,0.5,37.85,15
11469,-1.675919,110.558469,1,0.5,37.85,15
11470,-1.675919,110.565207,1,0.5,10.85,97
11471,-1.675919,110.568575,1,0.5,10.85,97
11472,-1.675919,110.575313,1,1.0,37.54,15
11473,-1.675919,110.578681,1,1.0,37.54,15
11474,-1.675919,110.58205,1,1.0,37.54,15
11475,-1.675919,110.679742,1,0.5,3.92,297
11476,-1.675919,110.68311,1,0.5,3.92,297
11477,-1.675919,110.686479,1,0.5,3.92,297
11478,-1.675919,110.814489,1,0.5,3.82,322
11479,-1.675919,110.817858,1,0.5,3.82,322
11480,-1.675919,110.821226,1,0.5,3.82,322
11481,-1.675919,110.824595,1,0.5,3.82,322
11482,-1.679288,110.295712,1,0.5,11.7,99
11483,-1.679288,110.299081,1,0.5,11.7,99
11484,-1.679288,110.302449,1,0.5,11.7,99
11485,-1.679288,110.322661,1,0.5,8.06,136
11486,-1.679288,110.32603,1,0.5,8.06,136
11487,-1.679288,110.329399,1,0.5,8.06,136
11488,-1.679288,110.507939,1,0.5,11.81,118
11489,-1.679288,110.511308,1,0.5,11.81,118
11490,-1.679288,110.514676,2,0.5,11.81,216
11491,-1.679288,110.518045,3,0.5,9.88,18
11492,-1.679288,110.521414,3,0.5,9.88,18
11493,-1.679288,110.524782,1,0.5,9.88,109
11494,-1.679288,110.544995,2,0.75,14.99,91
11495,-1.679288,110.548363,2,0.75,14.99,91
11496,-1.679288,110.551732,2,0.5,37.85,22
11497,-1.679288,110.555101,1,0.5,37.85,15
11498,-1.679288,110.558469,1,0.5,37.85,15
11499,-1.679288,110.565207,2,0.75,10.85,-1
11500,-1.679288,110.568575,3,0.67,17.38,18
11501,-1.679288,110.571944,1,0.5,17.38,39
11502,-1.679288,110.575313,2,0.75,37.54,22
11503,-1.679288,110.578681,1,1.0,37.54,15
11504,-1.679288,110.58205,1,1.0,37.54,15
11505,-1.679288,110.588787,1,0.5,11.14,116
11506,-1.679288,110.592156,1,0.5,11.14,116
11507,-1.679288,110.649424,1,0.5,3.8,321
11508,-1.679288,110.652792,1,0.5,3.8,321
11509,-1.679288,110.656161,1,0.5,3.8,321
11510,-1.682657,110.255288,1,0.5,3.33,273
11511,-1.682657,110.258657,1,0.5,3.33,273
11512,-1.682657,110.262025,1,0.5,3.33,273
11513,-1.682657,110.299081,1,0.5,8.2,129
11514,-1.682657,110.302449,2,0.5,8.2,294
11515,-1.682657,110.305818,2,0.5,8.2,294
11516,-1.682657,110.309187,1,0.5,2.99,258
11517,-1.682657,110.507939,1,0.5,11.81,118
11518,-1.682657,110.511308,1,0.5,11.81,118
11519,-1.682657,110.514676,1,0.5,11.81,118
11520,-1.682657,110.518045,2,0.5,9.88,262
11521,-1.682657,110.521414,2,0.5,9.88,262
11522,-1.682657,110.524782,1,0.5,9.88,-1
11523,-1.682657,110.565207,2,0.75,10.85,-1
11524,-1.682657,110.568575,3,0.67,17.38,18
11525,-1.682657,110.571944,1,0.5,17.38,39
11526,-1.682657,110.575313,2,0.5,17.38,-1
11527,-1.682657,110.578681,1,0.5,7.79,132
11528,-1.682657,110.58205,1,0.5,7.79,132
11529,-1.682657,110.588787,1,0.5,11.14,116
11530,-1.682657,110.592156,1,0.5,11.14,116
11531,-1.682657,110.649424,1,0.5,3.8,321
11532,-1.682657,110.652792,1,0.5,3.8,321
11533,-1.682657,110.656161,1,0.5,3.8,321
11534,-1.686025,110.255288,1,0.5,3.33,273
11535,-1.686025,110.258657,1,0.5,3.33,273
11536,-1.686025,110.262025,1,0.5,3.33,273
11537,-1.686025,110.299081,1,0.5,8.2,129
11538,-1.686025,110.302449,2,0.5,8.2,294
11539,-1.686025,110.305818,2,0.5,8.2,294
11540,-1.686025,110.309187,1,0.5,2.99,258
11541,-1.686025,110.359717,1,0.5,8.93,177
11542,-1.686025,110.363086,1,0.5,7.24,-1
11543,-1.686025,110.366454,1,0.5,7.24,-1
11544,-1.686025,110.369823,1,0.5,7.24,-1
11545,-1.686025,110.507939,1,0.5,11.81,118
11546,-1.686025,110.511308,1,0.5,11.81,118
11547,-1.686025,110.514676,1,0.5,11.81,118
11548,-1.686025,110.565207,2,0.75,10.65,-1
11549,-1.686025,110.568575,3,0.67,124.2,-1
11550,-1.686025,110.571944,2,0.5,124.2,-1
11551,-1.686025,110.575313,2,0.5,124.2,-1
11552,-1.686025,110.578681,1,0.5,7.79,132
11553,-1.686025,110.58205,1,0.5,7.79,132
11554,-1.686025,110.588787,1,0.5,11.14,116
11555,-1.686025,110.592156,1,0.5,11.14,116
11556,-1.686025,110.649424,1,0.5,3.8,321
11557,-1.686025,110.652792,1,0.5,3.8,321
11558,-1.686025,110.656161,1,0.5,3.8,321
11559,-1.689394,110.255288,1,0.5,3.33,273
11560,-1.689394,110.258657,1,0.5,3.33,273
11561,-1.689394,110.262025,1,0.5,3.33,273
11562,-1.689394,110.278869,1,0.5,3.98,303
11563,-1.689394,110.282237,1,0.5,3.98,303
11564,-1.689394,110.285606,1,0.5,3.98,303
11565,-1.689394,110.302449,1,0.5,2.99,258
11566,-1.689394,110.305818,1,0.5,2.99,258
11567,-1.689394,110.309187,1,0.5,2.99,258
11568,-1.689394,110.359717,1,0.5,8.93,177
11569,-1.689394,110.363086,1,0.5,7.24,-1
11570,-1.689394,110.366454,1,0.5,7.24,-1
11571,-1.689394,110.369823,1,0.5,7.24,-1
11572,-1.689394,110.497833,1,0.5,4.79,221
11573,-1.689394,110.501202,1,0.5,4.79,221
11574,-1.689394,110.50457,2,0.5,4.79,-1
11575,-1.689394,110.507939,1,0.5,2.51,237
11576,-1.689394,110.565207,1,0.5,2.25,172
11577,-1.689394,110.568575,1,0.5,2.25,172
11578,-1.689394,110.571944,1,0.5,2.25,172
11579,-1.689394,110.575313,1,0.5,7.79,132
11580,-1.689394,110.578681,1,0.5,7.79,132
11581,-1.689394,110.58205,1,0.5,7.79,132
11582,-1.692763,110.251919,1,0.5,9.86,108
11583,-1.692763,110.255288,1,0.5,9.86,108
11584,-1.692763,110.258657,1,0.5,9.86,108
11585,-1.692763,110.278869,1,0.5,3.98,303
11586,-1.692763,110.282237,1,0.5,3.98,303
11587,-1.692763,110.285606,1,0.5,3.98,303
11588,-1.692763,110.359717,1,0.5,8.93,177
11589,-1.692763,110.363086,1,0.5,8.93,177
11590,-1.692763,110.366454,1,0.5,8.93,177
11591,-1.692763,110.497833,1,0.5,4.79,221
11592,-1.692763,110.501202,1,0.5,4.79,221
11593,-1.692763,110.50457,2,0.5,4.79,-1
11594,-1.692763,110.507939,1,0.5,2.51,237
11595,-1.692763,110.565207,1,0.5,2.25,172
11596,-1.692763,110.568575,1,0.5,2.25,172
11597,-1.692763,110.571944,1,0.5,2.25,172
11598,-1.692763,110.575313,1,0.5,3.46,314
11599,-1.692763,110.578681,1,0.5,3.46,314
11600,-1.692763,110.58205,1,0.5,3.46,314
11601,-1.696132,110.251919,1,0.5,9.86,108
11602,-1.696132,110.255288,1,0.5,9.86,108
11603,-1.696132,110.258657,1,0.5,9.86,108
11604,-1.696132,110.278869,1,0.5,3.98,303
11605,-1.696132,110.282237,1,0.5,3.98,303
11606,-1.696132,110.285606,1,0.5,3.98,303
11607,-1.696132,110.497833,1,0.5,4.79,221
11608,-1.696132,110.501202,1,0.5,4.79,221
11609,-1.696132,110.50457,2,0.5,4.79,-1
11610,-1.696132,110.507939,1,0.5,2.51,237
11611,-1.6995,110.251919,1,0.5,9.86,108
11612,-1.6995,110.255288,1,0.5,9.86,108
11613,-1.6995,110.258657,1,0.5,9.86,108
11614,-1.702869,110.588787,1,0.5,3.79,319
11615,-1.702869,110.592156,1,0.5,3.79,319
11616,-1.702869,110.595525,1,0.5,3.79,319
11617,-1.702869,110.615737,1,0.5,5.34,182
11618,-1.702869,110.619106,1,0.5,5.34,182
11619,-1.702869,110.622474,1,0.5,5.34,182
11620,-1.706238,110.551732,2,0.5,6.88,332
11621,-1.706238,110.555101,2,0.5,6.88,332
11622,-1.706238,110.558469,2,0.5,6.88,332
11623,-1.706238,110.588787,1,0.5,3.79,319
11624,-1.706238,110.592156,1,0.5,3.79,319
11625,-1.706238,110.595525,1,0.5,3.79,319
11626,-1.706238,110.612368,1,0.5,2.71,-1
11627,-1.706238,110.615737,2,0.5,5.34,287
11628,-1.706238,110.619106,2,0.5,5.34,287
11629,-1.706238,110.622474,1,0.5,5.34,182
11630,-1.709606,110.551732,2,0.5,11.9,216
11631,-1.709606,110.555101,2,0.5,11.9,216
11632,-1.709606,110.558469,2,0.5,11.9,216
11633,-1.709606,110.612368,1,0.5,2.71,-1
11634,-1.709606,110.615737,2,0.5,5.34,287
11635,-1.709606,110.619106,2,0.5,5.34,287
11636,-1.709606,110.622474,3,0.5,5.54,18
11637,-1.709606,110.625843,1,0.5,5.54,180
11638,-1.709606,110.629212,1,0.5,5.54,180
11639,-1.712975,110.187914,2,0.5,8.92,285
11640,-1.712975,110.191283,3,0.5,8.92,18
11641,-1.712975,110.194652,3,0.5,8.92,18
11642,-1.712975,110.19802,1,0.5,6.55,-1
11643,-1.712975,110.538257,1,0.5,8.03,143
11644,-1.712975,110.541626,1,0.5,8.03,143
11645,-1.712975,110.544995,1,0.5,8.03,143
11646,-1.712975,110.551732,2,0.5,11.9,216
11647,-1.712975,110.555101,2,0.5,11.9,216
11648,-1.712975,110.558469,2,0.5,11.9,216
11649,-1.712975,110.612368,1,0.5,2.71,307
11650,-1.712975,110.615737,2,0.5,5.34,287
11651,-1.712975,110.619106,2,0.5,5.34,287
11652,-1.712975,110.622474,3,0.5,5.54,18
11653,-1.712975,110.625843,1,0.5,5.54,180
11654,-1.712975,110.629212,1,0.5,5.54,180
11655,-1.712975,110.76059,1,0.5,2.42,225
11656,-1.712975,110.763959,1,0.5,2.42,225
11657,-1.712975,110.767328,1,0.5,2.42,225
11658,-1.716344,110.14749,1,0.5,2.5,237
11659,-1.716344,110.150859,2,0.5,2.5,-1
11660,-1.716344,110.154227,2,0.5,2.5,-1
11661,-1.716344,110.157596,1,0.5,1.51,127
11662,-1.716344,110.187914,2,0.5,8.92,285
11663,-1.716344,110.191283,3,0.5,8.92,18
11664,-1.716344,110.194652,3,0.5,8.92,18
11665,-1.716344,110.19802,1,0.5,6.55,-1
11666,-1.716344,110.538257,1,0.5,8.03,143
11667,-1.716344,110.541626,1,0.5,8.03,143
11668,-1.716344,110.544995,1,0.5,8.03,143
11669,-1.716344,110.548363,1,0.5,2.29,228
11670,-1.716344,110.551732,2,0.5,11.9,216
11671,-1.716344,110.555101,2,0.5,11.9,216
11672,-1.716344,110.558469,1,0.5,11.9,100
11673,-1.716344,110.615737,1,0.5,2.89,248
11674,-1.716344,110.619106,1,0.5,2.89,248
11675,-1.716344,110.622474,2,0.5,5.54,287
11676,-1.716344,110.625843,1,0.5,5.54,180
11677,-1.716344,110.629212,1,0.5,5.54,180
11678,-1.716344,110.706691,1,0.5,10.99,97
11679,-1.716344,110.71006,1,1.0,22.65,40
11680,-1.716344,110.713429,1,1.0,22.65,40
11681,-1.716344,110.76059,1,0.5,2.42,225
11682,-1.716344,110.763959,1,0.5,2.42,225
11683,-1.716344,110.767328,1,0.5,2.42,225
11684,-1.716344,110.774065,1,0.5,2.87,252
11685,-1.716344,110.777434,1,0.5,2.87,252
11686,-1.716344,110.780802,1,0.5,2.87,252
11687,-1.719712,110.144121,1,0.5,1.86,190
11688,-1.719712,110.14749,2,0.5,3.51,210
11689,-1.719712,110.150859,3,0.5,3.51,-1
11690,-1.719712,110.154227,3,0.5,3.51,-1
11691,-1.719712,110.157596,3,0.5,4.59,-1
11692,-1.719712,110.160965,2,0.5,4.59,286
11693,-1.719712,110.187914,2,0.5,8.92,285
11694,-1.719712,110.191283,3,0.5,8.92,18
11695,-1.719712,110.194652,3,0.5,8.92,18
11696,-1.719712,110.19802,1,0.5,6.55,-1
11697,-1.719712,110.548363,1,0.5,2.29,228
11698,-1.719712,110.551732,1,0.5,2.29,228
11699,-1.719712,110.555101,1,0.5,2.29,228
11700,-1.719712,110.679742,1,0.5,15.54,60
11701,-1.719712,110.68311,1,0.5,15.54,60
11702,-1.719712,110.706691,1,0.5,10.99,97
11703,-1.719712,110.71006,1,1.0,22.65,40
11704,-1.719712,110.713429,1,1.0,22.65,40
11705,-1.719712,110.76059,1,0.5,2.42,225
11706,-1.719712,110.763959,1,0.5,2.42,225
11707,-1.719712,110.767328,1,0.5,2.42,225
11708,-1.719712,110.774065,1,0.5,2.87,252
11709,-1.719712,110.777434,1,0.5,2.87,252
11710,-1.719712,110.780802,1,0.5,2.87,252
11711,-1.723081,110.140753,1,0.5,1.86,190
11712,-1.723081,110.144121,1,0.5,1.86,190
11713,-1.723081,110.14749,3,0.5,5.89,18
11714,-1.723081,110.150859,4,0.5,5.89,2
11715,-1.723081,110.154227,4,0.5,5.89,2
11716,-1.723081,110.157596,4,0.5,4.59,2
11717,-1.723081,110.160965,3,0.5,4.59,-1
11718,-1.723081,110.164333,1,0.5,0.99,62
11719,-1.723081,110.578681,1,0.5,6.3,187
11720,-1.723081,110.58205,1,0.5,6.3,187
11721,-1.723081,110.585419,1,0.5,6.3,187
11722,-1.723081,110.679742,1,0.5,15.54,60
11723,-1.723081,110.68311,1,0.5,15.54,60
11724,-1.723081,110.706691,1,0.5,10.99,97
11725,-1.723081,110.71006,1,1.0,22.65,40
11726,-1.723081,110.713429,1,1.0,22.65,40
11727,-1.723081,110.774065,1,0.5,2.87,252
11728,-1.723081,110.777434,1,0.5,2.87,252
11729,-1.723081,110.780802,1,0.5,2.87,252
11730,-1.72645,110.140753,1,0.5,1.86,190
11731,-1.72645,110.144121,4,0.5,4.21,2
11732,-1.72645,110.14749,5,0.5,8.57,1
11733,-1.72645,110.150859,6,0.5,8.16,-1
11734,-1.72645,110.154227,4,0.5,8.16,2
11735,-1.72645,110.157596,4,0.5,8.16,2
11736,-1.72645,110.160965,3,0.5,8.16,18
11737,-1.72645,110.164333,1,0.5,9.16,196
11738,-1.72645,110.578681,1,0.5,6.3,187
11739,-1.72645,110.58205,1,0.5,28.28,27
11740,-1.72645,110.585419,2,0.5,17.51,-1
11741,-1.72645,110.588787,1,0.5,17.51,39
11742,-1.72645,110.592156,2,0.5,17.51,-1
11743,-1.72645,110.595525,1,0.5,2.6,325
11744,-1.72645,110.598893,1,0.5,2.6,325
11745,-1.72645,110.706691,1,0.5,10.99,97
11746,-1.72645,110.71006,1,0.5,10.99,97
11747,-1.72645,110.774065,1,0.5,2.87,252
11748,-1.72645,110.777434,1,0.5,2.87,252
11749,-1.72645,110.780802,1,0.5,2.87,252
11750,-1.729818,110.140753,1,0.5,1.86,190
11751,-1.729818,110.144121,4,0.5,4.21,2
11752,-1.729818,110.14749,5,0.5,8.57,1
11753,-1.729818,110.150859,5,0.5,8.16,1
11754,-1.729818,110.154227,3,0.5,8.16,18
11755,-1.729818,110.157596,3,0.5,8.16,18
11756,-1.729818,110.160965,3,0.5,8.16,18
11757,-1.729818,110.164333,1,0.5,3.87,297
11758,-1.729818,110.575313,1,0.5,16.67,49
11759,-1.729818,110.578681,2,0.75,16.67,79
11760,-1.729818,110.58205,2,0.75,28.28,37
11761,-1.729818,110.585419,3,0.67,26.95,-1
11762,-1.729818,110.588787,2,0.75,26.95,37
11763,-1.729818,110.592156,3,0.67,26.95,-1
11764,-1.729818,110.595525,1,0.5,5.24,158
11765,-1.729818,110.598893,1,0.5,5.24,158
11766,-1.729818,110.770696,1,0.5,7.96,141
11767,-1.729818,110.774065,1,0.5,7.96,141
11768,-1.729818,110.777434,1,0.5,7.96,141
11769,-1.729818,110.780802,1,0.5,7.96,141
11770,-1.729818,110.784171,1,0.5,7.96,141
11771,-1.733187,110.144121,3,0.5,4.21,-1
11772,-1.733187,110.14749,4,0.5,8.57,2
11773,-1.733187,110.150859,4,0.5,8.16,2
11774,-1.733187,110.154227,3,0.5,8.16,18
11775,-1.733187,110.157596,3,0.5,8.16,18
11776,-1.733187,110.160965,3,0.5,8.16,18
11777,-1.733187,110.164333,2,0.5,3.87,210
11778,-1.733187,110.177808,1,0.5,0.89,62
11779,-1.733187,110.181177,1,0.5,0.89,62
11780,-1.733187,110.184546,1,0.5,0.89,62
11781,-1.733187,110.544995,1,0.5,6.82,137
11782,-1.733187,110.548363,1,0.5,6.82,137
11783,-1.733187,110.575313,1,0.5,16.67,49
11784,-1.733187,110.578681,1,1.0,16.67,49
11785,-1.733187,110.58205,2,0.75,28.28,37
11786,-1.733187,110.585419,2,0.75,28.28,37
11787,-1.733187,110.588787,2,0.75,28.28,37
11788,-1.733187,110.592156,3,0.67,26.95,-1
11789,-1.733187,110.595525,1,0.5,5.24,158
11790,-1.733187,110.598893,1,0.5,5.24,158
11791,-1.733187,110.612368,2,0.5,4.39,-1
11792,-1.733187,110.615737,2,0.5,4.39,-1
11793,-1.733187,110.619106,1,0.5,4.18,155
11794,-1.733187,110.770696,1,0.5,7.96,141
11795,-1.733187,110.774065,1,0.5,7.96,141
11796,-1.733187,110.777434,1,0.5,7.96,141
11797,-1.733187,110.780802,1,0.5,6.28,188
11798,-1.733187,110.784171,1,0.5,6.28,188
11799,-1.736556,110.144121,1,0.5,3.51,329
11800,-1.736556,110.14749,1,0.5,3.51,329
11801,-1.736556,110.150859,2,0.5,3.51,210
11802,-1.736556,110.154227,3,0.5,3.87,-1
11803,-1.736556,110.157596,2,0.5,3.87,210
11804,-1.736556,110.160965,2,0.5,3.87,210
11805,-1.736556,110.164333,2,0.5,3.87,210
11806,-1.736556,110.177808,1,0.5,6.42,203
11807,-1.736556,110.181177,1,0.5,6.42,203
11808,-1.736556,110.184546,1,0.5,6.42,203
11809,-1.736556,110.544995,1,0.5,6.82,137
11810,-1.736556,110.548363,1,0.5,6.82,137
11811,-1.736556,110.551732,1,0.5,9.23,175
11812,-1.736556,110.575313,1,0.5,16.67,49
11813,-1.736556,110.578681,2,0.75,28.28,37
11814,-1.736556,110.58205,2,0.75,28.28,37
11815,-1.736556,110.585419,2,0.75,28.28,37
11816,-1.736556,110.588787,2,0.75,28.28,37
11817,-1.736556,110.592156,2,0.75,26.95,37
11818,-1.736556,110.595525,1,0.5,5.24,-1
11819,-1.736556,110.598893,1,0.5,5.24,158
11820,-1.736556,110.612368,2,0.5,4.39,-1
11821,-1.736556,110.615737,2,0.5,4.39,-1
11822,-1.736556,110.619106,1,0.5,4.18,155
11823,-1.736556,110.770696,1,0.5,7.96,141
11824,-1.736556,110.774065,1,0.5,7.96,141
11825,-1.736556,110.777434,1,0.5,7.96,141
11826,-1.736556,110.780802,1,0.5,6.28,188
11827,-1.736556,110.784171,1,0.5,6.28,188
11828,-1.739924,110.154227,1,0.5,1.57,127
11829,-1.739924,110.157596,1,0.5,1.57,127
11830,-1.739924,110.160965,1,0.5,1.57,127
11831,-1.739924,110.164333,1,0.5,1.57,127
11832,-1.739924,110.177808,1,0.5,6.42,203
11833,-1.739924,110.181177,1,0.5,6.42,203
11834,-1.739924,110.184546,1,0.5,6.42,203
11835,-1.739924,110.544995,1,0.5,6.82,137
11836,-1.739924,110.548363,1,0.5,6.82,137
11837,-1.739924,110.551732,1,0.5,9.23,175
11838,-1.739924,110.578681,1,0.5,28.28,27
11839,-1.739924,110.58205,1,0.5,28.28,27
11840,-1.739924,110.585419,1,0.5,28.28,27
11841,-1.739924,110.588787,1,0.5,28.28,27
11842,-1.739924,110.592156,1,0.5,7.01,142
11843,-1.739924,110.595525,1,0.5,7.01,142
11844,-1.739924,110.612368,1,0.5,4.18,155
11845,-1.739924,110.615737,1,0.5,4.18,155
11846,-1.739924,110.619106,1,0.5,4.18,155
11847,-1.739924,110.774065,1,0.5,6.28,188
11848,-1.739924,110.777434,1,0.5,6.28,188
11849,-1.739924,110.780802,1,0.5,6.28,188
11850,-1.739924,110.784171,1,0.5,6.28,188
11851,-1.743293,110.174439,1,0.5,4.96,243
11852,-1.743293,110.177808,1,0.5,6.42,203
11853,-1.743293,110.181177,1,0.5,6.42,203
11854,-1.743293,110.184546,1,0.5,6.42,203
11855,-1.743293,110.187914,1,0.5,4.96,243
11856,-1.743293,110.204758,1,0.5,6.26,232
11857,-1.743293,110.208126,1,0.5,6.26,232
11858,-1.743293,110.211495,1,0.5,6.26,232
11859,-1.743293,110.544995,1,0.5,9.23,175
11860,-1.743293,110.548363,1,0.5,9.23,175
11861,-1.743293,110.551732,1,0.5,9.23,175
11862,-1.743293,110.578681,1,0.5,28.28,27
11863,-1.743293,110.58205,2,0.5,28.28,37
11864,-1.743293,110.585419,2,0.5,28.28,37
11865,-1.743293,110.588787,2,0.5,28.28,37
11866,-1.743293,110.592156,2,0.5,7.01,332
11867,-1.743293,110.595525,2,0.5,7.01,332
11868,-1.743293,110.598893,1,0.5,2.15,218
11869,-1.743293,110.737009,1,0.5,2.09,212
11870,-1.743293,110.740378,1,0.5,2.09,212
11871,-1.743293,110.743747,1,0.5,2.09,212
11872,-1.746662,110.174439,1,0.5,4.96,243
11873,-1.746662,110.177808,1,0.5,4.96,243
11874,-1.746662,110.181177,1,0.5,4.96,243
11875,-1.746662,110.184546,1,0.5,4.96,243
11876,-1.746662,110.187914,1,0.5,4.96,243
11877,-1.746662,110.204758,1,0.5,6.26,232
11878,-1.746662,110.208126,1,0.5,6.26,232
11879,-1.746662,110.211495,1,0.5,6.26,232
11880,-1.746662,110.228338,1,0.5,2.07,212
11881,-1.746662,110.231707,1,0.5,2.07,212
11882,-1.746662,110.235076,1,0.5,2.07,212
11883,-1.746662,110.578681,1,0.5,5.27,-1
11884,-1.746662,110.58205,2,0.5,5.27,287
11885,-1.746662,110.585419,2,0.5,5.27,287
11886,-1.746662,110.588787,2,0.5,7.01,332
11887,-1.746662,110.592156,2,0.5,7.01,332
11888,-1.746662,110.595525,2,0.5,7.01,332
11889,-1.746662,110.598893,1,0.5,2.15,218
11890,-1.746662,110.65953,1,0.5,2.63,324
11891,-1.746662,110.662898,1,0.5,2.63,324
11892,-1.746662,110.666267,1,0.5,2.63,324
11893,-1.746662,110.737009,1,0.5,2.09,212
11894,-1.746662,110.740378,1,0.5,2.09,212
11895,-1.746662,110.743747,1,0.5,2.09,212
11896,-1.75003,110.174439,1,0.5,4.96,243
11897,-1.75003,110.177808,1,0.5,4.96,243
11898,-1.75003,110.181177,1,0.5,4.96,243
11899,-1.75003,110.184546,1,0.5,4.96,243
11900,-1.75003,110.187914,1,0.5,4.96,243
11901,-1.75003,110.204758,1,0.5,6.26,232
11902,-1.75003,110.208126,1,0.5,6.26,232
11903,-1.75003,110.211495,1,0.5,6.26,232
11904,-1.75003,110.22497,3,0.5,1.6,-1
11905,-1.75003,110.228338,3,0.5,2.07,-1
11906,-1.75003,110.231707,4,0.5,9.72,2
11907,-1.75003,110.235076,2,0.5,9.72,262
11908,-1.75003,110.238444,2,0.5,9.72,262
11909,-1.75003,110.241813,1,0.5,1.12,73
11910,-1.75003,110.245182,1,0.5,1.12,73
11911,-1.75003,110.578681,1,0.5,5.27,-1
11912,-1.75003,110.58205,2,0.5,5.27,287
11913,-1.75003,110.585419,2,0.5,5.27,287
11914,-1.75003,110.588787,2,0.5,5.27,287
11915,-1.75003,110.592156,1,0.5,2.15,218
11916,-1.75003,110.595525,1,0.5,2.15,218
11917,-1.75003,110.598893,1,0.5,2.15,218
11918,-1.75003,110.619106,1,0.5,3.39,299
11919,-1.75003,110.622474,1,0.5,3.39,299
11920,-1.75003,110.625843,1,0.5,3.39,299
11921,-1.75003,110.65953,1,0.5,2.63,324
11922,-1.75003,110.662898,1,0.5,2.63,324
11923,-1.75003,110.666267,1,0.5,2.63,324
11924,-1.75003,110.757222,1,0.5,8.28,131
11925,-1.75003,110.76059,1,0.5,8.28,131
11926,-1.75003,110.763959,1,0.5,8.28,131
11927,-1.753399,110.22497,4,0.5,6.72,2
11928,-1.753399,110.228338,5,0.5,12.26,1
11929,-1.753399,110.231707,6,0.5,12.26,-1
11930,-1.753399,110.235076,6,0.5,12.26,-1
11931,-1.753399,110.238444,6,0.5,12.26,-1
11932,-1.753399,110.241813,3,0.5,12.26,18
11933,-1.753399,110.245182,2,0.5,17.43,-1
11934,-1.753399,110.437197,1,0.5,31.16,24
11935,-1.753399,110.440565,1,0.5,31.16,24
11936,-1.753399,110.443934,1,0.5,31.16,24
11937,-1.753399,110.615737,1,0.5,3.16,261
11938,-1.753399,110.619106,1,0.5,3.39,299
11939,-1.753399,110.622474,1,0.5,3.39,299
11940,-1.753399,110.625843,1,0.5,3.39,299
11941,-1.753399,110.65953,1,0.5,2.63,324
11942,-1.753399,110.662898,1,0.5,2.63,324
11943,-1.753399,110.666267,1,0.5,2.63,324
11944,-1.753399,110.76059,1,0.5,8.28,131
11945,-1.753399,110.763959,1,0.5,8.28,131
11946,-1.753399,110.767328,1,0.5,8.28,131
11947,-1.756768,110.171071,1,0.5,2.84,246
11948,-1.756768,110.174439,1,0.5,2.84,246
11949,-1.756768,110.177808,1,0.5,2.84,246
11950,-1.756768,110.218232,1,0.5,2.85,251
11951,-1.756768,110.221601,2,0.5,6.57,333
11952,-1.756768,110.22497,7,0.57,19.03,-1
11953,-1.756768,110.228338,7,0.57,19.03,-1
11954,-1.756768,110.231707,7,0.57,19.03,-1
11955,-1.756768,110.235076,6,0.58,20.37,-1
11956,-1.756768,110.238444,6,0.58,20.37,-1
11957,-1.756768,110.241813,3,0.5,12.26,18
11958,-1.756768,110.245182,3,0.5,24.02,17
11959,-1.756768,110.437197,1,0.5,31.16,24
11960,-1.756768,110.440565,1,0.5,31.16,24
11961,-1.756768,110.443934,1,0.5,31.16,24
11962,-1.756768,110.615737,1,0.5,3.16,261
11963,-1.756768,110.619106,1,0.5,3.39,299
11964,-1.756768,110.622474,1,0.5,3.39,299
11965,-1.756768,110.625843,1,0.5,3.39,299
11966,-1.756768,110.629212,1,0.5,3.39,299
11967,-1.756768,110.726903,1,0.5,8.15,129
11968,-1.756768,110.730272,1,0.5,8.15,129
11969,-1.756768,110.733641,1,0.5,8.15,129
11970,-1.756768,110.737009,1,0.5,8.15,129
11971,-1.756768,110.76059,1,0.5,8.28,131
11972,-1.756768,110.763959,1,0.5,8.28,131
11973,-1.756768,110.767328,1,0.5,8.28,131
11974,-1.760137,110.171071,1,0.5,2.84,246
11975,-1.760137,110.174439,1,0.5,2.84,246
11976,-1.760137,110.177808,1,0.5,2.84,246
11977,-1.760137,110.214864,3,0.5,6.72,18
11978,-1.760137,110.218232,5,0.5,17.57,1
11979,-1.760137,110.221601,5,0.6,19.03,1
11980,-1.760137,110.22497,7,0.57,19.03,-1
11981,-1.760137,110.228338,7,0.57,19.03,-1
11982,-1.760137,110.231707,7,0.57,19.03,-1
11983,-1.760137,110.235076,5,0.6,20.37,1
11984,-1.760137,110.238444,6,0.58,20.37,-1
11985,-1.760137,110.241813,3,0.5,12.26,18
11986,-1.760137,110.245182,2,0.5,24.02,36
11987,-1.760137,110.437197,1,0.5,31.16,24
11988,-1.760137,110.440565,1,0.5,31.16,24
11989,-1.760137,110.443934,1,0.5,31.16,24
11990,-1.760137,110.726903,1,0.5,8.15,129
11991,-1.760137,110.730272,1,0.5,8.15,129
11992,-1.760137,110.733641,1,0.5,57.79,6
11993,-1.760137,110.737009,1,0.5,57.79,6
11994,-1.760137,110.740378,1,0.5,57.79,6
11995,-1.763505,110.167702,1,0.5,2.57,323
11996,-1.763505,110.171071,2,0.5,2.84,-1
11997,-1.763505,110.174439,1,0.5,2.84,246
11998,-1.763505,110.177808,1,0.5,2.84,246
11999,-1.763505,110.184546,1,0.5,3.45,314
12000,-1.763505,110.187914,1,0.5,3.45,314
12001,-1.763505,110.191283,1,0.5,3.45,314
12002,-1.763505,110.211495,1,0.5,7.95,-1
12003,-1.763505,110.214864,5,0.5,6.72,1
12004,-1.763505,110.218232,7,0.5,17.57,-1
12005,-1.763505,110.221601,7,0.57,19.03,-1
12006,-1.763505,110.22497,8,0.62,39.56,-1
12007,-1.763505,110.228338,8,0.62,39.56,-1
12008,-1.763505,110.231707,7,0.57,19.03,-1
12009,-1.763505,110.235076,4,0.62,20.37,2
12010,-1.763505,110.238444,4,0.62,20.37,2
12011,-1.763505,110.241813,1,0.5,12.26,114
12012,-1.763505,110.245182,1,0.5,24.02,-1
12013,-1.763505,110.534888,1,0.5,32.0,-1
12014,-1.763505,110.538257,1,0.5,32.0,-1
12015,-1.763505,110.541626,1,0.5,27.64,-1
12016,-1.763505,110.544995,1,0.5,27.64,-1
12017,-1.763505,110.548363,1,0.5,27.64,-1
12018,-1.763505,110.696585,1,0.5,63.68,5
12019,-1.763505,110.699954,1,0.5,63.68,5
12020,-1.763505,110.703323,2,0.5,63.68,-1
12021,-1.763505,110.706691,1,0.5,6.39,-1
12022,-1.763505,110.71006,1,0.5,6.39,-1
12023,-1.763505,110.713429,2,0.5,10.09,262
12024,-1.763505,110.716797,1,0.5,4.53,268
12025,-1.763505,110.720166,1,0.5,4.53,268
12026,-1.763505,110.723535,2,0.5,6.03,302
12027,-1.763505,110.726903,2,0.5,8.15,294
12028,-1.763505,110.730272,2,0.5,57.79,-1
12029,-1.763505,110.733641,2,0.5,57.79,-1
12030,-1.763505,110.737009,1,0.5,57.79,6
12031,-1.763505,110.740378,1,0.5,57.79,6
12032,-1.766874,110.167702,1,0.5,2.57,323
12033,-1.766874,110.171071,1,0.5,2.57,323
12034,-1.766874,110.184546,1,0.5,3.45,314
12035,-1.766874,110.187914,1,0.5,3.45,314
12036,-1.766874,110.191283,1,0.5,3.45,314
12037,-1.766874,110.208126,1,0.5,11.39,-1
12038,-1.766874,110.211495,2,0.5,11.39,216
12039,-1.766874,110.214864,6,0.5,11.39,-1
12040,-1.766874,110.218232,7,0.5,17.57,-1
12041,-1.766874,110.221601,7,0.64,31.5,-1
12042,-1.766874,110.22497,7,0.64,39.56,-1
12043,-1.766874,110.228338,7,0.64,39.56,-1
12044,-1.766874,110.231707,5,0.6,31.5,-1
12045,-1.766874,110.235076,2,0.75,12.26,195
12046,-1.766874,110.238444,1,0.5,2.66,-1
12047,-1.766874,110.534888,1,0.5,32.0,-1
12048,-1.766874,110.538257,1,0.5,32.0,-1
12049,-1.766874,110.541626,1,0.5,27.64,-1
12050,-1.766874,110.544995,1,0.5,27.64,-1
12051,-1.766874,110.548363,1,0.5,27.64,-1
12052,-1.766874,110.696585,2,0.75,63.68,-1
12053,-1.766874,110.699954,3,0.67,63.68,-1
12054,-1.766874,110.703323,3,0.67,63.68,-1
12055,-1.766874,110.706691,1,0.5,8.14,129
12056,-1.766874,110.71006,1,0.5,8.14,129
12057,-1.766874,110.713429,2,0.5,8.14,294
12058,-1.766874,110.716797,1,0.5,4.05,300
12059,-1.766874,110.720166,1,0.5,4.05,300
12060,-1.766874,110.723535,2,0.5,6.03,302
12061,-1.766874,110.726903,1,0.5,6.5,241
12062,-1.766874,110.730272,2,0.5,57.79,-1
12063,-1.766874,110.733641,2,0.5,57.79,-1
12064,-1.766874,110.737009,1,0.5,57.79,6
12065,-1.766874,110.740378,1,0.5,57.79,6
12066,-1.770243,110.171071,1,0.5,2.57,323
12067,-1.770243,110.174439,1,0.5,2.57,323
12068,-1.770243,110.187914,1,0.5,3.45,314
12069,-1.770243,110.191283,1,0.5,3.45,314
12070,-1.770243,110.194652,1,0.5,3.45,314
12071,-1.770243,110.208126,2,0.75,11.39,216
12072,-1.770243,110.211495,3,0.83,20.98,18
12073,-1.770243,110.214864,3,0.83,20.98,18
12074,-1.770243,110.218232,5,0.6,20.98,-1
12075,-1.770243,110.221601,6,0.5,11.39,-1
12076,-1.770243,110.22497,6,0.67,31.5,-1
12077,-1.770243,110.228338,6,0.67,39.56,-1
12078,-1.770243,110.231707,5,0.7,39.56,-1
12079,-1.770243,110.235076,4,0.62,31.5,-1
12080,-1.770243,110.534888,1,0.5,32.0,-1
12081,-1.770243,110.538257,1,0.5,32.0,-1
12082,-1.770243,110.541626,1,0.5,27.64,-1
12083,-1.770243,110.544995,1,0.5,27.64,-1
12084,-1.770243,110.548363,1,0.5,27.64,-1
12085,-1.770243,110.696585,1,1.0,13.11,85
12086,-1.770243,110.699954,2,0.75,13.11,112
12087,-1.770243,110.703323,2,0.75,13.11,112
12088,-1.770243,110.706691,1,0.5,8.14,129
12089,-1.770243,110.71006,1,0.5,8.14,129
12090,-1.770243,110.713429,2,0.5,8.14,294
12091,-1.770243,110.716797,1,0.5,4.05,300
12092,-1.770243,110.720166,2,0.5,28.87,37
12093,-1.770243,110.723535,3,0.5,28.87,-1
12094,-1.770243,110.726903,2,0.5,28.87,37
12095,-1.770243,110.730272,2,0.5,57.79,-1
12096,-1.770243,110.733641,2,0.5,57.79,-1
12097,-1.770243,110.737009,1,0.5,57.79,6
12098,-1.773611,110.208126,2,0.75,11.39,216
12099,-1.773611,110.211495,5,0.7,11.39,1
12100,-1.773611,110.214864,5,0.7,11.39,1
12101,-1.773611,110.218232,4,0.62,11.39,2
12102,-1.773611,110.221601,6,0.5,11.39,-1
12103,-1.773611,110.22497,6,0.67,31.5,-1
12104,-1.773611,110.228338,5,0.7,31.5,-1
12105,-1.773611,110.231707,5,0.6,31.5,-1
12106,-1.773611,110.235076,4,0.62,16.72,2
12107,-1.773611,110.238444,1,0.5,6.77,137
12108,-1.773611,110.696585,1,1.0,13.11,85
12109,-1.773611,110.699954,2,0.75,13.11,112
12110,-1.773611,110.703323,2,0.75,13.11,112
12111,-1.773611,110.706691,1,0.5,8.14,129
12112,-1.773611,110.71006,1,0.5,8.14,129
12113,-1.773611,110.713429,2,0.5,8.14,294
12114,-1.773611,110.716797,1,0.5,3.51,-1
12115,-1.773611,110.720166,2,0.5,28.87,37
12116,-1.773611,110.723535,1,0.5,28.87,-1
12117,-1.773611,110.726903,1,0.5,28.87,-1
12118,-1.773611,110.730272,1,0.5,57.79,6
12119,-1.773611,110.733641,1,0.5,57.79,6
12120,-1.773611,110.737009,1,0.5,57.79,6
12121,-1.77698,110.194652,1,0.5,1.46,127
12122,-1.77698,110.19802,1,0.5,1.46,127
12123,-1.77698,110.201389,1,0.5,1.46,127
12124,-1.77698,110.204758,1,0.5,1.37,-1
12125,-1.77698,110.208126,3,0.5,3.05,-1
12126,-1.77698,110.211495,5,0.6,10.36,1
12127,-1.77698,110.214864,6,0.58,11.39,-1
12128,-1.77698,110.218232,5,0.6,11.51,1
12129,-1.77698,110.221601,5,0.5,11.51,1
12130,-1.77698,110.22497,5,0.5,17.0,1
12131,-1.77698,110.228338,3,0.67,16.72,18
12132,-1.77698,110.231707,5,0.6,16.72,1
12133,-1.77698,110.235076,5,0.6,16.72,1
12134,-1.77698,110.238444,3,0.5,9.45,18
12135,-1.77698,110.241813,1,0.5,0.79,70
12136,-1.77698,110.615737,1,0.5,12.64,74
12137,-1.77698,110.619106,1,0.5,12.64,74
12138,-1.77698,110.699954,2,0.75,8.14,294
12139,-1.77698,110.703323,2,0.75,8.14,294
12140,-1.77698,110.706691,1,0.5,8.14,129
12141,-1.77698,110.71006,1,0.5,6.39,-1
12142,-1.77698,110.720166,1,0.5,32.2,-1
12143,-1.77698,110.723535,1,0.5,32.2,-1
12144,-1.77698,110.726903,1,0.5,32.2,-1
12145,-1.77698,110.753853,1,0.5,4.4,279
12146,-1.77698,110.757222,1,0.5,4.4,279
12147,-1.77698,110.76059,1,0.5,4.4,279
12148,-1.780349,110.194652,1,0.5,2.89,248
12149,-1.780349,110.19802,2,0.5,5.45,287
12150,-1.780349,110.201389,2,0.5,5.45,287
12151,-1.780349,110.204758,2,0.5,5.45,287
12152,-1.780349,110.208126,3,0.5,10.36,18
12153,-1.780349,110.211495,4,0.62,10.36,2
12154,-1.780349,110.214864,4,0.62,10.36,2
12155,-1.780349,110.218232,4,0.62,10.36,2
12156,-1.780349,110.221601,2,0.5,2.01,-1
12157,-1.780349,110.22497,1,0.5,11.13,116
12158,-1.780349,110.228338,4,0.5,16.72,2
12159,-1.780349,110.231707,7,0.5,16.72,-1
12160,-1.780349,110.235076,7,0.57,16.72,-1
12161,-1.780349,110.238444,6,0.58,13.89,-1
12162,-1.780349,110.241813,5,0.6,13.89,1
12163,-1.780349,110.245182,2,0.5,8.1,-1
12164,-1.780349,110.24855,1,0.5,0.96,62
12165,-1.780349,110.544995,1,0.5,17.3,39
12166,-1.780349,110.548363,1,0.5,17.3,39
12167,-1.780349,110.551732,1,0.5,17.3,39
12168,-1.780349,110.592156,1,0.5,34.82,-1
12169,-1.780349,110.595525,1,0.5,34.82,-1
12170,-1.780349,110.598893,1,0.5,34.82,-1
12171,-1.780349,110.608999,1,0.5,6.15,165
12172,-1.780349,110.612368,1,0.5,6.15,165
12173,-1.780349,110.615737,1,0.5,12.64,74
12174,-1.780349,110.619106,1,0.5,12.64,74
12175,-1.780349,110.649424,1,0.5,4.03,301
12176,-1.780349,110.652792,1,0.5,4.03,301
12177,-1.780349,110.656161,1,0.5,4.03,301
12178,-1.780349,110.753853,2,0.75,9.7,262
12179,-1.780349,110.757222,2,0.75,9.7,262
12180,-1.780349,110.76059,2,0.75,9.7,262
12181,-1.783717,110.194652,1,0.5,2.89,248
12182,-1.783717,110.19802,2,0.5,5.45,287
12183,-1.783717,110.201389,2,0.5,5.45,287
12184,-1.783717,110.204758,1,0.5,42.83,8
12185,-1.783717,110.208126,3,0.5,42.83,-1
12186,-1.783717,110.211495,5,0.5,42.83,-1
12187,-1.783717,110.214864,6,0.5,11.09,-1
12188,-1.783717,110.218232,7,0.5,27.7,-1
12189,-1.783717,110.221601,5,0.5,27.7,-1
12190,-1.783717,110.22497,3,0.5,11.13,18
12191,-1.783717,110.228338,6,0.5,16.72,-1
12192,-1.783717,110.231707,6,0.5,16.72,-1
12193,-1.783717,110.235076,6,0.58,16.72,-1
12194,-1.783717,110.238444,5,0.6,13.89,1
12195,-1.783717,110.241813,5,0.6,13.89,1
12196,-1.783717,110.245182,4,0.5,13.89,2
12197,-1.783717,110.24855,3,0.5,13.89,18
12198,-1.783717,110.251919,1,0.5,8.04,143
12199,-1.783717,110.544995,1,0.5,17.3,39
12200,-1.783717,110.548363,1,0.5,17.3,39
12201,-1.783717,110.551732,1,0.5,17.3,39
12202,-1.783717,110.592156,1,0.5,34.82,-1
12203,-1.783717,110.595525,1,0.5,34.82,-1
12204,-1.783717,110.598893,1,0.5,34.82,-1
12205,-1.783717,110.608999,1,1.0,12.4,-1
12206,-1.783717,110.612368,1,1.0,12.4,-1
12207,-1.783717,110.615737,2,0.75,12.64,-1
12208,-1.783717,110.619106,1,0.5,12.64,74
12209,-1.783717,110.649424,1,0.5,4.03,301
12210,-1.783717,110.652792,1,0.5,4.03,301
12211,-1.783717,110.656161,1,0.5,4.03,301
12212,-1.783717,110.706691,1,0.5,4.38,280
12213,-1.783717,110.71006,1,0.5,4.38,280
12214,-1.783717,110.753853,2,0.75,9.7,262
12215,-1.783717,110.757222,2,0.75,9.7,262
12216,-1.783717,110.76059,2,0.75,9.7,262
12217,-1.787086,110.184546,1,0.5,4.05,300
12218,-1.787086,110.187914,2,0.5,6.95,332
12219,-1.787086,110.191283,2,0.5,6.95,332
12220,-1.787086,110.194652,3,0.5,7.97,18
12221,-1.787086,110.19802,4,0.5,7.97,2
12222,-1.787086,110.201389,4,0.5,7.97,2
12223,-1.787086,110.204758,3,0.5,42.83,-1
12224,-1.787086,110.208126,4,0.5,42.83,-1
12225,-1.787086,110.211495,6,0.5,42.83,-1
12226,-1.787086,110.214864,8,0.5,11.09,-1
12227,-1.787086,110.218232,9,0.5,27.7,-1
12228,-1.787086,110.221601,7,0.5,27.7,-1
12229,-1.787086,110.22497,4,0.5,11.2,2
12230,-1.787086,110.228338,5,0.5,13.67,1
12231,-1.787086,110.231707,5,0.5,13.67,1
12232,-1.787086,110.235076,5,0.6,13.89,1
12233,-1.787086,110.238444,4,0.62,13.89,2
12234,-1.787086,110.241813,4,0.62,13.89,2
12235,-1.787086,110.245182,4,0.5,13.89,2
12236,-1.787086,110.24855,3,0.5,13.89,18
12237,-1.787086,110.251919,2,0.5,10.8,216
12238,-1.787086,110.608999,1,1.0,12.4,-1
12239,-1.787086,110.612368,1,1.0,12.4,-1
12240,-1.787086,110.615737,1,1.0,12.4,-1
12241,-1.787086,110.649424,1,0.5,4.03,301
12242,-1.787086,110.652792,1,0.5,4.03,301
12243,-1.787086,110.656161,1,0.5,4.03,301
12244,-1.787086,110.706691,1,0.5,4.38,280
12245,-1.787086,110.71006,1,0.5,4.38,280
12246,-1.787086,110.716797,1,0.5,7.47,148
12247,-1.787086,110.720166,1,0.5,7.47,148
12248,-1.787086,110.723535,1,0.5,7.47,148
12249,-1.787086,110.753853,1,1.0,9.7,122
12250,-1.787086,110.757222,1,1.0,9.7,122
12251,-1.787086,110.76059,1,1.0,9.7,122
12252,-1.790455,110.184546,1,0.5,4.05,300
12253,-1.790455,110.187914,2,0.5,6.95,332
12254,-1.790455,110.191283,2,0.5,6.95,332
12255,-1.790455,110.194652,3,0.5,7.97,18
12256,-1.790455,110.19802,4,0.5,11.93,2
12257,-1.790455,110.201389,4,0.5,11.93,2
12258,-1.790455,110.204758,3,0.5,42.83,-1
12259,-1.790455,110.208126,3,0.5,42.83,-1
12260,-1.790455,110.211495,6,0.5,42.83,-1
12261,-1.790455,110.214864,8,0.5,11.09,-1
12262,-1.790455,110.218232,8,0.5,11.09,-1
12263,-1.790455,110.221601,6,0.5,11.2,-1
12264,-1.790455,110.22497,3,0.5,11.2,18
12265,-1.790455,110.228338,3,0.5,13.67,18
12266,-1.790455,110.231707,4,0.5,13.67,2
12267,-1.790455,110.235076,4,0.5,13.67,2
12268,-1.790455,110.238444,4,0.5,13.89,2
12269,-1.790455,110.241813,3,0.5,13.89,18
12270,-1.790455,110.245182,3,0.5,13.89,18
12271,-1.790455,110.24855,3,0.5,13.89,18
12272,-1.790455,110.251919,2,0.5,10.8,216
12273,-1.790455,110.406879,1,0.5,2.17,217
12274,-1.790455,110.410247,1,0.5,2.17,217
12275,-1.790455,110.413616,1,0.5,2.17,217
12276,-1.790455,110.598893,1,0.5,7.01,142
12277,-1.790455,110.602262,1,0.5,7.01,142
12278,-1.790455,110.608999,1,1.0,12.4,-1
12279,-1.790455,110.612368,1,1.0,12.4,-1
12280,-1.790455,110.615737,1,1.0,12.4,-1
12281,-1.790455,110.706691,1,0.5,37.84,15
12282,-1.790455,110.71006,1,0.5,37.84,15
12283,-1.790455,110.713429,1,0.5,7.27,150
12284,-1.790455,110.716797,2,0.75,7.47,-1
12285,-1.790455,110.720166,2,0.75,7.47,-1
12286,-1.790455,110.723535,2,0.75,7.47,-1
12287,-1.790455,110.753853,1,1.0,9.7,122
12288,-1.790455,110.757222,1,1.0,9.7,122
12289,-1.790455,110.76059,1,1.0,9.7,122
12290,-1.793823,110.184546,1,0.5,4.05,300
12291,-1.793823,110.187914,2,0.5,6.95,332
12292,-1.793823,110.191283,2,0.5,6.95,332
12293,-1.793823,110.194652,3,0.5,7.97,18
12294,-1.793823,110.19802,4,0.5,11.93,2
12295,-1.793823,110.201389,4,0.5,11.93,2
12296,-1.793823,110.204758,3,0.5,11.93,18
12297,-1.793823,110.208126,2,0.5,11.93,216
12298,-1.793823,110.211495,3,0.5,9.45,18
12299,-1.793823,110.214864,5,0.5,9.45,1
12300,-1.793823,110.218232,5,0.5,9.45,1
12301,-1.793823,110.221601,3,0.5,11.2,18
12302,-1.793823,110.22497,1,0.5,11.2,115
12303,-1.793823,110.228338,1,0.5,11.2,115
12304,-1.793823,110.238444,1,0.5,1.49,127
12305,-1.793823,110.241813,2,0.5,8.04,293
12306,-1.793823,110.245182,2,0.5,10.8,216
12307,-1.793823,110.24855,2,0.5,10.8,216
12308,-1.793823,110.251919,2,0.5,10.8,216
12309,-1.793823,110.406879,1,0.5,2.17,217
12310,-1.793823,110.410247,1,0.5,2.17,217
12311,-1.793823,110.413616,1,0.5,2.17,217
12312,-1.793823,110.592156,1,0.5,5.35,183
12313,-1.793823,110.595525,1,0.5,5.35,183
12314,-1.793823,110.598893,2,0.75,5.64,-1
12315,-1.793823,110.602262,1,1.0,5.64,226
12316,-1.793823,110.605631,1,1.0,5.64,226
12317,-1.793823,110.608999,1,1.0,6.15,165
12318,-1.793823,110.612368,1,1.0,6.15,165
12319,-1.793823,110.615737,1,1.0,6.15,165
12320,-1.793823,110.693217,1,0.5,4.21,159
12321,-1.793823,110.696585,1,0.5,4.21,159
12322,-1.793823,110.713429,1,0.5,7.27,150
12323,-1.793823,110.716797,1,1.0,6.9,138
12324,-1.793823,110.720166,2,0.75,6.9,332
12325,-1.793823,110.723535,2,0.75,6.9,332
12326,-1.793823,110.726903,1,0.5,4.51,274
12327,-1.793823,110.753853,1,0.5,11.0,97
12328,-1.793823,110.757222,1,0.5,11.0,97
12329,-1.793823,110.76059,1,0.5,11.0,97
12330,-1.797192,110.191283,1,0.5,2.19,217
12331,-1.797192,110.194652,3,0.5,7.97,18
12332,-1.797192,110.19802,3,0.5,7.97,18
12333,-1.797192,110.201389,2,0.5,7.97,293
12334,-1.797192,110.204758,1,0.5,3.54,329
12335,-1.797192,110.208126,1,0.5,1.4,-1
12336,-1.797192,110.406879,1,0.5,2.17,217
12337,-1.797192,110.410247,1,0.5,2.17,217
12338,-1.797192,110.413616,1,0.5,2.17,217
12339,-1.797192,110.575313,1,0.5,3.74,317
12340,-1.797192,110.578681,1,0.5,3.74,317
12341,-1.797192,110.58205,1,0.5,3.74,317
12342,-1.797192,110.592156,1,0.5,5.35,183
12343,-1.797192,110.595525,1,0.5,5.35,183
12344,-1.797192,110.598893,2,0.75,5.64,-1
12345,-1.797192,110.602262,1,1.0,5.64,226
12346,-1.797192,110.605631,1,1.0,5.64,226
12347,-1.797192,110.693217,1,0.5,4.21,159
12348,-1.797192,110.696585,1,0.5,4.21,159
12349,-1.797192,110.699954,1,0.5,2.25,172
12350,-1.797192,110.703323,1,0.5,37.84,15
12351,-1.797192,110.706691,2,0.5,37.84,22
12352,-1.797192,110.71006,1,0.5,37.84,15
12353,-1.797192,110.713429,2,0.5,8.87,285
12354,-1.797192,110.716797,1,1.0,6.9,138
12355,-1.797192,110.720166,2,0.75,6.9,332
12356,-1.797192,110.723535,2,0.75,6.9,332
12357,-1.797192,110.726903,2,0.5,4.51,286
12358,-1.797192,110.730272,1,0.5,3.03,264
12359,-1.800561,110.184546,1,0.5,5.87,-1
12360,-1.800561,110.187914,1,0.5,5.87,-1
12361,-1.800561,110.191283,1,0.5,5.87,-1
12362,-1.800561,110.19802,1,0.5,1.68,-1
12363,-1.800561,110.201389,1,0.5,1.68,-1
12364,-1.800561,110.204758,1,0.5,1.68,-1
12365,-1.800561,110.208126,1,0.5,1.68,-1
12366,-1.800561,110.575313,1,0.5,3.74,317
12367,-1.800561,110.578681,1,0.5,3.74,317
12368,-1.800561,110.58205,1,0.5,3.74,317
12369,-1.800561,110.592156,2,0.5,5.42,287
12370,-1.800561,110.595525,2,0.5,5.42,287
12371,-1.800561,110.598893,2,0.75,5.64,-1
12372,-1.800561,110.602262,1,1.0,5.64,226
12373,-1.800561,110.605631,1,1.0,5.64,226
12374,-1.800561,110.615737,1,0.5,1.38,93
12375,-1.800561,110.619106,1,0.5,1.38,93
12376,-1.800561,110.622474,1,0.5,1.38,93
12377,-1.800561,110.652792,1,0.5,7.6,139
12378,-1.800561,110.656161,2,0.75,11.96,216
12379,-1.800561,110.65953,2,0.75,11.96,216
12380,-1.800561,110.662898,1,1.0,11.96,100
12381,-1.800561,110.693217,1,0.5,4.21,159
12382,-1.800561,110.696585,1,0.5,4.21,159
12383,-1.800561,110.699954,1,0.5,2.25,172
12384,-1.800561,110.703323,1,0.5,2.25,172
12385,-1.800561,110.706691,2,0.5,8.87,285
12386,-1.800561,110.71006,1,0.5,8.87,-1
12387,-1.800561,110.713429,2,0.5,8.87,285
12388,-1.800561,110.716797,1,1.0,6.9,138
12389,-1.800561,110.720166,2,0.75,6.9,332
12390,-1.800561,110.723535,2,0.75,6.9,332
12391,-1.800561,110.726903,2,0.5,4.51,286
12392,-1.800561,110.730272,1,0.5,3.03,264
12393,-1.803929,110.184546,1,0.5,5.87,-1
12394,-1.803929,110.187914,2,0.5,5.87,302
12395,-1.803929,110.191283,2,0.5,5.87,302
12396,-1.803929,110.194652,1,0.5,0.35,-1
12397,-1.803929,110.19802,1,0.5,1.55,127
12398,-1.803929,110.201389,1,0.5,1.55,127
12399,-1.803929,110.204758,1,0.5,1.55,127
12400,-1.803929,110.561838,2,0.5,18.23,-1
12401,-1.803929,110.565207,2,0.5,18.23,-1
12402,-1.803929,110.568575,2,0.5,18.23,-1
12403,-1.803929,110.575313,1,0.5,3.74,317
12404,-1.803929,110.578681,1,0.5,3.74,317
12405,-1.803929,110.58205,1,0.5,3.74,317
12406,-1.803929,110.588787,1,0.5,3.93,306
12407,-1.803929,110.592156,1,0.5,3.93,306
12408,-1.803929,110.595525,1,0.5,5.42,239
12409,-1.803929,110.615737,1,0.5,1.38,93
12410,-1.803929,110.619106,1,0.5,1.38,93
12411,-1.803929,110.622474,1,0.5,1.38,93
12412,-1.803929,110.652792,1,0.5,7.6,139
12413,-1.803929,110.656161,2,0.75,11.96,216
12414,-1.803929,110.65953,2,0.75,11.62,216
12415,-1.803929,110.662898,1,1.0,11.62,99
12416,-1.803929,110.699954,1,0.5,2.25,172
12417,-1.803929,110.703323,1,0.5,2.25,172
12418,-1.803929,110.706691,1,0.5,2.25,172
12419,-1.803929,110.713429,1,0.5,8.58,249
12420,-1.803929,110.716797,1,0.5,8.58,249
12421,-1.803929,110.720166,1,0.5,8.58,249
12422,-1.803929,110.723535,1,0.5,3.03,264
12423,-1.803929,110.726903,1,0.5,3.03,264
12424,-1.803929,110.730272,1,0.5,3.03,264
12425,-1.807298,110.171071,1,0.5,1.94,207
12426,-1.807298,110.174439,1,0.5,2.15,218
12427,-1.807298,110.177808,1,0.5,2.15,218
12428,-1.807298,110.181177,2,0.5,13.3,-1
12429,-1.807298,110.184546,2,0.5,13.3,-1
12430,-1.807298,110.187914,3,0.5,13.3,18
12431,-1.807298,110.191283,2,0.5,5.87,302
12432,-1.807298,110.194652,1,0.5,0.35,-1
12433,-1.807298,110.561838,2,0.5,18.23,-1
12434,-1.807298,110.565207,2,0.5,18.23,-1
12435,-1.807298,110.568575,2,0.5,18.23,-1
12436,-1.807298,110.575313,1,0.5,3.33,273
12437,-1.807298,110.578681,1,0.5,3.33,273
12438,-1.807298,110.58205,1,0.5,3.33,273
12439,-1.807298,110.585419,1,0.5,2.75,292
12440,-1.807298,110.588787,1,0.5,3.93,306
12441,-1.807298,110.592156,1,0.5,3.93,306
12442,-1.807298,110.595525,1,0.5,5.42,239
12443,-1.807298,110.656161,1,1.0,11.96,100
12444,-1.807298,110.65953,1,1.0,11.62,99
12445,-1.807298,110.662898,1,1.0,11.62,99
12446,-1.807298,110.666267,1,0.5,8.2,129
12447,-1.807298,110.669636,1,0.5,8.2,129
12448,-1.807298,110.686479,1,0.5,2.78,247
12449,-1.807298,110.689848,1,0.5,2.78,247
12450,-1.807298,110.693217,1,0.5,2.78,247
12451,-1.807298,110.706691,1,0.5,5.35,183
12452,-1.807298,110.71006,1,0.5,5.35,183
12453,-1.807298,110.713429,2,0.5,8.58,-1
12454,-1.807298,110.716797,1,0.5,8.58,249
12455,-1.807298,110.720166,1,0.5,8.58,249
12456,-1.810667,110.171071,1,0.5,1.94,207
12457,-1.810667,110.174439,1,0.5,2.15,218
12458,-1.810667,110.177808,2,0.5,9.58,262
12459,-1.810667,110.181177,3,0.5,13.3,18
12460,-1.810667,110.184546,2,0.5,13.3,-1
12461,-1.810667,110.187914,4,0.62,20.99,2
12462,-1.810667,110.191283,3,0.67,20.99,18
12463,-1.810667,110.194652,3,0.67,20.99,18
12464,-1.810667,110.19802,1,0.5,10.28,102
12465,-1.810667,110.561838,1,0.5,4.3,291
12466,-1.810667,110.565207,1,0.5,4.3,291
12467,-1.810667,110.568575,1,0.5,4.3,291
12468,-1.810667,110.585419,1,0.5,2.75,292
12469,-1.810667,110.588787,1,0.5,3.93,306
12470,-1.810667,110.592156,1,0.5,3.93,306
12471,-1.810667,110.656161,1,0.5,6.15,165
12472,-1.810667,110.65953,2,0.75,11.62,216
12473,-1.810667,110.662898,2,0.75,11.62,216
12474,-1.810667,110.666267,2,0.5,8.2,294
12475,-1.810667,110.669636,1,0.5,8.2,129
12476,-1.810667,110.686479,1,0.5,2.78,247
12477,-1.810667,110.689848,1,0.5,2.78,247
12478,-1.810667,110.693217,1,0.5,2.78,247
12479,-1.810667,110.71006,1,0.5,5.35,183
12480,-1.810667,110.713429,1,0.5,5.35,183
12481,-1.810667,110.716797,2,0.5,8.58,-1
12482,-1.810667,110.720166,1,0.5,8.58,249
12483,-1.810667,110.723535,1,0.5,8.58,249
12484,-1.810667,110.726903,1,0.5,16.51,48
12485,-1.810667,110.730272,1,0.5,16.51,48
12486,-1.810667,110.733641,1,0.5,16.51,48
12487,-1.810667,110.821226,1,0.5,11.95,100
12488,-1.810667,110.824595,1,0.5,11.95,100
12489,-1.810667,110.827964,1,0.5,11.95,100
12490,-1.814035,110.171071,1,0.5,1.94,207
12491,-1.814035,110.174439,1,0.5,9.58,107
12492,-1.814035,110.177808,3,0.5,9.58,18
12493,-1.814035,110.181177,3,0.5,9.58,18
12494,-1.814035,110.184546,3,0.5,54.45,-1
12495,-1.814035,110.187914,3,0.67,54.45,-1
12496,-1.814035,110.191283,2,0.75,20.99,50
12497,-1.814035,110.194652,2,0.75,20.99,50
12498,-1.814035,110.19802,1,0.5,10.28,102
12499,-1.814035,110.578681,1,0.5,2.7,308
12500,-1.814035,110.58205,1,0.5,2.7,308
12501,-1.814035,110.588787,1,0.5,2.75,292
12502,-1.814035,110.592156,1,0.5,2.75,292
12503,-1.814035,110.602262,1,0.5,49.74,-1
12504,-1.814035,110.605631,1,0.5,49.74,-1
12505,-1.814035,110.608999,1,0.5,49.74,-1
12506,-1.814035,110.65953,1,0.5,6.15,165
12507,-1.814035,110.662898,1,0.5,6.15,165
12508,-1.814035,110.666267,1,0.5,6.15,165
12509,-1.814035,110.669636,2,0.5,8.2,294
12510,-1.814035,110.673004,1,0.5,8.2,129
12511,-1.814035,110.686479,2,0.5,16.9,79
12512,-1.814035,110.689848,3,0.5,16.9,18
12513,-1.814035,110.693217,3,0.5,16.9,18
12514,-1.814035,110.696585,1,0.5,2.78,247
12515,-1.814035,110.71006,1,0.5,5.35,183
12516,-1.814035,110.713429,1,0.5,5.35,183
12517,-1.814035,110.716797,1,0.5,5.35,183
12518,-1.814035,110.723535,1,0.5,16.51,48
12519,-1.814035,110.726903,1,0.5,16.51,48
12520,-1.814035,110.730272,1,0.5,16.51,48
12521,-1.814035,110.733641,1,0.5,16.51,48
12522,-1.814035,110.814489,1,0.5,9.42,104
12523,-1.814035,110.817858,1,0.5,9.42,104
12524,-1.814035,110.821226,1,0.5,11.95,100
12525,-1.814035,110.824595,1,0.5,11.95,100
12526,-1.814035,110.827964,1,0.5,11.95,100
12527,-1.817404,110.174439,1,0.5,30.18,25
12528,-1.817404,110.177808,2,0.5,30.18,-1
12529,-1.817404,110.181177,2,0.5,30.18,-1
12530,-1.817404,110.184546,3,0.5,54.45,-1
12531,-1.817404,110.187914,3,0.67,54.45,-1
12532,-1.817404,110.191283,2,0.75,20.99,50
12533,-1.817404,110.194652,2,0.75,20.99,50
12534,-1.817404,110.19802,1,0.5,10.28,102
12535,-1.817404,110.578681,1,0.5,2.7,308
12536,-1.817404,110.58205,1,0.5,2.7,308
12537,-1.817404,110.602262,1,0.5,49.74,-1
12538,-1.817404,110.605631,1,0.5,49.74,-1
12539,-1.817404,110.608999,1,0.5,49.74,-1
12540,-1.817404,110.642686,1,0.5,7.55,140
12541,-1.817404,110.646055,3,0.5,8.81,18
12542,-1.817404,110.649424,3,0.5,8.81,18
12543,-1.817404,110.652792,2,0.5,8.81,285
12544,-1.817404,110.65953,1,0.5,6.15,165
12545,-1.817404,110.662898,1,0.5,6.15,165
12546,-1.817404,110.666267,1,0.5,6.15,165
12547,-1.817404,110.669636,1,0.5,6.15,165
12548,-1.817404,110.686479,2,0.5,16.9,79
12549,-1.817404,110.689848,2,0.5,16.9,79
12550,-1.817404,110.693217,2,0.5,16.9,79
12551,-1.817404,110.71006,1,0.5,5.35,183
12552,-1.817404,110.713429,1,0.5,5.35,183
12553,-1.817404,110.716797,1,0.5,5.35,183
12554,-1.817404,110.723535,1,0.5,16.51,48
12555,-1.817404,110.726903,1,0.5,16.51,48
12556,-1.817404,110.730272,1,0.5,16.51,48
12557,-1.817404,110.733641,1,0.5,16.51,48
12558,-1.817404,110.814489,1,0.5,9.42,104
12559,-1.817404,110.817858,1,0.5,9.42,104
12560,-1.817404,110.821226,1,0.5,11.95,100
12561,-1.817404,110.824595,1,0.5,11.95,100
12562,-1.817404,110.827964,1,0.5,11.95,100
12563,-1.820773,110.174439,1,0.5,30.18,25
12564,-1.820773,110.177808,1,0.5,30.18,25
12565,-1.820773,110.181177,1,0.5,30.18,25
12566,-1.820773,110.184546,2,0.5,54.45,-1
12567,-1.820773,110.187914,3,0.67,54.45,-1
12568,-1.820773,110.191283,3,0.67,20.99,18
12569,-1.820773,110.194652,3,0.67,20.99,18
12570,-1.820773,110.19802,2,0.5,10.28,-1
12571,-1.820773,110.578681,1,0.5,2.7,308
12572,-1.820773,110.58205,1,0.5,2.7,308
12573,-1.820773,110.602262,1,0.5,49.74,-1
12574,-1.820773,110.605631,1,0.5,49.74,-1
12575,-1.820773,110.608999,1,0.5,49.74,-1
12576,-1.820773,110.642686,2,0.5,5.91,302
12577,-1.820773,110.646055,3,0.5,8.81,18
12578,-1.820773,110.649424,3,0.5,8.81,18
12579,-1.820773,110.652792,2,0.5,8.81,285
12580,-1.820773,110.686479,1,0.5,14.23,46
12581,-1.820773,110.689848,1,0.5,14.23,46
12582,-1.820773,110.693217,1,0.5,14.23,46
12583,-1.820773,110.723535,1,0.5,16.51,48
12584,-1.820773,110.726903,1,0.5,16.51,48
12585,-1.820773,110.730272,1,0.5,16.51,48
12586,-1.820773,110.733641,1,0.5,16.51,48
12587,-1.820773,110.814489,1,0.5,9.42,104
12588,-1.820773,110.817858,1,0.5,9.42,104
12589,-1.820773,110.821226,1,0.5,9.42,104
12590,-1.824141,110.191283,1,0.5,9.73,119
12591,-1.824141,110.194652,1,0.5,9.73,119
12592,-1.824141,110.19802,1,0.5,9.73,119
12593,-1.824141,110.201389,1,0.5,9.73,119
12594,-1.824141,110.585419,1,0.5,3.59,-1
12595,-1.824141,110.588787,1,0.5,3.59,-1
12596,-1.824141,110.642686,1,0.5,5.91,214
12597,-1.824141,110.646055,2,0.5,8.81,285
12598,-1.824141,110.649424,2,0.5,8.81,285
12599,-1.824141,110.652792,2,0.5,8.81,285
12600,-1.824141,110.662898,1,0.5,22.05,45
12601,-1.824141,110.666267,1,0.5,22.05,45
12602,-1.824141,110.669636,1,0.5,22.05,45
12603,-1.824141,110.716797,1,0.5,4.09,289
12604,-1.824141,110.720166,1,0.5,4.09,289
12605,-1.824141,110.723535,1,0.5,4.09,289
12606,-1.824141,110.797646,1,0.5,4.27,171
12607,-1.824141,110.801014,1,0.5,4.27,171
12608,-1.824141,110.804383,1,0.5,4.27,171
12609,-1.824141,110.858282,1,0.5,10.96,97
12610,-1.824141,110.861651,1,0.5,10.96,97
12611,-1.824141,110.865019,1,0.5,10.96,97
12612,-1.82751,110.154227,1,0.5,3.07,270
12613,-1.82751,110.157596,1,0.5,3.07,270
12614,-1.82751,110.194652,1,0.5,9.73,119
12615,-1.82751,110.19802,1,0.5,9.73,119
12616,-1.82751,110.201389,1,0.5,9.73,119
12617,-1.82751,110.585419,1,0.5,3.59,-1
12618,-1.82751,110.588787,1,0.5,3.59,-1
12619,-1.82751,110.625843,1,0.5,14.58,57
12620,-1.82751,110.629212,1,0.5,14.58,57
12621,-1.82751,110.63258,1,0.5,14.58,57
12622,-1.82751,110.635949,1,0.5,14.58,57
12623,-1.82751,110.642686,1,0.5,5.91,214
12624,-1.82751,110.646055,1,0.5,5.91,214
12625,-1.82751,110.649424,1,0.5,5.91,214
12626,-1.82751,110.652792,1,0.5,5.91,214
12627,-1.82751,110.662898,1,0.5,22.05,45
12628,-1.82751,110.666267,1,0.5,22.05,45
12629,-1.82751,110.669636,1,0.5,22.05,45
12630,-1.82751,110.716797,1,0.5,4.09,289
12631,-1.82751,110.720166,1,0.5,4.09,289
12632,-1.82751,110.723535,1,0.5,4.09,289
12633,-1.82751,110.797646,1,0.5,4.27,171
12634,-1.82751,110.801014,1,0.5,4.27,171
12635,-1.82751,110.804383,1,0.5,4.27,171
12636,-1.82751,110.858282,1,0.5,10.96,97
12637,-1.82751,110.861651,1,0.5,10.96,97
12638,-1.82751,110.865019,1,0.5,10.96,97
12639,-1.830879,110.154227,1,0.5,3.07,270
12640,-1.830879,110.157596,1,0.5,3.07,270
12641,-1.830879,110.558469,1,0.5,3.68,-1
12642,-1.830879,110.561838,1,0.5,3.68,-1
12643,-1.830879,110.585419,1,0.5,3.59,-1
12644,-1.830879,110.588787,1,0.5,3.59,-1
12645,-1.830879,110.625843,1,0.5,14.58,57
12646,-1.830879,110.629212,1,0.5,14.58,57
12647,-1.830879,110.63258,1,0.5,14.58,57
12648,-1.830879,110.635949,1,0.5,14.58,57
12649,-1.830879,110.716797,1,0.5,4.09,289
12650,-1.830879,110.720166,1,0.5,4.09,289
12651,-1.830879,110.723535,1,0.5,4.09,289
12652,-1.830879,110.797646,1,0.5,4.27,171
12653,-1.830879,110.801014,1,0.5,4.27,171
12654,-1.830879,110.804383,1,0.5,4.27,171
12655,-1.834248,110.154227,1,0.5,3.07,270
12656,-1.834248,110.157596,1,0.5,3.07,270
12657,-1.834248,110.558469,1,0.5,3.68,-1
12658,-1.834248,110.561838,1,0.5,3.68,-1
12659,-1.834248,110.612368,1,0.5,2.78,247
12660,-1.834248,110.615737,1,0.5,2.78,247
12661,-1.834248,110.619106,1,0.5,2.78,247
12662,-1.834248,110.625843,1,0.5,14.58,57
12663,-1.834248,110.629212,1,0.5,14.58,57
12664,-1.834248,110.63258,1,0.5,14.58,57
12665,-1.834248,110.635949,1,0.5,14.58,57
12666,-1.834248,110.646055,1,0.5,3.79,319
12667,-1.834248,110.649424,1,0.5,3.79,319
12668,-1.834248,110.703323,1,0.5,2.97,259
12669,-1.834248,110.706691,1,0.5,2.97,259
12670,-1.834248,110.71006,1,0.5,2.97,259
12671,-1.837616,110.558469,1,0.5,8.49,152
12672,-1.837616,110.561838,1,0.5,3.68,-1
12673,-1.837616,110.612368,1,0.5,2.78,247
12674,-1.837616,110.615737,1,0.5,2.78,247
12675,-1.837616,110.619106,1,0.5,2.78,247
12676,-1.837616,110.646055,1,0.5,3.79,319
12677,-1.837616,110.649424,1,0.5,3.79,319
12678,-1.837616,110.703323,1,0.5,2.97,259
12679,-1.837616,110.706691,1,0.5,2.97,259
12680,-1.837616,110.71006,1,0.5,2.97,259
12681,-1.840985,110.555101,1,1.0,20.85,55
12682,-1.840985,110.558469,1,1.0,20.85,55
12683,-1.840985,110.561838,1,1.0,20.85,55
12684,-1.840985,110.646055,1,0.5,3.79,319
12685,-1.840985,110.649424,1,0.5,3.79,319
12686,-1.840985,110.713429,1,0.5,1.83,189
12687,-1.840985,110.716797,1,0.5,1.83,189
12688,-1.840985,110.720166,1,0.5,1.83,189
12689,-1.844354,110.555101,1,1.0,20.85,55
12690,-1.844354,110.558469,1,1.0,20.85,55
12691,-1.844354,110.561838,1,1.0,20.85,55
12692,-1.844354,110.646055,1,1.0,6.14,166
12693,-1.844354,110.649424,1,1.0,6.14,166
12694,-1.844354,110.652792,1,1.0,6.14,166
12695,-1.844354,110.713429,1,0.5,1.83,189
12696,-1.844354,110.716797,1,0.5,1.83,189
12697,-1.844354,110.720166,1,0.5,1.83,189
12698,-1.844354,110.824595,1,0.5,3.94,306
12699,-1.844354,110.827964,1,0.5,3.94,306
12700,-1.844354,110.831333,1,0.5,3.94,306
12701,-1.844354,110.834701,1,0.5,3.94,306
12702,-1.844354,110.83807,1,0.5,3.94,306
12703,-1.847722,110.555101,1,1.0,20.85,55
12704,-1.847722,110.558469,3,0.67,56.6,-1
12705,-1.847722,110.561838,3,0.67,56.6,-1
12706,-1.847722,110.565207,2,0.5,56.6,-1
12707,-1.847722,110.646055,1,1.0,6.14,166
12708,-1.847722,110.649424,1,1.0,6.14,166
12709,-1.847722,110.652792,1,1.0,6.14,166
12710,-1.847722,110.679742,1,0.5,15.04,-1
12711,-1.847722,110.68311,1,0.5,12.45,92
12712,-1.847722,110.686479,1,0.5,12.45,92
12713,-1.847722,110.713429,1,0.5,1.83,189
12714,-1.847722,110.716797,1,0.5,1.83,189
12715,-1.847722,110.720166,1,0.5,1.83,189
12716,-1.847722,110.81112,1,0.5,9.17,196
12717,-1.847722,110.814489,1,0.5,9.17,196
12718,-1.847722,110.817858,1,0.5,9.17,196
12719,-1.847722,110.824595,1,0.5,3.94,306
12720,-1.847722,110.827964,1,0.5,3.17,261
12721,-1.847722,110.831333,1,0.5,3.17,261
12722,-1.847722,110.834701,1,0.5,3.17,261
12723,-1.847722,110.83807,1,0.5,3.94,306
12724,-1.851091,110.053167,1,0.5,6.34,231
12725,-1.851091,110.056536,1,0.5,6.34,231
12726,-1.851091,110.059904,1,0.5,6.34,231
12727,-1.851091,110.511308,1,0.5,6.02,-1
12728,-1.851091,110.514676,1,0.5,6.02,184
12729,-1.851091,110.518045,2,0.5,6.02,302
12730,-1.851091,110.521414,1,0.5,3.63,283
12731,-1.851091,110.524782,1,0.5,3.63,283
12732,-1.851091,110.555101,1,1.0,20.85,55
12733,-1.851091,110.558469,3,0.67,56.6,-1
12734,-1.851091,110.561838,4,0.62,56.6,-1
12735,-1.851091,110.565207,3,0.5,56.6,-1
12736,-1.851091,110.646055,1,1.0,6.14,166
12737,-1.851091,110.649424,1,1.0,6.14,166
12738,-1.851091,110.652792,1,1.0,6.14,166
12739,-1.851091,110.656161,1,0.5,45.58,10
12740,-1.851091,110.65953,1,0.5,45.58,10
12741,-1.851091,110.679742,1,0.5,15.04,-1
12742,-1.851091,110.68311,1,0.5,12.45,92
12743,-1.851091,110.686479,1,0.5,12.45,92
12744,-1.851091,110.71006,1,1.0,20.78,55
12745,-1.851091,110.713429,1,1.0,20.78,55
12746,-1.851091,110.716797,1,1.0,20.78,55
12747,-1.851091,110.81112,1,0.5,9.17,196
12748,-1.851091,110.814489,1,0.5,9.17,196
12749,-1.851091,110.817858,1,0.5,9.17,196
12750,-1.851091,110.824595,1,0.5,3.94,306
12751,-1.851091,110.827964,1,0.5,3.17,261
12752,-1.851091,110.831333,1,0.5,3.17,261
12753,-1.851091,110.834701,1,0.5,3.17,261
12754,-1.851091,110.83807,1,0.5,3.94,306
12755,-1.85446,110.053167,1,0.5,6.34,231
12756,-1.85446,110.056536,1,0.5,6.34,231
12757,-1.85446,110.059904,1,0.5,6.34,231
12758,-1.85446,110.2755,1,0.5,3.03,264
12759,-1.85446,110.278869,1,0.5,3.03,264
12760,-1.85446,110.282237,1,0.5,3.03,264
12761,-1.85446,110.511308,2,0.5,6.02,302
12762,-1.85446,110.514676,2,0.5,6.02,302
12763,-1.85446,110.518045,2,0.5,6.02,302
12764,-1.85446,110.521414,1,0.5,3.63,283
12765,-1.85446,110.524782,1,0.5,3.63,283
12766,-1.85446,110.555101,1,0.5,8.49,152
12767,-1.85446,110.558469,3,0.5,56.6,-1
12768,-1.85446,110.561838,4,0.5,56.6,-1
12769,-1.85446,110.565207,3,0.5,56.6,-1
12770,-1.85446,110.585419,1,0.5,28.81,28
12771,-1.85446,110.588787,1,0.5,28.81,28
12772,-1.85446,110.646055,1,1.0,6.14,166
12773,-1.85446,110.649424,1,1.0,6.14,166
12774,-1.85446,110.652792,1,1.0,6.14,166
12775,-1.85446,110.656161,1,0.5,45.58,10
12776,-1.85446,110.65953,1,0.5,45.58,10
12777,-1.85446,110.68311,1,0.5,12.45,92
12778,-1.85446,110.686479,1,0.5,12.45,92
12779,-1.85446,110.71006,1,1.0,20.78,55
12780,-1.85446,110.713429,1,1.0,20.78,55
12781,-1.85446,110.716797,1,1.0,20.78,55
12782,-1.85446,110.777434,1,0.5,6.21,-1
12783,-1.85446,110.780802,1,0.5,6.21,-1
12784,-1.85446,110.784171,1,0.5,6.21,-1
12785,-1.85446,110.81112,1,0.5,9.17,196
12786,-1.85446,110.814489,1,0.5,9.17,196
12787,-1.85446,110.817858,1,0.5,9.17,196
12788,-1.85446,110.824595,1,0.5,3.94,306
12789,-1.85446,110.827964,1,0.5,3.17,261
12790,-1.85446,110.831333,1,0.5,3.17,261
12791,-1.85446,110.834701,1,0.5,3.17,261
12792,-1.85446,110.83807,1,0.5,3.94,306
12793,-1.857828,110.2755,1,0.5,3.03,264
12794,-1.857828,110.278869,1,0.5,3.03,264
12795,-1.857828,110.282237,1,0.5,3.03,264
12796,-1.857828,110.346242,1,0.5,0.67,69
12797,-1.857828,110.349611,1,0.5,0.67,69
12798,-1.857828,110.35298,1,0.5,0.67,69
12799,-1.857828,110.511308,2,0.5,6.02,302
12800,-1.857828,110.514676,2,0.5,6.02,302
12801,-1.857828,110.518045,2,0.5,6.02,302
12802,-1.857828,110.521414,1,0.5,3.63,283
12803,-1.857828,110.524782,1,0.5,3.63,283
12804,-1.857828,110.568575,1,0.5,65.64,5
12805,-1.857828,110.571944,1,0.5,65.64,5
12806,-1.857828,110.58205,1,0.5,28.81,28
12807,-1.857828,110.585419,1,0.5,28.81,28
12808,-1.857828,110.588787,1,0.5,28.81,28
12809,-1.857828,110.602262,1,0.5,6.83,137
12810,-1.857828,110.605631,2,0.5,14.21,90
12811,-1.857828,110.608999,2,0.5,14.21,90
12812,-1.857828,110.612368,2,0.5,14.21,90
12813,-1.857828,110.646055,1,0.5,6.14,166
12814,-1.857828,110.649424,1,0.5,6.14,166
12815,-1.857828,110.652792,1,0.5,45.58,10
12816,-1.857828,110.656161,1,0.5,45.58,10
12817,-1.857828,110.65953,1,0.5,45.58,10
12818,-1.857828,110.71006,1,1.0,20.78,55
12819,-1.857828,110.713429,1,1.0,20.78,55
12820,-1.857828,110.716797,1,1.0,20.78,55
12821,-1.857828,110.743747,1,0.5,9.06,156
12822,-1.857828,110.747115,1,0.5,9.06,156
12823,-1.857828,110.750484,1,0.5,9.06,156
12824,-1.857828,110.767328,1,0.5,7.91,133
12825,-1.857828,110.770696,1,0.5,7.91,133
12826,-1.857828,110.774065,1,0.5,7.91,133
12827,-1.857828,110.777434,1,0.5,6.21,-1
12828,-1.857828,110.780802,1,0.5,6.21,-1
12829,-1.857828,110.784171,1,0.5,6.21,-1
12830,-1.857828,110.827964,1,0.5,11.19,-1
12831,-1.857828,110.831333,1,0.5,3.17,261
12832,-1.857828,110.834701,1,0.5,3.17,261
12833,-1.857828,110.841439,1,0.5,9.15,-1
12834,-1.857828,110.844807,1,0.5,9.15,-1
12835,-1.857828,110.848176,1,0.5,9.15,-1
12836,-1.861197,110.036323,1,0.5,7.92,133
12837,-1.861197,110.039692,1,0.5,7.92,133
12838,-1.861197,110.043061,1,0.5,7.92,133
12839,-1.861197,110.2755,1,0.5,3.03,264
12840,-1.861197,110.278869,1,0.5,3.03,264
12841,-1.861197,110.282237,1,0.5,3.03,264
12842,-1.861197,110.346242,1,0.5,0.67,69
12843,-1.861197,110.349611,1,0.5,0.67,69
12844,-1.861197,110.35298,1,0.5,0.67,69
12845,-1.861197,110.561838,1,0.5,3.4,299
12846,-1.861197,110.565207,1,0.5,3.4,299
12847,-1.861197,110.568575,1,0.5,65.64,5
12848,-1.861197,110.571944,1,0.5,65.64,5
12849,-1.861197,110.58205,1,0.5,28.81,28
12850,-1.861197,110.585419,2,0.5,28.81,37
12851,-1.861197,110.588787,2,0.5,28.81,37
12852,-1.861197,110.592156,1,0.5,12.2,-1
12853,-1.861197,110.595525,1,0.5,12.2,-1
12854,-1.861197,110.602262,2,0.5,6.83,-1
12855,-1.861197,110.605631,3,0.5,14.21,18
12856,-1.861197,110.608999,3,0.5,14.21,18
12857,-1.861197,110.612368,2,0.5,14.21,90
12858,-1.861197,110.615737,1,0.5,11.07,98
12859,-1.861197,110.619106,1,0.5,11.07,98
12860,-1.861197,110.622474,1,0.5,11.07,98
12861,-1.861197,110.625843,1,0.5,11.07,98
12862,-1.861197,110.68311,2,0.5,14.37,90
12863,-1.861197,110.686479,3,0.5,14.37,18
12864,-1.861197,110.689848,3,0.5,14.37,18
12865,-1.861197,110.693217,1,0.5,3.41,296
12866,-1.861197,110.743747,1,0.5,9.06,156
12867,-1.861197,110.747115,1,0.5,9.06,156
12868,-1.861197,110.750484,1,0.5,9.06,156
12869,-1.861197,110.767328,1,0.5,7.91,133
12870,-1.861197,110.770696,1,0.5,7.91,133
12871,-1.861197,110.774065,2,0.5,61.0,-1
12872,-1.861197,110.777434,1,0.5,61.0,5
12873,-1.861197,110.780802,1,0.5,61.0,5
12874,-1.861197,110.797646,1,0.5,6.51,241
12875,-1.861197,110.801014,1,0.5,8.77,206
12876,-1.861197,110.804383,1,0.5,8.77,206
12877,-1.861197,110.807752,1,0.5,8.77,206
12878,-1.861197,110.841439,1,0.5,9.15,-1
12879,-1.861197,110.844807,1,0.5,9.15,-1
12880,-1.861197,110.848176,1,0.5,9.15,-1
12881,-1.861197,110.851545,1,0.5,9.15,-1
12882,-1.864566,110.036323,1,0.5,7.92,133
12883,-1.864566,110.039692,1,0.5,7.92,133
12884,-1.864566,110.043061,2,0.5,7.92,293
12885,-1.864566,110.04643,1,0.5,5.22,158
12886,-1.864566,110.049798,1,0.5,5.22,158
12887,-1.864566,110.346242,1,0.5,0.67,69
12888,-1.864566,110.349611,1,0.5,0.67,69
12889,-1.864566,110.35298,1,0.5,0.67,69
12890,-1.864566,110.561838,1,0.5,3.4,299
12891,-1.864566,110.565207,1,0.5,3.4,299
12892,-1.864566,110.58205,1,0.5,28.81,28
12893,-1.864566,110.585419,2,0.5,28.81,37
12894,-1.864566,110.588787,1,0.5,12.2,-1
12895,-1.864566,110.592156,1,0.5,12.2,-1
12896,-1.864566,110.595525,1,0.5,12.2,-1
12897,-1.864566,110.602262,2,0.5,6.83,-1
12898,-1.864566,110.605631,3,0.5,14.21,18
12899,-1.864566,110.608999,3,0.5,14.21,18
12900,-1.864566,110.612368,2,0.5,14.21,90
12901,-1.864566,110.615737,1,0.5,11.07,98
12902,-1.864566,110.619106,1,0.5,11.07,98
12903,-1.864566,110.622474,1,0.5,11.07,98
12904,-1.864566,110.625843,1,0.5,11.07,98
12905,-1.864566,110.629212,1,0.5,10.08,120
12906,-1.864566,110.63258,1,0.5,10.08,120
12907,-1.864566,110.635949,1,0.5,10.08,120
12908,-1.864566,110.68311,2,0.5,14.37,90
12909,-1.864566,110.686479,3,0.5,14.37,18
12910,-1.864566,110.689848,3,0.5,14.37,18
12911,-1.864566,110.693217,3,0.5,19.23,-1
12912,-1.864566,110.743747,1,0.5,2.75,292
12913,-1.864566,110.747115,1,0.5,2.75,292
12914,-1.864566,110.750484,1,0.5,2.75,292
12915,-1.864566,110.770696,1,0.5,7.91,133
12916,-1.864566,110.774065,2,0.5,61.0,-1
12917,-1.864566,110.777434,2,0.5,61.0,-1
12918,-1.864566,110.780802,1,0.5,61.0,5
12919,-1.864566,110.784171,1,0.5,61.0,5
12920,-1.864566,110.801014,1,0.5,6.51,241
12921,-1.864566,110.804383,1,0.5,8.77,206
12922,-1.864566,110.807752,1,0.5,8.77,206
12923,-1.864566,110.81112,1,0.5,8.77,206
12924,-1.864566,110.844807,1,0.5,9.15,-1
12925,-1.864566,110.848176,1,0.5,9.15,-1
12926,-1.864566,110.851545,1,0.5,9.15,-1
12927,-1.867934,110.036323,1,0.5,7.92,133
12928,-1.867934,110.039692,1,0.5,7.92,133
12929,-1.867934,110.043061,2,0.5,7.92,293
12930,-1.867934,110.04643,1,0.5,5.22,158
12931,-1.867934,110.049798,1,0.5,5.22,158
12932,-1.867934,110.561838,1,0.5,3.4,299
12933,-1.867934,110.565207,1,0.5,3.4,299
12934,-1.867934,110.585419,1,0.5,8.71,-1
12935,-1.867934,110.588787,1,0.5,12.2,-1
12936,-1.867934,110.592156,1,0.5,12.2,-1
12937,-1.867934,110.595525,1,0.5,12.2,-1
12938,-1.867934,110.598893,1,0.5,12.2,-1
12939,-1.867934,110.608999,1,0.5,14.21,46
12940,-1.867934,110.612368,1,0.5,14.21,46
12941,-1.867934,110.615737,1,0.5,11.07,98
12942,-1.867934,110.619106,1,0.5,11.07,98
12943,-1.867934,110.622474,1,0.5,11.07,98
12944,-1.867934,110.625843,1,0.5,11.07,98
12945,-1.867934,110.629212,1,0.5,11.07,98
12946,-1.867934,110.63258,1,0.5,10.08,120
12947,-1.867934,110.635949,2,0.5,10.08,-1
12948,-1.867934,110.639318,2,0.5,10.08,-1
12949,-1.867934,110.686479,2,0.5,14.37,90
12950,-1.867934,110.689848,3,0.5,14.37,18
12951,-1.867934,110.693217,3,0.5,14.37,18
12952,-1.867934,110.696585,3,0.5,19.23,-1
12953,-1.867934,110.699954,1,0.5,1.24,-1
12954,-1.867934,110.703323,1,0.5,1.24,-1
12955,-1.867934,110.743747,1,0.5,2.75,292
12956,-1.867934,110.747115,1,0.5,2.75,292
12957,-1.867934,110.750484,1,0.5,2.75,292
12958,-1.867934,110.76059,1,1.0,16.91,52
12959,-1.867934,110.763959,1,1.0,19.28,71
12960,-1.867934,110.767328,1,1.0,19.28,71
12961,-1.867934,110.770696,2,0.75,19.28,50
12962,-1.867934,110.774065,2,0.5,61.0,-1
12963,-1.867934,110.777434,2,0.5,61.0,-1
12964,-1.867934,110.780802,1,0.5,61.0,5
12965,-1.867934,110.784171,1,0.5,61.0,5
12966,-1.867934,110.801014,1,0.5,6.51,241
12967,-1.867934,110.804383,1,0.5,8.77,206
12968,-1.867934,110.807752,1,0.5,8.77,206
12969,-1.867934,110.81112,1,0.5,8.77,206
12970,-1.871303,110.043061,1,0.5,5.22,158
12971,-1.871303,110.04643,1,0.5,5.22,158
12972,-1.871303,110.049798,1,0.5,5.22,158
12973,-1.871303,110.130647,1,0.5,4.43,-1
12974,-1.871303,110.134015,1,0.5,6.66,167
12975,-1.871303,110.137384,1,0.5,6.66,167
12976,-1.871303,110.555101,1,0.5,19.95,66
12977,-1.871303,110.558469,1,0.5,19.95,66
12978,-1.871303,110.561838,1,0.5,19.95,66
12979,-1.871303,110.565207,1,0.5,25.81,-1
12980,-1.871303,110.568575,1,0.5,25.81,-1
12981,-1.871303,110.608999,1,0.5,14.21,46
12982,-1.871303,110.612368,1,0.5,14.21,46
12983,-1.871303,110.615737,1,0.5,14.21,46
12984,-1.871303,110.63258,1,0.5,10.08,120
12985,-1.871303,110.635949,2,0.5,10.08,-1
12986,-1.871303,110.639318,2,0.5,10.08,-1
12987,-1.871303,110.656161,1,0.5,12.96,96
12988,-1.871303,110.65953,1,0.5,12.96,96
12989,-1.871303,110.662898,2,0.75,13.15,112
12990,-1.871303,110.666267,1,1.0,13.15,-1
12991,-1.871303,110.669636,1,1.0,13.15,-1
12992,-1.871303,110.686479,2,0.5,14.37,90
12993,-1.871303,110.689848,2,0.5,14.37,90
12994,-1.871303,110.693217,2,0.5,14.37,90
12995,-1.871303,110.696585,2,0.5,19.23,50
12996,-1.871303,110.699954,1,0.5,1.24,-1
12997,-1.871303,110.703323,1,0.5,1.24,-1
12998,-1.871303,110.743747,1,0.5,2.75,292
12999,-1.871303,110.747115,1,0.5,2.75,292
13000,-1.871303,110.750484,1,0.5,2.75,292
13001,-1.871303,110.76059,1,1.0,16.91,52
13002,-1.871303,110.763959,2,0.75,78.38,3
13003,-1.871303,110.767328,2,0.75,78.38,3
13004,-1.871303,110.770696,2,0.75,78.38,3
13005,-1.871303,110.777434,1,0.5,61.0,5
13006,-1.871303,110.780802,1,0.5,61.0,5
13007,-1.871303,110.784171,1,0.5,61.0,5
13008,-1.871303,110.801014,2,0.5,6.51,309
13009,-1.871303,110.804383,2,0.5,6.51,309
13010,-1.871303,110.807752,2,0.5,6.51,309
13011,-1.874672,110.130647,1,0.5,18.73,61
13012,-1.874672,110.134015,1,0.5,6.66,167
13013,-1.874672,110.137384,1,0.5,6.66,167
13014,-1.874672,110.140753,1,0.5,11.15,116
13015,-1.874672,110.544995,1,0.5,8.83,-1
13016,-1.874672,110.548363,1,0.5,8.83,-1
13017,-1.874672,110.555101,1,0.5,19.95,66
13018,-1.874672,110.558469,2,0.5,19.95,50
13019,-1.874672,110.561838,2,0.5,19.95,50
13020,-1.874672,110.565207,2,0.5,25.81,37
13021,-1.874672,110.568575,1,0.5,25.81,-1
13022,-1.874672,110.635949,1,0.5,6.17,-1
13023,-1.874672,110.639318,1,0.5,6.17,-1
13024,-1.874672,110.656161,1,0.5,12.96,96
13025,-1.874672,110.65953,2,0.5,12.96,112
13026,-1.874672,110.662898,2,0.75,13.15,112
13027,-1.874672,110.666267,1,1.0,13.15,-1
13028,-1.874672,110.669636,1,1.0,13.15,-1
13029,-1.874672,110.699954,1,0.5,1.24,-1
13030,-1.874672,110.703323,1,0.5,1.24,-1
13031,-1.874672,110.76059,1,1.0,16.91,52
13032,-1.874672,110.763959,3,0.67,78.38,-1
13033,-1.874672,110.767328,4,0.62,78.38,-1
13034,-1.874672,110.770696,3,0.67,78.38,-1
13035,-1.874672,110.774065,1,0.5,3.43,295
13036,-1.874672,110.78754,1,0.5,6.15,165
13037,-1.874672,110.790908,1,0.5,6.15,165
13038,-1.874672,110.794277,1,0.5,6.15,165
13039,-1.874672,110.801014,1,0.5,0.96,62
13040,-1.874672,110.804383,1,0.5,0.96,62
13041,-1.874672,110.807752,1,0.5,0.96,62
13042,-1.87804,110.130647,1,0.5,18.73,61
13043,-1.87804,110.134015,1,0.5,18.73,61
13044,-1.87804,110.137384,1,0.5,18.73,61
13045,-1.87804,110.140753,1,0.5,11.15,116
13046,-1.87804,110.507939,1,0.5,5.62,227
13047,-1.87804,110.511308,1,0.5,5.62,227
13048,-1.87804,110.514676,1,0.5,5.62,227
13049,-1.87804,110.53152,1,0.5,6.75,137
13050,-1.87804,110.534888,1,0.5,6.75,137
13051,-1.87804,110.538257,1,0.5,6.75,137
13052,-1.87804,110.544995,2,0.5,8.83,285
13053,-1.87804,110.548363,2,0.5,8.83,285
13054,-1.87804,110.551732,1,0.5,5.14,-1
13055,-1.87804,110.555101,1,0.5,19.95,66
13056,-1.87804,110.558469,2,0.5,19.95,50
13057,-1.87804,110.561838,2,0.5,19.95,50
13058,-1.87804,110.565207,1,0.5,11.54,86
13059,-1.87804,110.578681,1,0.5,6.28,188
13060,-1.87804,110.58205,1,0.5,6.28,188
13061,-1.87804,110.585419,1,0.5,6.28,188
13062,-1.87804,110.588787,1,0.5,6.28,188
13063,-1.87804,110.592156,1,0.5,6.28,188
13064,-1.87804,110.602262,1,0.5,5.38,193
13065,-1.87804,110.605631,1,0.5,5.38,193
13066,-1.87804,110.608999,1,0.5,5.38,193
13067,-1.87804,110.656161,1,0.5,12.96,96
13068,-1.87804,110.65953,2,0.5,12.96,112
13069,-1.87804,110.662898,2,0.75,13.15,112
13070,-1.87804,110.666267,2,0.75,13.15,112
13071,-1.87804,110.669636,2,0.75,13.15,112
13072,-1.87804,110.673004,1,0.5,6.1,163
13073,-1.87804,110.763959,2,0.5,78.38,3
13074,-1.87804,110.767328,3,0.5,78.38,-1
13075,-1.87804,110.770696,2,0.5,15.76,80
13076,-1.87804,110.774065,2,0.5,15.76,80
13077,-1.87804,110.777434,2,0.5,15.76,80
13078,-1.87804,110.780802,1,0.5,5.38,193
13079,-1.87804,110.78754,1,0.5,6.15,165
13080,-1.87804,110.790908,1,0.5,6.15,165
13081,-1.87804,110.794277,1,0.5,6.15,165
13082,-1.87804,110.801014,1,0.5,0.96,62
13083,-1.87804,110.804383,1,0.5,0.96,62
13084,-1.87804,110.807752,1,0.5,0.96,62
13085,-1.881409,110.507939,1,0.5,5.62,227
13086,-1.881409,110.511308,1,0.5,5.62,227
13087,-1.881409,110.514676,2,0.5,7.33,331
13088,-1.881409,110.518045,2,0.5,16.21,-1
13089,-1.881409,110.521414,1,0.5,7.33,145
13090,-1.881409,110.53152,1,0.5,6.75,137
13091,-1.881409,110.534888,2,0.5,6.75,-1
13092,-1.881409,110.538257,2,0.5,6.75,-1
13093,-1.881409,110.541626,1,0.5,3.79,319
13094,-1.881409,110.544995,2,0.5,8.83,285
13095,-1.881409,110.548363,2,0.5,8.83,285
13096,-1.881409,110.551732,1,0.5,5.14,-1
13097,-1.881409,110.578681,1,0.5,6.28,188
13098,-1.881409,110.58205,2,0.5,6.28,309
13099,-1.881409,110.585419,2,0.5,6.28,309
13100,-1.881409,110.588787,2,0.5,6.28,309
13101,-1.881409,110.592156,1,0.5,6.28,188
13102,-1.881409,110.602262,1,0.5,5.38,193
13103,-1.881409,110.605631,1,0.5,5.38,193
13104,-1.881409,110.608999,2,0.5,5.38,287
13105,-1.881409,110.612368,1,0.5,4.85,209
13106,-1.881409,110.615737,1,0.5,4.85,209
13107,-1.881409,110.65953,1,0.5,5.95,215
13108,-1.881409,110.662898,2,0.5,9.64,262
13109,-1.881409,110.666267,3,0.5,9.64,18
13110,-1.881409,110.669636,3,0.5,9.64,18
13111,-1.881409,110.673004,2,0.5,9.64,262
13112,-1.881409,110.763959,1,0.5,4.61,267
13113,-1.881409,110.767328,2,0.5,4.61,286
13114,-1.881409,110.770696,2,0.5,15.76,80
13115,-1.881409,110.774065,2,0.5,15.76,80
13116,-1.881409,110.777434,2,0.5,15.76,80
13117,-1.881409,110.780802,1,0.5,5.38,193
13118,-1.881409,110.784171,1,0.5,5.38,193
13119,-1.881409,110.78754,1,0.5,6.15,165
13120,-1.881409,110.790908,1,0.5,6.15,165
13121,-1.881409,110.794277,1,0.5,6.15,165
13122,-1.881409,110.83807,1,0.5,8.24,130
13123,-1.881409,110.841439,1,0.5,8.24,130
13124,-1.881409,110.844807,1,0.5,8.24,130
13125,-1.884778,110.507939,1,0.5,5.62,227
13126,-1.884778,110.511308,1,0.5,5.62,227
13127,-1.884778,110.514676,2,0.5,7.33,331
13128,-1.884778,110.518045,2,0.5,16.21,-1
13129,-1.884778,110.521414,1,0.5,7.33,145
13130,-1.884778,110.524782,1,0.5,2.16,218
13131,-1.884778,110.528151,1,0.5,2.16,218
13132,-1.884778,110.53152,2,0.5,6.75,-1
13133,-1.884778,110.534888,2,0.5,6.75,-1
13134,-1.884778,110.538257,2,0.5,6.75,-1
13135,-1.884778,110.541626,1,0.5,3.79,319
13136,-1.884778,110.578681,1,0.5,6.28,188
13137,-1.884778,110.58205,2,0.5,6.28,309
13138,-1.884778,110.585419,2,0.5,6.28,309
13139,-1.884778,110.588787,2,0.5,6.28,309
13140,-1.884778,110.592156,1,0.5,6.28,188
13141,-1.884778,110.595525,1,0.5,3.8,321
13142,-1.884778,110.598893,1,0.5,3.8,321
13143,-1.884778,110.602262,1,0.5,5.38,193
13144,-1.884778,110.605631,1,0.5,5.38,193
13145,-1.884778,110.608999,2,0.5,5.38,287
13146,-1.884778,110.612368,1,0.5,4.85,209
13147,-1.884778,110.615737,1,0.5,4.85,209
13148,-1.884778,110.662898,1,0.5,9.64,-1
13149,-1.884778,110.666267,2,0.5,9.64,262
13150,-1.884778,110.669636,2,0.5,9.64,262
13151,-1.884778,110.673004,2,0.5,9.64,262
13152,-1.884778,110.750484,1,0.5,12.86,95
13153,-1.884778,110.753853,1,0.5,12.86,95
13154,-1.884778,110.757222,1,0.5,12.86,95
13155,-1.884778,110.770696,1,0.5,15.76,-1
13156,-1.884778,110.774065,1,0.5,15.76,-1
13157,-1.884778,110.777434,1,0.5,15.76,-1
13158,-1.884778,110.780802,1,0.5,14.95,41
13159,-1.884778,110.784171,1,0.5,14.95,41
13160,-1.884778,110.78754,1,0.5,14.95,41
13161,-1.884778,110.794277,1,0.5,8.96,177
13162,-1.884778,110.797646,1,0.5,8.96,177
13163,-1.884778,110.801014,1,0.5,8.96,177
13164,-1.884778,110.83807,1,0.5,8.24,130
13165,-1.884778,110.841439,1,0.5,8.24,130
13166,-1.884778,110.844807,1,0.5,8.24,130
13167,-1.888146,110.511308,1,0.5,16.21,-1
13168,-1.888146,110.514676,3,0.5,16.21,18
13169,-1.888146,110.518045,3,0.5,16.21,18
13170,-1.888146,110.521414,2,0.5,7.33,331
13171,-1.888146,110.524782,1,0.5,2.16,218
13172,-1.888146,110.528151,1,0.5,2.16,218
13173,-1.888146,110.53152,1,0.5,2.16,218
13174,-1.888146,110.534888,1,0.5,3.88,297
13175,-1.888146,110.538257,2,0.5,3.88,210
13176,-1.888146,110.541626,2,0.5,3.79,210
13177,-1.888146,110.544995,1,0.5,3.06,270
13178,-1.888146,110.551732,1,0.5,9.25,-1
13179,-1.888146,110.555101,1,0.5,9.25,-1
13180,-1.888146,110.558469,1,0.5,9.25,-1
13181,-1.888146,110.58205,1,0.5,1.87,190
13182,-1.888146,110.585419,1,0.5,1.87,190
13183,-1.888146,110.588787,1,0.5,1.87,190
13184,-1.888146,110.595525,1,0.5,3.8,321
13185,-1.888146,110.598893,1,0.5,3.8,321
13186,-1.888146,110.602262,1,0.5,5.38,193
13187,-1.888146,110.605631,1,0.5,5.38,193
13188,-1.888146,110.608999,2,0.5,5.38,287
13189,-1.888146,110.612368,1,0.5,4.85,209
13190,-1.888146,110.615737,1,0.5,4.85,209
13191,-1.888146,110.662898,1,0.5,9.64,-1
13192,-1.888146,110.666267,2,0.5,9.64,262
13193,-1.888146,110.669636,2,0.5,9.64,262
13194,-1.888146,110.673004,2,0.5,9.64,262
13195,-1.888146,110.750484,1,0.5,12.86,95
13196,-1.888146,110.753853,1,0.5,12.86,95
13197,-1.888146,110.757222,1,0.5,12.86,95
13198,-1.888146,110.76059,1,0.5,12.78,-1
13199,-1.888146,110.763959,1,0.5,12.78,-1
13200,-1.888146,110.767328,1,0.5,12.78,-1
13201,-1.888146,110.770696,1,0.5,2.58,-1
13202,-1.888146,110.774065,1,0.5,2.58,-1
13203,-1.888146,110.777434,1,0.5,2.58,-1
13204,-1.888146,110.780802,1,0.5,14.95,41
13205,-1.888146,110.784171,1,0.5,14.95,41
13206,-1.888146,110.78754,1,0.5,14.95,41
13207,-1.888146,110.790908,1,0.5,8.96,177
13208,-1.888146,110.794277,1,0.5,8.96,177
13209,-1.888146,110.797646,1,0.5,8.96,177
13210,-1.888146,110.801014,1,0.5,8.96,177
13211,-1.888146,110.83807,1,0.5,8.24,130
13212,-1.888146,110.841439,1,0.5,8.24,130
13213,-1.888146,110.844807,1,0.5,8.24,130
13214,-1.891515,110.511308,1,0.5,16.21,-1
13215,-1.891515,110.514676,2,0.5,16.21,-1
13216,-1.891515,110.518045,2,0.5,16.21,-1
13217,-1.891515,110.521414,1,0.5,4.05,300
13218,-1.891515,110.524782,1,0.5,2.16,218
13219,-1.891515,110.528151,1,0.5,2.16,218
13220,-1.891515,110.53152,1,0.5,2.16,218
13221,-1.891515,110.538257,1,0.5,3.06,270
13222,-1.891515,110.541626,1,0.5,3.06,270
13223,-1.891515,110.544995,1,0.5,3.06,270
13224,-1.891515,110.551732,1,0.5,9.25,-1
13225,-1.891515,110.555101,1,0.5,9.25,-1
13226,-1.891515,110.558469,1,0.5,9.25,-1
13227,-1.891515,110.595525,1,0.5,3.8,321
13228,-1.891515,110.598893,1,0.5,3.8,321
13229,-1.891515,110.733641,1,0.5,9.61,107
13230,-1.891515,110.737009,1,0.5,9.61,107
13231,-1.891515,110.740378,1,0.5,9.61,107
13232,-1.891515,110.743747,1,0.5,9.61,107
13233,-1.891515,110.750484,1,0.5,12.86,95
13234,-1.891515,110.753853,1,0.5,12.86,95
13235,-1.891515,110.757222,1,0.5,12.86,95
13236,-1.891515,110.76059,1,0.5,12.78,-1
13237,-1.891515,110.763959,1,0.5,12.78,-1
13238,-1.891515,110.767328,1,0.5,12.78,-1
13239,-1.891515,110.790908,1,0.5,8.96,177
13240,-1.891515,110.794277,1,0.5,8.96,177
13241,-1.891515,110.797646,1,0.5,8.96,177
13242,-1.891515,110.801014,1,0.5,8.96,177
13243,-1.894884,110.514676,1,0.5,4.05,300
13244,-1.894884,110.518045,1,0.5,4.05,300
13245,-1.894884,110.521414,1,0.5,4.05,300
13246,-1.894884,110.534888,1,0.5,2.85,251
13247,-1.894884,110.538257,2,0.5,3.06,-1
13248,-1.894884,110.541626,2,0.5,3.06,-1
13249,-1.894884,110.544995,1,0.5,3.06,-1
13250,-1.894884,110.565207,1,0.5,7.21,178
13251,-1.894884,110.568575,1,0.5,7.21,178
13252,-1.894884,110.571944,1,0.5,7.21,178
13253,-1.894884,110.625843,1,0.5,8.57,249
13254,-1.894884,110.629212,1,0.5,8.57,249
13255,-1.894884,110.635949,1,0.5,2.81,247
13256,-1.894884,110.639318,1,0.5,2.81,247
13257,-1.894884,110.642686,1,0.5,2.81,247
13258,-1.894884,110.679742,1,0.5,10.22,103
13259,-1.894884,110.68311,1,0.5,10.22,103
13260,-1.894884,110.686479,1,0.5,10.22,103
13261,-1.894884,110.723535,1,0.5,5.6,224
13262,-1.894884,110.726903,1,0.5,5.6,224
13263,-1.894884,110.730272,1,0.5,5.6,224
13264,-1.894884,110.733641,1,0.5,9.61,107
13265,-1.894884,110.737009,1,0.5,9.61,107
13266,-1.894884,110.740378,1,0.5,9.61,107
13267,-1.894884,110.743747,1,0.5,9.61,107
13268,-1.894884,110.76059,1,0.5,12.78,-1
13269,-1.894884,110.763959,1,0.5,12.78,-1
13270,-1.894884,110.767328,1,0.5,12.78,-1
13271,-1.894884,110.790908,1,0.5,8.96,177
13272,-1.894884,110.794277,1,0.5,8.96,177
13273,-1.894884,110.797646,1,0.5,8.96,177
13274,-1.894884,110.801014,1,0.5,8.96,177
13275,-1.898252,110.049798,1,0.5,4.19,155
13276,-1.898252,110.053167,1,0.5,4.19,155
13277,-1.898252,110.534888,1,0.5,2.85,251
13278,-1.898252,110.538257,1,0.5,2.85,251
13279,-1.898252,110.541626,1,0.5,2.85,251
13280,-1.898252,110.565207,1,0.5,7.21,178
13281,-1.898252,110.568575,1,0.5,7.21,178
13282,-1.898252,110.571944,2,0.5,7.21,331
13283,-1.898252,110.575313,1,0.5,6.02,-1
13284,-1.898252,110.578681,1,0.5,6.02,184
13285,-1.898252,110.625843,1,0.5,8.57,249
13286,-1.898252,110.629212,1,0.5,8.57,249
13287,-1.898252,110.635949,1,0.5,2.81,247
13288,-1.898252,110.639318,1,0.5,2.81,247
13289,-1.898252,110.642686,1,0.5,2.81,247
13290,-1.898252,110.669636,1,0.5,34.65,-1
13291,-1.898252,110.673004,1,0.5,34.65,-1
13292,-1.898252,110.676373,1,0.5,34.65,-1
13293,-1.898252,110.679742,1,0.5,10.22,103
13294,-1.898252,110.68311,1,0.5,10.22,103
13295,-1.898252,110.686479,1,0.5,10.22,103
13296,-1.898252,110.723535,1,0.5,5.6,224
13297,-1.898252,110.726903,1,0.5,5.6,224
13298,-1.898252,110.730272,1,0.5,5.6,224
13299,-1.898252,110.733641,1,0.5,9.61,107
13300,-1.898252,110.737009,1,0.5,9.61,107
13301,-1.898252,110.740378,1,0.5,9.61,107
13302,-1.898252,110.743747,1,0.5,9.61,107
13303,-1.898252,110.767328,1,1.0,9.46,104
13304,-1.898252,110.770696,1,1.0,9.46,104
13305,-1.901621,110.049798,1,0.5,4.19,155
13306,-1.901621,110.053167,1,0.5,4.19,155
13307,-1.901621,110.534888,1,0.5,2.85,251
13308,-1.901621,110.538257,1,0.5,2.85,251
13309,-1.901621,110.541626,1,0.5,2.85,251
13310,-1.901621,110.565207,1,0.5,7.21,178
13311,-1.901621,110.568575,1,0.5,7.21,178
13312,-1.901621,110.571944,2,0.5,7.21,331
13313,-1.901621,110.575313,1,0.5,6.02,184
13314,-1.901621,110.578681,1,0.5,6.02,184
13315,-1.901621,110.625843,1,0.5,8.57,249
13316,-1.901621,110.629212,1,0.5,8.57,249
13317,-1.901621,110.635949,1,0.5,2.81,247
13318,-1.901621,110.639318,1,0.5,2.81,247
13319,-1.901621,110.642686,1,0.5,2.81,247
13320,-1.901621,110.669636,1,0.5,34.65,-1
13321,-1.901621,110.673004,1,0.5,34.65,-1
13322,-1.901621,110.676373,1,0.5,34.65,-1
13323,-1.901621,110.679742,1,0.5,10.22,103
13324,-1.901621,110.68311,1,0.5,10.22,103
13325,-1.901621,110.686479,1,0.5,10.22,103
13326,-1.901621,110.723535,1,0.5,5.6,224
13327,-1.901621,110.726903,1,0.5,5.6,224
13328,-1.901621,110.730272,1,0.5,5.6,224
13329,-1.901621,110.733641,1,0.5,5.6,224
13330,-1.901621,110.737009,1,0.5,5.6,224
13331,-1.901621,110.767328,1,1.0,9.46,104
13332,-1.901621,110.770696,1,1.0,9.46,104
13333,-1.901621,110.912181,1,0.5,5.78,161
13334,-1.901621,110.91555,1,0.5,5.78,161
13335,-1.901621,110.918918,1,0.5,5.78,161
13336,-1.901621,110.929024,1,0.5,7.85,132
13337,-1.901621,110.932393,1,0.5,7.85,132
13338,-1.901621,110.935762,1,0.5,7.85,132
13339,-1.90499,110.049798,1,0.5,4.19,155
13340,-1.90499,110.053167,1,0.5,4.19,155
13341,-1.90499,110.487727,1,0.5,4.45,263
13342,-1.90499,110.491096,1,0.5,4.45,263
13343,-1.90499,110.494464,1,0.5,4.45,263
13344,-1.90499,110.585419,1,0.5,5.37,192
13345,-1.90499,110.588787,1,0.5,5.37,192
13346,-1.90499,110.592156,1,0.5,5.37,192
13347,-1.90499,110.76059,1,0.5,8.63,250
13348,-1.90499,110.763959,1,0.5,8.63,250
13349,-1.90499,110.767328,2,0.75,9.46,262
13350,-1.90499,110.770696,1,1.0,9.46,104
13351,-1.90499,110.841439,1,0.5,13.34,78
13352,-1.90499,110.844807,1,0.5,13.34,78
13353,-1.90499,110.848176,1,0.5,13.34,78
13354,-1.90499,110.851545,1,0.5,13.34,78
13355,-1.90499,110.912181,1,0.5,5.78,161
13356,-1.90499,110.91555,1,0.5,5.78,161
13357,-1.90499,110.918918,1,0.5,5.78,161
13358,-1.90499,110.929024,1,0.5,7.85,132
13359,-1.90499,110.932393,1,0.5,7.85,132
13360,-1.90499,110.935762,1,0.5,7.85,132
13361,-1.90499,110.952605,1,0.5,5.22,158
13362,-1.90499,110.955974,1,0.5,5.22,158
13363,-1.90499,110.959342,1,0.5,5.22,158
13364,-1.908359,110.487727,1,0.5,4.45,263
13365,-1.908359,110.491096,1,0.5,4.45,263
13366,-1.908359,110.494464,1,0.5,4.45,263
13367,-1.908359,110.551732,1,0.5,3.4,299
13368,-1.908359,110.555101,1,0.5,3.4,299
13369,-1.908359,110.585419,1,0.5,5.37,192
13370,-1.908359,110.588787,1,0.5,5.37,192
13371,-1.908359,110.592156,1,0.5,5.37,192
13372,-1.908359,110.76059,1,0.5,8.63,250
13373,-1.908359,110.763959,1,0.5,8.63,250
13374,-1.908359,110.767328,1,0.5,8.63,250
13375,-1.908359,110.841439,1,0.5,13.34,78
13376,-1.908359,110.844807,2,0.5,13.34,-1
13377,-1.908359,110.848176,2,0.5,13.34,-1
13378,-1.908359,110.851545,2,0.5,13.34,-1
13379,-1.908359,110.912181,1,0.5,5.78,161
13380,-1.908359,110.91555,1,0.5,5.78,161
13381,-1.908359,110.918918,1,0.5,5.78,161
13382,-1.908359,110.929024,1,0.5,7.85,132
13383,-1.908359,110.932393,1,0.5,10.07,120
13384,-1.908359,110.935762,1,0.5,10.07,120
13385,-1.908359,110.93913,1,0.5,10.07,120
13386,-1.908359,110.952605,1,0.5,5.22,158
13387,-1.908359,110.955974,1,0.5,5.22,158
13388,-1.908359,110.959342,1,0.5,5.22,158
13389,-1.911727,110.123909,1,0.5,10.41,-1
13390,-1.911727,110.127278,1,0.5,10.41,-1
13391,-1.911727,110.130647,1,0.5,10.41,-1
13392,-1.911727,110.134015,1,0.5,10.41,-1
13393,-1.911727,110.137384,1,0.5,7.41,168
13394,-1.911727,110.140753,1,0.5,7.41,168
13395,-1.911727,110.144121,1,0.5,7.41,168
13396,-1.911727,110.187914,1,0.5,6.64,173
13397,-1.911727,110.191283,1,0.5,6.64,173
13398,-1.911727,110.194652,1,0.5,6.64,173
13399,-1.911727,110.48099,1,0.5,2.99,258
13400,-1.911727,110.484358,1,0.5,2.99,258
13401,-1.911727,110.487727,2,0.5,4.45,286
13402,-1.911727,110.491096,1,0.5,4.45,263
13403,-1.911727,110.494464,1,0.5,4.45,263
13404,-1.911727,110.528151,1,0.5,13.93,-1
13405,-1.911727,110.53152,1,0.5,13.93,-1
13406,-1.911727,110.534888,1,0.5,13.93,-1
13407,-1.911727,110.551732,1,0.5,3.4,299
13408,-1.911727,110.555101,1,0.5,3.4,299
13409,-1.911727,110.585419,1,0.5,5.37,192
13410,-1.911727,110.588787,1,0.5,5.37,192
13411,-1.911727,110.592156,1,0.5,5.37,192
13412,-1.911727,110.598893,1,0.5,10.87,97
13413,-1.911727,110.602262,1,0.5,10.87,97
13414,-1.911727,110.605631,1,0.5,10.87,97
13415,-1.911727,110.686479,1,0.5,3.58,330
13416,-1.911727,110.689848,1,0.5,6.63,173
13417,-1.911727,110.693217,1,0.5,6.63,173
13418,-1.911727,110.696585,1,0.5,6.63,173
13419,-1.911727,110.76059,1,0.5,8.63,250
13420,-1.911727,110.763959,1,0.5,4.52,271
13421,-1.911727,110.767328,1,0.5,4.52,271
13422,-1.911727,110.841439,1,0.5,13.34,78
13423,-1.911727,110.844807,2,0.5,13.34,-1
13424,-1.911727,110.848176,2,0.5,13.34,-1
13425,-1.911727,110.851545,2,0.5,13.34,-1
13426,-1.911727,110.861651,1,0.5,5.64,226
13427,-1.911727,110.865019,1,0.5,5.64,226
13428,-1.911727,110.868388,1,0.5,5.64,226
13429,-1.911727,110.871757,1,0.5,5.64,226
13430,-1.911727,110.912181,1,0.5,5.78,161
13431,-1.911727,110.91555,1,0.5,5.78,161
13432,-1.911727,110.918918,1,0.5,5.78,161
13433,-1.911727,110.922287,1,0.5,2.68,308
13434,-1.911727,110.925656,1,0.5,2.68,308
13435,-1.911727,110.929024,1,0.5,2.68,308
13436,-1.911727,110.932393,1,0.5,10.07,120
13437,-1.911727,110.935762,1,0.5,10.07,120
13438,-1.911727,110.93913,1,0.5,10.07,120
13439,-1.911727,110.955974,1,0.5,5.22,158
13440,-1.911727,110.959342,1,0.5,5.22,158
13441,-1.911727,110.962711,1,0.5,5.22,158
13442,-1.915096,110.123909,1,0.5,10.41,-1
13443,-1.915096,110.127278,1,0.5,10.41,-1
13444,-1.915096,110.130647,1,0.5,10.41,-1
13445,-1.915096,110.134015,1,0.5,10.41,-1
13446,-1.915096,110.137384,1,0.5,7.41,168
13447,-1.915096,110.140753,1,0.5,7.41,168
13448,-1.915096,110.144121,1,0.5,7.41,168
13449,-1.915096,110.187914,1,0.5,6.64,173
13450,-1.915096,110.191283,1,0.5,6.64,173
13451,-1.915096,110.194652,1,0.5,6.64,173
13452,-1.915096,110.470884,1,0.5,3.43,295
13453,-1.915096,110.474252,1,0.5,6.41,200
13454,-1.915096,110.477621,1,0.5,6.41,200
13455,-1.915096,110.48099,2,0.5,6.41,309
13456,-1.915096,110.484358,1,0.5,2.99,258
13457,-1.915096,110.487727,2,0.5,2.99,-1
13458,-1.915096,110.491096,1,0.5,2.91,-1
13459,-1.915096,110.494464,1,0.5,2.91,-1
13460,-1.915096,110.528151,1,0.5,13.93,-1
13461,-1.915096,110.53152,1,0.5,13.93,-1
13462,-1.915096,110.534888,1,0.5,13.93,-1
13463,-1.915096,110.551732,1,0.5,3.4,299
13464,-1.915096,110.555101,1,0.5,3.4,299
13465,-1.915096,110.598893,1,0.5,10.87,97
13466,-1.915096,110.602262,1,0.5,10.87,97
13467,-1.915096,110.605631,1,0.5,10.87,97
13468,-1.915096,110.612368,1,0.5,4.63,267
13469,-1.915096,110.615737,1,0.5,4.63,267
13470,-1.915096,110.619106,1,0.5,4.63,267
13471,-1.915096,110.686479,1,0.5,3.58,330
13472,-1.915096,110.689848,1,0.5,6.63,173
13473,-1.915096,110.693217,1,0.5,6.63,173
13474,-1.915096,110.696585,1,0.5,6.63,173
13475,-1.915096,110.763959,1,0.5,4.52,271
13476,-1.915096,110.767328,1,0.5,4.52,271
13477,-1.915096,110.848176,1,0.5,3.94,306
13478,-1.915096,110.851545,1,0.5,3.94,306
13479,-1.915096,110.854913,1,0.5,3.94,306
13480,-1.915096,110.865019,1,0.5,5.64,226
13481,-1.915096,110.868388,1,0.5,5.64,226
13482,-1.915096,110.871757,1,0.5,5.64,226
13483,-1.915096,110.875125,1,0.5,5.64,226
13484,-1.915096,110.925656,1,0.5,2.68,308
13485,-1.915096,110.929024,1,0.5,2.68,308
13486,-1.915096,110.932393,1,0.5,2.68,308
13487,-1.915096,110.935762,1,0.5,10.07,120
13488,-1.915096,110.93913,1,0.5,10.07,120
13489,-1.915096,110.942499,1,0.5,10.07,120
13490,-1.918465,110.123909,1,0.5,10.41,-1
13491,-1.918465,110.127278,1,0.5,10.41,-1
13492,-1.918465,110.130647,1,0.5,10.41,-1
13493,-1.918465,110.134015,1,0.5,10.41,-1
13494,-1.918465,110.137384,1,0.5,7.41,168
13495,-1.918465,110.140753,1,0.5,7.41,168
13496,-1.918465,110.144121,1,0.5,7.41,168
13497,-1.918465,110.187914,2,0.5,6.64,333
13498,-1.918465,110.191283,2,0.5,6.64,333
13499,-1.918465,110.194652,2,0.5,6.64,333
13500,-1.918465,110.470884,1,0.5,3.43,295
13501,-1.918465,110.474252,1,0.5,6.41,200
13502,-1.918465,110.477621,1,0.5,6.41,200
13503,-1.918465,110.48099,3,0.5,6.41,18
13504,-1.918465,110.484358,3,0.5,6.96,18
13505,-1.918465,110.487727,2,0.5,2.99,-1
13506,-1.918465,110.491096,1,0.5,2.91,-1
13507,-1.918465,110.494464,1,0.5,2.91,-1
13508,-1.918465,110.528151,1,0.5,13.93,-1
13509,-1.918465,110.53152,1,0.5,13.93,-1
13510,-1.918465,110.534888,1,0.5,13.93,-1
13511,-1.918465,110.551732,1,0.5,3.4,299
13512,-1.918465,110.555101,1,0.5,3.4,299
13513,-1.918465,110.598893,1,0.5,10.87,97
13514,-1.918465,110.602262,1,0.5,10.87,97
13515,-1.918465,110.605631,1,0.5,10.87,97
13516,-1.918465,110.612368,1,0.5,4.63,267
13517,-1.918465,110.615737,1,0.5,4.63,267
13518,-1.918465,110.619106,1,0.5,4.63,267
13519,-1.918465,110.679742,1,0.5,4.94,242
13520,-1.918465,110.68311,1,0.5,4.94,242
13521,-1.918465,110.686479,1,0.5,4.94,242
13522,-1.918465,110.689848,2,0.5,4.94,287
13523,-1.918465,110.693217,1,0.5,3.58,330
13524,-1.918465,110.696585,1,0.5,3.58,330
13525,-1.918465,110.767328,1,0.5,4.52,271
13526,-1.918465,110.770696,1,0.5,4.52,271
13527,-1.918465,110.865019,1,0.5,5.64,226
13528,-1.918465,110.868388,1,0.5,5.64,226
13529,-1.918465,110.871757,1,0.5,5.64,226
13530,-1.918465,110.875125,1,0.5,5.64,226
13531,-1.921833,110.187914,1,0.5,6.6,-1
13532,-1.921833,110.191283,1,0.5,6.6,-1
13533,-1.921833,110.194652,1,0.5,6.6,-1
13534,-1.921833,110.467515,2,0.5,9.57,262
13535,-1.921833,110.470884,3,0.5,9.57,18
13536,-1.921833,110.474252,3,0.5,9.57,18
13537,-1.921833,110.477621,1,0.5,6.41,200
13538,-1.921833,110.48099,2,0.5,6.41,309
13539,-1.921833,110.484358,2,0.5,6.96,332
13540,-1.921833,110.487727,1,0.5,2.91,-1
13541,-1.921833,110.491096,1,0.5,2.91,-1
13542,-1.921833,110.494464,1,0.5,2.91,-1
13543,-1.921833,110.615737,1,0.5,4.63,267
13544,-1.921833,110.619106,1,0.5,4.63,267
13545,-1.921833,110.622474,1,0.5,4.63,267
13546,-1.921833,110.68311,1,0.5,4.94,242
13547,-1.921833,110.686479,2,0.5,8.46,-1
13548,-1.921833,110.689848,2,0.5,8.46,-1
13549,-1.921833,110.929024,1,0.5,3.38,298
13550,-1.921833,110.932393,1,0.5,3.38,298
13551,-1.921833,110.935762,1,0.5,3.38,298
13552,-1.925202,110.184546,1,0.5,7.1,154
13553,-1.925202,110.187914,2,0.5,6.6,333
13554,-1.925202,110.191283,2,0.5,6.6,333
13555,-1.925202,110.194652,1,0.5,6.6,-1
13556,-1.925202,110.470884,2,0.5,9.57,262
13557,-1.925202,110.474252,2,0.5,9.57,262
13558,-1.925202,110.477621,3,0.5,9.57,18
13559,-1.925202,110.48099,1,0.5,5.89,-1
13560,-1.925202,110.484358,2,0.5,5.89,302
13561,-1.925202,110.487727,2,0.5,6.96,332
13562,-1.925202,110.491096,1,0.5,3.74,317
13563,-1.925202,110.494464,1,0.5,3.74,317
13564,-1.925202,110.497833,1,0.5,3.74,317
13565,-1.925202,110.68311,1,0.5,4.94,242
13566,-1.925202,110.686479,2,0.5,8.46,-1
13567,-1.925202,110.689848,2,0.5,8.46,-1
13568,-1.925202,110.770696,1,0.5,7.34,-1
13569,-1.925202,110.774065,1,0.5,7.34,145
13570,-1.925202,110.777434,1,0.5,7.34,145
13571,-1.925202,110.875125,1,0.5,3.95,305
13572,-1.925202,110.878494,1,0.5,3.95,305
13573,-1.925202,110.881863,1,0.5,3.95,305
13574,-1.925202,110.929024,1,0.5,3.38,298
13575,-1.925202,110.932393,1,0.5,3.38,298
13576,-1.925202,110.935762,1,0.5,3.38,298
13577,-1.928571,110.171071,1,0.5,5.92,214
13578,-1.928571,110.174439,1,0.5,5.92,214
13579,-1.928571,110.177808,1,0.5,5.92,214
13580,-1.928571,110.184546,1,0.5,7.1,154
13581,-1.928571,110.187914,1,0.5,6.19,-1
13582,-1.928571,110.191283,1,0.5,6.19,-1
13583,-1.928571,110.470884,1,0.5,9.57,-1
13584,-1.928571,110.474252,1,0.5,9.57,-1
13585,-1.928571,110.477621,2,0.5,9.57,262
13586,-1.928571,110.48099,1,0.5,5.89,-1
13587,-1.928571,110.484358,1,0.5,5.89,-1
13588,-1.928571,110.487727,1,0.5,6.96,135
13589,-1.928571,110.669636,1,0.5,6.47,241
13590,-1.928571,110.673004,1,0.5,6.47,241
13591,-1.928571,110.679742,1,0.5,12.94,96
13592,-1.928571,110.68311,1,0.5,12.94,96
13593,-1.928571,110.686479,2,0.5,12.94,112
13594,-1.928571,110.689848,1,0.5,8.46,-1
13595,-1.928571,110.720166,1,0.5,2.72,307
13596,-1.928571,110.723535,1,0.5,2.72,307
13597,-1.928571,110.770696,1,0.5,7.34,-1
13598,-1.928571,110.774065,1,0.5,7.34,-1
13599,-1.928571,110.777434,1,0.5,7.34,-1
13600,-1.928571,110.854913,1,0.5,4.17,155
13601,-1.928571,110.858282,1,0.5,4.17,155
13602,-1.928571,110.861651,1,0.5,4.17,155
13603,-1.928571,110.865019,1,0.5,4.17,155
13604,-1.928571,110.875125,1,0.5,3.95,305
13605,-1.928571,110.878494,1,0.5,3.95,305
13606,-1.928571,110.881863,1,0.5,3.95,305
13607,-1.928571,110.925656,1,0.5,6.41,200
13608,-1.928571,110.929024,2,0.5,6.41,309
13609,-1.928571,110.932393,2,0.5,6.41,309
13610,-1.928571,110.935762,1,0.5,3.38,298
13611,-1.931939,110.164333,1,0.5,5.84,162
13612,-1.931939,110.167702,1,0.5,5.84,162
13613,-1.931939,110.171071,1,0.5,5.84,162
13614,-1.931939,110.174439,2,0.5,5.92,302
13615,-1.931939,110.177808,1,0.5,5.92,214
13616,-1.931939,110.181177,1,0.5,5.92,214
13617,-1.931939,110.184546,1,0.5,5.92,214
13618,-1.931939,110.187914,1,0.5,7.1,154
13619,-1.931939,110.191283,1,0.5,6.19,-1
13620,-1.931939,110.194652,1,0.5,6.19,-1
13621,-1.931939,110.329399,1,0.5,1.17,73
13622,-1.931939,110.332768,1,0.5,1.17,73
13623,-1.931939,110.477621,1,0.5,12.69,74
13624,-1.931939,110.48099,1,0.5,26.43,29
13625,-1.931939,110.484358,1,0.5,26.43,29
13626,-1.931939,110.487727,1,0.5,26.43,29
13627,-1.931939,110.491096,1,0.5,26.43,29
13628,-1.931939,110.65953,1,0.5,2.61,325
13629,-1.931939,110.662898,1,0.5,2.61,325
13630,-1.931939,110.669636,1,0.5,6.47,-1
13631,-1.931939,110.673004,1,0.5,6.47,240
13632,-1.931939,110.679742,1,0.5,12.94,96
13633,-1.931939,110.68311,1,0.5,12.94,96
13634,-1.931939,110.686479,1,0.5,12.94,96
13635,-1.931939,110.689848,2,0.5,6.59,333
13636,-1.931939,110.693217,2,0.5,6.59,333
13637,-1.931939,110.696585,2,0.5,6.59,333
13638,-1.931939,110.713429,1,0.5,3.74,317
13639,-1.931939,110.716797,1,0.5,3.74,317
13640,-1.931939,110.720166,2,0.5,3.74,210
13641,-1.931939,110.723535,1,0.5,2.72,307
13642,-1.931939,110.726903,1,0.5,9.36,-1
13643,-1.931939,110.730272,1,0.5,9.36,-1
13644,-1.931939,110.801014,1,0.5,6.97,135
13645,-1.931939,110.804383,1,0.5,6.97,135
13646,-1.931939,110.807752,1,0.5,6.97,135
13647,-1.931939,110.854913,1,0.5,4.17,155
13648,-1.931939,110.858282,1,0.5,4.17,155
13649,-1.931939,110.861651,1,0.5,4.17,155
13650,-1.931939,110.865019,1,0.5,4.17,155
13651,-1.931939,110.875125,1,0.5,3.95,305
13652,-1.931939,110.878494,1,0.5,3.95,305
13653,-1.931939,110.881863,1,0.5,3.95,305
13654,-1.931939,110.925656,1,0.5,6.41,200
13655,-1.931939,110.929024,1,0.5,6.41,200
13656,-1.931939,110.932393,1,0.5,6.41,200
13657,-1.935308,110.167702,1,0.5,5.84,162
13658,-1.935308,110.171071,1,0.5,5.84,162
13659,-1.935308,110.174439,2,0.5,5.92,302
13660,-1.935308,110.177808,1,0.5,5.92,214
13661,-1.935308,110.181177,1,0.5,5.92,214
13662,-1.935308,110.184546,1,0.5,5.92,214
13663,-1.935308,110.194652,1,0.5,4.94,242
13664,-1.935308,110.19802,1,0.5,4.94,242
13665,-1.935308,110.201389,1,0.5,3.78,320
13666,-1.935308,110.329399,1,0.5,1.17,73
13667,-1.935308,110.332768,1,0.5,1.17,73
13668,-1.935308,110.477621,1,0.5,12.69,74
13669,-1.935308,110.48099,1,0.5,26.43,29
13670,-1.935308,110.484358,1,0.5,7.46,148
13671,-1.935308,110.487727,1,0.5,7.46,148
13672,-1.935308,110.491096,1,0.5,7.46,148
13673,-1.935308,110.524782,1,0.5,6.33,230
13674,-1.935308,110.528151,1,0.5,6.33,230
13675,-1.935308,110.53152,1,0.5,6.33,230
13676,-1.935308,110.595525,1,0.5,5.97,215
13677,-1.935308,110.598893,1,0.5,5.97,215
13678,-1.935308,110.602262,1,0.5,5.97,215
13679,-1.935308,110.65953,1,0.5,2.61,325
13680,-1.935308,110.662898,1,0.5,2.61,325
13681,-1.935308,110.669636,1,0.5,6.47,241
13682,-1.935308,110.673004,1,0.5,6.47,241
13683,-1.935308,110.679742,1,0.5,12.94,96
13684,-1.935308,110.68311,1,0.5,12.94,96
13685,-1.935308,110.686479,2,0.5,12.94,112
13686,-1.935308,110.689848,3,0.5,6.59,18
13687,-1.935308,110.693217,3,0.5,6.59,18
13688,-1.935308,110.696585,2,0.5,6.59,333
13689,-1.935308,110.713429,1,0.5,3.74,317
13690,-1.935308,110.716797,1,0.5,3.74,317
13691,-1.935308,110.720166,1,0.5,3.74,317
13692,-1.935308,110.723535,1,0.5,22.08,45
13693,-1.935308,110.726903,2,0.5,22.08,-1
13694,-1.935308,110.730272,2,0.5,22.08,-1
13695,-1.935308,110.753853,1,1.0,6.26,232
13696,-1.935308,110.757222,1,1.0,6.26,232
13697,-1.935308,110.76059,1,1.0,6.26,232
13698,-1.935308,110.763959,1,0.5,6.26,232
13699,-1.935308,110.794277,1,0.5,5.22,158
13700,-1.935308,110.797646,2,0.5,5.22,287
13701,-1.935308,110.801014,3,0.5,6.97,18
13702,-1.935308,110.804383,1,0.5,6.97,135
13703,-1.935308,110.807752,1,0.5,6.97,135
13704,-1.935308,110.844807,1,0.5,4.57,265
13705,-1.935308,110.848176,1,0.5,4.57,265
13706,-1.935308,110.851545,1,0.5,4.57,265
13707,-1.935308,110.854913,1,0.5,4.17,155
13708,-1.935308,110.858282,1,0.5,4.17,155
13709,-1.935308,110.861651,1,0.5,4.17,155
13710,-1.935308,110.865019,1,0.5,4.17,155
13711,-1.935308,110.875125,1,0.5,3.95,305
13712,-1.935308,110.878494,1,0.5,3.95,305
13713,-1.935308,110.881863,1,0.5,3.95,305
13714,-1.935308,110.925656,1,0.5,6.41,200
13715,-1.935308,110.929024,1,0.5,6.41,200
13716,-1.935308,110.932393,1,0.5,6.41,200
13717,-1.938677,110.167702,1,0.5,8.77,206
13718,-1.938677,110.171071,1,0.5,8.77,206
13719,-1.938677,110.174439,1,0.5,8.77,206
13720,-1.938677,110.181177,1,0.5,5.92,214
13721,-1.938677,110.184546,1,0.5,5.92,214
13722,-1.938677,110.194652,1,0.5,4.94,242
13723,-1.938677,110.19802,1,0.5,4.94,242
13724,-1.938677,110.201389,1,0.5,3.78,320
13725,-1.938677,110.464146,1,0.5,2.69,308
13726,-1.938677,110.467515,1,0.5,2.69,308
13727,-1.938677,110.470884,1,0.5,2.69,308
13728,-1.938677,110.477621,1,0.5,12.69,74
13729,-1.938677,110.48099,1,0.5,26.43,29
13730,-1.938677,110.484358,1,0.5,7.46,148
13731,-1.938677,110.487727,1,0.5,7.46,148
13732,-1.938677,110.491096,1,0.5,7.46,148
13733,-1.938677,110.524782,1,0.5,6.33,230
13734,-1.938677,110.528151,1,0.5,6.33,230
13735,-1.938677,110.53152,1,0.5,6.33,230
13736,-1.938677,110.595525,1,0.5,5.97,215
13737,-1.938677,110.598893,1,0.5,5.97,215
13738,-1.938677,110.602262,1,0.5,5.97,215
13739,-1.938677,110.639318,1,0.5,9.9,109
13740,-1.938677,110.642686,1,0.5,9.9,109
13741,-1.938677,110.646055,2,0.5,9.9,262
13742,-1.938677,110.649424,1,0.5,5.95,215
13743,-1.938677,110.679742,1,0.5,3.43,295
13744,-1.938677,110.68311,1,0.5,3.43,295
13745,-1.938677,110.686479,2,0.5,3.43,210
13746,-1.938677,110.689848,3,0.67,24.87,17
13747,-1.938677,110.693217,3,0.67,24.87,17
13748,-1.938677,110.696585,2,0.75,24.87,37
13749,-1.938677,110.713429,1,0.5,3.74,317
13750,-1.938677,110.716797,2,0.5,23.81,36
13751,-1.938677,110.720166,2,0.5,23.81,36
13752,-1.938677,110.723535,2,0.5,23.81,36
13753,-1.938677,110.726903,2,0.5,23.81,36
13754,-1.938677,110.730272,1,0.5,22.08,45
13755,-1.938677,110.747115,1,0.5,2.82,247
13756,-1.938677,110.750484,1,0.5,2.82,247
13757,-1.938677,110.753853,2,0.75,6.26,309
13758,-1.938677,110.757222,1,1.0,6.26,232
13759,-1.938677,110.76059,1,1.0,6.26,232
13760,-1.938677,110.763959,1,0.5,6.26,232
13761,-1.938677,110.790908,1,0.5,8.89,-1
13762,-1.938677,110.794277,2,0.5,8.89,285
13763,-1.938677,110.797646,3,0.5,8.89,18
13764,-1.938677,110.801014,3,0.5,6.97,18
13765,-1.938677,110.804383,2,0.5,6.97,332
13766,-1.938677,110.807752,2,0.5,6.97,332
13767,-1.938677,110.81112,1,0.5,5.08,256
13768,-1.938677,110.844807,1,0.5,4.57,265
13769,-1.938677,110.848176,1,0.5,4.57,265
13770,-1.938677,110.851545,1,0.5,4.57,265
13771,-1.938677,110.854913,1,0.5,4.17,155
13772,-1.938677,110.858282,2,0.5,5.4,287
13773,-1.938677,110.861651,2,0.5,5.4,287
13774,-1.938677,110.865019,2,0.5,8.33,-1
13775,-1.938677,110.868388,1,0.5,8.33,125
13776,-1.938677,110.871757,1,0.5,8.33,125
13777,-1.938677,110.881863,1,0.5,4.31,290
13778,-1.938677,110.885231,1,0.5,4.31,290
13779,-1.938677,110.8886,1,0.5,4.31,290
13780,-1.942045,110.167702,1,0.5,8.77,206
13781,-1.942045,110.171071,1,0.5,8.77,206
13782,-1.942045,110.174439,1,0.5,8.77,206
13783,-1.942045,110.177808,1,0.5,0.67,69
13784,-1.942045,110.181177,2,0.5,3.17,-1
13785,-1.942045,110.184546,1,0.5,3.17,261
13786,-1.942045,110.194652,1,0.5,4.94,242
13787,-1.942045,110.19802,1,0.5,4.94,242
13788,-1.942045,110.201389,1,0.5,3.78,320
13789,-1.942045,110.433828,1,0.5,4.04,301
13790,-1.942045,110.437197,1,0.5,4.04,301
13791,-1.942045,110.440565,1,0.5,4.04,301
13792,-1.942045,110.443934,1,0.5,4.04,301
13793,-1.942045,110.457409,1,0.5,6.15,165
13794,-1.942045,110.460777,1,0.5,6.15,165
13795,-1.942045,110.464146,2,0.5,6.15,-1
13796,-1.942045,110.467515,1,0.5,2.69,308
13797,-1.942045,110.470884,1,0.5,2.69,308
13798,-1.942045,110.484358,1,0.5,7.46,148
13799,-1.942045,110.487727,2,0.5,7.93,293
13800,-1.942045,110.491096,2,0.5,7.93,293
13801,-1.942045,110.524782,1,0.5,6.33,230
13802,-1.942045,110.528151,1,0.5,6.33,230
13803,-1.942045,110.53152,1,0.5,6.33,230
13804,-1.942045,110.595525,1,0.5,12.36,113
13805,-1.942045,110.598893,1,0.5,12.36,113
13806,-1.942045,110.602262,1,0.5,12.36,113
13807,-1.942045,110.605631,1,0.5,12.25,-1
13808,-1.942045,110.639318,1,0.5,9.9,109
13809,-1.942045,110.642686,2,0.5,9.9,262
13810,-1.942045,110.646055,2,0.5,9.9,262
13811,-1.942045,110.649424,1,0.5,5.95,215
13812,-1.942045,110.652792,1,0.5,26.43,29
13813,-1.942045,110.656161,1,0.5,26.43,29
13814,-1.942045,110.65953,1,0.5,26.43,29
13815,-1.942045,110.686479,1,0.5,9.57,-1
13816,-1.942045,110.689848,2,0.75,24.87,37
13817,-1.942045,110.693217,2,0.75,32.61,-1
13818,-1.942045,110.696585,2,0.75,32.61,-1
13819,-1.942045,110.699954,1,0.5,32.61,-1
13820,-1.942045,110.703323,1,0.5,8.09,134
13821,-1.942045,110.713429,1,0.5,3.08,260
13822,-1.942045,110.716797,2,0.5,23.81,36
13823,-1.942045,110.720166,2,0.5,23.81,36
13824,-1.942045,110.723535,1,0.5,23.81,-1
13825,-1.942045,110.726903,1,0.5,23.81,-1
13826,-1.942045,110.747115,1,0.5,2.82,247
13827,-1.942045,110.750484,1,0.5,2.82,247
13828,-1.942045,110.753853,2,0.75,6.26,309
13829,-1.942045,110.757222,1,1.0,6.26,232
13830,-1.942045,110.76059,2,0.75,20.86,50
13831,-1.942045,110.763959,2,0.5,20.86,50
13832,-1.942045,110.767328,1,0.5,20.86,55
13833,-1.942045,110.790908,1,0.5,8.89,-1
13834,-1.942045,110.794277,2,0.5,8.89,285
13835,-1.942045,110.797646,2,0.5,8.89,285
13836,-1.942045,110.801014,1,0.5,5.22,158
13837,-1.942045,110.804383,1,0.5,5.08,256
13838,-1.942045,110.807752,1,0.5,5.08,256
13839,-1.942045,110.81112,1,0.5,5.08,256
13840,-1.942045,110.844807,1,0.5,4.57,265
13841,-1.942045,110.848176,1,0.5,4.57,265
13842,-1.942045,110.851545,1,0.5,4.57,265
13843,-1.942045,110.858282,1,0.5,5.4,-1
13844,-1.942045,110.861651,1,0.5,5.4,-1
13845,-1.942045,110.865019,1,0.5,8.33,125
13846,-1.942045,110.868388,1,0.5,8.33,125
13847,-1.942045,110.871757,1,0.5,8.33,125
13848,-1.942045,110.881863,1,0.5,4.31,290
13849,-1.942045,110.885231,1,0.5,4.31,290
13850,-1.942045,110.8886,1,0.5,4.31,290
13851,-1.945414,110.167702,1,0.5,8.77,206
13852,-1.945414,110.171071,1,0.5,8.77,206
13853,-1.945414,110.174439,2,0.5,8.77,285
13854,-1.945414,110.177808,2,0.5,7.58,328
13855,-1.945414,110.181177,2,0.5,7.58,328
13856,-1.945414,110.433828,1,0.5,4.04,301
13857,-1.945414,110.437197,1,0.5,4.04,301
13858,-1.945414,110.440565,1,0.5,4.04,301
13859,-1.945414,110.443934,1,0.5,4.04,301
13860,-1.945414,110.457409,1,0.5,6.15,165
13861,-1.945414,110.460777,1,0.5,6.15,165
13862,-1.945414,110.464146,1,0.5,6.15,165
13863,-1.945414,110.487727,1,0.5,7.93,-1
13864,-1.945414,110.491096,1,0.5,7.93,-1
13865,-1.945414,110.595525,1,0.5,12.36,113
13866,-1.945414,110.598893,1,0.5,12.36,113
13867,-1.945414,110.602262,1,0.5,12.36,113
13868,-1.945414,110.605631,1,0.5,12.25,-1
13869,-1.945414,110.639318,2,0.5,9.9,262
13870,-1.945414,110.642686,3,0.5,9.9,18
13871,-1.945414,110.646055,2,0.5,9.9,262
13872,-1.945414,110.649424,1,0.5,5.95,215
13873,-1.945414,110.652792,1,0.5,26.43,29
13874,-1.945414,110.656161,1,0.5,26.43,29
13875,-1.945414,110.65953,2,0.5,26.43,37
13876,-1.945414,110.662898,1,0.5,3.98,303
13877,-1.945414,110.686479,1,0.5,9.57,-1
13878,-1.945414,110.689848,1,1.0,24.87,31
13879,-1.945414,110.693217,1,1.0,32.61,-1
13880,-1.945414,110.696585,2,0.75,32.61,-1
13881,-1.945414,110.699954,1,0.5,32.61,-1
13882,-1.945414,110.703323,1,0.5,8.09,134
13883,-1.945414,110.713429,1,0.5,3.08,260
13884,-1.945414,110.716797,1,0.5,3.08,260
13885,-1.945414,110.720166,1,0.5,3.08,260
13886,-1.945414,110.723535,1,0.5,5.47,-1
13887,-1.945414,110.726903,2,0.5,5.47,287
13888,-1.945414,110.730272,2,0.5,5.47,287
13889,-1.945414,110.733641,1,0.5,3.89,297
13890,-1.945414,110.750484,1,0.5,8.73,205
13891,-1.945414,110.753853,1,0.5,8.73,205
13892,-1.945414,110.757222,1,0.5,8.73,205
13893,-1.945414,110.76059,1,0.5,20.86,55
13894,-1.945414,110.763959,1,0.5,20.86,55
13895,-1.945414,110.767328,1,0.5,20.86,55
13896,-1.945414,110.774065,1,0.5,12.1,89
13897,-1.945414,110.777434,1,0.5,12.1,89
13898,-1.945414,110.780802,1,0.5,12.1,89
13899,-1.945414,110.790908,1,0.5,8.89,-1
13900,-1.945414,110.794277,1,0.5,8.89,-1
13901,-1.945414,110.797646,1,0.5,8.89,-1
13902,-1.945414,110.804383,1,0.5,5.08,256
13903,-1.945414,110.807752,1,0.5,5.08,256
13904,-1.945414,110.81112,1,0.5,5.08,256
13905,-1.945414,110.858282,1,0.5,5.4,-1
13906,-1.945414,110.861651,1,0.5,5.4,-1
13907,-1.945414,110.865019,1,0.5,8.33,125
13908,-1.945414,110.868388,1,0.5,8.33,125
13909,-1.945414,110.871757,1,0.5,8.33,125
13910,-1.945414,110.881863,1,0.5,4.31,290
13911,-1.945414,110.885231,1,0.5,4.31,290
13912,-1.945414,110.8886,1,0.5,4.31,290
13913,-1.948783,110.110435,1,0.5,5.69,151
13914,-1.948783,110.113803,1,0.5,5.69,151
13915,-1.948783,110.117172,1,0.5,5.69,151
13916,-1.948783,110.167702,1,0.5,8.77,206
13917,-1.948783,110.171071,1,0.5,8.77,206
13918,-1.948783,110.174439,2,0.5,8.77,285
13919,-1.948783,110.177808,1,0.5,7.58,140
13920,-1.948783,110.181177,1,0.5,7.58,140
13921,-1.948783,110.433828,1,0.5,4.04,301
13922,-1.948783,110.437197,1,0.5,4.04,301
13923,-1.948783,110.440565,1,0.5,4.04,301
13924,-1.948783,110.443934,1,0.5,4.04,301
13925,-1.948783,110.457409,1,0.5,6.15,165
13926,-1.948783,110.460777,1,0.5,6.15,165
13927,-1.948783,110.464146,1,0.5,6.15,165
13928,-1.948783,110.595525,1,0.5,12.36,113
13929,-1.948783,110.598893,1,0.5,12.36,113
13930,-1.948783,110.602262,1,0.5,12.36,113
13931,-1.948783,110.605631,1,0.5,12.25,-1
13932,-1.948783,110.629212,1,0.5,2.31,228
13933,-1.948783,110.63258,1,0.5,2.31,228
13934,-1.948783,110.639318,1,0.5,3.53,329
13935,-1.948783,110.642686,2,0.5,5.33,287
13936,-1.948783,110.646055,1,0.5,5.33,-1
13937,-1.948783,110.649424,2,0.5,11.42,216
13938,-1.948783,110.652792,2,0.5,26.43,37
13939,-1.948783,110.656161,3,0.5,83.65,-1
13940,-1.948783,110.65953,3,0.5,83.65,-1
13941,-1.948783,110.662898,2,0.5,83.65,3
13942,-1.948783,110.703323,1,0.5,18.86,61
13943,-1.948783,110.706691,1,0.5,18.86,61
13944,-1.948783,110.71006,1,0.5,18.86,61
13945,-1.948783,110.713429,2,0.5,15.58,80
13946,-1.948783,110.716797,1,0.5,3.08,260
13947,-1.948783,110.720166,1,0.5,3.08,260
13948,-1.948783,110.723535,1,0.5,5.47,-1
13949,-1.948783,110.726903,2,0.5,5.47,287
13950,-1.948783,110.730272,2,0.5,5.47,287
13951,-1.948783,110.733641,1,0.5,3.89,297
13952,-1.948783,110.750484,1,0.5,8.73,205
13953,-1.948783,110.753853,1,0.5,8.73,205
13954,-1.948783,110.757222,1,0.5,8.73,205
13955,-1.948783,110.76059,1,0.5,20.86,55
13956,-1.948783,110.763959,1,0.5,20.86,55
13957,-1.948783,110.767328,1,0.5,20.86,55
13958,-1.948783,110.770696,1,0.5,7.2,178
13959,-1.948783,110.774065,2,0.5,12.1,-1
13960,-1.948783,110.777434,1,0.5,12.1,89
13961,-1.948783,110.780802,1,0.5,12.1,89
13962,-1.948783,110.790908,2,0.5,8.89,285
13963,-1.948783,110.794277,2,0.5,8.89,285
13964,-1.948783,110.797646,2,0.5,8.89,285
13965,-1.948783,110.841439,1,0.5,8.96,177
13966,-1.948783,110.844807,1,0.5,8.96,177
13967,-1.948783,110.848176,1,0.5,8.96,177
13968,-1.948783,110.865019,1,0.5,8.33,125
13969,-1.948783,110.868388,1,0.5,8.33,125
13970,-1.948783,110.871757,1,0.5,8.33,125
13971,-1.952151,110.110435,1,0.5,5.69,151
13972,-1.952151,110.113803,1,0.5,5.69,151
13973,-1.952151,110.117172,1,0.5,5.69,151
13974,-1.952151,110.174439,1,0.5,7.58,140
13975,-1.952151,110.177808,1,0.5,7.58,140
13976,-1.952151,110.181177,1,0.5,7.58,140
13977,-1.952151,110.430459,1,0.5,11.15,116
13978,-1.952151,110.433828,1,0.5,11.15,116
13979,-1.952151,110.437197,1,0.5,11.15,116
13980,-1.952151,110.548363,1,0.5,2.88,252
13981,-1.952151,110.551732,1,0.5,2.88,252
13982,-1.952151,110.561838,1,0.5,3.83,-1
13983,-1.952151,110.565207,1,0.5,3.83,-1
13984,-1.952151,110.595525,1,0.5,12.36,113
13985,-1.952151,110.598893,1,0.5,12.36,113
13986,-1.952151,110.602262,1,0.5,12.36,113
13987,-1.952151,110.605631,1,0.5,12.25,-1
13988,-1.952151,110.629212,1,0.5,2.31,228
13989,-1.952151,110.63258,1,0.5,2.31,228
13990,-1.952151,110.649424,1,0.5,8.95,177
13991,-1.952151,110.652792,1,0.5,11.42,-1
13992,-1.952151,110.656161,2,0.5,83.65,3
13993,-1.952151,110.65953,2,0.5,83.65,3
13994,-1.952151,110.662898,1,0.5,83.65,-1
13995,-1.952151,110.703323,1,0.5,18.86,61
13996,-1.952151,110.706691,1,0.5,18.86,61
13997,-1.952151,110.71006,1,0.5,18.86,61
13998,-1.952151,110.713429,1,0.5,15.58,60
13999,-1.952151,110.723535,1,0.5,5.47,-1
14000,-1.952151,110.726903,1,0.5,5.47,-1
14001,-1.952151,110.730272,1,0.5,5.47,-1
14002,-1.952151,110.750484,1,0.5,8.73,205
14003,-1.952151,110.753853,1,0.5,8.73,205
14004,-1.952151,110.757222,1,0.5,8.73,205
14005,-1.952151,110.767328,1,0.5,7.2,178
14006,-1.952151,110.770696,1,0.5,7.2,178
14007,-1.952151,110.774065,2,0.5,12.1,-1
14008,-1.952151,110.777434,1,0.5,12.1,89
14009,-1.952151,110.780802,1,0.5,12.1,89
14010,-1.952151,110.790908,1,0.5,2.67,-1
14011,-1.952151,110.794277,1,0.5,2.67,-1
14012,-1.952151,110.797646,1,0.5,2.67,-1
14013,-1.952151,110.841439,1,0.5,8.96,177
14014,-1.952151,110.844807,1,0.5,8.96,177
14015,-1.952151,110.848176,1,0.5,8.96,177
14016,-1.95552,110.110435,1,0.5,5.69,151
14017,-1.95552,110.113803,1,0.5,5.69,151
14018,-1.95552,110.117172,1,0.5,5.69,151
14019,-1.95552,110.174439,1,0.5,6.62,174
14020,-1.95552,110.177808,1,0.5,6.62,174
14021,-1.95552,110.181177,1,0.5,6.62,174
14022,-1.95552,110.413616,1,0.5,7.74,-1
14023,-1.95552,110.416985,1,0.5,7.74,-1
14024,-1.95552,110.420353,1,0.5,7.74,-1
14025,-1.95552,110.430459,1,0.5,11.15,116
14026,-1.95552,110.433828,1,0.5,11.15,116
14027,-1.95552,110.437197,1,0.5,11.15,116
14028,-1.95552,110.548363,1,0.5,2.88,252
14029,-1.95552,110.551732,1,0.5,2.88,252
14030,-1.95552,110.561838,1,0.5,3.83,-1
14031,-1.95552,110.565207,1,0.5,3.83,-1
14032,-1.95552,110.612368,1,0.5,6.62,174
14033,-1.95552,110.615737,1,0.5,6.62,174
14034,-1.95552,110.629212,1,0.5,2.31,228
14035,-1.95552,110.63258,1,0.5,2.31,228
14036,-1.95552,110.649424,1,0.5,8.95,177
14037,-1.95552,110.652792,1,0.5,11.42,-1
14038,-1.95552,110.656161,2,0.5,83.65,3
14039,-1.95552,110.65953,3,0.5,83.65,-1
14040,-1.95552,110.662898,2,0.5,83.65,3
14041,-1.95552,110.666267,1,0.5,2.72,307
14042,-1.95552,110.703323,1,0.5,18.86,61
14043,-1.95552,110.706691,1,0.5,18.86,61
14044,-1.95552,110.71006,1,0.5,18.86,61
14045,-1.95552,110.713429,1,0.5,15.58,60
14046,-1.95552,110.723535,2,0.5,5.98,302
14047,-1.95552,110.726903,2,0.5,5.98,302
14048,-1.95552,110.730272,2,0.5,5.98,302
14049,-1.95552,110.767328,1,0.5,7.2,178
14050,-1.95552,110.770696,1,0.5,7.2,178
14051,-1.95552,110.790908,1,0.5,2.67,-1
14052,-1.95552,110.794277,1,0.5,2.67,-1
14053,-1.95552,110.797646,1,0.5,2.67,-1
14054,-1.95552,110.844807,1,0.5,34.35,20
14055,-1.95552,110.848176,1,0.5,34.35,20
14056,-1.95552,110.851545,1,0.5,34.35,20
14057,-1.958889,110.413616,1,0.5,7.74,-1
14058,-1.958889,110.416985,1,0.5,7.74,-1
14059,-1.958889,110.420353,1,0.5,7.74,-1
14060,-1.958889,110.507939,1,0.5,3.9,297
14061,-1.958889,110.511308,1,0.5,3.9,297
14062,-1.958889,110.514676,1,0.5,3.9,297
14063,-1.958889,110.561838,1,0.5,3.83,-1
14064,-1.958889,110.565207,1,0.5,3.83,-1
14065,-1.958889,110.605631,1,0.5,3.01,258
14066,-1.958889,110.608999,1,0.5,3.01,258
14067,-1.958889,110.612368,1,0.5,6.62,174
14068,-1.958889,110.615737,1,0.5,6.62,174
14069,-1.958889,110.619106,1,0.5,4.77,219
14070,-1.958889,110.622474,1,0.5,4.77,219
14071,-1.958889,110.625843,1,0.5,4.77,219
14072,-1.958889,110.649424,1,0.5,8.95,177
14073,-1.958889,110.652792,1,0.5,8.95,177
14074,-1.958889,110.656161,1,0.5,8.95,177
14075,-1.958889,110.65953,2,0.5,8.95,285
14076,-1.958889,110.662898,1,0.5,2.72,307
14077,-1.958889,110.666267,1,0.5,2.72,307
14078,-1.958889,110.703323,1,0.5,8.93,177
14079,-1.958889,110.706691,1,0.5,8.93,177
14080,-1.958889,110.71006,1,0.5,8.93,177
14081,-1.958889,110.716797,1,0.5,10.93,97
14082,-1.958889,110.720166,1,0.5,10.93,97
14083,-1.958889,110.723535,3,0.5,10.93,18
14084,-1.958889,110.726903,2,0.5,6.49,309
14085,-1.958889,110.730272,2,0.5,6.49,309
14086,-1.958889,110.767328,1,0.5,7.2,178
14087,-1.958889,110.770696,1,0.5,7.2,178
14088,-1.958889,110.844807,1,0.5,34.35,20
14089,-1.958889,110.848176,1,0.5,34.35,20
14090,-1.958889,110.851545,2,0.75,34.35,-1
14091,-1.958889,110.854913,1,1.0,6.28,188
14092,-1.958889,110.858282,1,1.0,6.28,188
14093,-1.958889,110.929024,1,0.5,13.76,65
14094,-1.958889,110.932393,1,0.5,13.76,65
14095,-1.958889,110.935762,1,0.5,13.76,65
14096,-1.962257,110.427091,1,0.5,2.52,237
14097,-1.962257,110.430459,1,0.5,2.52,237
14098,-1.962257,110.433828,1,0.5,2.52,237
14099,-1.962257,110.507939,1,0.5,3.9,297
14100,-1.962257,110.511308,1,0.5,3.9,297
14101,-1.962257,110.514676,1,0.5,3.9,297
14102,-1.962257,110.605631,1,0.5,3.01,258
14103,-1.962257,110.608999,1,0.5,3.01,258
14104,-1.962257,110.612368,1,0.5,6.62,174
14105,-1.962257,110.615737,1,0.5,6.62,174
14106,-1.962257,110.619106,1,0.5,4.77,219
14107,-1.962257,110.622474,1,0.5,4.77,219
14108,-1.962257,110.625843,1,0.5,4.77,219
14109,-1.962257,110.65953,1,0.5,2.72,307
14110,-1.962257,110.662898,1,0.5,2.72,307
14111,-1.962257,110.666267,1,0.5,2.72,307
14112,-1.962257,110.716797,1,0.5,10.93,97
14113,-1.962257,110.720166,2,0.5,10.93,216
14114,-1.962257,110.723535,3,0.5,10.93,18
14115,-1.962257,110.726903,2,0.5,5.98,302
14116,-1.962257,110.730272,1,0.5,5.98,185
14117,-1.962257,110.844807,1,0.5,34.35,20
14118,-1.962257,110.848176,1,0.5,34.35,20
14119,-1.962257,110.851545,2,0.75,34.35,-1
14120,-1.962257,110.854913,1,1.0,6.28,188
14121,-1.962257,110.858282,1,1.0,6.28,188
14122,-1.962257,110.929024,1,0.5,13.76,65
14123,-1.962257,110.932393,1,0.5,13.76,65
14124,-1.962257,110.935762,1,0.5,13.76,65
14125,-1.965626,110.427091,1,0.5,2.52,237
14126,-1.965626,110.430459,1,0.5,2.52,237
14127,-1.965626,110.433828,1,0.5,2.52,237
14128,-1.965626,110.507939,1,0.5,3.9,297
14129,-1.965626,110.511308,1,0.5,3.9,297
14130,-1.965626,110.514676,1,0.5,3.9,297
14131,-1.965626,110.602262,1,0.5,8.24,130
14132,-1.965626,110.605631,2,0.5,8.24,294
14133,-1.965626,110.608999,2,0.5,8.24,294
14134,-1.965626,110.619106,1,0.5,4.77,219
14135,-1.965626,110.622474,1,0.5,4.77,219
14136,-1.965626,110.625843,1,0.5,4.77,219
14137,-1.965626,110.696585,1,0.5,39.03,16
14138,-1.965626,110.699954,2,0.5,39.03,22
14139,-1.965626,110.703323,2,0.5,39.03,22
14140,-1.965626,110.706691,1,0.5,14.74,56
14141,-1.965626,110.713429,1,0.5,42.78,8
14142,-1.965626,110.716797,1,0.5,42.78,8
14143,-1.965626,110.720166,2,0.5,42.78,-1
14144,-1.965626,110.723535,3,0.5,42.78,-1
14145,-1.965626,110.726903,2,0.5,5.98,302
14146,-1.965626,110.730272,1,0.5,5.98,185
14147,-1.965626,110.774065,1,0.5,19.62,76
14148,-1.965626,110.777434,1,0.5,19.62,76
14149,-1.965626,110.780802,1,0.5,19.62,76
14150,-1.965626,110.784171,1,0.5,30.02,25
14151,-1.965626,110.78754,2,0.5,30.02,-1
14152,-1.965626,110.790908,2,0.5,30.02,-1
14153,-1.965626,110.794277,1,0.5,1.9,-1
14154,-1.965626,110.854913,1,1.0,6.28,188
14155,-1.965626,110.858282,1,1.0,6.28,188
14156,-1.965626,110.861651,1,1.0,6.28,188
14157,-1.965626,110.932393,1,0.5,13.76,65
14158,-1.965626,110.935762,1,0.5,13.76,65
14159,-1.965626,110.93913,2,0.5,13.76,-1
14160,-1.965626,110.942499,1,0.5,4.04,301
14161,-1.965626,110.945868,1,0.5,4.04,301
14162,-1.968995,110.164333,2,0.5,39.41,22
14163,-1.968995,110.167702,2,0.5,39.41,22
14164,-1.968995,110.171071,2,0.5,39.41,22
14165,-1.968995,110.507939,1,0.5,3.9,297
14166,-1.968995,110.511308,1,0.5,3.9,297
14167,-1.968995,110.514676,1,0.5,3.9,297
14168,-1.968995,110.561838,1,0.5,20.41,58
14169,-1.968995,110.565207,1,0.5,20.41,58
14170,-1.968995,110.592156,1,0.5,16.01,43
14171,-1.968995,110.595525,1,0.5,16.01,43
14172,-1.968995,110.602262,1,0.5,8.24,130
14173,-1.968995,110.605631,2,0.5,8.24,294
14174,-1.968995,110.608999,2,0.5,8.24,294
14175,-1.968995,110.619106,1,0.5,4.77,219
14176,-1.968995,110.622474,1,0.5,4.77,219
14177,-1.968995,110.625843,1,0.5,4.77,219
14178,-1.968995,110.696585,1,0.5,39.03,16
14179,-1.968995,110.699954,2,0.5,39.03,22
14180,-1.968995,110.703323,3,0.5,39.03,-1
14181,-1.968995,110.706691,2,0.5,14.74,91
14182,-1.968995,110.71006,1,0.5,20.86,55
14183,-1.968995,110.713429,1,0.5,42.78,8
14184,-1.968995,110.716797,1,0.5,42.78,8
14185,-1.968995,110.720166,1,0.5,42.78,8
14186,-1.968995,110.723535,2,0.5,42.78,-1
14187,-1.968995,110.726903,2,0.5,42.78,-1
14188,-1.968995,110.730272,1,0.5,5.42,239
14189,-1.968995,110.777434,1,0.5,19.62,-1
14190,-1.968995,110.780802,1,0.5,19.62,76
14191,-1.968995,110.784171,1,0.5,19.62,-1
14192,-1.968995,110.78754,1,0.5,30.02,25
14193,-1.968995,110.790908,2,0.5,30.02,-1
14194,-1.968995,110.794277,2,0.5,30.02,-1
14195,-1.968995,110.797646,1,0.5,1.9,-1
14196,-1.968995,110.861651,1,0.5,23.47,35
14197,-1.968995,110.865019,1,0.5,23.47,35
14198,-1.968995,110.868388,1,0.5,23.47,35
14199,-1.968995,110.929024,1,0.5,3.26,-1
14200,-1.968995,110.932393,1,0.5,3.26,-1
14201,-1.968995,110.935762,1,0.5,3.26,-1
14202,-1.968995,110.93913,1,0.5,4.04,301
14203,-1.968995,110.942499,1,0.5,4.04,301
14204,-1.968995,110.945868,1,0.5,4.04,301
14205,-1.972363,110.164333,2,0.5,39.41,22
14206,-1.972363,110.167702,2,0.5,39.41,22
14207,-1.972363,110.171071,2,0.5,39.41,22
14208,-1.972363,110.561838,1,0.5,20.41,-1
14209,-1.972363,110.565207,1,0.5,20.41,58
14210,-1.972363,110.585419,1,0.5,5.41,238
14211,-1.972363,110.588787,1,0.5,5.41,238
14212,-1.972363,110.592156,1,0.5,5.41,238
14213,-1.972363,110.595525,2,0.5,16.01,80
14214,-1.972363,110.598893,1,0.5,16.01,43
14215,-1.972363,110.605631,1,0.5,4.84,209
14216,-1.972363,110.608999,1,0.5,4.84,209
14217,-1.972363,110.699954,1,0.5,39.03,16
14218,-1.972363,110.703323,2,0.5,39.03,22
14219,-1.972363,110.706691,3,0.5,39.03,-1
14220,-1.972363,110.71006,2,0.5,14.74,91
14221,-1.972363,110.713429,1,0.5,20.86,55
14222,-1.972363,110.716797,1,0.5,42.78,8
14223,-1.972363,110.720166,1,0.5,42.78,8
14224,-1.972363,110.723535,1,0.5,42.78,8
14225,-1.972363,110.726903,1,0.5,42.78,8
14226,-1.972363,110.777434,1,0.5,19.62,-1
14227,-1.972363,110.780802,1,0.5,19.62,-1
14228,-1.972363,110.784171,2,0.5,19.62,50
14229,-1.972363,110.78754,2,0.5,13.06,112
14230,-1.972363,110.790908,2,0.5,26.72,-1
14231,-1.972363,110.794277,1,0.5,1.9,-1
14232,-1.972363,110.797646,1,0.5,1.9,-1
14233,-1.972363,110.854913,1,0.5,23.65,35
14234,-1.972363,110.858282,1,0.5,23.65,35
14235,-1.972363,110.861651,1,0.5,23.47,35
14236,-1.972363,110.865019,1,0.5,23.47,35
14237,-1.972363,110.868388,1,0.5,23.47,35
14238,-1.972363,110.925656,1,0.5,12.79,-1
14239,-1.972363,110.929024,3,0.5,12.79,18
14240,-1.972363,110.932393,3,0.5,12.79,18
14241,-1.972363,110.935762,2,0.5,3.75,210
14242,-1.972363,110.93913,1,0.5,4.04,301
14243,-1.972363,110.942499,2,0.5,12.48,-1
14244,-1.972363,110.945868,2,0.5,12.48,-1
14245,-1.972363,110.949236,1,0.5,12.48,-1
14246,-1.972363,110.952605,1,0.5,12.35,113
14247,-1.972363,110.955974,1,0.5,12.35,113
14248,-1.975732,110.164333,1,0.5,4.22,159
14249,-1.975732,110.167702,1,0.5,4.22,159
14250,-1.975732,110.171071,1,0.5,4.22,159
14251,-1.975732,110.565207,1,0.5,20.41,-1
14252,-1.975732,110.568575,1,0.5,20.41,-1
14253,-1.975732,110.588787,1,0.5,5.41,238
14254,-1.975732,110.592156,1,0.5,5.41,238
14255,-1.975732,110.595525,2,0.5,16.01,80
14256,-1.975732,110.598893,2,0.5,16.01,80
14257,-1.975732,110.602262,1,0.5,6.48,241
14258,-1.975732,110.605631,1,0.5,6.48,241
14259,-1.975732,110.608999,1,0.5,6.48,241
14260,-1.975732,110.703323,1,0.5,3.69,-1
14261,-1.975732,110.706691,2,0.5,10.25,-1
14262,-1.975732,110.71006,2,0.5,10.25,-1
14263,-1.975732,110.713429,1,0.5,20.86,55
14264,-1.975732,110.716797,1,0.5,42.78,8
14265,-1.975732,110.720166,1,0.5,42.78,8
14266,-1.975732,110.723535,1,0.5,42.78,8
14267,-1.975732,110.777434,1,0.5,19.62,76
14268,-1.975732,110.780802,1,0.5,19.62,76
14269,-1.975732,110.784171,2,0.5,19.62,50
14270,-1.975732,110.78754,2,0.5,13.06,112
14271,-1.975732,110.790908,1,0.5,36.47,13
14272,-1.975732,110.854913,1,0.5,23.65,35
14273,-1.975732,110.858282,1,0.5,23.65,35
14274,-1.975732,110.861651,1,0.5,7.05,153
14275,-1.975732,110.865019,1,0.5,7.05,153
14276,-1.975732,110.868388,2,0.5,7.05,332
14277,-1.975732,110.871757,1,0.5,4.22,159
14278,-1.975732,110.875125,1,0.5,4.22,159
14279,-1.975732,110.925656,2,0.5,12.79,112
14280,-1.975732,110.929024,4,0.5,12.79,2
14281,-1.975732,110.932393,4,0.5,12.79,2
14282,-1.975732,110.935762,3,0.5,6.14,18
14283,-1.975732,110.93913,1,0.5,6.14,166
14284,-1.975732,110.942499,1,0.5,12.48,-1
14285,-1.975732,110.945868,1,0.5,12.48,-1
14286,-1.975732,110.949236,1,0.5,12.48,-1
14287,-1.975732,110.952605,1,0.5,12.35,113
14288,-1.975732,110.955974,1,0.5,12.35,113
14289,-1.979101,110.160965,1,0.5,6.68,167
14290,-1.979101,110.164333,1,0.5,6.68,167
14291,-1.979101,110.167702,1,0.5,6.68,167
14292,-1.979101,110.598893,1,0.5,3.43,295
14293,-1.979101,110.602262,1,0.5,6.48,241
14294,-1.979101,110.605631,1,0.5,6.48,241
14295,-1.979101,110.608999,1,0.5,6.48,241
14296,-1.979101,110.612368,1,0.5,8.52,152
14297,-1.979101,110.615737,1,0.5,8.52,152
14298,-1.979101,110.619106,1,0.5,8.52,152
14299,-1.979101,110.703323,1,0.5,3.69,-1
14300,-1.979101,110.706691,2,0.5,7.61,328
14301,-1.979101,110.71006,2,0.75,7.61,328
14302,-1.979101,110.713429,1,1.0,7.61,139
14303,-1.979101,110.716797,1,1.0,7.61,139
14304,-1.979101,110.747115,1,0.5,5.57,-1
14305,-1.979101,110.750484,1,0.5,5.57,-1
14306,-1.979101,110.753853,1,0.5,5.57,-1
14307,-1.979101,110.777434,1,0.5,21.51,44
14308,-1.979101,110.780802,1,0.5,21.51,44
14309,-1.979101,110.784171,2,0.5,21.51,-1
14310,-1.979101,110.78754,2,0.5,13.06,112
14311,-1.979101,110.790908,1,0.5,13.06,-1
14312,-1.979101,110.861651,1,0.5,7.05,153
14313,-1.979101,110.865019,1,0.5,7.05,153
14314,-1.979101,110.868388,2,0.5,7.05,332
14315,-1.979101,110.871757,1,0.5,4.22,159
14316,-1.979101,110.875125,1,0.5,4.22,159
14317,-1.979101,110.925656,2,0.5,12.79,112
14318,-1.979101,110.929024,3,0.5,12.79,18
14319,-1.979101,110.932393,3,0.5,12.79,18
14320,-1.979101,110.935762,2,0.5,6.14,-1
14321,-1.979101,110.93913,1,0.5,6.14,166
14322,-1.979101,110.942499,1,0.5,12.48,-1
14323,-1.979101,110.945868,1,0.5,12.48,-1
14324,-1.979101,110.949236,1,0.5,12.35,113
14325,-1.979101,110.952605,1,0.5,12.35,113
14326,-1.979101,110.955974,1,0.5,12.35,113
14327,-1.98247,110.160965,1,0.5,6.3,187
14328,-1.98247,110.164333,1,0.5,6.3,187
14329,-1.98247,110.167702,1,0.5,6.3,187
14330,-1.98247,110.406879,1,0.5,15.1,-1
14331,-1.98247,110.410247,1,0.5,15.55,60
14332,-1.98247,110.413616,1,0.5,15.55,60
14333,-1.98247,110.416985,1,0.5,15.55,60
14334,-1.98247,110.494464,1,0.5,19.42,-1
14335,-1.98247,110.497833,1,0.5,19.42,-1
14336,-1.98247,110.501202,1,0.5,19.42,-1
14337,-1.98247,110.524782,1,0.5,7.21,178
14338,-1.98247,110.528151,1,0.5,7.21,178
14339,-1.98247,110.598893,1,0.5,3.43,295
14340,-1.98247,110.602262,1,0.5,6.48,241
14341,-1.98247,110.605631,1,0.5,6.48,241
14342,-1.98247,110.608999,1,0.5,6.48,241
14343,-1.98247,110.612368,1,0.5,8.52,152
14344,-1.98247,110.615737,1,0.5,8.52,152
14345,-1.98247,110.619106,1,0.5,8.52,152
14346,-1.98247,110.706691,1,0.5,7.61,139
14347,-1.98247,110.71006,1,1.0,7.61,139
14348,-1.98247,110.713429,1,1.0,7.61,139
14349,-1.98247,110.716797,1,1.0,7.61,139
14350,-1.98247,110.747115,1,0.5,5.57,-1
14351,-1.98247,110.750484,1,0.5,5.57,-1
14352,-1.98247,110.753853,1,0.5,5.57,-1
14353,-1.98247,110.777434,1,0.5,6.15,165
14354,-1.98247,110.780802,1,0.5,6.15,165
14355,-1.98247,110.784171,1,0.5,6.15,165
14356,-1.98247,110.78754,1,0.5,6.15,165
14357,-1.98247,110.861651,1,0.5,7.05,153
14358,-1.98247,110.865019,1,0.5,7.05,153
14359,-1.98247,110.868388,2,0.5,7.05,332
14360,-1.98247,110.871757,2,0.5,17.24,-1
14361,-1.98247,110.875125,2,0.5,17.24,-1
14362,-1.98247,110.878494,1,0.5,17.24,39
14363,-1.98247,110.932393,1,0.5,6.14,166
14364,-1.98247,110.935762,2,0.5,6.39,309
14365,-1.98247,110.93913,2,0.5,6.39,309
14366,-1.98247,110.942499,2,0.5,6.39,309
14367,-1.98247,110.945868,1,0.5,9.03,176
14368,-1.98247,110.949236,1,0.5,12.35,113
14369,-1.98247,110.952605,1,0.5,12.35,113
14370,-1.98247,110.955974,1,0.5,12.35,113
14371,-1.985838,110.164333,1,0.5,6.3,187
14372,-1.985838,110.167702,1,0.5,6.3,187
14373,-1.985838,110.171071,2,0.5,9.19,284
14374,-1.985838,110.174439,1,0.5,9.19,197
14375,-1.985838,110.177808,1,0.5,9.19,-1
14376,-1.985838,110.346242,1,0.5,2.85,251
14377,-1.985838,110.349611,1,0.5,2.85,251
14378,-1.985838,110.35298,1,0.5,2.85,251
14379,-1.985838,110.406879,1,0.5,15.1,-1
14380,-1.985838,110.410247,1,0.5,15.55,60
14381,-1.985838,110.413616,1,0.5,15.55,60
14382,-1.985838,110.416985,1,0.5,15.55,60
14383,-1.985838,110.487727,1,0.5,3.08,260
14384,-1.985838,110.491096,1,0.5,3.08,260
14385,-1.985838,110.494464,2,0.5,19.42,50
14386,-1.985838,110.497833,1,0.5,19.42,-1
14387,-1.985838,110.501202,1,0.5,19.42,-1
14388,-1.985838,110.524782,1,0.5,7.21,178
14389,-1.985838,110.528151,1,0.5,7.21,178
14390,-1.985838,110.612368,1,0.5,8.52,152
14391,-1.985838,110.615737,1,0.5,8.52,152
14392,-1.985838,110.619106,1,0.5,8.52,152
14393,-1.985838,110.706691,1,0.5,7.61,139
14394,-1.985838,110.71006,1,1.0,7.61,139
14395,-1.985838,110.713429,1,1.0,7.61,139
14396,-1.985838,110.716797,1,1.0,7.61,139
14397,-1.985838,110.730272,1,0.5,8.41,-1
14398,-1.985838,110.733641,1,0.5,8.41,-1
14399,-1.985838,110.737009,1,0.5,8.41,-1
14400,-1.985838,110.797646,1,0.5,3.51,329
14401,-1.985838,110.801014,1,0.5,3.51,329
14402,-1.985838,110.804383,1,0.5,3.51,329
14403,-1.985838,110.851545,1,0.5,2.25,172
14404,-1.985838,110.854913,1,0.5,2.25,172
14405,-1.985838,110.858282,1,0.5,2.25,172
14406,-1.985838,110.871757,1,0.5,17.24,39
14407,-1.985838,110.875125,1,0.5,17.24,39
14408,-1.985838,110.878494,1,0.5,17.24,39
14409,-1.985838,110.929024,1,0.5,10.43,-1
14410,-1.985838,110.932393,2,0.5,10.43,-1
14411,-1.985838,110.935762,3,0.5,10.43,18
14412,-1.985838,110.93913,2,0.5,6.39,309
14413,-1.985838,110.942499,2,0.5,6.39,309
14414,-1.985838,110.945868,1,0.5,9.03,176
14415,-1.985838,110.949236,1,0.5,12.35,113
14416,-1.985838,110.952605,1,0.5,12.35,113
14417,-1.985838,110.955974,1,0.5,12.35,113
14418,-1.989207,110.171071,1,0.5,9.19,-1
14419,-1.989207,110.174439,1,0.5,9.19,197
14420,-1.989207,110.177808,1,0.5,9.19,197
14421,-1.989207,110.346242,1,0.5,2.58,-1
14422,-1.989207,110.349611,1,0.5,2.58,-1
14423,-1.989207,110.35298,1,0.5,2.58,-1
14424,-1.989207,110.406879,1,0.5,15.1,-1
14425,-1.989207,110.410247,1,0.5,15.1,-1
14426,-1.989207,110.413616,1,0.5,15.1,-1
14427,-1.989207,110.487727,1,0.5,3.08,260
14428,-1.989207,110.491096,1,0.5,3.08,260
14429,-1.989207,110.494464,2,0.5,19.42,50
14430,-1.989207,110.497833,1,0.5,19.42,-1
14431,-1.989207,110.501202,1,0.5,19.42,-1
14432,-1.989207,110.524782,1,0.5,7.21,178
14433,-1.989207,110.528151,1,0.5,7.21,178
14434,-1.989207,110.71006,2,0.75,15.06,91
14435,-1.989207,110.713429,2,0.75,15.06,91
14436,-1.989207,110.716797,2,0.75,15.06,91
14437,-1.989207,110.720166,1,0.5,4.85,209
14438,-1.989207,110.723535,1,0.5,4.85,209
14439,-1.989207,110.726903,1,0.5,4.85,209
14440,-1.989207,110.730272,1,0.5,8.41,-1
14441,-1.989207,110.733641,1,0.5,8.41,-1
14442,-1.989207,110.737009,1,0.5,8.41,-1
14443,-1.989207,110.740378,1,0.5,10.07,120
14444,-1.989207,110.797646,2,0.5,25.35,37
14445,-1.989207,110.801014,2,0.5,25.35,37
14446,-1.989207,110.804383,2,0.5,25.35,37
14447,-1.989207,110.851545,1,0.5,2.25,172
14448,-1.989207,110.854913,1,0.5,2.25,172
14449,-1.989207,110.858282,1,0.5,2.25,172
14450,-1.989207,110.871757,1,0.5,17.24,39
14451,-1.989207,110.875125,1,0.5,17.24,39
14452,-1.989207,110.878494,1,0.5,17.24,39
14453,-1.989207,110.91555,1,0.5,12.34,113
14454,-1.989207,110.918918,1,0.5,12.34,113
14455,-1.989207,110.922287,1,0.5,12.34,113
14456,-1.989207,110.925656,1,0.5,10.99,97
14457,-1.989207,110.929024,1,0.5,10.43,-1
14458,-1.989207,110.932393,1,0.5,10.43,-1
14459,-1.989207,110.935762,2,0.5,10.43,-1
14460,-1.989207,110.93913,1,0.5,6.39,-1
14461,-1.989207,110.942499,1,0.5,6.39,-1
14462,-1.989207,110.949236,1,0.5,3.93,306
14463,-1.989207,110.952605,1,0.5,3.93,306
14464,-1.989207,110.955974,1,0.5,3.93,306
14465,-1.989207,110.959342,1,0.5,5.85,162
14466,-1.989207,110.962711,1,0.5,5.85,162
14467,-1.992576,110.171071,1,0.5,9.19,197
14468,-1.992576,110.174439,1,0.5,9.19,197
14469,-1.992576,110.177808,1,0.5,9.19,197
14470,-1.992576,110.346242,1,0.5,2.58,-1
14471,-1.992576,110.349611,1,0.5,2.58,-1
14472,-1.992576,110.35298,1,0.5,2.58,-1
14473,-1.992576,110.393404,1,0.5,3.05,269
14474,-1.992576,110.396773,1,0.5,3.05,269
14475,-1.992576,110.400141,1,0.5,3.05,269
14476,-1.992576,110.487727,1,0.5,3.08,260
14477,-1.992576,110.491096,1,0.5,3.08,260
14478,-1.992576,110.494464,1,0.5,3.08,260
14479,-1.992576,110.71006,1,0.5,10.96,97
14480,-1.992576,110.713429,1,0.5,10.96,97
14481,-1.992576,110.716797,1,0.5,10.96,97
14482,-1.992576,110.720166,1,0.5,4.85,209
14483,-1.992576,110.723535,1,0.5,4.85,209
14484,-1.992576,110.726903,1,0.5,4.85,209
14485,-1.992576,110.733641,1,0.5,10.07,120
14486,-1.992576,110.737009,1,0.5,10.07,120
14487,-1.992576,110.740378,1,0.5,10.07,120
14488,-1.992576,110.753853,1,0.5,9.22,175
14489,-1.992576,110.757222,1,0.5,9.22,175
14490,-1.992576,110.76059,1,0.5,9.22,175
14491,-1.992576,110.767328,1,0.5,16.41,-1
14492,-1.992576,110.770696,1,0.5,16.41,-1
14493,-1.992576,110.774065,1,0.5,16.41,-1
14494,-1.992576,110.797646,2,0.5,25.35,37
14495,-1.992576,110.801014,2,0.5,25.35,37
14496,-1.992576,110.804383,2,0.5,25.35,37
14497,-1.992576,110.851545,1,0.5,2.25,172
14498,-1.992576,110.854913,1,0.5,2.25,172
14499,-1.992576,110.858282,1,0.5,2.25,172
14500,-1.992576,110.865019,1,0.5,5.64,226
14501,-1.992576,110.868388,1,0.5,5.64,226
14502,-1.992576,110.871757,1,0.5,17.24,39
14503,-1.992576,110.875125,1,0.5,17.24,39
14504,-1.992576,110.878494,1,0.5,17.24,39
14505,-1.992576,110.91555,1,0.5,12.34,113
14506,-1.992576,110.918918,1,0.5,12.34,113
14507,-1.992576,110.922287,1,0.5,12.34,113
14508,-1.992576,110.925656,1,0.5,10.99,97
14509,-1.992576,110.929024,1,0.5,10.43,-1
14510,-1.992576,110.932393,1,0.5,10.43,-1
14511,-1.992576,110.935762,1,0.5,10.43,-1
14512,-1.992576,110.959342,1,0.5,5.85,162
14513,-1.992576,110.962711,1,0.5,5.85,162
14514,-1.992576,110.996398,1,0.5,3.45,314
14515,-1.992576,110.999767,1,0.5,3.45,314
14516,-1.992576,111.003135,1,0.5,3.45,314
14517,-1.995944,110.346242,1,0.5,2.58,-1
14518,-1.995944,110.349611,1,0.5,2.58,-1
14519,-1.995944,110.35298,1,0.5,2.58,-1
14520,-1.995944,110.393404,1,0.5,3.05,269
14521,-1.995944,110.396773,1,0.5,3.05,269
14522,-1.995944,110.400141,1,0.5,3.05,269
14523,-1.995944,110.497833,1,0.5,7.18,178
14524,-1.995944,110.501202,1,0.5,7.18,178
14525,-1.995944,110.71006,1,0.5,10.96,97
14526,-1.995944,110.713429,1,0.5,10.96,97
14527,-1.995944,110.716797,1,0.5,10.96,97
14528,-1.995944,110.720166,1,0.5,4.85,209
14529,-1.995944,110.723535,1,0.5,4.85,209
14530,-1.995944,110.726903,1,0.5,4.85,209
14531,-1.995944,110.733641,1,0.5,10.07,120
14532,-1.995944,110.737009,1,0.5,10.07,120
14533,-1.995944,110.740378,1,0.5,10.07,120
14534,-1.995944,110.743747,1,0.5,25.51,33
14535,-1.995944,110.747115,1,0.5,25.51,33
14536,-1.995944,110.753853,2,0.5,14.09,-1
14537,-1.995944,110.757222,2,0.5,14.09,-1
14538,-1.995944,110.76059,2,0.5,14.09,-1
14539,-1.995944,110.767328,1,0.5,16.41,-1
14540,-1.995944,110.770696,1,0.5,16.41,-1
14541,-1.995944,110.774065,1,0.5,16.41,-1
14542,-1.995944,110.777434,1,0.5,9.95,-1
14543,-1.995944,110.780802,2,0.5,12.44,-1
14544,-1.995944,110.784171,2,0.5,12.44,-1
14545,-1.995944,110.797646,2,0.5,25.35,37
14546,-1.995944,110.801014,2,0.5,25.35,37
14547,-1.995944,110.804383,2,0.5,25.35,37
14548,-1.995944,110.865019,1,0.5,6.58,164
14549,-1.995944,110.868388,1,0.5,6.58,164
14550,-1.995944,110.91555,1,0.5,7.19,178
14551,-1.995944,110.918918,2,0.5,13.49,111
14552,-1.995944,110.922287,2,0.5,13.49,111
14553,-1.995944,110.925656,2,0.5,13.49,111
14554,-1.995944,110.929024,1,0.5,10.1,120
14555,-1.995944,110.932393,1,0.5,10.1,120
14556,-1.995944,110.959342,1,0.5,5.85,162
14557,-1.995944,110.962711,1,0.5,5.85,162
14558,-1.995944,110.996398,1,0.5,3.45,314
14559,-1.995944,110.999767,1,0.5,3.45,314
14560,-1.995944,111.003135,1,0.5,3.45,314
14561,-1.999313,110.423722,1,0.5,9.18,197
14562,-1.999313,110.427091,1,0.5,9.18,197
14563,-1.999313,110.430459,1,0.5,9.18,197
14564,-1.999313,110.497833,2,0.5,7.18,331
14565,-1.999313,110.501202,2,0.5,7.18,331
14566,-1.999313,110.50457,1,0.5,5.67,213
14567,-1.999313,110.595525,1,0.5,3.86,310
14568,-1.999313,110.598893,1,0.5,3.86,310
14569,-1.999313,110.743747,1,0.5,25.51,33
14570,-1.999313,110.747115,1,0.5,25.51,33
14571,-1.999313,110.753853,1,0.5,14.09,46
14572,-1.999313,110.757222,1,0.5,14.09,-1
14573,-1.999313,110.76059,1,0.5,14.09,-1
14574,-1.999313,110.767328,1,0.5,16.41,-1
14575,-1.999313,110.770696,1,0.5,16.41,-1
14576,-1.999313,110.774065,2,0.5,16.41,-1
14577,-1.999313,110.777434,2,0.5,5.04,287
14578,-1.999313,110.780802,3,0.5,12.44,18
14579,-1.999313,110.784171,2,0.5,12.44,-1
14580,-1.999313,110.797646,1,0.5,9.91,109
14581,-1.999313,110.801014,1,0.5,9.91,109
14582,-1.999313,110.804383,2,0.5,21.56,-1
14583,-1.999313,110.807752,1,0.5,21.56,44
14584,-1.999313,110.81112,1,0.5,34.45,20
14585,-1.999313,110.814489,1,0.5,34.45,20
14586,-1.999313,110.817858,1,0.5,34.45,20
14587,-1.999313,110.865019,1,0.5,6.58,164
14588,-1.999313,110.868388,1,0.5,6.58,164
14589,-1.999313,110.912181,1,0.5,6.05,198
14590,-1.999313,110.91555,1,0.5,6.05,198
14591,-1.999313,110.918918,2,0.5,13.49,111
14592,-1.999313,110.922287,1,0.5,13.49,83
14593,-1.999313,110.925656,1,0.5,13.49,83
14594,-1.999313,110.929024,1,0.5,10.1,120
14595,-1.999313,110.932393,1,0.5,10.1,120
14596,-1.999313,110.996398,1,0.5,3.45,314
14597,-1.999313,110.999767,1,0.5,3.45,314
14598,-1.999313,111.003135,1,0.5,3.45,314
14599,-2.002682,110.369823,1,0.5,23.62,35
14600,-2.002682,110.373192,1,0.5,23.62,35
14601,-2.002682,110.37656,1,0.5,23.62,35
14602,-2.002682,110.379929,1,0.5,23.62,35
14603,-2.002682,110.410247,1,0.5,2.96,259
14604,-2.002682,110.413616,1,0.5,2.96,259
14605,-2.002682,110.416985,1,0.5,2.96,259
14606,-2.002682,110.423722,1,0.5,9.18,197
14607,-2.002682,110.427091,1,0.5,9.34,146
14608,-2.002682,110.430459,1,0.5,9.34,146
14609,-2.002682,110.433828,1,0.5,9.34,146
14610,-2.002682,110.45404,1,0.5,1.6,127
14611,-2.002682,110.457409,1,0.5,1.6,127
14612,-2.002682,110.460777,1,0.5,1.6,127
14613,-2.002682,110.497833,2,0.5,7.18,331
14614,-2.002682,110.501202,2,0.5,7.18,331
14615,-2.002682,110.50457,1,0.5,5.67,213
14616,-2.002682,110.595525,1,0.5,3.86,310
14617,-2.002682,110.598893,1,0.5,3.86,310
14618,-2.002682,110.730272,1,0.5,26.62,29
14619,-2.002682,110.733641,1,0.5,26.62,29
14620,-2.002682,110.737009,1,0.5,26.62,29
14621,-2.002682,110.740378,1,0.5,26.62,29
14622,-2.002682,110.743747,1,0.5,25.51,33
14623,-2.002682,110.747115,1,0.5,25.51,33
14624,-2.002682,110.753853,1,0.5,14.09,-1
14625,-2.002682,110.757222,1,0.5,14.09,-1
14626,-2.002682,110.76059,1,0.5,14.09,-1
14627,-2.002682,110.774065,1,0.5,5.04,223
14628,-2.002682,110.777434,2,0.5,5.04,287
14629,-2.002682,110.780802,3,0.5,12.44,18
14630,-2.002682,110.784171,2,0.5,12.44,-1
14631,-2.002682,110.797646,1,0.5,9.91,109
14632,-2.002682,110.801014,1,0.5,9.91,109
14633,-2.002682,110.804383,2,0.5,21.56,-1
14634,-2.002682,110.807752,1,0.5,21.56,44
14635,-2.002682,110.81112,1,0.5,34.45,20
14636,-2.002682,110.814489,1,0.5,34.45,20
14637,-2.002682,110.817858,1,0.5,34.45,20
14638,-2.002682,110.865019,1,0.5,6.58,164
14639,-2.002682,110.868388,1,0.5,6.58,164
14640,-2.002682,110.912181,1,0.5,6.05,198
14641,-2.002682,110.91555,1,0.5,6.05,198
14642,-2.002682,110.918918,2,0.5,13.49,111
14643,-2.002682,110.922287,1,0.5,13.49,83
14644,-2.002682,110.925656,1,0.5,13.49,83
14645,-2.002682,110.929024,1,0.5,10.1,120
14646,-2.002682,110.932393,1,0.5,10.1,120
14647,-2.00605,110.369823,2,0.5,23.62,36
14648,-2.00605,110.373192,2,0.5,23.62,36
14649,-2.00605,110.37656,2,0.5,23.62,36
14650,-2.00605,110.379929,1,0.5,23.62,35
14651,-2.00605,110.410247,1,0.5,2.96,259
14652,-2.00605,110.413616,1,0.5,2.96,259
14653,-2.00605,110.416985,1,0.5,2.96,259
14654,-2.00605,110.423722,1,0.5,9.18,197
14655,-2.00605,110.427091,1,0.5,9.34,146
14656,-2.00605,110.430459,1,0.5,9.34,146
14657,-2.00605,110.433828,1,0.5,9.34,146
14658,-2.00605,110.45404,1,0.5,1.6,127
14659,-2.00605,110.457409,1,0.5,14.73,56
14660,-2.00605,110.460777,1,0.5,14.73,56
14661,-2.00605,110.464146,1,0.5,14.73,56
14662,-2.00605,110.497833,1,0.5,3.39,299
14663,-2.00605,110.501202,1,0.5,3.39,299
14664,-2.00605,110.50457,1,0.5,3.39,299
14665,-2.00605,110.558469,1,0.5,25.31,34
14666,-2.00605,110.561838,1,0.5,25.31,34
14667,-2.00605,110.565207,1,0.5,25.31,34
14668,-2.00605,110.595525,1,0.5,8.23,-1
14669,-2.00605,110.598893,1,0.5,8.23,-1
14670,-2.00605,110.730272,1,0.5,26.62,29
14671,-2.00605,110.733641,1,0.5,26.62,29
14672,-2.00605,110.737009,1,0.5,26.62,29
14673,-2.00605,110.740378,1,0.5,26.62,29
14674,-2.00605,110.804383,1,0.5,21.56,44
14675,-2.00605,110.807752,1,0.5,21.56,44
14676,-2.00605,110.81112,1,0.5,34.45,20
14677,-2.00605,110.814489,1,0.5,34.45,20
14678,-2.00605,110.817858,1,0.5,34.45,20
14679,-2.00605,110.912181,1,0.5,6.05,198
14680,-2.00605,110.91555,1,0.5,6.05,198
14681,-2.00605,110.918918,2,0.5,13.49,111
14682,-2.00605,110.922287,1,0.5,13.49,83
14683,-2.00605,110.925656,1,0.5,13.49,83
14684,-2.00605,110.929024,1,0.5,10.1,120
14685,-2.00605,110.932393,2,0.5,10.1,262
14686,-2.00605,110.935762,1,0.5,6.42,203
14687,-2.00605,110.93913,1,0.5,7.0,142
14688,-2.00605,110.942499,2,0.5,14.3,90
14689,-2.00605,110.945868,2,0.5,14.3,90
14690,-2.00605,110.949236,1,0.5,13.69,77
14691,-2.00605,110.955974,1,0.5,2.08,212
14692,-2.00605,110.959342,1,0.5,2.08,212
14693,-2.00605,111.019979,1,0.5,6.43,202
14694,-2.00605,111.023347,1,0.5,6.43,202
14695,-2.00605,111.026716,1,0.5,6.43,202
14696,-2.009419,110.369823,2,0.5,23.62,36
14697,-2.009419,110.373192,2,0.5,23.62,36
14698,-2.009419,110.37656,2,0.5,23.62,36
14699,-2.009419,110.379929,1,0.5,23.62,35
14700,-2.009419,110.396773,1,0.5,18.17,47
14701,-2.009419,110.400141,1,0.5,18.17,47
14702,-2.009419,110.40351,1,0.5,32.47,-1
14703,-2.009419,110.406879,1,0.5,32.47,-1
14704,-2.009419,110.410247,1,0.5,2.96,259
14705,-2.009419,110.413616,1,0.5,2.96,259
14706,-2.009419,110.416985,1,0.5,2.96,259
14707,-2.009419,110.450671,1,1.0,15.37,59
14708,-2.009419,110.45404,1,1.0,15.37,59
14709,-2.009419,110.457409,1,1.0,15.37,59
14710,-2.009419,110.460777,1,1.0,15.37,59
14711,-2.009419,110.464146,1,0.5,14.73,56
14712,-2.009419,110.497833,1,0.5,3.39,299
14713,-2.009419,110.501202,1,0.5,3.39,299
14714,-2.009419,110.50457,1,0.5,3.39,299
14715,-2.009419,110.558469,1,0.5,25.31,34
14716,-2.009419,110.561838,1,0.5,25.31,34
14717,-2.009419,110.565207,1,0.5,25.31,34
14718,-2.009419,110.595525,1,0.5,8.23,-1
14719,-2.009419,110.598893,1,0.5,8.23,-1
14720,-2.009419,110.673004,1,0.5,9.31,147
14721,-2.009419,110.676373,1,0.5,9.31,147
14722,-2.009419,110.679742,1,0.5,9.31,147
14723,-2.009419,110.68311,1,0.5,9.31,147
14724,-2.009419,110.686479,1,0.5,9.31,147
14725,-2.009419,110.730272,1,0.5,26.62,29
14726,-2.009419,110.733641,1,0.5,26.62,29
14727,-2.009419,110.737009,1,0.5,26.62,29
14728,-2.009419,110.740378,1,0.5,26.62,29
14729,-2.009419,110.743747,1,0.5,2.81,247
14730,-2.009419,110.747115,1,0.5,2.81,247
14731,-2.009419,110.750484,1,0.5,2.81,247
14732,-2.009419,110.757222,1,0.5,2.73,307
14733,-2.009419,110.76059,1,0.5,2.73,307
14734,-2.009419,110.763959,1,0.5,2.73,307
14735,-2.009419,110.8886,1,0.5,3.55,329
14736,-2.009419,110.891969,1,0.5,3.55,329
14737,-2.009419,110.918918,1,0.5,13.49,83
14738,-2.009419,110.922287,1,0.5,13.49,83
14739,-2.009419,110.925656,1,0.5,13.49,83
14740,-2.009419,110.929024,1,0.5,8.86,-1
14741,-2.009419,110.932393,2,0.5,8.86,285
14742,-2.009419,110.935762,2,0.5,8.86,285
14743,-2.009419,110.93913,1,0.5,7.0,142
14744,-2.009419,110.942499,2,0.5,14.3,90
14745,-2.009419,110.945868,2,0.5,14.3,90
14746,-2.009419,110.949236,1,0.5,13.69,77
14747,-2.009419,110.955974,1,0.5,2.08,212
14748,-2.009419,110.959342,1,0.5,2.08,212
14749,-2.009419,111.019979,1,0.5,6.43,202
14750,-2.009419,111.023347,1,0.5,6.43,202
14751,-2.009419,111.026716,1,0.5,6.43,202
14752,-2.012788,110.369823,1,0.5,3.69,-1
14753,-2.012788,110.373192,2,0.5,23.62,36
14754,-2.012788,110.37656,2,0.5,23.62,36
14755,-2.012788,110.379929,1,0.5,23.62,35
14756,-2.012788,110.396773,1,0.5,18.17,47
14757,-2.012788,110.400141,1,0.5,18.17,-1
14758,-2.012788,110.40351,1,0.5,32.47,-1
14759,-2.012788,110.406879,1,0.5,32.47,-1
14760,-2.012788,110.430459,1,0.5,7.36,169
14761,-2.012788,110.433828,1,0.5,7.36,169
14762,-2.012788,110.437197,1,0.5,7.36,169
14763,-2.012788,110.450671,1,1.0,15.37,59
14764,-2.012788,110.45404,1,1.0,15.37,59
14765,-2.012788,110.457409,1,1.0,15.37,59
14766,-2.012788,110.460777,1,1.0,15.37,59
14767,-2.012788,110.464146,1,0.5,14.73,56
14768,-2.012788,110.558469,1,0.5,25.31,34
14769,-2.012788,110.561838,1,0.5,25.31,34
14770,-2.012788,110.565207,1,0.5,25.31,34
14771,-2.012788,110.598893,1,0.5,5.38,193
14772,-2.012788,110.602262,1,0.5,5.38,193
14773,-2.012788,110.605631,1,0.5,5.38,193
14774,-2.012788,110.673004,1,0.5,5.66,213
14775,-2.012788,110.676373,1,0.5,5.66,213
14776,-2.012788,110.679742,1,0.5,9.31,147
14777,-2.012788,110.68311,1,0.5,9.31,147
14778,-2.012788,110.686479,1,0.5,9.31,147
14779,-2.012788,110.743747,1,0.5,2.81,247
14780,-2.012788,110.747115,1,0.5,2.81,247
14781,-2.012788,110.750484,1,0.5,2.81,247
14782,-2.012788,110.757222,1,0.5,2.73,307
14783,-2.012788,110.76059,1,0.5,2.73,307
14784,-2.012788,110.763959,1,0.5,2.73,307
14785,-2.012788,110.8886,1,0.5,3.55,329
14786,-2.012788,110.891969,1,0.5,3.55,329
14787,-2.012788,110.929024,1,0.5,8.86,-1
14788,-2.012788,110.932393,2,0.5,8.86,285
14789,-2.012788,110.935762,2,0.5,8.86,285
14790,-2.012788,110.93913,2,0.5,7.0,332
14791,-2.012788,110.942499,2,0.5,14.3,90
14792,-2.012788,110.945868,2,0.5,14.3,90
14793,-2.012788,110.949236,1,0.5,13.69,77
14794,-2.012788,110.952605,1,0.5,7.54,140
14795,-2.012788,110.955974,2,0.5,7.54,328
14796,-2.012788,110.959342,1,0.5,2.08,212
14797,-2.012788,110.979555,1,0.5,6.45,240
14798,-2.012788,110.982923,1,0.5,6.45,240
14799,-2.012788,110.986292,1,0.5,6.45,240
14800,-2.012788,111.023347,1,0.5,6.43,202
14801,-2.012788,111.026716,1,0.5,6.43,202
14802,-2.012788,111.030085,1,0.5,6.43,202
14803,-2.016156,110.396773,1,0.5,18.17,47
14804,-2.016156,110.400141,1,0.5,18.17,47
14805,-2.016156,110.40351,1,0.5,32.47,-1
14806,-2.016156,110.406879,1,0.5,32.47,-1
14807,-2.016156,110.430459,1,0.5,7.36,169
14808,-2.016156,110.433828,1,0.5,7.36,169
14809,-2.016156,110.437197,1,0.5,7.36,169
14810,-2.016156,110.450671,1,1.0,15.37,59
14811,-2.016156,110.45404,1,1.0,15.37,59
14812,-2.016156,110.457409,1,1.0,15.37,59
14813,-2.016156,110.460777,1,1.0,15.37,59
14814,-2.016156,110.464146,1,0.5,14.73,56
14815,-2.016156,110.598893,1,0.5,5.38,193
14816,-2.016156,110.602262,1,0.5,5.38,193
14817,-2.016156,110.605631,1,0.5,5.38,193
14818,-2.016156,110.673004,1,0.5,5.66,213
14819,-2.016156,110.676373,1,0.5,5.66,213
14820,-2.016156,110.679742,1,0.5,9.31,147
14821,-2.016156,110.68311,1,0.5,9.31,147
14822,-2.016156,110.686479,1,0.5,9.31,147
14823,-2.016156,110.743747,1,0.5,2.81,247
14824,-2.016156,110.747115,2,0.5,3.4,210
14825,-2.016156,110.750484,2,0.5,3.4,210
14826,-2.016156,110.753853,1,0.5,3.4,299
14827,-2.016156,110.757222,1,0.5,2.73,307
14828,-2.016156,110.76059,1,0.5,2.73,307
14829,-2.016156,110.763959,1,0.5,2.73,307
14830,-2.016156,110.774065,1,0.5,2.82,247
14831,-2.016156,110.777434,1,0.5,2.82,247
14832,-2.016156,110.804383,1,0.5,5.06,-1
14833,-2.016156,110.807752,2,0.5,5.06,287
14834,-2.016156,110.81112,2,0.5,5.06,287
14835,-2.016156,110.814489,1,0.5,4.01,-1
14836,-2.016156,110.891969,1,0.5,3.55,329
14837,-2.016156,110.895337,1,0.5,3.55,329
14838,-2.016156,110.932393,1,0.5,8.86,-1
14839,-2.016156,110.935762,1,0.5,8.86,-1
14840,-2.016156,110.93913,1,0.5,8.86,-1
14841,-2.016156,110.942499,2,0.5,7.0,332
14842,-2.016156,110.945868,2,0.5,14.3,90
14843,-2.016156,110.949236,2,0.5,14.3,90
14844,-2.016156,110.955974,1,0.5,7.54,140
14845,-2.016156,110.959342,1,0.5,7.54,140
14846,-2.016156,110.979555,1,0.5,6.45,240
14847,-2.016156,110.982923,1,0.5,6.45,240
14848,-2.016156,110.986292,1,0.5,6.45,240
14849,-2.016156,111.030085,1,0.5,3.28,277
14850,-2.016156,111.033453,1,0.5,3.28,277
14851,-2.019525,110.430459,1,0.5,7.36,169
14852,-2.019525,110.433828,1,0.5,7.36,169
14853,-2.019525,110.437197,1,0.5,7.36,169
14854,-2.019525,110.541626,1,0.5,2.75,292
14855,-2.019525,110.544995,1,0.5,5.64,226
14856,-2.019525,110.548363,1,0.5,5.64,226
14857,-2.019525,110.551732,1,0.5,5.64,226
14858,-2.019525,110.598893,1,0.5,5.38,193
14859,-2.019525,110.602262,1,0.5,5.38,193
14860,-2.019525,110.605631,1,0.5,5.38,193
14861,-2.019525,110.673004,1,0.5,5.66,213
14862,-2.019525,110.676373,1,0.5,5.66,213
14863,-2.019525,110.679742,1,0.5,5.66,213
14864,-2.019525,110.68311,1,0.5,5.66,213
14865,-2.019525,110.733641,1,0.5,3.37,-1
14866,-2.019525,110.737009,1,0.5,3.37,-1
14867,-2.019525,110.740378,1,0.5,3.37,-1
14868,-2.019525,110.743747,1,0.5,3.37,-1
14869,-2.019525,110.750484,1,0.5,3.4,299
14870,-2.019525,110.753853,1,0.5,3.4,299
14871,-2.019525,110.757222,1,0.5,3.4,299
14872,-2.019525,110.76059,1,0.5,2.73,307
14873,-2.019525,110.763959,1,0.5,2.73,307
14874,-2.019525,110.767328,1,0.5,2.73,307
14875,-2.019525,110.777434,1,0.5,2.82,247
14876,-2.019525,110.780802,1,0.5,2.82,247
14877,-2.019525,110.807752,1,0.5,5.06,-1
14878,-2.019525,110.81112,2,0.5,5.06,287
14879,-2.019525,110.814489,2,0.5,6.87,-1
14880,-2.019525,110.817858,1,0.5,6.87,138
14881,-2.019525,110.821226,2,0.5,24.71,37
14882,-2.019525,110.824595,1,0.5,24.71,31
14883,-2.019525,110.827964,1,0.5,24.71,31
14884,-2.019525,110.898706,1,0.5,34.05,20
14885,-2.019525,110.902075,2,0.5,34.05,-1
14886,-2.019525,110.905444,2,0.5,34.05,-1
14887,-2.019525,110.908812,1,0.5,13.69,77
14888,-2.019525,110.942499,1,0.5,1.99,208
14889,-2.019525,110.945868,1,0.5,1.99,208
14890,-2.019525,110.949236,1,0.5,1.99,208
14891,-2.019525,110.955974,1,0.5,7.54,140
14892,-2.019525,110.959342,1,0.5,7.54,140
14893,-2.019525,110.96608,1,0.5,3.32,-1
14894,-2.019525,110.969448,1,0.5,3.32,-1
14895,-2.019525,110.972817,1,0.5,3.32,276
14896,-2.019525,110.979555,1,0.5,6.45,240
14897,-2.019525,110.982923,1,0.5,6.45,240
14898,-2.019525,110.986292,1,0.5,6.45,240
14899,-2.019525,111.030085,1,0.5,3.28,277
14900,-2.019525,111.033453,1,0.5,3.28,277
14901,-2.022894,110.53152,1,0.5,5.74,151
14902,-2.022894,110.534888,1,0.5,5.74,151
14903,-2.022894,110.538257,1,0.5,5.74,151
14904,-2.022894,110.541626,1,0.5,2.75,292
14905,-2.022894,110.544995,1,0.5,5.64,226
14906,-2.022894,110.548363,1,0.5,5.64,226
14907,-2.022894,110.551732,1,0.5,5.64,226
14908,-2.022894,110.602262,1,0.5,2.35,229
14909,-2.022894,110.605631,1,0.5,2.35,229
14910,-2.022894,110.608999,1,0.5,2.35,229
14911,-2.022894,110.733641,1,0.5,3.37,-1
14912,-2.022894,110.737009,1,0.5,3.37,-1
14913,-2.022894,110.740378,1,0.5,3.37,-1
14914,-2.022894,110.743747,1,0.5,3.37,-1
14915,-2.022894,110.784171,1,0.5,7.31,145
14916,-2.022894,110.78754,1,0.5,7.31,145
14917,-2.022894,110.807752,1,0.5,5.06,-1
14918,-2.022894,110.81112,2,0.5,5.06,287
14919,-2.022894,110.814489,2,0.5,6.87,-1
14920,-2.022894,110.817858,1,0.5,6.87,138
14921,-2.022894,110.821226,2,0.5,24.71,-1
14922,-2.022894,110.824595,1,0.5,24.71,31
14923,-2.022894,110.827964,1,0.5,24.71,31
14924,-2.022894,110.898706,1,0.5,34.05,20
14925,-2.022894,110.902075,3,0.5,34.05,-1
14926,-2.022894,110.905444,3,0.5,34.05,-1
14927,-2.022894,110.908812,2,0.5,13.69,-1
14928,-2.022894,110.96608,1,0.5,3.32,-1
14929,-2.022894,110.969448,1,0.5,3.32,-1
14930,-2.022894,110.972817,1,0.5,3.32,-1
14931,-2.022894,110.986292,1,0.5,7.2,178
14932,-2.022894,110.989661,1,0.5,7.2,178
14933,-2.022894,110.993029,1,0.5,7.2,178
14934,-2.022894,111.030085,1,0.5,3.28,277
14935,-2.022894,111.033453,1,0.5,3.28,277
14936,-2.026262,110.534888,1,0.5,5.74,151
14937,-2.026262,110.538257,1,0.5,5.74,151
14938,-2.026262,110.541626,1,0.5,5.74,151
14939,-2.026262,110.544995,1,0.5,2.75,292
14940,-2.026262,110.548363,1,0.5,5.64,226
14941,-2.026262,110.551732,1,0.5,5.64,226
14942,-2.026262,110.555101,1,0.5,5.64,226
14943,-2.026262,110.602262,1,0.5,2.35,229
14944,-2.026262,110.605631,1,0.5,2.35,229
14945,-2.026262,110.608999,1,0.5,2.35,229
14946,-2.026262,110.71006,1,0.5,4.09,289
14947,-2.026262,110.713429,1,0.5,4.09,289
14948,-2.026262,110.733641,1,0.5,3.37,-1
14949,-2.026262,110.737009,1,0.5,3.37,-1
14950,-2.026262,110.740378,1,0.5,3.37,-1
14951,-2.026262,110.743747,2,0.5,4.38,-1
14952,-2.026262,110.747115,1,0.5,4.38,280
14953,-2.026262,110.770696,1,0.5,3.12,254
14954,-2.026262,110.774065,1,0.5,3.12,254
14955,-2.026262,110.777434,1,1.0,9.97,121
14956,-2.026262,110.780802,1,1.0,9.97,121
14957,-2.026262,110.784171,2,0.75,9.97,262
14958,-2.026262,110.78754,1,0.5,7.31,145
14959,-2.026262,110.807752,1,0.5,2.5,237
14960,-2.026262,110.81112,1,0.5,2.5,237
14961,-2.026262,110.814489,2,0.5,3.47,210
14962,-2.026262,110.817858,1,0.5,3.47,313
14963,-2.026262,110.821226,1,0.5,3.47,313
14964,-2.026262,110.841439,1,0.5,26.54,29
14965,-2.026262,110.844807,1,0.5,26.54,29
14966,-2.026262,110.848176,1,0.5,26.54,29
14967,-2.026262,110.898706,1,0.5,34.05,20
14968,-2.026262,110.902075,3,0.5,34.05,-1
14969,-2.026262,110.905444,3,0.5,34.05,-1
14970,-2.026262,110.908812,2,0.5,13.69,-1
14971,-2.026262,110.96608,1,0.5,3.32,-1
14972,-2.026262,110.969448,1,0.5,3.32,-1
14973,-2.026262,110.972817,1,0.5,3.32,-1
14974,-2.026262,110.986292,1,0.5,7.2,178
14975,-2.026262,110.989661,1,0.5,7.2,178
14976,-2.026262,110.993029,1,0.5,7.2,178
14977,-2.029631,110.534888,1,0.5,5.74,151
14978,-2.029631,110.538257,1,0.5,5.74,151
14979,-2.029631,110.541626,1,0.5,5.74,151
14980,-2.029631,110.558469,1,0.5,12.92,96
14981,-2.029631,110.561838,1,0.5,12.92,96
14982,-2.029631,110.565207,1,0.5,12.92,96
14983,-2.029631,110.602262,1,0.5,2.35,229
14984,-2.029631,110.605631,1,0.5,2.35,229
14985,-2.029631,110.608999,1,0.5,2.35,229
14986,-2.029631,110.71006,1,0.5,4.09,289
14987,-2.029631,110.713429,1,0.5,4.09,289
14988,-2.029631,110.733641,1,0.5,1.98,208
14989,-2.029631,110.737009,1,0.5,1.98,208
14990,-2.029631,110.740378,1,0.5,1.98,208
14991,-2.029631,110.743747,2,0.5,4.38,-1
14992,-2.029631,110.747115,1,0.5,4.38,280
14993,-2.029631,110.770696,1,0.5,3.12,254
14994,-2.029631,110.774065,1,0.5,3.12,254
14995,-2.029631,110.777434,1,1.0,9.97,121
14996,-2.029631,110.780802,1,1.0,9.97,121
14997,-2.029631,110.784171,2,0.75,9.97,262
14998,-2.029631,110.78754,1,0.5,7.31,145
14999,-2.029631,110.841439,1,0.5,26.54,29
15000,-2.029631,110.844807,1,0.5,26.54,29
15001,-2.029631,110.848176,1,0.5,26.54,29
15002,-2.029631,110.902075,1,0.5,9.36,-1
15003,-2.029631,110.905444,1,0.5,9.36,-1
15004,-2.029631,110.908812,1,0.5,9.36,-1
15005,-2.029631,110.93913,1,0.5,13.17,-1
15006,-2.029631,110.942499,1,0.5,13.17,-1
15007,-2.029631,110.945868,1,0.5,13.17,-1
15008,-2.029631,110.96608,1,0.5,3.32,-1
15009,-2.029631,110.969448,1,0.5,3.32,-1
15010,-2.029631,110.972817,1,0.5,3.32,-1
15011,-2.029631,110.979555,1,0.5,14.27,46
15012,-2.029631,110.982923,1,0.5,14.27,46
15013,-2.029631,110.986292,2,0.5,14.27,90
15014,-2.029631,110.989661,2,0.5,14.27,90
15015,-2.029631,110.993029,1,0.5,7.2,178
15016,-2.033,110.521414,2,0.5,25.59,37
15017,-2.033,110.524782,2,0.5,25.59,37
15018,-2.033,110.528151,2,0.5,25.59,37
15019,-2.033,110.53152,1,0.5,15.71,-1
15020,-2.033,110.534888,1,0.5,5.74,151
15021,-2.033,110.538257,1,0.5,5.74,151
15022,-2.033,110.541626,1,0.5,5.74,151
15023,-2.033,110.544995,1,0.5,1.47,127
15024,-2.033,110.548363,1,0.5,1.47,127
15025,-2.033,110.558469,1,0.5,12.92,96
15026,-2.033,110.561838,1,0.5,12.92,96
15027,-2.033,110.565207,2,0.5,12.92,112
15028,-2.033,110.568575,1,0.5,4.25,170
15029,-2.033,110.571944,1,0.5,4.25,170
15030,-2.033,110.71006,1,0.5,4.09,289
15031,-2.033,110.713429,1,0.5,4.09,289
15032,-2.033,110.733641,1,0.5,1.98,208
15033,-2.033,110.737009,1,0.5,1.98,208
15034,-2.033,110.740378,1,0.5,1.98,208
15035,-2.033,110.743747,1,0.5,1.98,208
15036,-2.033,110.777434,1,1.0,9.97,121
15037,-2.033,110.780802,1,1.0,9.97,121
15038,-2.033,110.784171,1,1.0,9.97,121
15039,-2.033,110.831333,1,0.5,4.38,280
15040,-2.033,110.834701,1,0.5,4.38,280
15041,-2.033,110.83807,1,0.5,4.38,280
15042,-2.033,110.881863,1,0.5,7.42,168
15043,-2.033,110.885231,1,0.5,6.7,-1
15044,-2.033,110.8886,1,0.5,6.7,-1
15045,-2.033,110.898706,1,0.5,9.7,122
15046,-2.033,110.902075,1,0.5,9.7,122
15047,-2.033,110.905444,1,0.5,9.7,122
15048,-2.033,110.908812,1,0.5,13.81,65
15049,-2.033,110.912181,1,0.5,13.81,65
15050,-2.033,110.91555,1,0.5,13.81,65
15051,-2.033,110.918918,1,0.5,13.81,65
15052,-2.033,110.925656,1,0.5,7.16,179
15053,-2.033,110.929024,1,0.5,7.16,179
15054,-2.033,110.932393,1,0.5,7.16,179
15055,-2.033,110.93913,1,0.5,13.17,-1
15056,-2.033,110.942499,1,0.5,13.17,-1
15057,-2.033,110.945868,1,0.5,13.17,-1
15058,-2.033,110.969448,1,0.5,12.06,89
15059,-2.033,110.972817,1,0.5,12.06,89
15060,-2.033,110.979555,1,0.5,14.27,46
15061,-2.033,110.982923,1,0.5,14.27,46
15062,-2.033,110.986292,2,0.5,14.27,90
15063,-2.033,110.989661,2,0.5,14.27,90
15064,-2.036368,110.477621,1,0.5,30.41,25
15065,-2.036368,110.48099,1,0.5,30.41,25
15066,-2.036368,110.518045,1,0.5,15.71,-1
15067,-2.036368,110.521414,2,0.5,25.59,37
15068,-2.036368,110.524782,2,0.5,25.59,37
15069,-2.036368,110.528151,2,0.5,25.59,37
15070,-2.036368,110.53152,1,0.5,15.71,-1
15071,-2.036368,110.544995,1,0.5,1.47,127
15072,-2.036368,110.548363,1,0.5,1.47,127
15073,-2.036368,110.558469,1,0.5,12.92,96
15074,-2.036368,110.561838,1,0.5,12.92,96
15075,-2.036368,110.565207,2,0.5,12.92,112
15076,-2.036368,110.568575,1,0.5,4.25,170
15077,-2.036368,110.571944,1,0.5,4.25,170
15078,-2.036368,110.831333,1,0.5,4.38,280
15079,-2.036368,110.834701,1,0.5,4.38,280
15080,-2.036368,110.83807,1,0.5,4.38,280
15081,-2.036368,110.881863,1,0.5,7.42,168
15082,-2.036368,110.885231,1,0.5,6.7,-1
15083,-2.036368,110.8886,1,0.5,6.7,-1
15084,-2.036368,110.898706,1,0.5,9.7,122
15085,-2.036368,110.902075,1,0.5,9.7,122
15086,-2.036368,110.905444,1,0.5,9.7,122
15087,-2.036368,110.908812,1,0.5,13.81,65
15088,-2.036368,110.912181,1,0.5,13.81,65
15089,-2.036368,110.91555,1,0.5,13.81,65
15090,-2.036368,110.918918,1,0.5,13.81,65
15091,-2.036368,110.925656,1,0.5,7.16,179
15092,-2.036368,110.929024,1,0.5,7.16,179
15093,-2.036368,110.932393,1,0.5,7.16,179
15094,-2.036368,110.93913,1,0.5,13.17,-1
15095,-2.036368,110.942499,1,0.5,13.17,-1
15096,-2.036368,110.945868,1,0.5,13.17,-1
15097,-2.036368,110.969448,1,0.5,12.06,89
15098,-2.036368,110.972817,1,0.5,12.06,89
15099,-2.036368,110.979555,1,0.5,14.27,46
15100,-2.036368,110.982923,1,0.5,14.27,46
15101,-2.036368,110.986292,1,0.5,14.27,46
15102,-2.036368,110.989661,1,0.5,14.27,46
15103,-2.036368,111.033453,1,0.5,3.85,310
15104,-2.036368,111.036822,1,0.5,3.85,310
15105,-2.036368,111.040191,1,0.5,3.85,310
15106,-2.036368,111.04356,1,0.5,4.63,267
15107,-2.039737,110.477621,1,0.5,19.23,71
15108,-2.039737,110.48099,1,0.5,19.23,71
15109,-2.039737,110.484358,1,0.5,19.23,71
15110,-2.039737,110.518045,1,0.5,15.71,-1
15111,-2.039737,110.521414,2,0.5,25.59,37
15112,-2.039737,110.524782,2,0.5,25.59,37
15113,-2.039737,110.528151,2,0.5,25.59,37
15114,-2.039737,110.53152,1,0.5,15.71,-1
15115,-2.039737,110.544995,1,0.5,1.47,127
15116,-2.039737,110.548363,1,0.5,1.47,127
15117,-2.039737,110.551732,1,0.5,5.37,192
15118,-2.039737,110.555101,1,0.5,5.37,192
15119,-2.039737,110.558469,1,0.5,5.37,192
15120,-2.039737,110.561838,1,0.5,5.37,192
15121,-2.039737,110.565207,2,0.5,10.99,-1
15122,-2.039737,110.568575,2,0.5,10.99,-1
15123,-2.039737,110.571944,2,0.5,10.99,-1
15124,-2.039737,110.575313,1,0.5,10.99,97
15125,-2.039737,110.881863,1,0.5,7.42,168
15126,-2.039737,110.885231,1,0.5,6.7,-1
15127,-2.039737,110.8886,1,0.5,6.7,-1
15128,-2.039737,110.898706,1,0.5,9.7,122
15129,-2.039737,110.902075,1,0.5,9.7,122
15130,-2.039737,110.905444,1,0.5,9.7,122
15131,-2.039737,110.908812,1,0.5,13.81,65
15132,-2.039737,110.912181,1,0.5,13.81,65
15133,-2.039737,110.91555,1,0.5,13.81,65
15134,-2.039737,110.918918,1,0.5,13.81,65
15135,-2.039737,110.925656,1,0.5,7.16,179
15136,-2.039737,110.929024,1,0.5,7.16,179
15137,-2.039737,110.932393,1,0.5,7.16,179
15138,-2.039737,110.979555,1,0.5,14.27,46
15139,-2.039737,110.982923,1,0.5,14.27,46
15140,-2.039737,110.986292,1,0.5,14.27,46
15141,-2.039737,110.989661,1,0.5,14.27,46
15142,-2.039737,111.033453,1,0.5,3.85,310
15143,-2.039737,111.036822,1,0.5,3.85,310
15144,-2.039737,111.040191,1,0.5,3.85,310
15145,-2.039737,111.04356,1,0.5,4.63,267
15146,-2.043106,110.477621,1,0.5,19.23,71
15147,-2.043106,110.48099,1,0.5,19.23,71
15148,-2.043106,110.484358,1,0.5,19.23,71
15149,-2.043106,110.518045,1,0.5,15.71,-1
15150,-2.043106,110.521414,2,0.5,25.59,37
15151,-2.043106,110.524782,2,0.5,25.59,37
15152,-2.043106,110.528151,1,0.5,25.59,33
15153,-2.043106,110.551732,2,0.5,16.7,79
15154,-2.043106,110.555101,3,0.5,16.7,18
15155,-2.043106,110.558469,3,0.5,16.7,18
15156,-2.043106,110.561838,2,0.5,16.7,79
15157,-2.043106,110.565207,1,0.5,10.99,97
15158,-2.043106,110.568575,1,0.5,10.99,97
15159,-2.043106,110.571944,1,0.5,10.99,97
15160,-2.043106,110.575313,1,0.5,10.99,97
15161,-2.043106,110.844807,1,0.5,3.8,321
15162,-2.043106,110.848176,1,0.5,3.8,321
15163,-2.043106,110.851545,1,0.5,3.8,321
15164,-2.043106,110.898706,1,0.5,3.91,297
15165,-2.043106,110.902075,1,0.5,3.91,297
15166,-2.043106,110.908812,1,0.5,13.81,65
15167,-2.043106,110.912181,1,0.5,13.81,65
15168,-2.043106,110.91555,1,0.5,13.81,65
15169,-2.043106,111.033453,1,0.5,3.85,310
15170,-2.043106,111.036822,1,0.5,3.85,310
15171,-2.043106,111.040191,1,0.5,3.85,310
15172,-2.043106,111.04356,1,0.5,4.63,267
15173,-2.043106,111.053666,1,0.5,10.9,97
15174,-2.043106,111.057034,1,0.5,10.9,97
15175,-2.043106,111.060403,1,0.5,10.9,97
15176,-2.043106,111.063772,1,0.5,5.22,158
15177,-2.046475,110.177808,1,0.5,2.64,324
15178,-2.046475,110.181177,1,0.5,2.64,324
15179,-2.046475,110.184546,1,0.5,1.85,190
15180,-2.046475,110.187914,1,0.5,1.85,190
15181,-2.046475,110.477621,1,0.5,19.23,71
15182,-2.046475,110.48099,1,0.5,19.23,71
15183,-2.046475,110.484358,1,0.5,19.23,71
15184,-2.046475,110.551732,2,0.5,16.7,79
15185,-2.046475,110.555101,3,0.5,16.7,18
15186,-2.046475,110.558469,3,0.5,16.7,18
15187,-2.046475,110.561838,2,0.5,16.7,79
15188,-2.046475,110.565207,1,0.5,10.99,97
15189,-2.046475,110.568575,1,0.5,10.99,97
15190,-2.046475,110.571944,1,0.5,10.99,97
15191,-2.046475,110.575313,1,0.5,10.99,97
15192,-2.046475,110.844807,1,0.5,3.8,321
15193,-2.046475,110.848176,1,0.5,3.8,321
15194,-2.046475,110.851545,1,0.5,3.8,321
15195,-2.046475,110.898706,1,0.5,3.91,297
15196,-2.046475,110.902075,1,0.5,3.91,297
15197,-2.046475,110.912181,1,0.5,2.91,-1
15198,-2.046475,110.91555,1,0.5,2.91,-1
15199,-2.046475,110.918918,1,0.5,2.91,-1
15200,-2.046475,111.033453,1,0.5,3.85,310
15201,-2.046475,111.036822,1,0.5,3.85,310
15202,-2.046475,111.040191,1,0.5,3.85,310
15203,-2.046475,111.053666,1,0.5,10.9,97
15204,-2.046475,111.057034,1,0.5,10.9,97
15205,-2.046475,111.060403,1,0.5,10.9,97
15206,-2.046475,111.063772,1,0.5,5.22,158
15207,-2.049843,110.177808,1,0.5,2.64,324
15208,-2.049843,110.181177,1,0.5,2.64,324
15209,-2.049843,110.184546,2,0.5,7.7,-1
15210,-2.049843,110.187914,2,0.5,7.27,331
15211,-2.049843,110.191283,1,0.5,7.27,150
15212,-2.049843,110.194652,1,0.5,7.27,150
15213,-2.049843,110.410247,1,0.5,1.17,73
15214,-2.049843,110.413616,1,0.5,1.81,189
15215,-2.049843,110.416985,1,0.5,1.81,189
15216,-2.049843,110.420353,1,0.5,1.81,189
15217,-2.049843,110.423722,1,0.5,1.17,73
15218,-2.049843,110.518045,1,0.5,3.59,330
15219,-2.049843,110.521414,1,0.5,3.59,330
15220,-2.049843,110.551732,1,0.5,16.7,49
15221,-2.049843,110.555101,2,0.5,16.7,79
15222,-2.049843,110.558469,2,0.5,16.7,79
15223,-2.049843,110.561838,1,0.5,16.7,49
15224,-2.049843,110.565207,1,0.5,12.29,114
15225,-2.049843,110.568575,1,0.5,12.29,114
15226,-2.049843,110.571944,1,0.5,12.29,114
15227,-2.049843,110.575313,1,1.0,35.86,14
15228,-2.049843,110.578681,1,1.0,35.86,14
15229,-2.049843,110.58205,1,1.0,35.86,14
15230,-2.049843,110.834701,1,0.5,12.28,114
15231,-2.049843,110.83807,1,0.5,12.28,114
15232,-2.049843,110.841439,1,0.5,12.28,114
15233,-2.049843,110.844807,2,0.5,3.8,210
15234,-2.049843,110.848176,2,0.5,3.8,210
15235,-2.049843,110.851545,1,0.5,3.8,321
15236,-2.049843,110.898706,1,0.5,3.91,297
15237,-2.049843,110.902075,1,0.5,3.91,297
15238,-2.049843,110.905444,1,0.5,8.4,-1
15239,-2.049843,110.908812,2,0.5,8.4,-1
15240,-2.049843,110.912181,3,0.5,8.4,18
15241,-2.049843,110.91555,2,0.5,8.33,-1
15242,-2.049843,110.918918,1,0.5,2.91,-1
15243,-2.049843,111.053666,1,0.5,10.9,97
15244,-2.049843,111.057034,1,0.5,10.9,97
15245,-2.049843,111.060403,1,0.5,10.9,97
15246,-2.049843,111.063772,1,0.5,5.22,158
15247,-2.053212,110.177808,1,0.5,2.64,324
15248,-2.053212,110.181177,2,0.5,3.87,210
15249,-2.053212,110.184546,3,0.5,7.7,18
15250,-2.053212,110.187914,2,0.5,7.27,331
15251,-2.053212,110.191283,1,0.5,7.27,150
15252,-2.053212,110.194652,1,0.5,7.27,150
15253,-2.053212,110.410247,1,0.5,1.17,73
15254,-2.053212,110.413616,1,0.5,1.81,-1
15255,-2.053212,110.416985,1,0.5,1.81,-1
15256,-2.053212,110.420353,1,0.5,1.81,-1
15257,-2.053212,110.423722,1,0.5,1.17,73
15258,-2.053212,110.443934,1,0.5,4.89,-1
15259,-2.053212,110.447303,1,0.5,4.89,-1
15260,-2.053212,110.518045,1,0.5,3.59,-1
15261,-2.053212,110.521414,1,0.5,3.59,-1
15262,-2.053212,110.565207,1,0.5,12.29,114
15263,-2.053212,110.568575,1,0.5,12.29,114
15264,-2.053212,110.571944,1,0.5,12.29,114
15265,-2.053212,110.575313,1,1.0,35.86,14
15266,-2.053212,110.578681,1,1.0,35.86,14
15267,-2.053212,110.58205,1,1.0,35.86,14
15268,-2.053212,110.814489,2,1.0,12.1,-1
15269,-2.053212,110.817858,3,0.83,12.34,18
15270,-2.053212,110.821226,3,0.83,12.34,18
15271,-2.053212,110.824595,1,0.5,12.34,113
15272,-2.053212,110.831333,1,0.5,12.28,114
15273,-2.053212,110.834701,1,0.5,12.28,114
15274,-2.053212,110.83807,1,0.5,12.28,114
15275,-2.053212,110.841439,1,0.5,12.28,114
15276,-2.053212,110.844807,2,0.5,3.8,210
15277,-2.053212,110.848176,2,0.5,3.8,210
15278,-2.053212,110.851545,1,0.5,3.8,321
15279,-2.053212,110.858282,1,0.5,16.1,42
15280,-2.053212,110.861651,1,0.5,16.1,42
15281,-2.053212,110.905444,1,0.5,8.4,-1
15282,-2.053212,110.908812,2,0.5,8.4,-1
15283,-2.053212,110.912181,3,0.5,8.4,18
15284,-2.053212,110.91555,2,0.5,8.33,-1
15285,-2.053212,110.918918,1,0.5,2.91,-1
15286,-2.056581,110.181177,1,0.5,3.87,297
15287,-2.056581,110.184546,3,0.5,7.7,18
15288,-2.056581,110.187914,2,0.5,7.27,331
15289,-2.056581,110.191283,1,0.5,7.27,150
15290,-2.056581,110.194652,1,0.5,7.27,150
15291,-2.056581,110.410247,1,0.5,1.17,73
15292,-2.056581,110.413616,1,0.5,1.81,189
15293,-2.056581,110.416985,1,0.5,1.81,189
15294,-2.056581,110.420353,1,0.5,1.81,189
15295,-2.056581,110.423722,1,0.5,1.17,73
15296,-2.056581,110.443934,1,0.5,4.89,-1
15297,-2.056581,110.447303,1,0.5,4.89,-1
15298,-2.056581,110.528151,1,0.5,4.58,265
15299,-2.056581,110.53152,1,0.5,4.58,265
15300,-2.056581,110.534888,1,0.5,4.58,265
15301,-2.056581,110.565207,1,0.5,12.29,114
15302,-2.056581,110.568575,1,0.5,12.29,114
15303,-2.056581,110.571944,1,0.5,12.29,114
15304,-2.056581,110.575313,1,1.0,35.86,14
15305,-2.056581,110.578681,1,1.0,35.86,14
15306,-2.056581,110.58205,1,1.0,35.86,14
15307,-2.056581,110.635949,1,0.5,6.16,165
15308,-2.056581,110.639318,1,0.5,6.16,165
15309,-2.056581,110.642686,1,0.5,6.16,165
15310,-2.056581,110.81112,2,0.5,10.22,-1
15311,-2.056581,110.814489,2,1.0,12.1,-1
15312,-2.056581,110.817858,3,0.83,12.34,18
15313,-2.056581,110.821226,3,0.83,12.34,18
15314,-2.056581,110.824595,2,0.5,16.31,-1
15315,-2.056581,110.831333,1,0.5,12.28,114
15316,-2.056581,110.834701,1,0.5,12.28,114
15317,-2.056581,110.83807,1,0.5,12.28,114
15318,-2.056581,110.841439,1,0.5,12.28,114
15319,-2.056581,110.844807,1,0.5,9.12,157
15320,-2.056581,110.848176,1,0.5,9.12,157
15321,-2.056581,110.851545,1,0.5,9.12,157
15322,-2.056581,110.854913,1,0.5,9.12,157
15323,-2.056581,110.858282,1,0.5,16.1,42
15324,-2.056581,110.861651,1,0.5,16.1,42
15325,-2.056581,110.865019,1,0.5,16.1,42
15326,-2.056581,110.881863,1,0.5,6.5,241
15327,-2.056581,110.885231,1,0.5,6.5,241
15328,-2.056581,110.8886,1,0.5,6.5,241
15329,-2.056581,110.905444,1,0.5,8.4,-1
15330,-2.056581,110.908812,1,0.5,8.4,-1
15331,-2.056581,110.912181,1,0.5,8.4,-1
15332,-2.056581,110.993029,1,0.5,6.03,186
15333,-2.056581,110.996398,1,0.5,6.03,186
15334,-2.056581,110.999767,1,0.5,12.09,89
15335,-2.056581,111.003135,1,0.5,12.09,89
15336,-2.056581,111.006504,1,0.5,12.09,89
15337,-2.059949,110.181177,2,0.5,5.19,287
15338,-2.059949,110.184546,2,0.5,5.19,287
15339,-2.059949,110.187914,1,0.5,5.19,158
15340,-2.059949,110.191283,1,0.5,5.19,158
15341,-2.059949,110.413616,1,0.5,1.81,189
15342,-2.059949,110.416985,1,0.5,1.81,189
15343,-2.059949,110.420353,1,0.5,1.81,189
15344,-2.059949,110.423722,1,0.5,1.17,73
15345,-2.059949,110.443934,1,0.5,4.89,-1
15346,-2.059949,110.447303,1,0.5,4.89,-1
15347,-2.059949,110.528151,1,0.5,8.24,130
15348,-2.059949,110.53152,1,0.5,8.24,130
15349,-2.059949,110.534888,1,0.5,8.24,130
15350,-2.059949,110.635949,1,0.5,6.16,165
15351,-2.059949,110.639318,1,0.5,28.41,27
15352,-2.059949,110.642686,1,0.5,28.41,27
15353,-2.059949,110.646055,1,0.5,28.41,27
15354,-2.059949,110.669636,1,0.5,25.57,33
15355,-2.059949,110.673004,1,0.5,25.57,33
15356,-2.059949,110.676373,1,0.5,25.57,33
15357,-2.059949,110.81112,2,0.5,10.22,-1
15358,-2.059949,110.814489,2,1.0,12.1,-1
15359,-2.059949,110.817858,3,0.83,12.34,18
15360,-2.059949,110.821226,3,0.83,12.34,18
15361,-2.059949,110.824595,2,0.5,16.31,-1
15362,-2.059949,110.827964,1,0.5,6.4,201
15363,-2.059949,110.831333,2,0.5,12.28,195
15364,-2.059949,110.834701,2,0.5,12.28,195
15365,-2.059949,110.83807,2,0.5,12.28,195
15366,-2.059949,110.841439,1,0.5,3.62,283
15367,-2.059949,110.844807,1,0.5,9.12,157
15368,-2.059949,110.848176,2,0.5,9.12,284
15369,-2.059949,110.851545,2,0.5,9.12,284
15370,-2.059949,110.854913,2,0.5,9.12,284
15371,-2.059949,110.858282,2,0.5,16.1,80
15372,-2.059949,110.861651,1,0.5,16.1,42
15373,-2.059949,110.865019,1,0.5,16.1,42
15374,-2.059949,110.881863,1,0.5,6.5,241
15375,-2.059949,110.885231,1,0.5,6.5,241
15376,-2.059949,110.8886,1,0.5,6.5,241
15377,-2.059949,110.993029,1,0.5,6.03,186
15378,-2.059949,110.996398,1,0.5,6.03,186
15379,-2.059949,110.999767,1,0.5,12.09,89
15380,-2.059949,111.003135,1,0.5,12.09,89
15381,-2.059949,111.006504,1,0.5,12.09,89
15382,-2.063318,110.160965,1,0.5,3.17,261
15383,-2.063318,110.164333,1,0.5,3.17,261
15384,-2.063318,110.167702,1,0.5,3.17,261
15385,-2.063318,110.181177,1,0.5,5.19,158
15386,-2.063318,110.184546,1,0.5,5.19,158
15387,-2.063318,110.187914,1,0.5,5.19,158
15388,-2.063318,110.191283,1,0.5,5.19,158
15389,-2.063318,110.521414,1,0.5,1.99,208
15390,-2.063318,110.524782,1,0.5,1.99,208
15391,-2.063318,110.528151,2,0.5,8.24,294
15392,-2.063318,110.53152,1,0.5,8.24,130
15393,-2.063318,110.534888,1,0.5,8.24,130
15394,-2.063318,110.558469,1,0.5,21.41,44
15395,-2.063318,110.561838,2,0.5,21.41,50
15396,-2.063318,110.565207,2,0.5,21.41,50
15397,-2.063318,110.568575,2,0.5,21.41,50
15398,-2.063318,110.578681,1,0.5,29.89,25
15399,-2.063318,110.58205,1,0.5,29.89,25
15400,-2.063318,110.585419,1,0.5,29.89,25
15401,-2.063318,110.635949,1,0.5,6.16,165
15402,-2.063318,110.639318,1,0.5,28.41,27
15403,-2.063318,110.642686,1,0.5,28.41,27
15404,-2.063318,110.646055,1,0.5,28.41,27
15405,-2.063318,110.669636,1,0.5,25.57,33
15406,-2.063318,110.673004,2,0.5,25.57,37
15407,-2.063318,110.676373,2,0.5,25.57,37
15408,-2.063318,110.679742,1,0.5,14.73,56
15409,-2.063318,110.807752,1,0.5,5.2,158
15410,-2.063318,110.81112,3,0.5,10.22,18
15411,-2.063318,110.814489,3,0.83,12.1,18
15412,-2.063318,110.817858,3,0.83,12.34,18
15413,-2.063318,110.821226,3,0.83,12.34,18
15414,-2.063318,110.824595,2,0.5,16.31,-1
15415,-2.063318,110.827964,1,0.5,6.4,201
15416,-2.063318,110.831333,1,0.5,6.4,201
15417,-2.063318,110.834701,1,0.5,3.62,283
15418,-2.063318,110.83807,1,0.5,3.62,283
15419,-2.063318,110.841439,1,0.5,3.62,283
15420,-2.063318,110.844807,1,0.5,9.12,157
15421,-2.063318,110.848176,2,0.5,9.12,284
15422,-2.063318,110.851545,2,0.5,9.12,284
15423,-2.063318,110.854913,2,0.5,9.12,284
15424,-2.063318,110.858282,1,0.5,7.78,132
15425,-2.063318,110.881863,1,0.5,6.5,241
15426,-2.063318,110.885231,1,0.5,6.5,241
15427,-2.063318,110.8886,1,0.5,6.5,241
15428,-2.063318,110.898706,1,0.5,2.45,-1
15429,-2.063318,110.902075,1,0.5,2.45,-1
15430,-2.063318,110.905444,1,0.5,2.45,-1
15431,-2.063318,110.908812,1,0.5,2.45,-1
15432,-2.063318,110.996398,1,0.5,6.03,186
15433,-2.063318,110.999767,1,0.5,6.03,186
15434,-2.063318,111.003135,1,0.5,12.09,89
15435,-2.063318,111.006504,1,0.5,12.09,89
15436,-2.063318,111.009873,1,0.5,12.09,89
15437,-2.063318,111.023347,1,0.5,7.99,144
15438,-2.063318,111.026716,1,0.5,7.99,144
15439,-2.063318,111.030085,1,0.5,7.99,144
15440,-2.063318,111.033453,1,0.5,7.99,144
15441,-2.066687,110.160965,1,0.5,3.17,261
15442,-2.066687,110.164333,1,0.5,3.17,261
15443,-2.066687,110.167702,1,0.5,3.17,261
15444,-2.066687,110.181177,1,0.5,5.19,158
15445,-2.066687,110.184546,1,0.5,5.19,158
15446,-2.066687,110.187914,1,0.5,5.19,158
15447,-2.066687,110.191283,1,0.5,5.19,158
15448,-2.066687,110.521414,1,0.5,1.99,208
15449,-2.066687,110.524782,1,0.5,1.99,208
15450,-2.066687,110.528151,2,0.5,8.24,294
15451,-2.066687,110.53152,1,0.5,8.24,130
15452,-2.066687,110.534888,1,0.5,8.24,130
15453,-2.066687,110.558469,1,0.5,21.41,44
15454,-2.066687,110.561838,2,0.5,21.41,50
15455,-2.066687,110.565207,2,0.5,21.41,50
15456,-2.066687,110.568575,2,0.5,21.41,50
15457,-2.066687,110.575313,1,0.5,3.34,273
15458,-2.066687,110.578681,2,0.5,29.89,-1
15459,-2.066687,110.58205,2,0.5,29.89,-1
15460,-2.066687,110.585419,1,0.5,29.89,25
15461,-2.066687,110.639318,1,0.5,28.41,27
15462,-2.066687,110.642686,1,0.5,28.41,27
15463,-2.066687,110.646055,1,0.5,28.41,27
15464,-2.066687,110.669636,1,0.5,25.57,33
15465,-2.066687,110.673004,2,0.5,25.57,37
15466,-2.066687,110.676373,2,0.5,25.57,37
15467,-2.066687,110.679742,1,0.5,14.73,56
15468,-2.066687,110.81112,1,0.5,5.2,158
15469,-2.066687,110.814489,2,0.5,10.22,-1
15470,-2.066687,110.817858,2,0.5,10.22,-1
15471,-2.066687,110.821226,2,0.5,50.87,-1
15472,-2.066687,110.824595,2,0.5,50.87,-1
15473,-2.066687,110.827964,1,0.5,16.31,-1
15474,-2.066687,110.831333,1,0.5,6.4,201
15475,-2.066687,110.834701,1,0.5,6.4,201
15476,-2.066687,110.83807,1,0.5,3.62,283
15477,-2.066687,110.841439,1,0.5,3.62,283
15478,-2.066687,110.844807,1,0.5,3.62,283
15479,-2.066687,110.848176,1,0.5,9.12,157
15480,-2.066687,110.851545,2,0.5,9.12,284
15481,-2.066687,110.854913,2,0.5,9.12,284
15482,-2.066687,110.858282,2,0.5,9.12,284
15483,-2.066687,110.898706,1,0.5,2.9,248
15484,-2.066687,110.902075,1,0.5,2.9,248
15485,-2.066687,110.905444,1,0.5,2.9,248
15486,-2.066687,110.908812,1,0.5,2.45,-1
15487,-2.066687,111.003135,1,0.5,7.23,-1
15488,-2.066687,111.006504,1,0.5,7.23,-1
15489,-2.066687,111.009873,1,0.5,7.23,-1
15490,-2.066687,111.023347,1,0.5,7.99,144
15491,-2.066687,111.026716,1,0.5,7.99,144
15492,-2.066687,111.030085,1,0.5,7.99,144
15493,-2.066687,111.033453,1,0.5,7.99,144
15494,-2.070055,110.160965,1,0.5,3.17,261
15495,-2.070055,110.164333,1,0.5,3.17,261
15496,-2.070055,110.167702,1,0.5,3.17,261
15497,-2.070055,110.521414,1,0.5,1.99,208
15498,-2.070055,110.524782,1,0.5,1.99,208
15499,-2.070055,110.528151,1,0.5,1.99,208
15500,-2.070055,110.538257,1,0.5,2.98,259
15501,-2.070055,110.541626,1,0.5,2.98,259
15502,-2.070055,110.558469,1,0.5,21.41,44
15503,-2.070055,110.561838,2,0.5,21.41,50
15504,-2.070055,110.565207,2,0.5,21.41,50
15505,-2.070055,110.568575,2,0.5,21.41,50
15506,-2.070055,110.575313,1,0.5,3.34,273
15507,-2.070055,110.578681,2,0.5,29.89,-1
15508,-2.070055,110.58205,2,0.5,29.89,-1
15509,-2.070055,110.585419,1,0.5,29.89,25
15510,-2.070055,110.676373,1,0.5,3.79,319
15511,-2.070055,110.679742,1,0.5,3.79,319
15512,-2.070055,110.804383,1,0.5,12.05,89
15513,-2.070055,110.807752,1,0.5,12.05,89
15514,-2.070055,110.81112,1,0.5,12.05,89
15515,-2.070055,110.821226,1,0.5,50.87,7
15516,-2.070055,110.824595,1,0.5,50.87,7
15517,-2.070055,110.827964,1,0.5,8.9,-1
15518,-2.070055,110.898706,2,0.5,18.95,50
15519,-2.070055,110.902075,2,0.5,18.95,50
15520,-2.070055,110.905444,2,0.5,18.95,50
15521,-2.070055,110.908812,1,0.5,2.45,-1
15522,-2.070055,110.969448,1,0.5,18.04,47
15523,-2.070055,110.972817,1,0.5,18.04,47
15524,-2.070055,110.976186,1,0.5,18.04,47
15525,-2.070055,111.003135,1,0.5,7.23,-1
15526,-2.070055,111.006504,1,0.5,7.23,-1
15527,-2.070055,111.009873,1,0.5,7.23,-1
15528,-2.070055,111.023347,1,0.5,7.99,144
15529,-2.070055,111.026716,1,0.5,7.99,144
15530,-2.070055,111.030085,1,0.5,7.99,144
15531,-2.070055,111.033453,1,0.5,7.99,144
15532,-2.073424,110.494464,1,0.5,12.18,-1
15533,-2.073424,110.497833,1,0.5,12.18,-1
15534,-2.073424,110.541626,2,0.5,3.33,-1
15535,-2.073424,110.544995,2,0.5,3.33,-1
15536,-2.073424,110.578681,1,0.5,3.34,273
15537,-2.073424,110.58205,1,0.5,3.34,273
15538,-2.073424,110.585419,1,0.5,3.34,273
15539,-2.073424,110.730272,1,0.5,10.92,97
15540,-2.073424,110.733641,1,0.5,10.92,97
15541,-2.073424,110.737009,1,0.5,10.92,97
15542,-2.073424,110.804383,1,0.5,12.05,89
15543,-2.073424,110.807752,1,0.5,12.05,89
15544,-2.073424,110.81112,1,0.5,12.05,89
15545,-2.073424,110.824595,1,0.5,8.9,-1
15546,-2.073424,110.827964,1,0.5,8.9,-1
15547,-2.073424,110.898706,2,0.5,18.95,50
15548,-2.073424,110.902075,2,0.5,18.95,50
15549,-2.073424,110.905444,2,0.5,18.95,50
15550,-2.073424,110.908812,1,0.5,2.45,-1
15551,-2.073424,110.935762,1,0.5,6.46,240
15552,-2.073424,110.93913,1,0.5,6.46,240
15553,-2.073424,110.969448,1,0.5,18.04,47
15554,-2.073424,110.972817,1,0.5,18.04,47
15555,-2.073424,110.976186,1,0.5,18.04,47
15556,-2.073424,110.986292,1,0.5,5.1,255
15557,-2.073424,110.989661,1,0.5,5.1,255
15558,-2.073424,110.993029,1,0.5,5.1,255
15559,-2.073424,111.003135,1,0.5,7.23,-1
15560,-2.073424,111.006504,1,0.5,7.23,-1
15561,-2.073424,111.009873,1,0.5,7.23,-1
15562,-2.076793,110.494464,1,0.5,12.79,-1
15563,-2.076793,110.497833,1,1.0,12.18,-1
15564,-2.076793,110.501202,1,1.0,12.18,-1
15565,-2.076793,110.507939,1,0.5,15.6,60
15566,-2.076793,110.511308,1,0.5,15.6,60
15567,-2.076793,110.514676,1,0.5,15.6,60
15568,-2.076793,110.541626,1,0.5,3.33,273
15569,-2.076793,110.544995,1,0.5,3.33,273
15570,-2.076793,110.662898,1,0.5,2.89,248
15571,-2.076793,110.666267,1,0.5,2.89,248
15572,-2.076793,110.669636,1,0.5,2.89,248
15573,-2.076793,110.730272,1,0.5,10.92,97
15574,-2.076793,110.733641,1,0.5,10.92,97
15575,-2.076793,110.737009,1,0.5,10.92,97
15576,-2.076793,110.804383,2,0.5,12.18,195
15577,-2.076793,110.807752,2,0.5,12.18,195
15578,-2.076793,110.81112,2,0.5,12.18,195
15579,-2.076793,110.817858,1,0.5,13.5,83
15580,-2.076793,110.821226,1,0.5,13.5,83
15581,-2.076793,110.824595,1,0.5,13.5,83
15582,-2.076793,110.844807,1,0.5,3.12,254
15583,-2.076793,110.848176,1,0.5,3.12,254
15584,-2.076793,110.851545,1,0.5,3.12,254
15585,-2.076793,110.898706,1,0.5,18.95,61
15586,-2.076793,110.902075,1,0.5,18.95,61
15587,-2.076793,110.905444,1,0.5,18.95,61
15588,-2.076793,110.935762,1,0.5,6.46,240
15589,-2.076793,110.93913,1,0.5,6.46,240
15590,-2.076793,110.969448,1,0.5,18.04,47
15591,-2.076793,110.972817,1,0.5,18.04,47
15592,-2.076793,110.976186,1,0.5,18.04,47
15593,-2.076793,110.986292,1,0.5,5.1,255
15594,-2.076793,110.989661,1,0.5,5.1,255
15595,-2.076793,110.993029,1,0.5,5.1,255
15596,-2.080161,110.40351,1,0.5,5.95,215
15597,-2.080161,110.406879,1,0.5,5.95,215
15598,-2.080161,110.494464,2,0.5,12.79,112
15599,-2.080161,110.497833,2,0.75,12.18,-1
15600,-2.080161,110.501202,2,0.75,12.18,195
15601,-2.080161,110.507939,1,0.5,15.6,60
15602,-2.080161,110.511308,1,0.5,15.6,60
15603,-2.080161,110.514676,1,0.5,15.6,60
15604,-2.080161,110.541626,1,0.5,3.33,273
15605,-2.080161,110.544995,1,0.5,3.33,273
15606,-2.080161,110.662898,1,0.5,2.89,248
15607,-2.080161,110.666267,1,0.5,2.89,248
15608,-2.080161,110.669636,1,0.5,2.89,248
15609,-2.080161,110.730272,1,0.5,10.92,97
15610,-2.080161,110.733641,1,0.5,10.92,97
15611,-2.080161,110.737009,1,0.5,10.92,97
15612,-2.080161,110.804383,1,0.5,11.85,105
15613,-2.080161,110.807752,1,0.5,11.85,105
15614,-2.080161,110.81112,1,0.5,12.18,-1
15615,-2.080161,110.817858,1,0.5,13.5,83
15616,-2.080161,110.821226,1,0.5,13.5,83
15617,-2.080161,110.824595,1,0.5,13.5,83
15618,-2.080161,110.841439,1,0.5,4.41,279
15619,-2.080161,110.844807,1,0.5,4.41,279
15620,-2.080161,110.848176,1,0.5,4.41,279
15621,-2.080161,110.851545,1,0.5,3.12,254
15622,-2.080161,110.929024,1,0.5,5.28,160
15623,-2.080161,110.932393,1,0.5,5.28,160
15624,-2.080161,110.935762,2,0.5,6.46,309
15625,-2.080161,110.93913,1,0.5,6.46,240
15626,-2.080161,110.986292,1,0.5,5.1,255
15627,-2.080161,110.989661,1,0.5,5.1,255
15628,-2.080161,110.993029,2,0.5,7.3,-1
15629,-2.080161,110.996398,1,0.5,7.3,145
15630,-2.080161,110.999767,1,0.5,7.3,145
15631,-2.08353,110.400141,1,0.5,5.95,215
15632,-2.08353,110.40351,1,0.5,5.95,215
15633,-2.08353,110.406879,1,0.5,5.95,215
15634,-2.08353,110.491096,1,0.5,9.32,147
15635,-2.08353,110.494464,2,0.5,12.79,112
15636,-2.08353,110.497833,2,0.75,12.18,195
15637,-2.08353,110.501202,2,0.75,12.18,195
15638,-2.08353,110.507939,1,0.5,15.6,60
15639,-2.08353,110.511308,1,0.5,15.6,60
15640,-2.08353,110.514676,1,0.5,15.6,60
15641,-2.08353,110.541626,1,0.5,3.33,273
15642,-2.08353,110.544995,1,0.5,3.33,273
15643,-2.08353,110.662898,1,0.5,2.89,248
15644,-2.08353,110.666267,1,0.5,2.89,248
15645,-2.08353,110.669636,1,0.5,2.89,248
15646,-2.08353,110.767328,1,0.5,16.87,52
15647,-2.08353,110.770696,1,0.5,16.87,52
15648,-2.08353,110.774065,1,0.5,16.87,52
15649,-2.08353,110.790908,1,0.5,4.56,268
15650,-2.08353,110.794277,1,0.5,4.56,268
15651,-2.08353,110.797646,1,0.5,4.56,268
15652,-2.08353,110.804383,1,0.5,11.85,105
15653,-2.08353,110.807752,1,0.5,11.85,105
15654,-2.08353,110.81112,1,0.5,4.48,275
15655,-2.08353,110.817858,1,0.5,13.5,83
15656,-2.08353,110.821226,1,0.5,13.5,83
15657,-2.08353,110.824595,1,0.5,13.5,83
15658,-2.08353,110.841439,1,0.5,4.41,279
15659,-2.08353,110.844807,1,0.5,4.41,279
15660,-2.08353,110.848176,1,0.5,4.41,279
15661,-2.08353,110.851545,1,0.5,3.12,254
15662,-2.08353,110.929024,1,0.5,5.28,160
15663,-2.08353,110.932393,2,0.5,20.79,50
15664,-2.08353,110.935762,2,0.5,20.79,50
15665,-2.08353,110.979555,1,0.5,7.71,-1
15666,-2.08353,110.982923,1,0.5,7.71,-1
15667,-2.08353,110.986292,1,0.5,7.71,-1
15668,-2.08353,110.993029,1,0.5,7.3,145
15669,-2.08353,110.996398,1,0.5,7.3,145
15670,-2.08353,110.999767,1,0.5,7.3,145
15671,-2.086899,110.400141,1,0.5,5.95,215
15672,-2.086899,110.40351,1,0.5,5.95,215
15673,-2.086899,110.406879,1,0.5,5.95,215
15674,-2.086899,110.491096,1,0.5,9.32,147
15675,-2.086899,110.494464,2,0.5,12.79,112
15676,-2.086899,110.497833,2,0.5,12.79,112
15677,-2.086899,110.501202,1,0.5,10.96,97
15678,-2.086899,110.767328,1,0.5,16.87,52
15679,-2.086899,110.770696,1,0.5,16.87,52
15680,-2.086899,110.774065,1,0.5,16.87,52
15681,-2.086899,110.790908,1,0.5,4.56,268
15682,-2.086899,110.794277,1,0.5,4.56,268
15683,-2.086899,110.797646,1,0.5,4.56,268
15684,-2.086899,110.841439,1,0.5,4.41,279
15685,-2.086899,110.844807,1,0.5,4.41,279
15686,-2.086899,110.848176,1,0.5,4.41,279
15687,-2.086899,110.929024,1,0.5,5.28,160
15688,-2.086899,110.932393,3,0.5,20.79,18
15689,-2.086899,110.935762,3,0.5,20.79,18
15690,-2.086899,110.93913,1,0.5,6.78,137
15691,-2.086899,110.976186,1,0.5,6.1,163
15692,-2.086899,110.979555,2,0.5,8.93,285
15693,-2.086899,110.982923,2,0.5,8.93,285
15694,-2.086899,110.986292,2,0.5,8.93,285
15695,-2.086899,110.993029,1,0.5,7.3,145
15696,-2.086899,110.996398,1,0.5,7.3,145
15697,-2.086899,110.999767,1,0.5,7.3,145
15698,-2.086899,111.026716,1,0.5,7.66,126
15699,-2.086899,111.030085,1,0.5,7.66,126
15700,-2.086899,111.033453,1,0.5,7.66,126
15701,-2.090267,110.757222,1,0.5,3.27,277
15702,-2.090267,110.76059,1,0.5,3.27,277
15703,-2.090267,110.763959,1,0.5,3.27,277
15704,-2.090267,110.767328,1,0.5,16.87,52
15705,-2.090267,110.770696,1,0.5,16.87,52
15706,-2.090267,110.774065,1,0.5,16.87,52
15707,-2.090267,110.790908,1,0.5,4.56,268
15708,-2.090267,110.794277,1,0.5,4.56,268
15709,-2.090267,110.797646,1,0.5,4.56,268
15710,-2.090267,110.865019,1,0.5,7.04,153
15711,-2.090267,110.868388,1,0.5,7.04,153
15712,-2.090267,110.871757,1,0.5,7.04,153
15713,-2.090267,110.922287,1,0.5,2.81,247
15714,-2.090267,110.925656,1,0.5,2.81,247
15715,-2.090267,110.929024,2,0.5,5.28,287
15716,-2.090267,110.932393,3,0.5,20.79,18
15717,-2.090267,110.935762,3,0.5,20.79,18
15718,-2.090267,110.93913,1,0.5,6.33,230
15719,-2.090267,110.942499,1,0.5,6.33,230
15720,-2.090267,110.976186,1,0.5,6.1,163
15721,-2.090267,110.979555,2,0.5,8.93,285
15722,-2.090267,110.982923,2,0.5,8.93,285
15723,-2.090267,110.986292,2,0.5,8.93,285
15724,-2.090267,111.026716,1,0.5,7.66,126
15725,-2.090267,111.030085,1,0.5,7.66,126
15726,-2.090267,111.033453,1,0.5,7.66,126
15727,-2.093636,110.592156,1,0.5,2.79,247
15728,-2.093636,110.595525,2,0.5,5.87,302
15729,-2.093636,110.598893,2,0.5,5.87,302
15730,-2.093636,110.602262,1,0.5,5.87,-1
15731,-2.093636,110.757222,1,0.5,3.27,277
15732,-2.093636,110.76059,1,0.5,3.27,277
15733,-2.093636,110.763959,1,0.5,3.27,277
15734,-2.093636,110.827964,1,0.5,3.5,312
15735,-2.093636,110.831333,1,0.5,3.5,312
15736,-2.093636,110.834701,2,0.5,32.16,-1
15737,-2.093636,110.83807,1,0.5,32.16,-1
15738,-2.093636,110.841439,1,0.5,32.16,-1
15739,-2.093636,110.865019,1,0.5,7.04,153
15740,-2.093636,110.868388,1,0.5,7.04,153
15741,-2.093636,110.871757,1,0.5,7.04,153
15742,-2.093636,110.918918,1,0.5,2.76,292
15743,-2.093636,110.922287,2,0.5,2.81,-1
15744,-2.093636,110.925656,2,0.5,2.81,-1
15745,-2.093636,110.929024,1,0.5,2.81,247
15746,-2.093636,110.932393,1,0.5,6.33,230
15747,-2.093636,110.935762,1,0.5,6.33,230
15748,-2.093636,110.93913,1,0.5,6.33,230
15749,-2.093636,110.942499,1,0.5,6.33,230
15750,-2.093636,110.976186,1,0.5,6.1,163
15751,-2.093636,110.979555,1,0.5,8.93,177
15752,-2.093636,110.982923,1,0.5,8.93,177
15753,-2.093636,110.986292,1,0.5,8.93,177
15754,-2.093636,111.026716,1,0.5,7.66,126
15755,-2.093636,111.030085,1,0.5,7.66,126
15756,-2.093636,111.033453,1,0.5,7.66,126
15757,-2.097005,110.592156,1,0.5,2.79,247
15758,-2.097005,110.595525,2,0.5,5.87,302
15759,-2.097005,110.598893,2,0.5,5.87,302
15760,-2.097005,110.602262,1,0.5,5.87,-1
15761,-2.097005,110.635949,2,0.5,8.81,285
15762,-2.097005,110.639318,2,0.5,8.81,285
15763,-2.097005,110.642686,2,0.5,8.81,285
15764,-2.097005,110.662898,1,0.5,9.03,176
15765,-2.097005,110.666267,1,0.5,9.03,176
15766,-2.097005,110.827964,1,0.5,3.5,312
15767,-2.097005,110.831333,1,0.5,3.5,312
15768,-2.097005,110.834701,2,0.5,32.16,-1
15769,-2.097005,110.83807,1,0.5,32.16,-1
15770,-2.097005,110.841439,1,0.5,32.16,-1
15771,-2.097005,110.865019,1,0.5,7.04,153
15772,-2.097005,110.868388,1,0.5,7.04,153
15773,-2.097005,110.871757,1,0.5,7.04,153
15774,-2.097005,110.8886,1,0.5,2.84,246
15775,-2.097005,110.891969,1,0.5,2.84,246
15776,-2.097005,110.895337,1,0.5,2.84,246
15777,-2.097005,110.908812,1,0.5,19.07,72
15778,-2.097005,110.912181,3,0.5,19.07,-1
15779,-2.097005,110.91555,2,0.5,19.05,50
15780,-2.097005,110.918918,3,0.5,19.05,-1
15781,-2.097005,110.922287,2,0.5,2.81,-1
15782,-2.097005,110.925656,2,0.5,2.81,-1
15783,-2.097005,110.929024,1,0.5,2.81,247
15784,-2.097005,110.932393,1,0.5,6.33,230
15785,-2.097005,110.935762,1,0.5,6.33,230
15786,-2.097005,110.93913,1,0.5,6.33,230
15787,-2.097005,110.942499,1,0.5,6.33,230
15788,-2.097005,110.976186,1,0.5,6.1,163
15789,-2.097005,110.979555,1,0.5,8.93,177
15790,-2.097005,110.982923,1,0.5,8.93,177
15791,-2.097005,110.986292,1,0.5,8.93,177
15792,-2.100373,110.592156,1,0.5,2.79,247
15793,-2.100373,110.595525,2,0.5,5.87,302
15794,-2.100373,110.598893,2,0.5,5.87,302
15795,-2.100373,110.602262,1,0.5,5.87,-1
15796,-2.100373,110.635949,2,0.5,8.81,285
15797,-2.100373,110.639318,3,0.5,9.52,18
15798,-2.100373,110.642686,3,0.5,9.52,18
15799,-2.100373,110.646055,1,0.5,9.52,94
15800,-2.100373,110.649424,1,0.5,9.52,94
15801,-2.100373,110.662898,1,0.5,9.03,176
15802,-2.100373,110.666267,1,0.5,9.03,176
15803,-2.100373,110.827964,1,0.5,3.5,312
15804,-2.100373,110.831333,1,0.5,3.5,312
15805,-2.100373,110.834701,2,0.5,32.16,-1
15806,-2.100373,110.83807,1,0.5,32.16,-1
15807,-2.100373,110.841439,1,0.5,32.16,-1
15808,-2.100373,110.8886,1,0.5,2.84,246
15809,-2.100373,110.891969,1,0.5,2.84,246
15810,-2.100373,110.895337,1,0.5,2.84,246
15811,-2.100373,110.908812,1,0.5,19.07,72
15812,-2.100373,110.912181,3,0.5,19.07,-1
15813,-2.100373,110.91555,2,0.5,19.05,50
15814,-2.100373,110.918918,3,0.5,19.05,-1
15815,-2.100373,110.922287,1,0.5,10.37,101
15816,-2.100373,110.925656,1,0.5,10.37,101
15817,-2.100373,110.929024,2,0.5,11.49,216
15818,-2.100373,110.932393,2,0.5,11.49,216
15819,-2.100373,110.935762,2,0.5,11.49,216
15820,-2.103742,110.639318,1,0.5,9.52,94
15821,-2.103742,110.642686,1,0.5,9.52,94
15822,-2.103742,110.646055,1,0.5,9.52,94
15823,-2.103742,110.649424,1,0.5,9.52,94
15824,-2.103742,110.662898,1,0.5,9.03,176
15825,-2.103742,110.666267,1,0.5,9.03,176
15826,-2.103742,110.730272,1,0.5,1.95,207
15827,-2.103742,110.733641,1,0.5,1.95,207
15828,-2.103742,110.737009,1,0.5,1.95,207
15829,-2.103742,110.8886,1,0.5,2.84,246
15830,-2.103742,110.891969,1,0.5,2.84,246
15831,-2.103742,110.895337,1,0.5,2.84,246
15832,-2.103742,110.912181,2,0.5,19.05,50
15833,-2.103742,110.91555,2,0.5,19.05,50
15834,-2.103742,110.918918,3,0.5,19.05,-1
15835,-2.103742,110.922287,1,0.5,10.37,101
15836,-2.103742,110.925656,1,0.5,10.37,101
15837,-2.103742,110.929024,2,0.5,11.49,216
15838,-2.103742,110.932393,2,0.5,11.49,216
15839,-2.103742,110.935762,2,0.5,11.49,216
15840,-2.103742,110.982923,1,0.5,2.88,252
15841,-2.103742,110.986292,1,0.5,2.88,252
15842,-2.103742,110.989661,1,0.5,2.88,252
15843,-2.103742,110.993029,1,0.5,7.04,153
15844,-2.103742,110.996398,1,0.5,7.04,153
15845,-2.103742,110.999767,1,0.5,7.04,153
15846,-2.107111,110.53152,1,0.5,8.63,250
15847,-2.107111,110.534888,1,0.5,8.63,250
15848,-2.107111,110.538257,1,0.5,8.63,250
15849,-2.107111,110.629212,1,0.5,2.93,-1
15850,-2.107111,110.63258,1,0.5,2.93,-1
15851,-2.107111,110.635949,1,0.5,2.93,-1
15852,-2.107111,110.639318,1,0.5,9.52,94
15853,-2.107111,110.642686,1,0.5,9.52,94
15854,-2.107111,110.646055,1,0.5,9.52,94
15855,-2.107111,110.649424,1,0.5,9.52,94
15856,-2.107111,110.730272,1,0.5,1.95,207
15857,-2.107111,110.733641,1,0.5,1.95,207
15858,-2.107111,110.737009,1,0.5,1.95,207
15859,-2.107111,110.757222,1,0.5,11.28,115
15860,-2.107111,110.76059,1,0.5,11.28,115
15861,-2.107111,110.763959,1,0.5,11.28,115
15862,-2.107111,110.918918,1,0.5,10.37,101
15863,-2.107111,110.922287,1,0.5,10.37,101
15864,-2.107111,110.925656,1,0.5,10.37,101
15865,-2.107111,110.929024,1,0.5,2.97,259
15866,-2.107111,110.932393,1,0.5,2.97,259
15867,-2.107111,110.935762,1,0.5,2.97,259
15868,-2.107111,110.959342,1,0.5,3.46,314
15869,-2.107111,110.962711,1,0.5,3.46,314
15870,-2.107111,110.96608,1,0.5,3.46,314
15871,-2.107111,110.982923,1,0.5,2.88,252
15872,-2.107111,110.986292,1,0.5,2.88,252
15873,-2.107111,110.989661,1,0.5,2.88,252
15874,-2.107111,110.993029,1,0.5,7.04,153
15875,-2.107111,110.996398,1,0.5,7.04,153
15876,-2.107111,110.999767,1,0.5,7.04,153
15877,-2.110479,110.528151,1,0.5,7.46,148
15878,-2.110479,110.53152,2,0.5,8.63,-1
15879,-2.110479,110.534888,2,0.5,8.63,-1
15880,-2.110479,110.538257,1,0.5,8.63,250
15881,-2.110479,110.629212,1,0.5,2.93,-1
15882,-2.110479,110.63258,1,0.5,2.93,-1
15883,-2.110479,110.635949,1,0.5,2.93,-1
15884,-2.110479,110.730272,1,0.5,1.95,207
15885,-2.110479,110.733641,1,0.5,1.95,207
15886,-2.110479,110.737009,1,0.5,1.95,207
15887,-2.110479,110.757222,1,0.5,11.28,115
15888,-2.110479,110.76059,1,0.5,11.28,115
15889,-2.110479,110.763959,1,0.5,11.28,115
15890,-2.110479,110.794277,1,0.5,6.03,186
15891,-2.110479,110.797646,1,0.5,6.03,186
15892,-2.110479,110.801014,1,0.5,6.03,186
15893,-2.110479,110.834701,1,0.5,11.15,116
15894,-2.110479,110.83807,1,0.5,11.15,116
15895,-2.110479,110.841439,1,0.5,11.15,116
15896,-2.110479,110.875125,1,0.5,6.76,137
15897,-2.110479,110.878494,1,0.5,6.76,137
15898,-2.110479,110.881863,1,0.5,6.76,137
15899,-2.110479,110.962711,1,0.5,3.46,314
15900,-2.110479,110.96608,1,0.5,3.46,314
15901,-2.110479,110.969448,1,0.5,3.46,314
15902,-2.110479,110.986292,1,0.5,2.88,252
15903,-2.110479,110.989661,1,0.5,2.88,252
15904,-2.110479,110.993029,1,0.5,2.88,252
15905,-2.110479,110.996398,1,0.5,7.04,153
15906,-2.110479,110.999767,1,0.5,7.04,153
15907,-2.110479,111.003135,1,0.5,7.04,153
15908,-2.110479,111.006504,1,0.5,40.15,12
15909,-2.110479,111.009873,1,0.5,40.15,12
15910,-2.110479,111.013241,1,0.5,40.15,12
15911,-2.110479,111.063772,1,0.5,3.77,315
15912,-2.110479,111.06714,1,0.5,3.77,315
15913,-2.110479,111.070509,1,0.5,3.77,315
15914,-2.113848,110.342874,1,0.5,2.08,212
15915,-2.113848,110.346242,1,0.5,2.08,212
15916,-2.113848,110.470884,1,0.5,22.21,45
15917,-2.113848,110.474252,1,0.5,22.21,45
15918,-2.113848,110.477621,1,0.5,22.21,45
15919,-2.113848,110.528151,1,0.5,7.46,148
15920,-2.113848,110.53152,1,0.5,7.46,148
15921,-2.113848,110.534888,1,0.5,7.46,148
15922,-2.113848,110.730272,1,0.5,1.95,207
15923,-2.113848,110.733641,1,0.5,1.95,207
15924,-2.113848,110.737009,1,0.5,1.95,207
15925,-2.113848,110.794277,1,0.5,6.03,186
15926,-2.113848,110.797646,1,0.5,6.03,186
15927,-2.113848,110.801014,1,0.5,6.03,186
15928,-2.113848,110.804383,1,0.5,6.03,186
15929,-2.113848,110.83807,1,0.5,11.15,116
15930,-2.113848,110.841439,1,0.5,11.15,116
15931,-2.113848,110.844807,1,0.5,11.15,116
15932,-2.113848,110.878494,1,0.5,6.76,137
15933,-2.113848,110.881863,1,0.5,6.76,137
15934,-2.113848,110.885231,1,0.5,6.76,137
15935,-2.113848,110.932393,1,0.5,27.16,26
15936,-2.113848,110.935762,1,0.5,27.16,26
15937,-2.113848,110.93913,1,0.5,27.16,26
15938,-2.113848,110.986292,1,0.5,7.37,169
15939,-2.113848,110.989661,1,0.5,7.37,169
15940,-2.113848,110.993029,1,0.5,7.37,169
15941,-2.113848,110.996398,1,0.5,7.04,153
15942,-2.113848,110.999767,1,0.5,7.04,153
15943,-2.113848,111.003135,1,0.5,7.04,153
15944,-2.113848,111.006504,1,0.5,40.15,12
15945,-2.113848,111.009873,1,0.5,40.15,12
15946,-2.113848,111.013241,1,0.5,40.15,12
15947,-2.113848,111.063772,1,0.5,3.77,315
15948,-2.113848,111.06714,1,0.5,3.77,315
15949,-2.113848,111.070509,1,0.5,3.77,315
15950,-2.117217,110.336136,1,0.5,1.68,-1
15951,-2.117217,110.339505,1,0.5,1.68,-1
15952,-2.117217,110.342874,2,0.5,2.08,-1
15953,-2.117217,110.346242,2,0.5,7.22,331
15954,-2.117217,110.349611,1,0.5,7.22,178
15955,-2.117217,110.35298,1,0.5,7.22,178
15956,-2.117217,110.467515,1,0.5,8.05,136
15957,-2.117217,110.470884,2,0.5,22.21,-1
15958,-2.117217,110.474252,2,0.5,22.21,-1
15959,-2.117217,110.477621,1,0.5,22.21,45
15960,-2.117217,110.83807,1,0.5,11.15,116
15961,-2.117217,110.841439,1,0.5,11.15,116
15962,-2.117217,110.844807,1,0.5,11.15,116
15963,-2.117217,110.878494,1,0.5,6.76,137
15964,-2.117217,110.881863,1,0.5,6.76,137
15965,-2.117217,110.885231,1,0.5,6.76,137
15966,-2.117217,110.932393,1,0.5,27.16,26
15967,-2.117217,110.935762,1,0.5,27.16,26
15968,-2.117217,110.93913,1,0.5,27.16,26
15969,-2.117217,110.972817,1,0.5,5.34,182
15970,-2.117217,110.976186,1,0.5,5.34,182
15971,-2.117217,110.979555,1,0.5,5.34,182
15972,-2.117217,110.986292,1,0.5,7.37,169
15973,-2.117217,110.989661,1,0.5,7.37,169
15974,-2.117217,110.993029,1,0.5,7.37,169
15975,-2.117217,110.996398,1,0.5,5.61,227
15976,-2.117217,110.999767,1,0.5,5.61,227
15977,-2.117217,111.003135,1,0.5,5.61,227
15978,-2.117217,111.006504,2,0.5,40.15,22
15979,-2.117217,111.009873,2,0.5,40.15,22
15980,-2.117217,111.013241,2,0.5,40.15,22
15981,-2.117217,111.063772,1,0.5,3.77,315
15982,-2.117217,111.06714,1,0.5,3.77,315
15983,-2.120586,110.278869,1,1.0,20.3,58
15984,-2.120586,110.282237,1,1.0,20.3,58
15985,-2.120586,110.285606,1,1.0,20.3,58
15986,-2.120586,110.288975,1,0.5,20.3,58
15987,-2.120586,110.336136,1,0.5,1.68,-1
15988,-2.120586,110.339505,1,0.5,1.68,-1
15989,-2.120586,110.342874,2,0.5,2.08,-1
15990,-2.120586,110.346242,2,0.5,7.22,331
15991,-2.120586,110.349611,1,0.5,7.22,178
15992,-2.120586,110.35298,1,0.5,7.22,178
15993,-2.120586,110.467515,1,0.5,8.05,136
15994,-2.120586,110.470884,2,0.5,22.21,-1
15995,-2.120586,110.474252,2,0.5,22.21,-1
15996,-2.120586,110.477621,1,0.5,22.21,45
15997,-2.120586,110.753853,1,0.5,5.11,253
15998,-2.120586,110.757222,1,0.5,5.11,253
15999,-2.120586,110.76059,1,0.5,5.11,253
16000,-2.120586,110.777434,1,0.5,4.98,235
16001,-2.120586,110.780802,1,0.5,4.98,235
16002,-2.120586,110.784171,1,0.5,4.98,235
16003,-2.120586,110.78754,1,0.5,4.98,235
16004,-2.120586,110.790908,1,0.5,4.23,-1
16005,-2.120586,110.848176,1,0.5,4.02,-1
16006,-2.120586,110.851545,2,0.5,32.7,-1
16007,-2.120586,110.854913,1,0.5,32.7,-1
16008,-2.120586,110.858282,1,0.5,32.7,-1
16009,-2.120586,110.878494,1,0.5,6.76,137
16010,-2.120586,110.881863,1,0.5,6.76,137
16011,-2.120586,110.885231,1,0.5,6.76,137
16012,-2.120586,110.932393,1,0.5,27.16,26
16013,-2.120586,110.935762,1,0.5,27.16,26
16014,-2.120586,110.93913,1,0.5,27.16,26
16015,-2.120586,110.972817,1,0.5,5.34,182
16016,-2.120586,110.976186,1,0.5,5.34,182
16017,-2.120586,110.979555,1,0.5,5.34,182
16018,-2.120586,110.986292,1,0.5,7.37,169
16019,-2.120586,110.989661,1,0.5,7.37,169
16020,-2.120586,110.993029,1,0.5,7.37,169
16021,-2.120586,110.996398,1,0.5,5.61,227
16022,-2.120586,110.999767,1,0.5,5.61,227
16023,-2.120586,111.003135,1,0.5,5.61,227
16024,-2.120586,111.006504,1,0.5,2.55,323
16025,-2.120586,111.009873,1,0.5,2.55,323
16026,-2.120586,111.013241,1,0.5,2.55,323
16027,-2.123954,110.278869,1,1.0,20.3,58
16028,-2.123954,110.282237,1,1.0,20.3,58
16029,-2.123954,110.285606,1,1.0,20.3,58
16030,-2.123954,110.288975,1,0.5,20.3,58
16031,-2.123954,110.346242,1,0.5,7.22,178
16032,-2.123954,110.349611,1,0.5,7.22,178
16033,-2.123954,110.35298,1,0.5,7.22,178
16034,-2.123954,110.457409,1,0.5,5.3,160
16035,-2.123954,110.460777,1,0.5,4.58,265
16036,-2.123954,110.464146,1,0.5,4.58,265
16037,-2.123954,110.467515,1,0.5,4.58,265
16038,-2.123954,110.470884,1,0.5,4.58,265
16039,-2.123954,110.753853,1,0.5,5.11,253
16040,-2.123954,110.757222,1,0.5,5.11,253
16041,-2.123954,110.76059,1,0.5,5.11,253
16042,-2.123954,110.777434,1,0.5,4.98,235
16043,-2.123954,110.780802,1,0.5,4.98,235
16044,-2.123954,110.784171,1,0.5,4.98,235
16045,-2.123954,110.78754,1,0.5,4.98,235
16046,-2.123954,110.790908,1,0.5,4.23,-1
16047,-2.123954,110.848176,1,0.5,4.02,-1
16048,-2.123954,110.851545,2,0.5,32.7,-1
16049,-2.123954,110.854913,1,0.5,32.7,-1
16050,-2.123954,110.858282,1,0.5,32.7,-1
16051,-2.123954,110.972817,1,0.5,5.34,182
16052,-2.123954,110.976186,1,0.5,5.34,182
16053,-2.123954,110.979555,1,0.5,5.34,182
16054,-2.123954,110.996398,1,0.5,5.61,227
16055,-2.123954,110.999767,1,0.5,5.61,227
16056,-2.123954,111.003135,1,0.5,5.61,227
16057,-2.123954,111.01661,1,0.5,5.55,180
16058,-2.123954,111.019979,1,0.5,5.55,180
16059,-2.123954,111.023347,1,0.5,5.55,180
16060,-2.127323,110.2755,1,0.5,4.79,221
16061,-2.127323,110.278869,1,0.5,4.79,221
16062,-2.127323,110.282237,2,0.75,20.3,50
16063,-2.127323,110.285606,2,0.75,20.3,50
16064,-2.127323,110.288975,1,1.0,20.3,58
16065,-2.127323,110.292343,1,0.5,20.3,58
16066,-2.127323,110.413616,1,0.5,6.91,138
16067,-2.127323,110.416985,1,0.5,6.91,138
16068,-2.127323,110.420353,1,0.5,6.91,138
16069,-2.127323,110.457409,1,0.5,5.3,160
16070,-2.127323,110.460777,1,0.5,4.58,265
16071,-2.127323,110.464146,1,0.5,4.58,265
16072,-2.127323,110.467515,1,0.5,76.69,4
16073,-2.127323,110.470884,1,0.5,76.69,4
16074,-2.127323,110.474252,1,0.5,76.69,4
16075,-2.127323,110.477621,1,0.5,7.13,154
16076,-2.127323,110.753853,1,0.5,5.11,253
16077,-2.127323,110.757222,1,0.5,5.11,253
16078,-2.127323,110.76059,1,0.5,5.11,253
16079,-2.127323,110.777434,1,0.5,4.98,235
16080,-2.127323,110.780802,1,0.5,4.98,235
16081,-2.127323,110.784171,1,0.5,4.98,235
16082,-2.127323,110.78754,1,0.5,4.98,235
16083,-2.127323,110.790908,1,0.5,4.23,-1
16084,-2.127323,110.851545,1,0.5,32.7,-1
16085,-2.127323,110.854913,1,0.5,32.7,-1
16086,-2.127323,110.858282,1,0.5,32.7,-1
16087,-2.127323,110.989661,1,0.5,6.62,174
16088,-2.127323,110.993029,1,0.5,6.62,174
16089,-2.127323,110.996398,2,0.5,6.62,333
16090,-2.127323,110.999767,1,0.5,1.52,127
16091,-2.127323,111.003135,1,0.5,1.52,127
16092,-2.127323,111.01661,1,0.5,5.55,180
16093,-2.127323,111.019979,1,0.5,5.55,180
16094,-2.127323,111.023347,1,0.5,5.55,180
16095,-2.130692,110.272131,1,0.5,3.01,258
16096,-2.130692,110.2755,1,0.5,4.79,221
16097,-2.130692,110.278869,1,0.5,4.79,221
16098,-2.130692,110.282237,1,0.5,3.21,-1
16099,-2.130692,110.285606,1,0.5,3.21,-1
16100,-2.130692,110.413616,1,0.5,6.91,138
16101,-2.130692,110.416985,1,0.5,6.91,138
16102,-2.130692,110.420353,1,0.5,6.91,138
16103,-2.130692,110.45404,1,0.5,15.38,59
16104,-2.130692,110.457409,1,0.5,15.38,59
16105,-2.130692,110.460777,1,0.5,15.38,59
16106,-2.130692,110.464146,1,0.5,15.38,59
16107,-2.130692,110.467515,1,0.5,76.69,4
16108,-2.130692,110.470884,1,0.5,76.69,4
16109,-2.130692,110.474252,1,0.5,76.69,4
16110,-2.130692,110.477621,1,0.5,7.13,154
16111,-2.130692,110.989661,1,0.5,6.62,174
16112,-2.130692,110.993029,1,0.5,6.62,174
16113,-2.130692,110.996398,2,0.5,6.62,333
16114,-2.130692,110.999767,1,0.5,1.52,127
16115,-2.130692,111.003135,1,0.5,1.52,127
16116,-2.130692,111.01661,1,0.5,5.55,180
16117,-2.130692,111.019979,1,0.5,5.55,180
16118,-2.130692,111.023347,1,0.5,5.55,180
16119,-2.13406,110.272131,1,0.5,3.01,258
16120,-2.13406,110.2755,1,0.5,4.79,221
16121,-2.13406,110.278869,1,0.5,4.79,221
16122,-2.13406,110.282237,1,0.5,3.21,-1
16123,-2.13406,110.285606,1,0.5,3.21,-1
16124,-2.13406,110.45404,2,0.5,15.38,-1
16125,-2.13406,110.457409,2,0.5,15.38,-1
16126,-2.13406,110.460777,2,0.5,76.69,3
16127,-2.13406,110.464146,2,0.5,76.69,3
16128,-2.13406,110.467515,1,0.5,76.69,4
16129,-2.13406,110.470884,1,0.5,76.69,4
16130,-2.13406,110.474252,1,0.5,76.69,4
16131,-2.13406,110.477621,1,0.5,7.13,154
16132,-2.13406,110.902075,1,0.5,7.01,142
16133,-2.13406,110.905444,1,0.5,7.01,142
16134,-2.13406,110.908812,1,0.5,7.01,142
16135,-2.13406,110.982923,1,0.5,2.03,211
16136,-2.13406,110.986292,1,0.5,2.03,211
16137,-2.13406,110.989661,2,0.5,6.62,333
16138,-2.13406,110.993029,1,0.5,6.62,174
16139,-2.13406,110.996398,1,0.5,6.62,174
16140,-2.137429,110.272131,1,0.5,3.01,258
16141,-2.137429,110.2755,1,0.5,3.01,258
16142,-2.137429,110.278869,1,0.5,3.01,258
16143,-2.137429,110.282237,1,0.5,3.21,-1
16144,-2.137429,110.285606,1,0.5,3.21,-1
16145,-2.137429,110.45404,2,0.5,15.38,-1
16146,-2.137429,110.457409,2,0.5,15.38,-1
16147,-2.137429,110.460777,2,0.5,76.69,3
16148,-2.137429,110.464146,2,0.5,76.69,3
16149,-2.137429,110.467515,1,0.5,76.69,4
16150,-2.137429,110.470884,1,0.5,76.69,4
16151,-2.137429,110.474252,1,0.5,76.69,4
16152,-2.137429,110.898706,1,0.5,8.5,152
16153,-2.137429,110.902075,1,0.5,8.5,152
16154,-2.137429,110.905444,1,0.5,8.5,152
16155,-2.137429,110.908812,1,0.5,7.01,142
16156,-2.137429,110.982923,1,0.5,2.03,211
16157,-2.137429,110.986292,1,0.5,2.03,211
16158,-2.137429,110.989661,1,0.5,2.03,211
16159,-2.140798,110.45404,1,0.5,4.81,222
16160,-2.140798,110.457409,2,0.5,15.38,-1
16161,-2.140798,110.460777,2,0.5,76.69,3
16162,-2.140798,110.464146,2,0.5,76.69,3
16163,-2.140798,110.467515,1,0.5,76.69,4
16164,-2.140798,110.470884,1,0.5,76.69,4
16165,-2.140798,110.474252,1,0.5,76.69,4
16166,-2.140798,110.686479,1,0.5,1.93,-1
16167,-2.140798,110.689848,1,0.5,1.93,-1
16168,-2.140798,110.693217,1,0.5,1.93,-1
16169,-2.140798,110.83807,1,0.5,2.94,259
16170,-2.140798,110.841439,1,0.5,2.94,259
16171,-2.140798,110.898706,1,0.5,8.5,152
16172,-2.140798,110.902075,1,0.5,8.5,152
16173,-2.140798,110.905444,1,0.5,8.5,152
16174,-2.140798,110.908812,1,0.5,7.01,142
16175,-2.144166,110.262025,1,0.5,1.04,62
16176,-2.144166,110.265394,1,0.5,1.04,62
16177,-2.144166,110.268763,1,0.5,1.04,62
16178,-2.144166,110.467515,1,0.5,3.79,319
16179,-2.144166,110.470884,1,0.5,3.79,319
16180,-2.144166,110.474252,1,0.5,3.79,319
16181,-2.144166,110.686479,1,0.5,1.93,-1
16182,-2.144166,110.689848,1,0.5,1.93,-1
16183,-2.144166,110.693217,1,0.5,1.93,-1
16184,-2.144166,110.814489,1,1.0,8.93,177
16185,-2.144166,110.817858,1,1.0,8.93,177
16186,-2.144166,110.821226,1,1.0,8.93,177
16187,-2.144166,110.83807,1,0.5,2.94,259
16188,-2.144166,110.841439,1,0.5,2.94,259
16189,-2.144166,110.871757,1,0.5,5.47,-1
16190,-2.144166,110.875125,1,0.5,5.47,-1
16191,-2.144166,110.878494,1,0.5,5.47,-1
16192,-2.144166,110.898706,1,0.5,8.5,152
16193,-2.144166,110.902075,1,0.5,8.5,152
16194,-2.144166,110.905444,1,0.5,8.5,152
16195,-2.144166,110.922287,1,0.5,6.63,173
16196,-2.144166,110.925656,2,0.5,6.63,333
16197,-2.144166,110.929024,2,0.5,6.63,333
16198,-2.144166,110.932393,2,0.5,40.17,22
16199,-2.144166,110.935762,1,0.5,40.17,12
16200,-2.144166,110.93913,1,0.5,40.17,12
16201,-2.144166,111.050297,1,0.5,2.5,237
16202,-2.144166,111.053666,1,0.5,2.5,237
16203,-2.144166,111.057034,1,0.5,2.5,237
16204,-2.147535,110.123909,1,0.5,0.7,69
16205,-2.147535,110.127278,1,0.5,0.7,69
16206,-2.147535,110.262025,1,0.5,1.04,62
16207,-2.147535,110.265394,1,0.5,1.04,62
16208,-2.147535,110.268763,1,0.5,1.04,62
16209,-2.147535,110.440565,1,0.5,3.73,318
16210,-2.147535,110.443934,1,0.5,3.73,318
16211,-2.147535,110.447303,1,0.5,3.73,318
16212,-2.147535,110.467515,1,0.5,3.79,319
16213,-2.147535,110.470884,1,0.5,3.79,319
16214,-2.147535,110.474252,1,0.5,3.79,319
16215,-2.147535,110.814489,1,1.0,8.93,177
16216,-2.147535,110.817858,1,1.0,8.93,177
16217,-2.147535,110.821226,1,1.0,8.93,177
16218,-2.147535,110.865019,1,0.5,9.33,147
16219,-2.147535,110.868388,1,0.5,19.14,72
16220,-2.147535,110.871757,2,0.5,19.14,50
16221,-2.147535,110.875125,2,0.5,19.14,50
16222,-2.147535,110.878494,1,0.5,5.47,-1
16223,-2.147535,110.885231,1,0.5,8.54,152
16224,-2.147535,110.8886,1,0.5,8.54,152
16225,-2.147535,110.912181,1,0.5,8.2,129
16226,-2.147535,110.91555,1,0.5,8.2,129
16227,-2.147535,110.918918,1,0.5,8.2,129
16228,-2.147535,110.922287,1,0.5,6.63,173
16229,-2.147535,110.925656,2,0.5,6.63,333
16230,-2.147535,110.929024,2,0.5,6.63,333
16231,-2.147535,110.932393,3,0.5,40.17,-1
16232,-2.147535,110.935762,2,0.5,40.17,22
16233,-2.147535,110.93913,2,0.5,40.17,22
16234,-2.147535,111.050297,1,0.5,2.5,237
16235,-2.147535,111.053666,1,0.5,2.5,237
16236,-2.150904,110.120541,1,0.5,0.99,62
16237,-2.150904,110.123909,1,0.5,0.7,69
16238,-2.150904,110.127278,1,0.5,0.7,69
16239,-2.150904,110.262025,1,0.5,1.04,62
16240,-2.150904,110.265394,1,0.5,1.04,62
16241,-2.150904,110.268763,1,0.5,1.04,62
16242,-2.150904,110.440565,1,0.5,3.73,318
16243,-2.150904,110.443934,1,0.5,3.73,318
16244,-2.150904,110.447303,1,0.5,3.73,318
16245,-2.150904,110.45404,1,0.5,11.82,118
16246,-2.150904,110.457409,1,0.5,11.82,118
16247,-2.150904,110.460777,1,0.5,11.82,118
16248,-2.150904,110.467515,1,0.5,3.79,319
16249,-2.150904,110.470884,1,0.5,3.79,319
16250,-2.150904,110.474252,1,0.5,3.79,319
16251,-2.150904,110.814489,1,1.0,8.93,177
16252,-2.150904,110.817858,1,1.0,8.93,177
16253,-2.150904,110.821226,1,1.0,8.93,177
16254,-2.150904,110.83807,1,0.5,23.53,35
16255,-2.150904,110.841439,1,0.5,23.53,35
16256,-2.150904,110.865019,1,0.5,9.33,147
16257,-2.150904,110.868388,1,0.5,19.14,72
16258,-2.150904,110.871757,2,0.5,19.14,50
16259,-2.150904,110.875125,2,0.5,19.14,50
16260,-2.150904,110.878494,1,0.5,5.47,-1
16261,-2.150904,110.885231,1,0.5,8.54,152
16262,-2.150904,110.8886,1,0.5,8.54,152
16263,-2.150904,110.912181,1,0.5,8.2,129
16264,-2.150904,110.91555,2,0.5,8.2,294
16265,-2.150904,110.918918,2,0.5,8.2,294
16266,-2.150904,110.922287,1,0.5,6.63,173
16267,-2.150904,110.925656,2,0.5,6.63,333
16268,-2.150904,110.929024,2,0.5,6.63,333
16269,-2.150904,110.932393,3,0.5,40.17,-1
16270,-2.150904,110.935762,2,0.5,40.17,22
16271,-2.150904,110.93913,2,0.5,40.17,22
16272,-2.150904,111.050297,1,0.5,2.5,237
16273,-2.154272,110.120541,1,0.5,0.99,62
16274,-2.154272,110.123909,1,0.5,0.7,69
16275,-2.154272,110.127278,1,0.5,0.7,69
16276,-2.154272,110.440565,1,0.5,3.73,318
16277,-2.154272,110.443934,1,0.5,3.73,318
16278,-2.154272,110.447303,1,0.5,3.73,318
16279,-2.154272,110.45404,1,0.5,11.82,118
16280,-2.154272,110.457409,1,0.5,11.82,118
16281,-2.154272,110.460777,1,0.5,11.82,118
16282,-2.154272,110.470884,1,0.5,11.68,99
16283,-2.154272,110.474252,1,0.5,11.68,99
16284,-2.154272,110.477621,1,0.5,11.68,99
16285,-2.154272,110.83807,1,0.5,23.53,35
16286,-2.154272,110.841439,1,0.5,23.53,35
16287,-2.154272,110.865019,1,0.5,9.33,147
16288,-2.154272,110.868388,1,0.5,9.33,147
16289,-2.154272,110.912181,1,0.5,8.2,129
16290,-2.154272,110.91555,2,0.5,8.2,294
16291,-2.154272,110.918918,3,0.5,8.2,18
16292,-2.154272,110.922287,1,0.5,5.9,214
16293,-2.154272,110.925656,1,0.5,5.9,214
16294,-2.154272,110.932393,2,0.5,2.76,-1
16295,-2.154272,110.935762,2,0.5,2.76,-1
16296,-2.154272,110.93913,2,0.5,2.76,-1
16297,-2.157641,110.120541,1,0.5,0.99,62
16298,-2.157641,110.123909,1,0.5,0.7,69
16299,-2.157641,110.127278,1,0.5,0.7,69
16300,-2.157641,110.45404,1,0.5,11.82,118
16301,-2.157641,110.457409,1,0.5,11.82,118
16302,-2.157641,110.460777,1,0.5,11.82,118
16303,-2.157641,110.470884,1,0.5,11.68,99
16304,-2.157641,110.474252,1,0.5,11.68,99
16305,-2.157641,110.477621,1,0.5,11.68,99
16306,-2.157641,110.83807,1,0.5,23.53,35
16307,-2.157641,110.841439,1,0.5,23.53,35
16308,-2.157641,110.848176,2,1.0,74.05,3
16309,-2.157641,110.851545,2,1.0,74.05,3
16310,-2.157641,110.854913,2,1.0,74.05,3
16311,-2.157641,110.91555,1,0.5,4.94,242
16312,-2.157641,110.918918,1,0.5,4.94,242
16313,-2.157641,110.922287,2,0.5,5.9,302
16314,-2.157641,110.925656,1,0.5,5.9,214
16315,-2.157641,110.929024,1,0.5,5.9,214
16316,-2.157641,110.935762,1,0.5,2.75,292
16317,-2.157641,110.93913,1,0.5,2.75,292
16318,-2.157641,110.942499,1,0.5,2.75,292
16319,-2.16101,110.804383,1,0.5,16.49,48
16320,-2.16101,110.807752,1,0.5,16.49,48
16321,-2.16101,110.851545,2,1.0,74.05,3
16322,-2.16101,110.854913,2,1.0,74.05,3
16323,-2.16101,110.858282,2,1.0,74.05,3
16324,-2.16101,110.922287,1,0.5,5.9,214
16325,-2.16101,110.925656,1,0.5,5.9,214
16326,-2.16101,110.929024,1,0.5,5.9,214
16327,-2.16101,110.935762,1,0.5,2.75,292
16328,-2.16101,110.93913,1,0.5,2.75,292
16329,-2.16101,110.942499,1,0.5,2.75,292
16330,-2.164378,110.410247,1,0.5,9.68,123
16331,-2.164378,110.413616,1,0.5,9.68,123
16332,-2.164378,110.416985,1,0.5,9.68,123
16333,-2.164378,110.497833,1,0.5,0.69,69
16334,-2.164378,110.501202,1,0.5,0.69,69
16335,-2.164378,110.50457,1,0.5,0.69,69
16336,-2.164378,110.794277,1,0.5,16.9,52
16337,-2.164378,110.797646,1,0.5,16.9,52
16338,-2.164378,110.801014,1,0.5,16.9,52
16339,-2.164378,110.804383,1,0.5,16.49,48
16340,-2.164378,110.807752,1,0.5,16.49,48
16341,-2.164378,110.827964,1,0.5,2.63,324
16342,-2.164378,110.831333,2,0.5,3.75,210
16343,-2.164378,110.834701,2,0.5,3.75,210
16344,-2.164378,110.83807,1,0.5,3.75,316
16345,-2.164378,110.851545,2,1.0,74.05,3
16346,-2.164378,110.854913,2,1.0,74.05,3
16347,-2.164378,110.858282,2,1.0,74.05,3
16348,-2.164378,110.942499,1,1.0,12.44,92
16349,-2.164378,110.945868,1,1.0,12.44,92
16350,-2.164378,110.949236,1,1.0,12.44,92
16351,-2.164378,110.996398,1,0.5,2.89,248
16352,-2.164378,110.999767,1,0.5,2.89,248
16353,-2.164378,111.003135,1,0.5,2.89,248
16354,-2.167747,110.410247,1,0.5,9.68,123
16355,-2.167747,110.413616,1,0.5,9.68,123
16356,-2.167747,110.416985,1,0.5,9.68,123
16357,-2.167747,110.430459,1,0.5,4.83,209
16358,-2.167747,110.433828,1,0.5,4.83,209
16359,-2.167747,110.437197,1,0.5,4.83,209
16360,-2.167747,110.470884,1,0.5,3.48,311
16361,-2.167747,110.474252,1,0.5,3.48,311
16362,-2.167747,110.477621,1,0.5,3.48,311
16363,-2.167747,110.497833,1,0.5,0.69,69
16364,-2.167747,110.501202,1,0.5,0.69,69
16365,-2.167747,110.50457,1,0.5,0.69,69
16366,-2.167747,110.76059,1,0.5,2.17,217
16367,-2.167747,110.763959,1,0.5,2.17,217
16368,-2.167747,110.794277,1,0.5,16.9,52
16369,-2.167747,110.797646,1,0.5,16.9,52
16370,-2.167747,110.801014,1,0.5,16.9,52
16371,-2.167747,110.804383,1,0.5,16.49,48
16372,-2.167747,110.807752,1,0.5,16.49,48
16373,-2.167747,110.827964,1,0.5,2.63,324
16374,-2.167747,110.831333,2,0.5,3.75,210
16375,-2.167747,110.834701,2,0.5,4.65,286
16376,-2.167747,110.83807,1,0.5,4.65,266
16377,-2.167747,110.841439,1,0.5,4.65,266
16378,-2.167747,110.942499,1,1.0,12.44,92
16379,-2.167747,110.945868,1,1.0,12.44,92
16380,-2.167747,110.949236,1,1.0,12.44,92
16381,-2.167747,110.952605,1,0.5,11.68,99
16382,-2.167747,110.996398,1,0.5,2.89,248
16383,-2.167747,110.999767,1,0.5,2.89,248
16384,-2.167747,111.003135,1,0.5,2.89,248
16385,-2.167747,111.026716,1,0.5,10.12,120
16386,-2.167747,111.030085,1,0.5,10.12,120
16387,-2.167747,111.033453,1,0.5,10.12,120
16388,-2.171116,110.413616,1,0.5,9.68,123
16389,-2.171116,110.416985,1,0.5,9.68,123
16390,-2.171116,110.420353,1,0.5,9.68,123
16391,-2.171116,110.433828,1,0.5,4.83,209
16392,-2.171116,110.437197,1,0.5,4.83,209
16393,-2.171116,110.440565,1,0.5,4.83,209
16394,-2.171116,110.474252,2,0.5,3.48,210
16395,-2.171116,110.477621,2,0.5,3.48,210
16396,-2.171116,110.48099,1,0.5,3.48,311
16397,-2.171116,110.501202,1,0.5,0.69,69
16398,-2.171116,110.50457,1,0.5,0.69,69
16399,-2.171116,110.507939,1,0.5,0.69,69
16400,-2.171116,110.76059,1,0.5,2.17,217
16401,-2.171116,110.763959,1,0.5,2.17,217
16402,-2.171116,110.794277,1,0.5,16.9,52
16403,-2.171116,110.797646,1,0.5,16.9,52
16404,-2.171116,110.801014,1,0.5,16.9,52
16405,-2.171116,110.827964,1,0.5,2.63,324
16406,-2.171116,110.831333,2,0.5,3.75,210
16407,-2.171116,110.834701,2,0.5,4.65,286
16408,-2.171116,110.83807,1,0.5,4.65,266
16409,-2.171116,110.841439,1,0.5,4.65,266
16410,-2.171116,110.8886,1,0.5,9.91,109
16411,-2.171116,110.891969,1,0.5,9.91,109
16412,-2.171116,110.895337,1,0.5,9.91,109
16413,-2.171116,110.942499,1,1.0,12.44,92
16414,-2.171116,110.945868,1,1.0,12.44,92
16415,-2.171116,110.949236,1,1.0,12.44,92
16416,-2.171116,110.952605,1,0.5,11.68,99
16417,-2.171116,110.996398,1,0.5,2.89,248
16418,-2.171116,110.999767,1,0.5,2.89,248
16419,-2.171116,111.003135,1,0.5,2.89,248
16420,-2.171116,111.026716,1,0.5,10.12,120
16421,-2.171116,111.030085,1,0.5,10.12,120
16422,-2.171116,111.033453,1,0.5,10.12,120
16423,-2.174484,110.433828,1,0.5,4.83,209
16424,-2.174484,110.437197,1,0.5,4.83,209
16425,-2.174484,110.440565,1,0.5,4.83,209
16426,-2.174484,110.474252,2,0.5,3.48,210
16427,-2.174484,110.477621,2,0.5,3.48,210
16428,-2.174484,110.48099,1,0.5,3.48,311
16429,-2.174484,110.831333,1,0.5,3.75,316
16430,-2.174484,110.834701,1,0.5,4.65,266
16431,-2.174484,110.83807,1,0.5,4.65,266
16432,-2.174484,110.841439,1,0.5,4.65,266
16433,-2.174484,110.8886,1,0.5,9.91,109
16434,-2.174484,110.891969,1,0.5,9.91,109
16435,-2.174484,110.895337,1,0.5,9.91,109
16436,-2.174484,110.942499,1,1.0,12.44,92
16437,-2.174484,110.945868,1,1.0,12.44,92
16438,-2.174484,110.949236,1,1.0,12.44,92
16439,-2.174484,110.952605,1,0.5,11.68,99
16440,-2.174484,111.026716,1,0.5,10.12,120
16441,-2.174484,111.030085,1,0.5,10.12,120
16442,-2.174484,111.033453,1,0.5,10.12,120
16443,-2.177853,110.474252,2,0.5,3.48,210
16444,-2.177853,110.477621,2,0.5,3.48,210
16445,-2.177853,110.48099,1,0.5,3.48,311
16446,-2.177853,110.575313,1,0.5,8.62,250
16447,-2.177853,110.578681,1,0.5,8.62,250
16448,-2.177853,110.58205,1,0.5,8.62,250
16449,-2.177853,110.743747,1,0.5,8.3,131
16450,-2.177853,110.747115,1,0.5,8.3,131
16451,-2.177853,110.750484,1,0.5,8.3,131
16452,-2.177853,110.8886,1,0.5,9.91,109
16453,-2.177853,110.891969,1,0.5,9.91,109
16454,-2.177853,110.895337,1,0.5,9.91,109
16455,-2.177853,110.942499,1,0.5,7.65,126
16456,-2.177853,110.945868,1,0.5,7.65,126
16457,-2.177853,110.949236,1,0.5,7.65,126
16458,-2.177853,111.003135,1,0.5,8.78,206
16459,-2.177853,111.006504,1,0.5,8.78,206
16460,-2.177853,111.009873,1,0.5,8.78,206
16461,-2.181222,110.336136,1,0.5,0.55,67
16462,-2.181222,110.339505,1,0.5,0.55,67
16463,-2.181222,110.342874,1,0.5,0.55,67
16464,-2.181222,110.575313,1,0.5,8.62,250
16465,-2.181222,110.578681,1,0.5,8.62,250
16466,-2.181222,110.58205,1,0.5,8.62,250
16467,-2.181222,110.743747,1,0.5,8.3,131
16468,-2.181222,110.747115,1,0.5,8.3,131
16469,-2.181222,110.750484,1,0.5,8.3,131
16470,-2.181222,110.790908,1,0.5,3.18,281
16471,-2.181222,110.794277,1,0.5,3.18,281
16472,-2.181222,110.797646,1,0.5,3.18,281
16473,-2.181222,110.935762,1,0.5,5.91,214
16474,-2.181222,110.93913,1,0.5,5.91,214
16475,-2.181222,110.942499,1,0.5,5.91,214
16476,-2.181222,111.003135,1,0.5,8.78,206
16477,-2.181222,111.006504,1,0.5,8.78,206
16478,-2.181222,111.009873,1,0.5,8.78,206
16479,-2.18459,110.312555,1,0.5,6.2,-1
16480,-2.18459,110.315924,1,0.5,6.2,-1
16481,-2.18459,110.319293,1,0.5,6.2,-1
16482,-2.18459,110.336136,1,0.5,0.55,67
16483,-2.18459,110.339505,1,0.5,0.55,67
16484,-2.18459,110.342874,1,0.5,0.55,67
16485,-2.18459,110.575313,1,0.5,8.62,250
16486,-2.18459,110.578681,1,0.5,8.62,250
16487,-2.18459,110.58205,1,0.5,8.62,250
16488,-2.18459,110.743747,1,0.5,8.3,131
16489,-2.18459,110.747115,1,0.5,8.3,131
16490,-2.18459,110.750484,1,0.5,8.3,131
16491,-2.18459,110.790908,1,0.5,3.18,281
16492,-2.18459,110.794277,1,0.5,3.18,281
16493,-2.18459,110.797646,1,0.5,3.18,281
16494,-2.18459,110.827964,1,0.5,11.14,116
16495,-2.18459,110.831333,1,0.5,11.14,116
16496,-2.18459,110.834701,1,0.5,11.14,116
16497,-2.18459,110.83807,1,0.5,11.14,116
16498,-2.18459,110.844807,1,1.0,9.25,-1
16499,-2.18459,110.848176,1,1.0,9.25,-1
16500,-2.18459,110.895337,1,0.5,7.37,169
16501,-2.18459,110.898706,1,0.5,7.37,169
16502,-2.18459,110.902075,1,0.5,7.37,169
16503,-2.18459,110.935762,1,0.5,5.91,214
16504,-2.18459,110.93913,1,0.5,5.91,214
16505,-2.18459,110.942499,1,0.5,5.91,214
16506,-2.18459,111.003135,1,0.5,8.78,206
16507,-2.18459,111.006504,1,0.5,8.78,206
16508,-2.18459,111.009873,1,0.5,8.78,206
16509,-2.18459,111.023347,1,0.5,21.74,44
16510,-2.18459,111.026716,1,0.5,21.74,44
16511,-2.18459,111.030085,1,0.5,21.74,44
16512,-2.18459,111.033453,1,0.5,21.74,44
16513,-2.18459,111.036822,1,0.5,21.74,44
16514,-2.187959,110.312555,1,0.5,6.2,-1
16515,-2.187959,110.315924,1,0.5,6.2,-1
16516,-2.187959,110.319293,1,0.5,6.2,-1
16517,-2.187959,110.336136,1,0.5,0.55,67
16518,-2.187959,110.339505,1,0.5,0.55,67
16519,-2.187959,110.342874,1,0.5,0.55,67
16520,-2.187959,110.790908,1,0.5,3.18,281
16521,-2.187959,110.794277,1,0.5,3.18,281
16522,-2.187959,110.797646,1,0.5,3.18,281
16523,-2.187959,110.827964,1,0.5,11.14,116
16524,-2.187959,110.831333,1,1.0,15.51,60
16525,-2.187959,110.834701,1,1.0,15.51,60
16526,-2.187959,110.83807,1,1.0,15.51,60
16527,-2.187959,110.844807,1,1.0,10.34,101
16528,-2.187959,110.848176,1,1.0,10.34,101
16529,-2.187959,110.851545,1,1.0,10.34,101
16530,-2.187959,110.895337,1,0.5,7.37,169
16531,-2.187959,110.898706,1,0.5,7.37,169
16532,-2.187959,110.902075,1,0.5,7.37,169
16533,-2.187959,110.935762,1,0.5,5.91,214
16534,-2.187959,110.93913,1,0.5,5.91,214
16535,-2.187959,110.942499,1,0.5,5.91,214
16536,-2.187959,111.023347,1,0.5,21.74,44
16537,-2.187959,111.026716,1,0.5,21.74,44
16538,-2.187959,111.030085,1,0.5,21.74,44
16539,-2.187959,111.033453,1,0.5,21.74,44
16540,-2.187959,111.036822,2,0.5,21.74,-1
16541,-2.187959,111.040191,1,0.5,10.62,-1
16542,-2.187959,111.04356,1,0.5,10.62,87
16543,-2.191328,110.312555,1,0.5,6.2,-1
16544,-2.191328,110.315924,1,0.5,6.2,-1
16545,-2.191328,110.319293,1,0.5,6.2,-1
16546,-2.191328,110.790908,1,0.5,3.18,281
16547,-2.191328,110.794277,1,0.5,3.18,281
16548,-2.191328,110.797646,1,0.5,3.18,281
16549,-2.191328,110.827964,1,0.5,11.14,116
16550,-2.191328,110.831333,1,1.0,15.51,60
16551,-2.191328,110.834701,1,1.0,15.51,60
16552,-2.191328,110.83807,1,1.0,15.51,60
16553,-2.191328,110.844807,1,1.0,10.34,101
16554,-2.191328,110.848176,1,1.0,10.34,101
16555,-2.191328,110.851545,1,1.0,10.34,101
16556,-2.191328,110.881863,1,0.5,16.99,53
16557,-2.191328,110.885231,1,0.5,16.99,53
16558,-2.191328,110.8886,1,0.5,16.99,53
16559,-2.191328,110.895337,1,0.5,7.37,169
16560,-2.191328,110.898706,1,0.5,7.37,169
16561,-2.191328,110.902075,1,0.5,7.37,169
16562,-2.191328,110.912181,1,0.5,6.96,135
16563,-2.191328,110.91555,1,0.5,6.96,135
16564,-2.191328,110.986292,1,0.5,5.39,193
16565,-2.191328,110.989661,1,0.5,5.39,193
16566,-2.191328,111.023347,1,0.5,21.74,44
16567,-2.191328,111.026716,1,0.5,21.74,44
16568,-2.191328,111.030085,1,0.5,21.74,44
16569,-2.191328,111.033453,1,0.5,21.74,44
16570,-2.191328,111.036822,2,0.5,21.74,-1
16571,-2.191328,111.040191,1,0.5,10.62,-1
16572,-2.194697,110.737009,1,0.5,25.32,34
16573,-2.194697,110.740378,1,0.5,25.32,34
16574,-2.194697,110.743747,1,0.5,25.32,34
16575,-2.194697,110.821226,1,0.5,3.42,296
16576,-2.194697,110.824595,1,0.5,3.42,296
16577,-2.194697,110.827964,1,0.5,3.42,296
16578,-2.194697,110.831333,1,1.0,15.51,60
16579,-2.194697,110.834701,1,1.0,15.51,60
16580,-2.194697,110.83807,1,1.0,15.51,60
16581,-2.194697,110.841439,1,0.5,6.4,201
16582,-2.194697,110.844807,2,0.75,10.34,-1
16583,-2.194697,110.848176,1,1.0,10.34,101
16584,-2.194697,110.851545,1,1.0,10.34,101
16585,-2.194697,110.881863,1,0.5,16.99,53
16586,-2.194697,110.885231,1,0.5,16.99,53
16587,-2.194697,110.8886,2,0.5,16.99,-1
16588,-2.194697,110.891969,1,0.5,8.84,-1
16589,-2.194697,110.895337,1,0.5,8.84,-1
16590,-2.194697,110.898706,1,0.5,8.84,-1
16591,-2.194697,110.912181,1,0.5,6.96,135
16592,-2.194697,110.91555,1,0.5,6.96,135
16593,-2.194697,110.986292,1,0.5,5.39,193
16594,-2.194697,110.989661,1,0.5,5.39,193
16595,-2.194697,110.993029,1,0.5,3.98,303
16596,-2.194697,110.996398,1,0.5,3.98,303
16597,-2.194697,110.999767,1,0.5,3.98,303
16598,-2.194697,111.023347,1,0.5,21.74,44
16599,-2.194697,111.026716,1,0.5,21.74,44
16600,-2.194697,111.030085,1,0.5,21.74,44
16601,-2.194697,111.033453,1,0.5,21.74,44
16602,-2.194697,111.036822,2,0.5,21.74,-1
16603,-2.194697,111.040191,1,0.5,10.62,-1
16604,-2.198065,110.720166,1,0.5,9.84,108
16605,-2.198065,110.723535,1,0.5,9.84,108
16606,-2.198065,110.726903,1,0.5,9.84,108
16607,-2.198065,110.737009,2,0.5,25.32,37
16608,-2.198065,110.740378,3,0.67,25.32,17
16609,-2.198065,110.743747,3,0.67,25.32,17
16610,-2.198065,110.821226,1,0.5,3.42,296
16611,-2.198065,110.824595,1,0.5,3.42,296
16612,-2.198065,110.827964,1,0.5,3.42,296
16613,-2.198065,110.834701,1,0.5,3.05,269
16614,-2.198065,110.83807,1,0.5,3.05,269
16615,-2.198065,110.841439,2,0.5,6.4,309
16616,-2.198065,110.844807,1,0.5,6.4,201
16617,-2.198065,110.881863,1,0.5,16.99,53
16618,-2.198065,110.885231,1,0.5,16.99,53
16619,-2.198065,110.8886,2,0.5,16.99,-1
16620,-2.198065,110.891969,1,0.5,8.84,-1
16621,-2.198065,110.895337,1,0.5,8.84,-1
16622,-2.198065,110.898706,1,0.5,8.84,-1
16623,-2.198065,110.912181,1,0.5,6.96,135
16624,-2.198065,110.91555,1,0.5,6.96,135
16625,-2.198065,110.986292,1,0.5,5.39,193
16626,-2.198065,110.989661,2,0.5,13.59,111
16627,-2.198065,110.993029,1,0.5,13.59,84
16628,-2.198065,110.996398,1,0.5,13.59,84
16629,-2.198065,110.999767,1,0.5,8.4,-1
16630,-2.201434,110.720166,1,0.5,9.84,108
16631,-2.201434,110.723535,1,0.5,9.84,108
16632,-2.201434,110.726903,1,0.5,9.84,108
16633,-2.201434,110.730272,1,0.5,8.52,152
16634,-2.201434,110.737009,3,0.67,25.32,17
16635,-2.201434,110.740378,3,0.67,25.32,17
16636,-2.201434,110.743747,4,0.62,25.32,-1
16637,-2.201434,110.747115,2,0.5,11.03,216
16638,-2.201434,110.750484,1,0.5,2.61,325
16639,-2.201434,110.821226,1,0.5,3.42,296
16640,-2.201434,110.824595,1,0.5,3.42,296
16641,-2.201434,110.827964,1,0.5,3.42,296
16642,-2.201434,110.834701,1,0.5,3.05,269
16643,-2.201434,110.83807,1,0.5,3.05,269
16644,-2.201434,110.841439,1,0.5,3.05,269
16645,-2.201434,110.861651,1,0.5,1.82,189
16646,-2.201434,110.865019,1,0.5,1.82,189
16647,-2.201434,110.868388,1,0.5,1.82,189
16648,-2.201434,110.878494,1,0.5,30.42,25
16649,-2.201434,110.881863,1,0.5,30.42,25
16650,-2.201434,110.885231,1,0.5,30.42,25
16651,-2.201434,110.8886,1,0.5,8.84,-1
16652,-2.201434,110.891969,1,0.5,8.84,-1
16653,-2.201434,110.895337,1,0.5,8.84,-1
16654,-2.201434,110.989661,1,0.5,13.59,84
16655,-2.201434,110.993029,1,0.5,13.59,84
16656,-2.201434,110.996398,1,0.5,13.59,84
16657,-2.201434,110.999767,1,0.5,13.59,84
16658,-2.201434,111.003135,1,0.5,8.4,-1
16659,-2.204803,110.625843,1,0.5,6.63,173
16660,-2.204803,110.629212,1,0.5,6.63,173
16661,-2.204803,110.720166,1,0.5,9.84,108
16662,-2.204803,110.723535,1,0.5,9.84,108
16663,-2.204803,110.726903,1,0.5,9.84,108
16664,-2.204803,110.730272,1,0.5,8.52,152
16665,-2.204803,110.737009,4,0.62,25.32,-1
16666,-2.204803,110.740378,5,0.6,25.32,-1
16667,-2.204803,110.743747,6,0.58,25.32,-1
16668,-2.204803,110.747115,4,0.5,11.03,2
16669,-2.204803,110.750484,1,0.5,2.61,325
16670,-2.204803,110.81112,1,0.5,3.03,264
16671,-2.204803,110.814489,1,0.5,3.03,264
16672,-2.204803,110.817858,1,0.5,3.03,264
16673,-2.204803,110.834701,1,0.5,3.05,269
16674,-2.204803,110.83807,1,0.5,3.05,269
16675,-2.204803,110.841439,1,0.5,3.05,269
16676,-2.204803,110.861651,2,0.5,7.17,331
16677,-2.204803,110.865019,2,0.5,7.17,331
16678,-2.204803,110.868388,2,0.5,7.17,331
16679,-2.204803,110.871757,2,0.5,7.17,331
16680,-2.204803,110.881863,1,0.5,30.42,25
16681,-2.204803,110.885231,1,0.5,30.42,25
16682,-2.204803,110.8886,1,0.5,30.42,25
16683,-2.204803,110.898706,1,0.5,19.14,72
16684,-2.204803,110.902075,1,0.5,19.14,72
16685,-2.204803,110.905444,1,0.5,19.14,72
16686,-2.204803,110.908812,1,0.5,19.14,72
16687,-2.204803,110.912181,1,0.5,1.63,128
16688,-2.204803,110.91555,1,0.5,1.63,128
16689,-2.204803,110.918918,1,0.5,1.63,128
16690,-2.204803,110.993029,1,0.5,13.59,84
16691,-2.204803,110.996398,1,0.5,13.59,84
16692,-2.204803,110.999767,1,0.5,13.59,84
16693,-2.204803,111.003135,1,0.5,8.4,-1
16694,-2.208171,110.625843,1,0.5,6.63,173
16695,-2.208171,110.629212,1,0.5,6.63,173
16696,-2.208171,110.716797,1,0.5,3.46,314
16697,-2.208171,110.720166,1,0.5,3.46,314
16698,-2.208171,110.723535,1,0.5,8.52,152
16699,-2.208171,110.726903,1,0.5,8.52,152
16700,-2.208171,110.730272,1,0.5,8.52,152
16701,-2.208171,110.733641,1,0.5,8.52,152
16702,-2.208171,110.740378,4,0.62,25.32,-1
16703,-2.208171,110.743747,5,0.6,25.32,-1
16704,-2.208171,110.747115,5,0.6,25.32,-1
16705,-2.208171,110.750484,3,0.5,11.03,18
16706,-2.208171,110.780802,1,0.5,2.7,308
16707,-2.208171,110.784171,1,0.5,2.7,308
16708,-2.208171,110.78754,1,0.5,2.7,308
16709,-2.208171,110.814489,1,0.5,3.03,264
16710,-2.208171,110.817858,1,0.5,3.03,264
16711,-2.208171,110.821226,1,0.5,3.03,264
16712,-2.208171,110.865019,2,0.5,7.17,331
16713,-2.208171,110.868388,2,0.5,7.17,331
16714,-2.208171,110.871757,2,0.5,7.17,331
16715,-2.208171,110.881863,1,0.5,30.42,25
16716,-2.208171,110.885231,1,0.5,30.42,25
16717,-2.208171,110.8886,1,0.5,30.42,25
16718,-2.208171,110.898706,1,0.5,19.14,72
16719,-2.208171,110.902075,1,0.5,19.14,72
16720,-2.208171,110.905444,1,0.5,19.14,72
16721,-2.208171,110.908812,1,0.5,19.14,72
16722,-2.208171,110.912181,1,0.5,1.63,128
16723,-2.208171,110.91555,1,0.5,1.63,128
16724,-2.208171,110.918918,1,0.5,1.63,128
16725,-2.21154,110.629212,1,0.5,6.63,173
16726,-2.21154,110.63258,1,0.5,6.63,173
16727,-2.21154,110.716797,1,0.5,2.27,228
16728,-2.21154,110.720166,2,0.5,3.46,210
16729,-2.21154,110.723535,2,0.5,3.46,210
16730,-2.21154,110.726903,1,0.5,3.22,-1
16731,-2.21154,110.740378,1,0.5,4.34,272
16732,-2.21154,110.743747,3,0.5,6.28,18
16733,-2.21154,110.747115,3,0.5,6.28,18
16734,-2.21154,110.750484,2,0.5,6.28,309
16735,-2.21154,110.780802,1,0.5,2.7,308
16736,-2.21154,110.784171,1,0.5,2.7,308
16737,-2.21154,110.78754,1,0.5,2.7,308
16738,-2.21154,110.814489,1,0.5,3.03,264
16739,-2.21154,110.817858,1,0.5,3.03,264
16740,-2.21154,110.821226,1,0.5,3.03,264
16741,-2.21154,110.898706,1,0.5,19.14,72
16742,-2.21154,110.902075,1,0.5,19.14,72
16743,-2.21154,110.908812,1,0.5,5.71,151
16744,-2.21154,110.912181,1,0.5,5.71,151
16745,-2.21154,110.91555,1,0.5,5.71,151
16746,-2.21154,110.918918,1,0.5,5.71,151
16747,-2.214909,110.144121,1,0.5,14.93,41
16748,-2.214909,110.14749,1,0.5,14.93,41
16749,-2.214909,110.150859,1,0.5,14.93,41
16750,-2.214909,110.561838,1,0.5,2.97,259
16751,-2.214909,110.565207,1,0.5,2.97,259
16752,-2.214909,110.568575,1,0.5,2.97,259
16753,-2.214909,110.686479,1,0.5,3.81,322
16754,-2.214909,110.689848,1,0.5,3.81,322
16755,-2.214909,110.693217,1,0.5,3.81,322
16756,-2.214909,110.716797,1,0.5,2.27,228
16757,-2.214909,110.720166,2,0.5,3.46,210
16758,-2.214909,110.723535,2,0.5,3.46,210
16759,-2.214909,110.726903,1,0.5,3.22,-1
16760,-2.214909,110.743747,2,0.5,6.28,309
16761,-2.214909,110.747115,2,0.5,6.28,309
16762,-2.214909,110.750484,2,0.5,6.28,309
16763,-2.214909,110.780802,1,0.5,2.7,308
16764,-2.214909,110.784171,1,0.5,2.7,308
16765,-2.214909,110.78754,1,0.5,2.7,308
16766,-2.214909,110.861651,1,0.5,3.72,318
16767,-2.214909,110.865019,1,0.5,3.72,318
16768,-2.214909,110.868388,1,0.5,3.72,318
16769,-2.214909,110.885231,1,0.5,4.85,209
16770,-2.214909,110.8886,1,0.5,4.85,209
16771,-2.214909,110.891969,1,0.5,4.85,209
16772,-2.214909,110.895337,2,0.5,5.29,287
16773,-2.214909,110.898706,1,0.5,5.29,160
16774,-2.214909,110.902075,1,0.5,5.29,160
16775,-2.214909,110.908812,1,0.5,5.71,151
16776,-2.214909,110.912181,1,0.5,5.71,151
16777,-2.214909,110.91555,1,0.5,5.71,151
16778,-2.214909,110.918918,1,0.5,5.71,151
16779,-2.218277,110.140753,1,0.5,6.84,138
16780,-2.218277,110.144121,1,0.5,6.84,138
16781,-2.218277,110.14749,1,0.5,14.93,41
16782,-2.218277,110.150859,1,0.5,14.93,41
16783,-2.218277,110.154227,1,0.5,3.6,-1
16784,-2.218277,110.561838,1,0.5,2.97,259
16785,-2.218277,110.565207,1,0.5,5.55,180
16786,-2.218277,110.568575,1,0.5,5.55,180
16787,-2.218277,110.686479,1,0.5,3.81,322
16788,-2.218277,110.689848,1,0.5,3.81,322
16789,-2.218277,110.693217,1,0.5,3.81,322
16790,-2.218277,110.716797,1,0.5,2.27,228
16791,-2.218277,110.720166,2,0.5,3.22,-1
16792,-2.218277,110.723535,2,0.5,3.22,-1
16793,-2.218277,110.726903,1,0.5,3.22,-1
16794,-2.218277,110.861651,1,0.5,3.72,318
16795,-2.218277,110.865019,1,0.5,3.72,318
16796,-2.218277,110.868388,1,0.5,3.72,318
16797,-2.218277,110.885231,1,0.5,4.85,209
16798,-2.218277,110.8886,2,0.5,10.06,-1
16799,-2.218277,110.891969,2,0.5,10.06,-1
16800,-2.218277,110.895337,2,0.5,11.18,216
16801,-2.218277,110.898706,2,0.5,11.18,216
16802,-2.218277,110.902075,1,0.5,11.18,115
16803,-2.218277,110.908812,1,0.5,5.71,151
16804,-2.218277,110.912181,1,0.5,5.71,151
16805,-2.218277,110.91555,1,0.5,5.71,151
16806,-2.218277,110.918918,1,0.5,5.71,151
16807,-2.218277,110.999767,1,0.5,6.77,137
16808,-2.218277,111.003135,1,0.5,6.77,137
16809,-2.218277,111.006504,1,0.5,6.77,137
16810,-2.218277,111.030085,1,0.5,22.9,40
16811,-2.221646,110.137384,1,0.5,6.84,138
16812,-2.221646,110.140753,1,0.5,6.84,138
16813,-2.221646,110.144121,1,0.5,6.84,138
16814,-2.221646,110.14749,1,0.5,14.93,41
16815,-2.221646,110.150859,1,0.5,14.93,41
16816,-2.221646,110.154227,1,0.5,3.6,-1
16817,-2.221646,110.561838,1,0.5,2.97,259
16818,-2.221646,110.565207,1,0.5,5.55,180
16819,-2.221646,110.568575,1,0.5,5.55,180
16820,-2.221646,110.686479,1,0.5,3.81,322
16821,-2.221646,110.689848,1,0.5,3.81,322
16822,-2.221646,110.693217,1,0.5,3.81,322
16823,-2.221646,110.885231,1,0.5,4.85,209
16824,-2.221646,110.8886,2,0.5,10.06,-1
16825,-2.221646,110.891969,2,0.5,10.06,-1
16826,-2.221646,110.895337,2,0.5,11.18,216
16827,-2.221646,110.898706,2,0.5,11.18,216
16828,-2.221646,110.902075,1,0.5,11.18,115
16829,-2.221646,110.999767,1,0.5,6.77,137
16830,-2.221646,111.003135,1,0.5,6.77,137
16831,-2.221646,111.006504,1,0.5,6.77,137
16832,-2.221646,111.030085,1,0.5,22.9,40
16833,-2.225015,110.140753,1,0.5,6.84,138
16834,-2.225015,110.144121,1,0.5,6.84,138
16835,-2.225015,110.14749,1,0.5,6.84,138
16836,-2.225015,110.150859,1,0.5,3.6,-1
16837,-2.225015,110.154227,1,0.5,3.6,-1
16838,-2.225015,110.157596,1,0.5,3.6,-1
16839,-2.225015,110.565207,1,0.5,5.55,180
16840,-2.225015,110.568575,1,0.5,5.55,180
16841,-2.225015,110.733641,1,0.5,2.46,237
16842,-2.225015,110.737009,1,0.5,2.46,237
16843,-2.225015,110.740378,1,0.5,2.46,237
16844,-2.225015,110.881863,1,0.5,4.0,-1
16845,-2.225015,110.885231,1,0.5,4.0,-1
16846,-2.225015,110.8886,2,0.5,10.06,-1
16847,-2.225015,110.891969,2,0.5,21.21,50
16848,-2.225015,110.895337,2,0.5,11.18,216
16849,-2.225015,110.898706,2,0.5,11.18,216
16850,-2.225015,110.902075,1,0.5,11.18,115
16851,-2.225015,110.999767,1,0.5,6.77,137
16852,-2.225015,111.003135,1,0.5,6.77,137
16853,-2.225015,111.006504,1,0.5,6.77,137
16854,-2.228383,110.174439,1,0.5,6.66,167
16855,-2.228383,110.177808,1,0.5,6.66,167
16856,-2.228383,110.181177,1,0.5,6.66,167
16857,-2.228383,110.184546,1,0.5,6.66,167
16858,-2.228383,110.730272,1,0.5,16.89,52
16859,-2.228383,110.733641,2,0.5,16.89,79
16860,-2.228383,110.737009,1,0.5,2.46,237
16861,-2.228383,110.740378,1,0.5,2.46,237
16862,-2.228383,110.780802,1,0.5,9.75,119
16863,-2.228383,110.784171,1,0.5,9.75,119
16864,-2.228383,110.78754,1,0.5,9.75,119
16865,-2.228383,110.814489,1,0.5,17.42,39
16866,-2.228383,110.817858,1,0.5,17.42,39
16867,-2.228383,110.831333,1,0.5,6.48,241
16868,-2.228383,110.834701,1,0.5,6.48,241
16869,-2.228383,110.83807,1,0.5,6.48,241
16870,-2.228383,110.881863,1,0.5,4.0,-1
16871,-2.228383,110.885231,1,0.5,4.0,-1
16872,-2.228383,110.8886,2,0.5,4.85,-1
16873,-2.228383,110.891969,2,0.5,21.21,50
16874,-2.228383,110.895337,2,0.5,21.21,50
16875,-2.228383,110.898706,1,0.5,21.21,44
16876,-2.228383,110.902075,1,0.5,32.16,-1
16877,-2.228383,111.030085,1,0.5,9.24,175
16878,-2.231752,110.174439,1,0.5,6.66,167
16879,-2.231752,110.177808,1,0.5,6.66,167
16880,-2.231752,110.181177,1,0.5,6.66,167
16881,-2.231752,110.184546,1,0.5,6.66,167
16882,-2.231752,110.726903,1,0.5,41.16,11
16883,-2.231752,110.730272,2,0.5,41.16,-1
16884,-2.231752,110.733641,4,0.5,41.16,-1
16885,-2.231752,110.737009,2,0.5,3.75,210
16886,-2.231752,110.740378,2,0.5,5.18,287
16887,-2.231752,110.780802,1,0.5,9.75,119
16888,-2.231752,110.784171,1,0.5,9.75,119
16889,-2.231752,110.78754,1,0.5,9.75,119
16890,-2.231752,110.814489,1,0.5,17.42,39
16891,-2.231752,110.817858,1,0.5,17.42,39
16892,-2.231752,110.831333,1,0.5,6.48,241
16893,-2.231752,110.834701,1,0.5,6.48,241
16894,-2.231752,110.83807,1,0.5,6.48,241
16895,-2.231752,110.891969,1,0.5,3.59,-1
16896,-2.231752,110.895337,1,0.5,3.59,-1
16897,-2.231752,110.898706,1,0.5,3.59,-1
16898,-2.231752,110.902075,1,0.5,32.16,-1
16899,-2.231752,111.030085,1,0.5,9.24,175
16900,-2.235121,110.174439,1,0.5,6.66,167
16901,-2.235121,110.177808,1,0.5,6.66,167
16902,-2.235121,110.181177,1,0.5,6.66,167
16903,-2.235121,110.184546,1,0.5,6.66,167
16904,-2.235121,110.649424,1,0.5,5.42,239
16905,-2.235121,110.652792,1,0.5,5.42,239
16906,-2.235121,110.656161,1,0.5,5.42,239
16907,-2.235121,110.686479,1,0.5,2.4,225
16908,-2.235121,110.689848,1,0.5,2.4,225
16909,-2.235121,110.693217,1,0.5,2.4,225
16910,-2.235121,110.726903,1,0.5,41.16,11
16911,-2.235121,110.730272,1,0.5,41.16,11
16912,-2.235121,110.733641,2,0.5,41.16,-1
16913,-2.235121,110.737009,2,0.5,11.8,216
16914,-2.235121,110.740378,2,0.5,11.8,216
16915,-2.235121,110.743747,1,0.5,11.8,118
16916,-2.235121,110.780802,1,0.5,9.75,119
16917,-2.235121,110.784171,1,0.5,9.75,119
16918,-2.235121,110.78754,1,0.5,9.75,119
16919,-2.235121,110.821226,1,0.5,3.89,297
16920,-2.235121,110.824595,1,0.5,3.89,297
16921,-2.235121,110.827964,1,0.5,3.89,297
16922,-2.235121,110.831333,1,0.5,6.48,241
16923,-2.235121,110.834701,1,0.5,6.48,241
16924,-2.235121,110.83807,1,0.5,6.48,241
16925,-2.235121,110.891969,1,0.5,3.59,-1
16926,-2.235121,110.895337,1,0.5,3.59,330
16927,-2.235121,110.898706,1,0.5,3.59,-1
16928,-2.235121,111.030085,1,0.5,9.24,175
16929,-2.235121,111.033453,1,0.5,9.24,175
16930,-2.235121,111.036822,1,0.5,9.24,175
16931,-2.238489,110.649424,1,0.5,5.42,239
16932,-2.238489,110.652792,1,0.5,5.42,239
16933,-2.238489,110.656161,1,0.5,5.42,239
16934,-2.238489,110.686479,1,0.5,2.4,225
16935,-2.238489,110.689848,1,0.5,2.4,225
16936,-2.238489,110.693217,1,0.5,2.4,225
16937,-2.238489,110.733641,1,0.5,3.75,316
16938,-2.238489,110.737009,2,0.5,11.8,216
16939,-2.238489,110.740378,2,0.5,11.8,216
16940,-2.238489,110.743747,1,0.5,11.8,118
16941,-2.238489,110.757222,1,0.5,18.51,63
16942,-2.238489,110.76059,1,1.0,18.51,63
16943,-2.238489,110.763959,1,1.0,18.51,63
16944,-2.238489,110.821226,1,0.5,3.89,297
16945,-2.238489,110.824595,1,0.5,3.89,297
16946,-2.238489,110.827964,1,0.5,3.89,297
16947,-2.238489,110.83807,1,0.5,4.37,280
16948,-2.238489,110.841439,1,0.5,4.37,280
16949,-2.238489,110.844807,1,0.5,4.37,280
16950,-2.238489,110.891969,1,0.5,3.59,330
16951,-2.238489,110.895337,1,0.5,3.59,330
16952,-2.238489,110.898706,1,0.5,3.59,330
16953,-2.238489,110.972817,1,0.5,17.0,53
16954,-2.238489,110.976186,1,0.5,17.0,53
16955,-2.241858,110.649424,1,0.5,5.42,239
16956,-2.241858,110.652792,1,0.5,5.42,239
16957,-2.241858,110.656161,1,0.5,5.42,239
16958,-2.241858,110.686479,1,0.5,2.4,225
16959,-2.241858,110.689848,1,0.5,2.4,225
16960,-2.241858,110.693217,1,0.5,2.4,225
16961,-2.241858,110.757222,1,0.5,18.51,63
16962,-2.241858,110.76059,1,1.0,18.51,63
16963,-2.241858,110.763959,1,1.0,18.51,63
16964,-2.241858,110.83807,1,0.5,4.37,280
16965,-2.241858,110.841439,2,0.5,16.67,79
16966,-2.241858,110.844807,2,0.5,16.67,79
16967,-2.241858,110.972817,1,0.5,17.0,53
16968,-2.241858,110.976186,1,0.5,17.0,53
16969,-2.245227,110.666267,1,0.5,3.7,326
16970,-2.245227,110.669636,1,0.5,3.7,326
16971,-2.245227,110.673004,1,0.5,3.7,326
16972,-2.245227,110.676373,1,0.5,3.7,326
16973,-2.245227,110.743747,1,0.5,12.47,92
16974,-2.245227,110.747115,1,0.5,12.47,92
16975,-2.245227,110.750484,1,0.5,12.47,92
16976,-2.245227,110.757222,1,0.5,18.51,63
16977,-2.245227,110.76059,1,1.0,18.51,63
16978,-2.245227,110.763959,1,1.0,18.51,63
16979,-2.245227,110.841439,1,0.5,16.67,49
16980,-2.245227,110.844807,2,0.5,17.6,-1
16981,-2.245227,110.848176,1,0.5,17.6,38
16982,-2.245227,110.851545,1,0.5,45.9,10
16983,-2.245227,110.854913,1,0.5,45.9,10
16984,-2.248595,110.386666,1,0.5,5.98,185
16985,-2.248595,110.390035,1,0.5,5.98,185
16986,-2.248595,110.393404,1,0.5,5.98,185
16987,-2.248595,110.396773,1,0.5,7.12,154
16988,-2.248595,110.666267,1,0.5,3.7,326
16989,-2.248595,110.669636,1,0.5,3.7,326
16990,-2.248595,110.673004,1,0.5,3.7,326
16991,-2.248595,110.676373,1,0.5,3.7,326
16992,-2.248595,110.699954,1,0.5,3.19,282
16993,-2.248595,110.703323,1,0.5,3.19,282
16994,-2.248595,110.706691,1,0.5,3.19,282
16995,-2.248595,110.743747,1,0.5,12.47,92
16996,-2.248595,110.747115,1,0.5,12.47,92
16997,-2.248595,110.750484,1,0.5,12.47,92
16998,-2.248595,110.844807,1,0.5,17.6,-1
16999,-2.248595,110.848176,1,0.5,17.6,-1
17000,-2.248595,110.851545,1,0.5,45.9,10
17001,-2.248595,110.854913,1,0.5,45.9,10
17002,-2.248595,110.949236,1,0.5,4.65,266
17003,-2.248595,110.952605,1,0.5,4.65,266
17004,-2.248595,110.955974,1,0.5,4.65,266
17005,-2.251964,110.386666,1,0.5,5.98,185
17006,-2.251964,110.390035,1,0.5,5.98,185
17007,-2.251964,110.393404,1,0.5,5.98,185
17008,-2.251964,110.396773,1,0.5,7.12,154
17009,-2.251964,110.629212,1,0.5,6.03,186
17010,-2.251964,110.63258,1,0.5,6.03,186
17011,-2.251964,110.635949,1,0.5,6.03,186
17012,-2.251964,110.666267,1,0.5,3.7,326
17013,-2.251964,110.669636,1,0.5,3.7,326
17014,-2.251964,110.673004,1,0.5,3.7,326
17015,-2.251964,110.676373,1,0.5,3.7,326
17016,-2.251964,110.699954,1,0.5,3.19,282
17017,-2.251964,110.703323,1,0.5,3.19,282
17018,-2.251964,110.706691,1,0.5,3.19,282
17019,-2.251964,110.743747,1,0.5,12.47,92
17020,-2.251964,110.747115,1,0.5,12.47,92
17021,-2.251964,110.750484,1,0.5,12.47,92
17022,-2.251964,110.848176,1,0.5,17.6,-1
17023,-2.251964,110.851545,1,0.5,17.6,-1
17024,-2.251964,110.854913,1,0.5,45.9,10
17025,-2.251964,110.858282,1,0.5,45.9,10
17026,-2.251964,110.949236,1,0.5,4.65,266
17027,-2.251964,110.952605,1,0.5,4.65,266
17028,-2.251964,110.955974,1,0.5,4.65,266
17029,-2.251964,111.01661,1,0.5,9.02,176
17030,-2.251964,111.019979,1,0.5,9.02,176
17031,-2.251964,111.023347,1,0.5,9.02,176
17032,-2.255333,110.386666,1,0.5,5.98,185
17033,-2.255333,110.390035,1,0.5,5.98,185
17034,-2.255333,110.393404,1,0.5,5.98,185
17035,-2.255333,110.629212,1,0.5,6.03,186
17036,-2.255333,110.63258,1,0.5,6.03,186
17037,-2.255333,110.635949,1,0.5,6.03,186
17038,-2.255333,110.639318,1,0.5,6.03,186
17039,-2.255333,110.703323,1,0.5,3.19,282
17040,-2.255333,110.706691,1,0.5,3.19,282
17041,-2.255333,110.71006,1,0.5,3.19,282
17042,-2.255333,110.730272,1,0.5,2.31,228
17043,-2.255333,110.733641,1,0.5,2.31,228
17044,-2.255333,110.737009,1,0.5,2.31,228
17045,-2.255333,110.905444,1,0.5,2.07,212
17046,-2.255333,110.908812,1,0.5,2.07,212
17047,-2.255333,110.949236,1,0.5,4.65,266
17048,-2.255333,110.952605,1,0.5,4.65,266
17049,-2.255333,110.955974,1,0.5,4.65,266
17050,-2.255333,111.013241,1,1.0,11.64,99
17051,-2.255333,111.01661,1,1.0,11.64,99
17052,-2.255333,111.019979,1,1.0,11.64,99
17053,-2.255333,111.023347,1,0.5,9.02,176
17054,-2.258701,110.386666,1,0.5,5.98,185
17055,-2.258701,110.390035,1,0.5,5.98,185
17056,-2.258701,110.393404,1,0.5,5.98,185
17057,-2.258701,110.625843,1,0.5,3.18,281
17058,-2.258701,110.629212,1,0.5,3.18,281
17059,-2.258701,110.63258,3,0.5,6.03,18
17060,-2.258701,110.635949,2,0.5,6.03,302
17061,-2.258701,110.639318,2,0.5,6.03,302
17062,-2.258701,110.730272,1,0.5,2.31,228
17063,-2.258701,110.733641,1,0.5,2.31,228
17064,-2.258701,110.737009,1,0.5,2.31,228
17065,-2.258701,110.905444,1,0.5,2.07,212
17066,-2.258701,110.908812,1,0.5,2.07,212
17067,-2.258701,111.013241,1,1.0,11.64,99
17068,-2.258701,111.01661,1,1.0,11.64,99
17069,-2.258701,111.019979,1,1.0,11.64,99
17070,-2.258701,111.023347,1,0.5,9.02,176
17071,-2.26207,110.625843,1,0.5,3.18,281
17072,-2.26207,110.629212,1,0.5,3.18,281
17073,-2.26207,110.63258,2,0.5,3.18,-1
17074,-2.26207,110.635949,1,0.5,3.09,260
17075,-2.26207,110.639318,1,0.5,3.09,260
17076,-2.26207,110.673004,1,0.5,1.78,-1
17077,-2.26207,110.676373,1,0.5,1.78,-1
17078,-2.26207,110.730272,1,0.5,2.31,228
17079,-2.26207,110.733641,1,0.5,2.31,228
17080,-2.26207,110.737009,1,0.5,2.31,228
17081,-2.26207,110.784171,1,0.5,0.34,-1
17082,-2.26207,110.78754,1,0.5,0.34,-1
17083,-2.26207,110.905444,1,0.5,2.07,212
17084,-2.26207,110.908812,1,0.5,2.07,212
17085,-2.26207,110.922287,1,0.5,6.3,187
17086,-2.26207,110.925656,1,0.5,6.3,187
17087,-2.26207,110.929024,1,0.5,6.3,187
17088,-2.26207,110.976186,1,0.5,2.62,325
17089,-2.26207,110.979555,1,0.5,2.62,325
17090,-2.26207,110.982923,1,0.5,2.62,325
17091,-2.26207,110.989661,1,0.5,6.85,138
17092,-2.26207,110.993029,1,0.5,6.85,138
17093,-2.26207,110.996398,1,0.5,7.09,153
17094,-2.26207,110.999767,3,0.5,24.46,17
17095,-2.26207,111.003135,3,0.5,24.46,17
17096,-2.26207,111.006504,2,0.5,24.46,-1
17097,-2.26207,111.013241,1,1.0,11.64,99
17098,-2.26207,111.01661,1,1.0,11.64,99
17099,-2.26207,111.019979,1,1.0,11.64,99
17100,-2.26207,111.023347,1,0.5,9.02,176
17101,-2.265439,110.625843,1,0.5,3.18,281
17102,-2.265439,110.629212,1,0.5,3.18,281
17103,-2.265439,110.63258,2,0.5,3.18,-1
17104,-2.265439,110.635949,1,0.5,3.09,260
17105,-2.265439,110.639318,1,0.5,3.09,260
17106,-2.265439,110.673004,1,0.5,1.78,-1
17107,-2.265439,110.676373,1,0.5,1.78,-1
17108,-2.265439,110.784171,1,0.5,0.34,-1
17109,-2.265439,110.78754,1,0.5,0.34,-1
17110,-2.265439,110.824595,1,0.5,16.86,52
17111,-2.265439,110.827964,1,0.5,16.86,52
17112,-2.265439,110.922287,1,0.5,6.3,187
17113,-2.265439,110.925656,1,0.5,6.3,187
17114,-2.265439,110.929024,1,0.5,6.3,187
17115,-2.265439,110.976186,1,0.5,2.62,325
17116,-2.265439,110.979555,2,0.5,6.23,309
17117,-2.265439,110.982923,2,0.5,6.23,309
17118,-2.265439,110.986292,1,0.5,6.23,233
17119,-2.265439,110.989661,1,0.5,6.85,138
17120,-2.265439,110.993029,1,0.5,6.85,138
17121,-2.265439,110.996398,1,0.5,7.09,-1
17122,-2.265439,110.999767,3,0.5,24.46,17
17123,-2.265439,111.003135,3,0.5,24.46,17
17124,-2.265439,111.006504,2,0.5,24.46,-1
17125,-2.268808,110.673004,1,0.5,1.78,-1
17126,-2.268808,110.676373,1,0.5,1.78,-1
17127,-2.268808,110.784171,1,0.5,0.34,-1
17128,-2.268808,110.78754,1,0.5,0.34,-1
17129,-2.268808,110.824595,1,0.5,16.86,52
17130,-2.268808,110.827964,1,0.5,16.86,52
17131,-2.268808,110.831333,1,0.5,16.86,52
17132,-2.268808,110.922287,1,0.5,6.3,187
17133,-2.268808,110.925656,1,0.5,6.3,187
17134,-2.268808,110.929024,1,0.5,6.3,187
17135,-2.268808,110.976186,1,0.5,2.62,325
17136,-2.268808,110.979555,2,0.5,6.23,309
17137,-2.268808,110.982923,2,0.5,6.23,309
17138,-2.268808,110.986292,1,0.5,6.23,233
17139,-2.268808,110.989661,1,0.5,6.85,138
17140,-2.268808,110.993029,1,0.5,6.85,138
17141,-2.268808,110.996398,1,0.5,7.09,-1
17142,-2.268808,110.999767,3,0.5,24.46,17
17143,-2.268808,111.003135,3,0.5,24.46,17
17144,-2.268808,111.006504,3,0.5,24.46,17
17145,-2.272176,110.619106,1,0.5,3.55,329
17146,-2.272176,110.622474,1,0.5,3.55,329
17147,-2.272176,110.625843,1,0.5,3.55,329
17148,-2.272176,110.824595,1,0.5,16.86,52
17149,-2.272176,110.827964,1,0.5,16.86,52
17150,-2.272176,110.831333,2,0.5,16.86,79
17151,-2.272176,110.834701,1,0.5,3.82,322
17152,-2.272176,110.922287,1,0.5,6.3,187
17153,-2.272176,110.925656,1,0.5,6.3,187
17154,-2.272176,110.929024,1,0.5,6.3,187
17155,-2.272176,110.959342,1,0.5,7.55,140
17156,-2.272176,110.962711,1,0.5,7.55,140
17157,-2.272176,110.96608,1,0.5,7.55,140
17158,-2.272176,110.979555,1,0.5,6.23,233
17159,-2.272176,110.982923,1,0.5,6.23,233
17160,-2.272176,110.986292,1,0.5,6.23,233
17161,-2.272176,110.989661,1,0.5,6.85,138
17162,-2.272176,110.993029,1,0.5,6.85,138
17163,-2.272176,110.996398,1,0.5,6.85,138
17164,-2.272176,110.999767,1,0.5,10.35,101
17165,-2.272176,111.003135,1,0.5,10.35,101
17166,-2.272176,111.006504,1,0.5,10.35,101
17167,-2.275545,110.619106,1,0.5,3.55,329
17168,-2.275545,110.622474,1,0.5,3.55,329
17169,-2.275545,110.625843,1,0.5,3.55,329
17170,-2.275545,110.831333,1,0.5,3.82,322
17171,-2.275545,110.834701,1,0.5,3.82,322
17172,-2.275545,110.959342,1,0.5,7.55,140
17173,-2.275545,110.962711,1,0.5,7.55,140
17174,-2.275545,110.96608,1,0.5,7.55,140
17175,-2.275545,110.982923,1,0.5,6.52,194
17176,-2.275545,110.986292,1,0.5,12.97,96
17177,-2.275545,110.989661,1,0.5,12.97,96
17178,-2.275545,110.993029,1,0.5,12.97,96
17179,-2.275545,110.999767,1,0.5,10.35,101
17180,-2.275545,111.003135,1,0.5,10.35,101
17181,-2.275545,111.006504,1,0.5,10.35,101
17182,-2.278914,110.615737,1,0.5,4.42,279
17183,-2.278914,110.619106,2,0.5,4.42,286
17184,-2.278914,110.622474,1,0.5,3.55,329
17185,-2.278914,110.625843,1,0.5,3.55,329
17186,-2.278914,110.696585,1,0.5,2.94,259
17187,-2.278914,110.699954,1,0.5,2.94,259
17188,-2.278914,110.71006,1,0.5,1.92,-1
17189,-2.278914,110.713429,1,0.5,1.92,-1
17190,-2.278914,110.831333,1,0.5,3.82,322
17191,-2.278914,110.834701,1,0.5,3.82,322
17192,-2.278914,110.982923,1,0.5,6.52,194
17193,-2.278914,110.986292,1,0.5,12.97,96
17194,-2.278914,110.989661,1,0.5,12.97,96
17195,-2.278914,110.993029,1,0.5,12.97,96
17196,-2.282282,110.615737,1,0.5,4.42,279
17197,-2.282282,110.619106,2,0.5,4.42,286
17198,-2.282282,110.622474,2,0.5,19.52,50
17199,-2.282282,110.625843,2,0.5,19.52,50
17200,-2.282282,110.669636,1,0.5,6.11,163
17201,-2.282282,110.673004,1,0.5,6.11,163
17202,-2.282282,110.676373,1,0.5,6.11,163
17203,-2.282282,110.679742,1,0.5,6.27,232
17204,-2.282282,110.68311,1,0.5,6.27,232
17205,-2.282282,110.686479,1,0.5,6.27,232
17206,-2.282282,110.696585,1,0.5,2.94,259
17207,-2.282282,110.699954,1,0.5,2.94,259
17208,-2.282282,110.71006,1,0.5,1.92,-1
17209,-2.282282,110.713429,1,0.5,1.92,-1
17210,-2.282282,110.716797,1,0.5,1.01,62
17211,-2.282282,110.720166,1,0.5,1.01,62
17212,-2.282282,110.827964,1,0.5,2.22,-1
17213,-2.282282,110.831333,2,0.5,3.82,210
17214,-2.282282,110.834701,1,0.5,3.82,322
17215,-2.285651,110.339505,1,0.5,9.07,156
17216,-2.285651,110.342874,1,0.5,9.07,156
17217,-2.285651,110.346242,1,0.5,9.07,156
17218,-2.285651,110.349611,1,0.5,10.06,120
17219,-2.285651,110.615737,1,0.5,4.42,279
17220,-2.285651,110.619106,2,0.5,5.33,287
17221,-2.285651,110.622474,2,0.5,19.52,50
17222,-2.285651,110.625843,2,0.5,19.52,50
17223,-2.285651,110.669636,1,0.5,6.11,163
17224,-2.285651,110.673004,1,0.5,6.11,163
17225,-2.285651,110.676373,2,0.5,6.11,302
17226,-2.285651,110.679742,2,0.5,6.27,309
17227,-2.285651,110.68311,2,0.5,6.27,309
17228,-2.285651,110.686479,1,0.5,6.27,232
17229,-2.285651,110.696585,1,0.5,2.94,259
17230,-2.285651,110.699954,1,0.5,2.94,259
17231,-2.285651,110.71006,1,0.5,1.92,-1
17232,-2.285651,110.713429,1,0.5,1.92,-1
17233,-2.285651,110.716797,1,0.5,1.01,62
17234,-2.285651,110.720166,1,0.5,1.01,62
17235,-2.285651,110.827964,1,0.5,2.59,-1
17236,-2.285651,110.831333,1,0.5,2.59,-1
17237,-2.285651,110.834701,1,0.5,2.59,-1
17238,-2.28902,110.339505,1,0.5,9.07,156
17239,-2.28902,110.342874,1,0.5,9.07,156
17240,-2.28902,110.346242,1,0.5,9.07,156
17241,-2.28902,110.349611,1,0.5,10.06,120
17242,-2.28902,110.555101,1,0.5,4.75,220
17243,-2.28902,110.558469,1,0.5,4.75,220
17244,-2.28902,110.561838,1,0.5,4.75,220
17245,-2.28902,110.612368,1,0.5,7.85,132
17246,-2.28902,110.615737,2,0.5,7.98,293
17247,-2.28902,110.619106,3,0.5,7.98,18
17248,-2.28902,110.622474,3,0.5,19.52,18
17249,-2.28902,110.625843,2,0.5,19.52,50
17250,-2.28902,110.676373,1,0.5,2.35,229
17251,-2.28902,110.679742,2,0.5,6.27,309
17252,-2.28902,110.68311,2,0.5,6.27,309
17253,-2.28902,110.686479,2,0.5,6.27,309
17254,-2.28902,110.689848,1,0.5,2.89,248
17255,-2.28902,110.693217,1,0.5,2.89,248
17256,-2.28902,110.71006,1,0.5,1.92,-1
17257,-2.28902,110.713429,1,0.5,1.92,-1
17258,-2.28902,110.716797,1,0.5,1.01,62
17259,-2.28902,110.720166,1,0.5,1.01,62
17260,-2.28902,110.827964,1,0.5,2.59,-1
17261,-2.28902,110.831333,1,0.5,2.59,-1
17262,-2.28902,110.834701,1,0.5,2.59,-1
17263,-2.292388,110.339505,1,0.5,9.07,156
17264,-2.292388,110.342874,1,0.5,9.07,156
17265,-2.292388,110.346242,1,0.5,9.07,156
17266,-2.292388,110.555101,1,0.5,4.75,220
17267,-2.292388,110.558469,1,0.5,4.75,220
17268,-2.292388,110.561838,1,0.5,4.75,220
17269,-2.292388,110.612368,1,0.5,7.85,132
17270,-2.292388,110.615737,2,0.5,7.98,293
17271,-2.292388,110.619106,3,0.5,7.98,18
17272,-2.292388,110.622474,2,0.5,7.98,293
17273,-2.292388,110.625843,1,0.5,5.33,-1
17274,-2.292388,110.65953,1,0.5,13.11,85
17275,-2.292388,110.662898,1,0.5,13.11,85
17276,-2.292388,110.666267,1,0.5,13.11,85
17277,-2.292388,110.676373,1,0.5,2.35,229
17278,-2.292388,110.679742,1,0.5,2.35,229
17279,-2.292388,110.68311,1,0.5,2.35,229
17280,-2.292388,110.686479,1,0.5,3.42,296
17281,-2.292388,110.689848,1,0.5,3.42,296
17282,-2.292388,110.693217,1,0.5,3.42,296
17283,-2.292388,110.827964,1,0.5,2.59,-1
17284,-2.292388,110.831333,1,0.5,2.59,-1
17285,-2.292388,110.834701,1,0.5,2.59,323
17286,-2.292388,111.023347,1,1.0,10.04,121
17287,-2.292388,111.026716,1,1.0,10.04,121
17288,-2.292388,111.030085,1,1.0,10.04,121
17289,-2.295757,110.137384,1,0.5,8.34,125
17290,-2.295757,110.140753,1,0.5,8.34,125
17291,-2.295757,110.144121,1,0.5,8.34,125
17292,-2.295757,110.235076,1,0.5,5.12,253
17293,-2.295757,110.238444,1,0.5,5.12,253
17294,-2.295757,110.555101,1,0.5,4.75,220
17295,-2.295757,110.558469,1,0.5,4.75,220
17296,-2.295757,110.561838,1,0.5,4.75,220
17297,-2.295757,110.612368,1,0.5,7.85,132
17298,-2.295757,110.615737,2,0.5,7.98,293
17299,-2.295757,110.619106,2,0.5,7.98,293
17300,-2.295757,110.622474,1,0.5,7.98,-1
17301,-2.295757,110.65953,1,0.5,13.11,85
17302,-2.295757,110.662898,3,0.5,13.11,18
17303,-2.295757,110.666267,4,0.5,13.11,2
17304,-2.295757,110.669636,3,0.5,2.8,-1
17305,-2.295757,110.686479,1,0.5,3.42,296
17306,-2.295757,110.689848,1,0.5,3.42,296
17307,-2.295757,110.693217,1,0.5,3.42,296
17308,-2.295757,110.696585,2,0.5,4.59,286
17309,-2.295757,110.699954,2,0.5,4.59,286
17310,-2.295757,110.703323,2,0.5,4.59,286
17311,-2.295757,110.871757,1,0.5,28.25,27
17312,-2.295757,110.875125,1,0.5,28.25,27
17313,-2.295757,110.878494,1,0.5,28.25,27
17314,-2.295757,111.023347,1,1.0,10.04,121
17315,-2.295757,111.026716,1,1.0,10.04,121
17316,-2.295757,111.030085,1,1.0,10.04,121
17317,-2.299126,110.137384,1,0.5,8.34,125
17318,-2.299126,110.140753,1,0.5,8.34,125
17319,-2.299126,110.144121,1,0.5,8.34,125
17320,-2.299126,110.235076,1,0.5,5.12,253
17321,-2.299126,110.238444,1,0.5,5.12,253
17322,-2.299126,110.662898,1,0.5,13.11,85
17323,-2.299126,110.666267,3,0.5,13.11,18
17324,-2.299126,110.669636,4,0.5,13.11,2
17325,-2.299126,110.673004,3,0.5,2.79,-1
17326,-2.299126,110.699954,2,0.5,4.59,286
17327,-2.299126,110.703323,2,0.5,4.59,286
17328,-2.299126,110.706691,2,0.5,4.59,286
17329,-2.299126,110.750484,1,0.5,2.04,211
17330,-2.299126,110.753853,1,0.5,2.04,211
17331,-2.299126,110.871757,1,0.5,28.25,27
17332,-2.299126,110.875125,1,0.5,28.25,27
17333,-2.299126,110.878494,1,0.5,28.25,27
17334,-2.299126,111.023347,1,1.0,10.04,-1
17335,-2.299126,111.026716,1,1.0,10.04,-1
17336,-2.299126,111.030085,1,1.0,10.04,-1
17337,-2.299126,111.04356,1,0.5,2.04,211
17338,-2.299126,111.046928,1,0.5,2.04,211
17339,-2.299126,111.050297,1,0.5,2.04,211
17340,-2.299126,111.09409,1,0.5,5.43,-1
17341,-2.299126,111.097458,1,0.5,5.43,-1
17342,-2.299126,111.100827,1,0.5,5.43,-1
17343,-2.302494,110.137384,1,0.5,8.34,125
17344,-2.302494,110.140753,1,0.5,8.34,125
17345,-2.302494,110.144121,1,0.5,8.34,125
17346,-2.302494,110.235076,1,0.5,5.12,253
17347,-2.302494,110.238444,1,0.5,5.12,253
17348,-2.302494,110.666267,2,0.5,2.79,-1
17349,-2.302494,110.669636,2,0.5,2.79,-1
17350,-2.302494,110.673004,2,0.5,2.79,-1
17351,-2.302494,110.750484,1,0.5,2.04,211
17352,-2.302494,110.753853,1,0.5,2.04,211
17353,-2.302494,110.871757,1,0.5,28.25,27
17354,-2.302494,110.875125,1,0.5,28.25,27
17355,-2.302494,110.878494,1,0.5,28.25,27
17356,-2.302494,111.023347,1,1.0,10.04,121
17357,-2.302494,111.026716,1,1.0,10.04,121
17358,-2.302494,111.030085,1,1.0,10.04,121
17359,-2.302494,111.04356,1,0.5,2.04,211
17360,-2.302494,111.046928,1,0.5,2.04,211
17361,-2.302494,111.050297,1,0.5,2.04,211
17362,-2.302494,111.09409,1,0.5,5.43,-1
17363,-2.302494,111.097458,1,0.5,5.43,-1
17364,-2.302494,111.100827,2,0.5,5.43,287
17365,-2.302494,111.104196,2,0.5,6.57,333
17366,-2.305863,110.137384,1,0.5,8.13,129
17367,-2.305863,110.140753,1,0.5,8.13,129
17368,-2.305863,110.144121,1,0.5,8.13,129
17369,-2.305863,110.14749,1,0.5,8.13,129
17370,-2.305863,110.278869,1,1.0,25.52,33
17371,-2.305863,110.282237,1,1.0,25.52,33
17372,-2.305863,110.288975,1,0.5,8.73,205
17373,-2.305863,110.292343,1,0.5,8.73,205
17374,-2.305863,110.295712,1,0.5,8.73,205
17375,-2.305863,110.750484,1,0.5,2.04,211
17376,-2.305863,110.753853,1,0.5,2.04,211
17377,-2.305863,111.04356,1,0.5,2.04,211
17378,-2.305863,111.046928,1,0.5,2.04,211
17379,-2.305863,111.050297,1,0.5,2.04,211
17380,-2.305863,111.09409,1,0.5,5.43,-1
17381,-2.305863,111.097458,1,0.5,5.43,-1
17382,-2.305863,111.100827,2,0.5,5.43,287
17383,-2.305863,111.104196,2,0.5,6.57,333
17384,-2.309232,110.140753,1,0.5,8.13,129
17385,-2.309232,110.144121,1,0.5,8.13,129
17386,-2.309232,110.14749,1,0.5,8.13,129
17387,-2.309232,110.150859,1,0.5,8.13,129
17388,-2.309232,110.282237,1,1.0,25.52,33
17389,-2.309232,110.285606,1,1.0,25.52,33
17390,-2.309232,110.292343,1,0.5,8.73,205
17391,-2.309232,110.295712,1,0.5,8.73,205
17392,-2.309232,110.299081,1,0.5,8.73,205
17393,-2.309232,110.625843,1,0.5,8.04,143
17394,-2.309232,110.629212,1,0.5,8.04,143
17395,-2.309232,110.63258,1,0.5,8.04,143
17396,-2.309232,110.703323,1,0.5,4.54,268
17397,-2.309232,110.706691,1,0.5,4.54,268
17398,-2.309232,110.71006,1,0.5,4.54,268
17399,-2.309232,111.04356,1,0.5,5.51,181
17400,-2.309232,111.046928,1,0.5,5.51,181
17401,-2.309232,111.050297,1,0.5,5.51,181
17402,-2.309232,111.070509,1,0.5,5.94,215
17403,-2.309232,111.073878,1,0.5,5.94,215
17404,-2.309232,111.100827,1,0.5,3.83,310
17405,-2.309232,111.104196,1,0.5,3.83,310
17406,-2.3126,110.140753,1,0.5,8.13,129
17407,-2.3126,110.144121,1,0.5,8.13,129
17408,-2.3126,110.14749,1,0.5,8.13,129
17409,-2.3126,110.150859,1,0.5,8.13,129
17410,-2.3126,110.154227,1,0.5,8.13,129
17411,-2.3126,110.282237,1,1.0,25.52,33
17412,-2.3126,110.285606,1,1.0,25.52,33
17413,-2.3126,110.292343,1,0.5,8.73,205
17414,-2.3126,110.295712,1,0.5,8.73,205
17415,-2.3126,110.299081,1,0.5,8.73,205
17416,-2.3126,110.534888,1,0.5,45.02,10
17417,-2.3126,110.538257,1,0.5,45.02,10
17418,-2.3126,110.541626,2,0.5,45.02,-1
17419,-2.3126,110.544995,1,0.5,12.75,-1
17420,-2.3126,110.625843,1,0.5,8.04,143
17421,-2.3126,110.629212,1,0.5,8.04,143
17422,-2.3126,110.63258,1,0.5,8.04,143
17423,-2.3126,110.703323,1,0.5,4.54,268
17424,-2.3126,110.706691,1,0.5,4.54,268
17425,-2.3126,110.71006,1,0.5,4.54,268
17426,-2.3126,110.827964,1,0.5,7.59,140
17427,-2.3126,110.831333,1,0.5,7.59,140
17428,-2.3126,110.834701,1,0.5,7.59,140
17429,-2.3126,111.04356,1,0.5,5.51,181
17430,-2.3126,111.046928,1,0.5,5.51,181
17431,-2.3126,111.050297,1,0.5,5.51,181
17432,-2.3126,111.053666,1,0.5,9.64,-1
17433,-2.3126,111.057034,1,0.5,9.64,-1
17434,-2.3126,111.060403,1,0.5,9.64,-1
17435,-2.3126,111.070509,1,0.5,5.94,215
17436,-2.3126,111.073878,1,0.5,5.94,215
17437,-2.3126,111.100827,1,0.5,3.83,310
17438,-2.3126,111.104196,1,0.5,3.83,310
17439,-2.3126,111.107564,1,0.5,3.83,310
17440,-2.315969,110.14749,1,0.5,8.13,129
17441,-2.315969,110.150859,1,0.5,8.13,129
17442,-2.315969,110.154227,1,0.5,8.13,129
17443,-2.315969,110.2755,1,0.5,12.47,92
17444,-2.315969,110.278869,1,0.5,12.47,92
17445,-2.315969,110.282237,1,0.5,12.47,92
17446,-2.315969,110.534888,1,0.5,45.02,10
17447,-2.315969,110.538257,1,0.5,45.02,10
17448,-2.315969,110.541626,2,0.5,45.02,-1
17449,-2.315969,110.544995,2,0.5,12.75,112
17450,-2.315969,110.548363,1,0.5,3.42,296
17451,-2.315969,110.551732,1,0.5,3.42,296
17452,-2.315969,110.666267,1,0.5,18.23,-1
17453,-2.315969,110.669636,1,0.5,18.23,-1
17454,-2.315969,110.703323,1,0.5,4.54,268
17455,-2.315969,110.706691,1,0.5,4.54,268
17456,-2.315969,110.71006,1,0.5,4.54,268
17457,-2.315969,110.730272,1,0.5,66.68,5
17458,-2.315969,110.733641,1,0.5,66.68,5
17459,-2.315969,110.737009,1,0.5,66.68,5
17460,-2.315969,110.774065,1,0.5,3.38,298
17461,-2.315969,110.777434,1,0.5,3.38,298
17462,-2.315969,110.827964,1,0.5,7.59,140
17463,-2.315969,110.831333,1,0.5,7.59,140
17464,-2.315969,110.834701,1,0.5,7.59,140
17465,-2.315969,111.050297,1,0.5,17.22,39
17466,-2.315969,111.053666,2,0.5,17.22,79
17467,-2.315969,111.057034,2,0.5,17.22,79
17468,-2.315969,111.060403,1,0.5,9.64,-1
17469,-2.315969,111.070509,1,0.5,5.94,215
17470,-2.315969,111.073878,1,0.5,5.94,215
17471,-2.319338,110.2755,1,0.5,19.7,76
17472,-2.319338,110.278869,1,0.5,19.7,76
17473,-2.319338,110.282237,1,0.5,19.7,76
17474,-2.319338,110.534888,1,0.5,45.02,10
17475,-2.319338,110.538257,1,0.5,45.02,10
17476,-2.319338,110.541626,2,0.5,45.02,-1
17477,-2.319338,110.544995,2,0.5,12.75,112
17478,-2.319338,110.548363,1,0.5,3.42,296
17479,-2.319338,110.551732,1,0.5,3.42,296
17480,-2.319338,110.666267,1,0.5,18.23,-1
17481,-2.319338,110.669636,2,0.5,18.23,-1
17482,-2.319338,110.673004,1,0.5,3.02,-1
17483,-2.319338,110.676373,1,0.5,3.02,-1
17484,-2.319338,110.730272,1,0.5,66.68,5
17485,-2.319338,110.733641,1,0.5,66.68,5
17486,-2.319338,110.737009,1,0.5,51.16,7
17487,-2.319338,110.740378,1,0.5,51.16,7
17488,-2.319338,110.774065,1,0.5,3.38,298
17489,-2.319338,110.777434,1,0.5,3.38,298
17490,-2.319338,110.827964,1,0.5,7.59,140
17491,-2.319338,110.831333,1,0.5,7.59,140
17492,-2.319338,110.834701,1,0.5,7.59,140
17493,-2.319338,111.050297,1,0.5,17.22,39
17494,-2.319338,111.053666,2,0.5,17.22,79
17495,-2.319338,111.057034,2,0.5,17.22,79
17496,-2.319338,111.060403,1,0.5,9.64,-1
17497,-2.322706,110.2755,1,0.5,19.7,76
17498,-2.322706,110.278869,1,0.5,19.7,76
17499,-2.322706,110.282237,1,0.5,19.7,76
17500,-2.322706,110.541626,1,0.5,12.75,-1
17501,-2.322706,110.544995,2,0.5,12.75,112
17502,-2.322706,110.548363,1,0.5,3.42,296
17503,-2.322706,110.551732,1,0.5,3.42,296
17504,-2.322706,110.669636,1,0.5,3.02,-1
17505,-2.322706,110.673004,1,0.5,3.02,-1
17506,-2.322706,110.676373,1,0.5,3.02,-1
17507,-2.322706,110.730272,1,0.5,66.68,5
17508,-2.322706,110.733641,1,0.5,66.68,5
17509,-2.322706,110.737009,1,0.5,51.16,7
17510,-2.322706,110.740378,1,0.5,51.16,7
17511,-2.322706,110.774065,1,0.5,3.38,298
17512,-2.322706,110.777434,1,0.5,3.38,298
17513,-2.322706,110.982923,1,0.5,6.61,174
17514,-2.322706,110.986292,1,0.5,6.61,174
17515,-2.322706,110.989661,1,0.5,6.61,174
17516,-2.322706,111.050297,1,0.5,17.22,39
17517,-2.322706,111.053666,1,0.5,17.22,39
17518,-2.322706,111.057034,1,0.5,17.22,39
17519,-2.326075,110.258657,1,0.5,6.67,167
17520,-2.326075,110.262025,1,0.5,6.67,167
17521,-2.326075,110.2755,1,0.5,19.7,76
17522,-2.326075,110.278869,1,0.5,19.7,76
17523,-2.326075,110.282237,1,0.5,19.7,76
17524,-2.326075,110.544995,1,0.5,3.42,296
17525,-2.326075,110.548363,1,0.5,3.42,296
17526,-2.326075,110.551732,1,0.5,3.42,296
17527,-2.326075,110.669636,1,0.5,3.02,-1
17528,-2.326075,110.673004,1,0.5,3.02,-1
17529,-2.326075,110.676373,1,0.5,3.02,-1
17530,-2.326075,110.918918,1,0.5,5.21,158
17531,-2.326075,110.922287,1,0.5,5.21,158
17532,-2.326075,110.925656,1,0.5,5.21,158
17533,-2.326075,110.949236,1,0.5,3.71,327
17534,-2.326075,110.952605,1,0.5,3.71,327
17535,-2.326075,110.955974,1,0.5,3.71,327
17536,-2.326075,110.982923,1,0.5,6.61,174
17537,-2.326075,110.986292,1,0.5,6.61,174
17538,-2.326075,110.989661,1,0.5,6.61,174
17539,-2.329444,110.258657,1,0.5,6.67,167
17540,-2.329444,110.262025,1,0.5,6.67,167
17541,-2.329444,110.679742,1,0.5,125.4,-1
17542,-2.329444,110.68311,1,0.5,125.4,-1
17543,-2.329444,110.686479,1,0.5,125.4,-1
17544,-2.329444,110.885231,1,0.5,4.4,279
17545,-2.329444,110.8886,1,0.5,4.4,279
17546,-2.329444,110.891969,1,0.5,4.4,279
17547,-2.329444,110.918918,1,0.5,5.21,158
17548,-2.329444,110.922287,1,0.5,3.69,-1
17549,-2.329444,110.925656,1,0.5,3.69,-1
17550,-2.329444,110.929024,1,0.5,3.69,-1
17551,-2.329444,110.949236,1,0.5,3.71,327
17552,-2.329444,110.952605,1,0.5,3.71,327
17553,-2.329444,110.955974,1,0.5,3.71,327
17554,-2.329444,110.982923,1,0.5,6.61,174
17555,-2.329444,110.986292,1,0.5,6.61,174
17556,-2.329444,110.989661,1,0.5,6.61,174
17557,-2.332813,110.679742,1,0.5,125.4,-1
17558,-2.332813,110.68311,1,0.5,125.4,-1
17559,-2.332813,110.686479,1,0.5,125.4,-1
17560,-2.332813,110.790908,1,0.5,1.36,-1
17561,-2.332813,110.794277,1,0.5,1.36,-1
17562,-2.332813,110.885231,1,0.5,4.4,279
17563,-2.332813,110.8886,1,0.5,4.4,279
17564,-2.332813,110.891969,1,0.5,4.4,279
17565,-2.332813,110.918918,1,0.5,5.21,158
17566,-2.332813,110.922287,1,0.5,3.69,-1
17567,-2.332813,110.925656,1,0.5,3.69,-1
17568,-2.332813,110.929024,1,0.5,3.69,-1
17569,-2.332813,110.949236,1,0.5,3.71,327
17570,-2.332813,110.952605,1,0.5,3.71,327
17571,-2.332813,110.955974,1,0.5,3.71,327
17572,-2.332813,110.982923,1,0.5,3.19,282
17573,-2.332813,110.986292,1,0.5,3.19,282
17574,-2.332813,110.989661,1,0.5,3.19,282
17575,-2.332813,111.050297,1,0.5,0.48,68
17576,-2.332813,111.053666,1,0.5,0.48,68
17577,-2.332813,111.057034,1,0.5,0.48,68
17578,-2.336181,110.679742,1,0.5,125.4,-1
17579,-2.336181,110.68311,1,0.5,125.4,-1
17580,-2.336181,110.686479,1,0.5,125.4,-1
17581,-2.336181,110.790908,1,0.5,1.36,-1
17582,-2.336181,110.794277,1,0.5,1.36,-1
17583,-2.336181,110.885231,1,0.5,5.1,255
17584,-2.336181,110.8886,1,0.5,5.1,255
17585,-2.336181,110.891969,1,0.5,5.1,255
17586,-2.336181,110.895337,1,0.5,5.1,255
17587,-2.336181,110.902075,1,0.5,4.92,236
17588,-2.336181,110.905444,1,0.5,4.92,236
17589,-2.336181,110.908812,1,0.5,4.92,236
17590,-2.336181,110.925656,1,0.5,3.69,-1
17591,-2.336181,110.929024,1,0.5,3.69,-1
17592,-2.336181,110.932393,1,0.5,3.69,-1
17593,-2.336181,110.986292,1,0.5,3.19,282
17594,-2.336181,110.989661,1,0.5,3.19,282
17595,-2.336181,110.993029,1,0.5,3.19,282
17596,-2.336181,111.01661,1,0.5,2.49,237
17597,-2.336181,111.019979,1,0.5,2.49,237
17598,-2.336181,111.023347,1,0.5,2.49,237
17599,-2.336181,111.050297,1,0.5,0.48,68
17600,-2.336181,111.053666,1,0.5,0.48,68
17601,-2.336181,111.057034,1,0.5,0.48,68
17602,-2.33955,110.265394,1,0.5,4.75,220
17603,-2.33955,110.268763,1,0.5,4.75,220
17604,-2.33955,110.272131,1,0.5,4.75,220
17605,-2.33955,110.83807,1,0.5,4.98,235
17606,-2.33955,110.841439,1,0.5,4.98,235
17607,-2.33955,110.844807,1,0.5,4.98,235
17608,-2.33955,110.848176,1,0.5,4.98,235
17609,-2.33955,110.8886,1,0.5,5.1,255
17610,-2.33955,110.891969,1,0.5,5.1,255
17611,-2.33955,110.895337,1,0.5,5.1,255
17612,-2.33955,110.902075,1,0.5,4.92,236
17613,-2.33955,110.905444,1,0.5,4.92,236
17614,-2.33955,110.908812,1,0.5,4.92,236
17615,-2.33955,110.986292,1,0.5,3.19,282
17616,-2.33955,110.989661,1,0.5,3.19,282
17617,-2.33955,110.993029,1,0.5,3.19,282
17618,-2.33955,111.01661,1,0.5,2.49,237
17619,-2.33955,111.019979,1,0.5,2.49,237
17620,-2.33955,111.023347,1,0.5,2.49,237
17621,-2.33955,111.050297,1,0.5,0.48,68
17622,-2.33955,111.053666,1,0.5,0.48,68
17623,-2.33955,111.057034,1,0.5,0.48,68
17624,-2.342919,110.265394,1,0.5,4.75,220
17625,-2.342919,110.268763,1,0.5,4.75,220
17626,-2.342919,110.272131,1,0.5,4.75,220
17627,-2.342919,110.757222,1,0.5,8.36,124
17628,-2.342919,110.76059,1,0.5,8.36,124
17629,-2.342919,110.763959,1,0.5,8.36,124
17630,-2.342919,110.83807,1,0.5,4.98,235
17631,-2.342919,110.841439,1,0.5,4.98,235
17632,-2.342919,110.844807,1,0.5,4.98,235
17633,-2.342919,110.848176,1,0.5,4.98,235
17634,-2.342919,110.8886,1,0.5,5.1,255
17635,-2.342919,110.891969,1,0.5,5.1,255
17636,-2.342919,110.895337,1,0.5,5.1,255
17637,-2.342919,110.902075,1,0.5,4.92,236
17638,-2.342919,110.905444,1,0.5,4.92,236
17639,-2.342919,110.908812,1,0.5,4.92,236
17640,-2.342919,111.01661,1,0.5,2.49,237
17641,-2.342919,111.019979,1,0.5,2.49,237
17642,-2.342919,111.023347,1,0.5,2.49,237
17643,-2.342919,111.030085,2,0.5,12.83,112
17644,-2.342919,111.033453,2,0.5,12.83,112
17645,-2.342919,111.036822,2,0.5,12.83,112
17646,-2.346287,110.258657,1,0.5,11.79,117
17647,-2.346287,110.262025,1,0.5,11.79,117
17648,-2.346287,110.265394,2,0.5,11.79,216
17649,-2.346287,110.268763,1,0.5,4.75,220
17650,-2.346287,110.272131,1,0.5,4.75,220
17651,-2.346287,110.757222,1,0.5,8.36,124
17652,-2.346287,110.76059,1,0.5,8.36,124
17653,-2.346287,110.763959,1,0.5,8.36,124
17654,-2.346287,110.777434,1,0.5,3.58,330
17655,-2.346287,110.780802,1,0.5,3.58,330
17656,-2.346287,110.784171,1,0.5,3.58,330
17657,-2.346287,110.83807,1,0.5,4.98,235
17658,-2.346287,110.841439,1,0.5,4.98,235
17659,-2.346287,110.844807,1,0.5,4.98,235
17660,-2.346287,110.848176,1,0.5,4.98,235
17661,-2.346287,110.996398,1,0.5,13.49,83
17662,-2.346287,110.999767,1,0.5,13.49,83
17663,-2.346287,111.003135,1,0.5,13.49,83
17664,-2.346287,111.01661,1,0.5,2.29,228
17665,-2.346287,111.019979,1,0.5,2.29,228
17666,-2.346287,111.023347,1,0.5,2.29,228
17667,-2.346287,111.030085,2,0.5,12.83,112
17668,-2.346287,111.033453,2,0.5,12.83,112
17669,-2.346287,111.036822,2,0.5,12.83,112
17670,-2.349656,110.258657,1,0.5,11.79,117
17671,-2.349656,110.262025,1,0.5,11.79,117
17672,-2.349656,110.265394,1,0.5,11.79,117
17673,-2.349656,110.494464,1,0.5,0.73,69
17674,-2.349656,110.497833,1,0.5,0.73,-1
17675,-2.349656,110.757222,1,0.5,8.36,124
17676,-2.349656,110.76059,1,0.5,8.36,124
17677,-2.349656,110.763959,1,0.5,8.36,124
17678,-2.349656,110.777434,1,0.5,3.58,330
17679,-2.349656,110.780802,1,0.5,3.58,330
17680,-2.349656,110.784171,1,0.5,3.58,330
17681,-2.349656,110.996398,2,0.5,38.13,22
17682,-2.349656,110.999767,2,0.5,38.13,22
17683,-2.349656,111.003135,2,0.5,38.13,22
17684,-2.349656,111.030085,2,0.5,12.83,112
17685,-2.349656,111.033453,2,0.5,12.83,112
17686,-2.349656,111.036822,2,0.5,12.83,112
17687,-2.349656,111.04356,1,0.5,3.94,306
17688,-2.349656,111.046928,1,0.5,3.94,306
17689,-2.349656,111.050297,1,0.5,3.45,314
17690,-2.353025,110.262025,1,0.5,11.79,117
17691,-2.353025,110.265394,1,0.5,11.79,117
17692,-2.353025,110.268763,1,0.5,11.79,117
17693,-2.353025,110.494464,1,0.5,0.73,69
17694,-2.353025,110.497833,1,0.5,0.73,69
17695,-2.353025,110.774065,1,0.5,5.3,160
17696,-2.353025,110.777434,2,0.5,5.3,287
17697,-2.353025,110.780802,2,0.5,5.3,287
17698,-2.353025,110.784171,1,0.5,3.58,330
17699,-2.353025,110.996398,2,0.5,38.13,22
17700,-2.353025,110.999767,2,0.5,38.13,22
17701,-2.353025,111.003135,2,0.5,38.13,22
17702,-2.353025,111.04356,1,0.5,3.94,306
17703,-2.353025,111.046928,1,0.5,3.94,306
17704,-2.353025,111.050297,1,0.5,3.45,314
17705,-2.356393,110.494464,1,0.5,0.73,-1
17706,-2.356393,110.497833,1,0.5,0.73,69
17707,-2.356393,110.774065,1,0.5,5.3,160
17708,-2.356393,110.777434,1,0.5,5.3,160
17709,-2.356393,110.780802,1,0.5,5.3,160
17710,-2.356393,110.996398,1,0.5,38.13,15
17711,-2.356393,110.999767,1,0.5,38.13,15
17712,-2.356393,111.003135,1,0.5,38.13,15
17713,-2.356393,111.04356,1,0.5,3.94,306
17714,-2.356393,111.046928,1,0.5,3.94,306
17715,-2.356393,111.050297,1,0.5,3.45,314
17716,-2.359762,110.767328,1,0.5,6.35,-1
17717,-2.359762,110.770696,1,0.5,6.35,-1
17718,-2.359762,110.774065,2,0.5,6.35,309
17719,-2.359762,110.777434,2,0.5,5.3,287
17720,-2.359762,110.780802,2,0.5,5.3,287
17721,-2.359762,110.784171,1,0.5,1.85,190
17722,-2.359762,110.824595,1,0.5,0.77,70
17723,-2.359762,110.827964,1,0.5,0.77,70
17724,-2.359762,110.831333,1,0.5,0.77,70
17725,-2.359762,110.972817,1,0.5,4.18,155
17726,-2.359762,110.976186,1,0.5,4.18,155
17727,-2.359762,110.979555,1,0.5,4.18,155
17728,-2.363131,110.716797,1,0.5,3.3,276
17729,-2.363131,110.720166,1,0.5,3.3,276
17730,-2.363131,110.723535,1,0.5,3.3,276
17731,-2.363131,110.767328,1,0.5,6.35,-1
17732,-2.363131,110.770696,1,0.5,6.35,-1
17733,-2.363131,110.774065,1,0.5,6.35,-1
17734,-2.363131,110.777434,1,0.5,1.85,190
17735,-2.363131,110.780802,1,0.5,1.85,190
17736,-2.363131,110.784171,1,0.5,1.85,190
17737,-2.363131,110.824595,1,0.5,0.77,70
17738,-2.363131,110.827964,2,0.5,5.5,287
17739,-2.363131,110.831333,2,0.5,5.5,287
17740,-2.363131,110.834701,2,0.5,7.44,328
17741,-2.363131,110.83807,1,0.5,7.44,-1
17742,-2.363131,110.841439,1,0.5,7.44,-1
17743,-2.363131,110.972817,1,0.5,4.18,155
17744,-2.363131,110.976186,1,0.5,4.18,155
17745,-2.363131,110.979555,1,0.5,4.18,155
17746,-2.366499,110.716797,1,0.5,3.3,276
17747,-2.366499,110.720166,1,0.5,3.3,276
17748,-2.366499,110.723535,1,0.5,3.3,276
17749,-2.366499,110.767328,1,0.5,6.35,-1
17750,-2.366499,110.770696,1,0.5,6.35,-1
17751,-2.366499,110.774065,1,0.5,6.35,-1
17752,-2.366499,110.777434,1,0.5,1.85,190
17753,-2.366499,110.780802,2,0.5,4.34,286
17754,-2.366499,110.784171,2,0.5,4.34,286
17755,-2.366499,110.824595,1,0.5,0.77,70
17756,-2.366499,110.827964,2,0.5,5.5,287
17757,-2.366499,110.831333,3,0.5,8.33,18
17758,-2.366499,110.834701,3,0.5,8.33,18
17759,-2.366499,110.83807,2,0.5,8.33,-1
17760,-2.366499,110.841439,1,0.5,7.44,-1
17761,-2.366499,110.972817,1,0.5,4.18,155
17762,-2.366499,110.976186,1,0.5,4.18,155
17763,-2.366499,110.979555,1,0.5,4.18,155
17764,-2.369868,110.238444,1,0.5,4.41,279
17765,-2.369868,110.241813,1,0.5,4.41,279
17766,-2.369868,110.245182,1,0.5,4.41,279
17767,-2.369868,110.24855,1,0.5,4.41,279
17768,-2.369868,110.780802,1,0.5,4.34,272
17769,-2.369868,110.784171,1,0.5,4.34,272
17770,-2.369868,110.801014,1,1.0,7.8,132
17771,-2.369868,110.804383,1,1.0,7.8,132
17772,-2.369868,110.807752,1,1.0,7.8,132
17773,-2.369868,110.827964,1,0.5,5.5,181
17774,-2.369868,110.831333,2,0.5,8.33,-1
17775,-2.369868,110.834701,2,0.5,8.33,-1
17776,-2.369868,110.83807,1,0.5,8.33,125
17777,-2.373237,110.150859,1,0.5,2.61,325
17778,-2.373237,110.154227,1,0.5,2.61,325
17779,-2.373237,110.157596,2,0.5,2.75,-1
17780,-2.373237,110.160965,1,0.5,2.75,292
17781,-2.373237,110.164333,1,0.5,2.75,292
17782,-2.373237,110.238444,1,0.5,4.35,272
17783,-2.373237,110.241813,1,0.5,4.35,272
17784,-2.373237,110.245182,1,0.5,4.35,272
17785,-2.373237,110.24855,1,0.5,4.41,279
17786,-2.373237,110.780802,1,0.5,4.34,272
17787,-2.373237,110.784171,1,0.5,4.34,272
17788,-2.373237,110.801014,1,1.0,7.8,132
17789,-2.373237,110.804383,1,1.0,7.8,132
17790,-2.373237,110.807752,1,1.0,7.8,132
17791,-2.373237,110.831333,1,0.5,8.33,125
17792,-2.373237,110.834701,1,0.5,8.33,125
17793,-2.373237,110.83807,1,0.5,8.33,125
17794,-2.376605,110.150859,1,0.5,2.61,325
17795,-2.376605,110.154227,1,0.5,2.61,325
17796,-2.376605,110.157596,2,0.5,2.75,-1
17797,-2.376605,110.160965,1,0.5,2.75,292
17798,-2.376605,110.164333,1,0.5,2.75,292
17799,-2.376605,110.238444,1,0.5,4.35,272
17800,-2.376605,110.241813,1,0.5,4.35,272
17801,-2.376605,110.245182,1,0.5,4.35,272
17802,-2.376605,110.262025,1,0.5,8.28,131
17803,-2.376605,110.265394,1,0.5,8.28,131
17804,-2.376605,110.268763,1,0.5,8.28,131
17805,-2.376605,110.272131,1,0.5,8.28,131
17806,-2.376605,110.777434,1,0.5,6.76,137
17807,-2.376605,110.780802,1,0.5,6.76,137
17808,-2.376605,110.784171,2,0.5,6.76,333
17809,-2.376605,110.78754,1,0.5,6.38,204
17810,-2.376605,110.790908,1,0.5,6.38,204
17811,-2.376605,110.801014,1,1.0,7.8,132
17812,-2.376605,110.804383,1,1.0,7.8,132
17813,-2.376605,110.807752,1,1.0,7.8,132
17814,-2.376605,111.050297,1,0.5,5.17,158
17815,-2.376605,111.053666,1,0.5,5.17,158
17816,-2.379974,110.150859,1,0.5,2.61,325
17817,-2.379974,110.154227,1,0.5,2.61,325
17818,-2.379974,110.157596,2,0.5,2.75,-1
17819,-2.379974,110.160965,1,0.5,2.75,292
17820,-2.379974,110.164333,1,0.5,2.75,292
17821,-2.379974,110.262025,1,0.5,8.28,131
17822,-2.379974,110.265394,1,0.5,8.28,131
17823,-2.379974,110.268763,1,0.5,8.28,131
17824,-2.379974,110.272131,1,0.5,8.28,131
17825,-2.379974,110.777434,1,0.5,6.76,137
17826,-2.379974,110.780802,1,0.5,6.76,137
17827,-2.379974,110.784171,2,0.5,6.76,333
17828,-2.379974,110.78754,1,0.5,6.38,204
17829,-2.379974,110.790908,1,0.5,6.38,204
17830,-2.379974,111.050297,1,0.5,5.17,158
17831,-2.379974,111.053666,1,0.5,5.17,158
17832,-2.383343,110.262025,1,0.5,8.28,131
17833,-2.383343,110.265394,1,0.5,8.28,131
17834,-2.383343,110.268763,1,0.5,8.28,131
17835,-2.383343,110.272131,1,0.5,8.28,131
17836,-2.383343,110.78754,1,0.5,6.38,204
17837,-2.383343,110.790908,1,0.5,6.38,204
17838,-2.383343,110.794277,1,0.5,6.38,204
17839,-2.383343,111.050297,1,0.5,5.17,158
17840,-2.383343,111.053666,1,0.5,5.17,158
17841,-2.386711,110.262025,1,0.5,8.28,131
17842,-2.386711,110.265394,1,0.5,8.28,131
17843,-2.386711,110.268763,1,0.5,8.28,131
17844,-2.386711,110.272131,1,0.5,8.28,131
17845,-2.386711,110.993029,1,0.5,5.64,226
17846,-2.386711,110.996398,1,0.5,5.64,226
17847,-2.386711,110.999767,1,0.5,5.64,226
17848,-2.39008,110.993029,1,0.5,5.64,226
17849,-2.39008,110.996398,1,0.5,4.99,235
17850,-2.39008,110.999767,1,0.5,4.99,235
17851,-2.39008,111.003135,1,0.5,4.99,235
17852,-2.393449,110.790908,1,0.5,3.08,260
17853,-2.393449,110.794277,1,0.5,3.08,260
17854,-2.393449,110.797646,1,0.5,3.08,260
17855,-2.393449,110.993029,1,0.5,5.64,226
17856,-2.393449,110.996398,1,0.5,4.99,235
17857,-2.393449,110.999767,1,0.5,4.99,235
17858,-2.393449,111.003135,1,0.5,4.99,235
17859,-2.396817,110.790908,1,0.5,3.08,260
17860,-2.396817,110.794277,1,0.5,3.08,260
17861,-2.396817,110.797646,1,0.5,3.08,260
17862,-2.396817,110.979555,1,0.5,15.47,60
17863,-2.396817,110.982923,1,0.5,15.47,60
17864,-2.396817,110.986292,1,0.5,15.47,60
17865,-2.396817,110.989661,1,0.5,15.47,60
17866,-2.396817,110.996398,1,0.5,4.99,235
17867,-2.396817,110.999767,1,0.5,4.99,235
17868,-2.396817,111.003135,1,0.5,4.99,235
17869,-2.400186,110.790908,1,0.5,3.08,260
17870,-2.400186,110.794277,1,0.5,3.08,260
17871,-2.400186,110.797646,1,0.5,3.08,260
17872,-2.400186,110.834701,1,0.5,3.24,257
17873,-2.400186,110.83807,1,0.5,3.24,257
17874,-2.400186,110.841439,1,0.5,3.24,257
17875,-2.400186,110.979555,1,0.5,15.47,60
17876,-2.400186,110.982923,1,0.5,15.47,60
17877,-2.400186,110.986292,1,0.5,15.47,60
17878,-2.400186,110.989661,2,0.5,15.47,-1
17879,-2.400186,110.993029,1,0.5,5.61,227
17880,-2.400186,110.996398,1,0.5,5.61,227
17881,-2.403555,110.834701,1,0.5,3.24,257
17882,-2.403555,110.83807,1,0.5,3.24,257
17883,-2.403555,110.841439,1,0.5,3.24,257
17884,-2.403555,110.959342,1,0.5,7.13,154
17885,-2.403555,110.962711,1,0.5,7.13,154
17886,-2.403555,110.982923,1,0.5,15.47,60
17887,-2.403555,110.986292,1,0.5,15.47,60
17888,-2.403555,110.989661,2,0.5,15.47,-1
17889,-2.403555,110.993029,1,0.5,5.61,227
17890,-2.403555,110.996398,1,0.5,5.61,227
17891,-2.403555,110.999767,1,0.5,0.4,68
17892,-2.403555,111.003135,1,0.5,0.4,68
17893,-2.403555,111.006504,1,0.5,0.4,68
17894,-2.406924,110.171071,1,0.5,2.64,324
17895,-2.406924,110.174439,1,0.5,2.64,324
17896,-2.406924,110.177808,1,0.5,2.64,324
17897,-2.406924,110.639318,1,1.0,14.6,57
17898,-2.406924,110.642686,1,1.0,14.6,57
17899,-2.406924,110.646055,1,1.0,14.6,57
17900,-2.406924,110.834701,1,0.5,3.24,257
17901,-2.406924,110.83807,1,0.5,3.24,257
17902,-2.406924,110.841439,1,0.5,3.24,257
17903,-2.406924,110.959342,1,0.5,7.13,154
17904,-2.406924,110.962711,1,0.5,7.13,154
17905,-2.406924,110.96608,1,0.5,7.13,154
17906,-2.406924,110.982923,1,0.5,25.7,33
17907,-2.406924,110.986292,1,0.5,25.7,33
17908,-2.406924,110.989661,2,0.5,25.7,37
17909,-2.406924,110.993029,1,0.5,5.61,227
17910,-2.406924,110.996398,1,0.5,5.61,227
17911,-2.406924,110.999767,1,0.5,0.4,68
17912,-2.406924,111.003135,1,0.5,0.4,68
17913,-2.406924,111.006504,1,0.5,0.4,68
17914,-2.410292,110.171071,1,0.5,2.64,324
17915,-2.410292,110.174439,1,0.5,2.64,324
17916,-2.410292,110.177808,1,0.5,2.64,324
17917,-2.410292,110.24855,1,0.5,4.66,266
17918,-2.410292,110.251919,1,0.5,4.66,266
17919,-2.410292,110.255288,1,0.5,4.66,266
17920,-2.410292,110.258657,1,0.5,4.66,266
17921,-2.410292,110.262025,1,0.5,4.66,266
17922,-2.410292,110.625843,1,0.5,2.64,324
17923,-2.410292,110.629212,1,0.5,2.64,324
17924,-2.410292,110.63258,1,0.5,2.64,324
17925,-2.410292,110.635949,1,0.5,6.45,240
17926,-2.410292,110.639318,2,0.75,14.6,-1
17927,-2.410292,110.642686,2,0.75,14.6,-1
17928,-2.410292,110.646055,1,1.0,14.6,57
17929,-2.410292,110.713429,1,0.5,6.33,230
17930,-2.410292,110.716797,1,0.5,6.33,230
17931,-2.410292,110.720166,1,0.5,6.33,230
17932,-2.410292,110.723535,1,0.5,6.33,230
17933,-2.410292,110.959342,1,0.5,7.13,154
17934,-2.410292,110.962711,1,0.5,7.13,154
17935,-2.410292,110.96608,1,0.5,7.13,154
17936,-2.410292,110.982923,1,0.5,25.7,33
17937,-2.410292,110.986292,2,0.5,25.7,37
17938,-2.410292,110.989661,3,0.5,25.7,17
17939,-2.410292,110.993029,2,0.5,5.61,-1
17940,-2.410292,110.996398,1,0.5,5.61,227
17941,-2.410292,110.999767,1,0.5,0.4,68
17942,-2.410292,111.003135,1,0.5,0.4,68
17943,-2.410292,111.006504,1,0.5,0.4,68
17944,-2.413661,110.24855,1,0.5,4.66,266
17945,-2.413661,110.251919,1,0.5,6.34,231
17946,-2.413661,110.255288,1,0.5,6.34,231
17947,-2.413661,110.258657,1,0.5,6.34,231
17948,-2.413661,110.262025,1,0.5,4.66,266
17949,-2.413661,110.625843,1,0.5,2.64,324
17950,-2.413661,110.629212,1,0.5,2.64,324
17951,-2.413661,110.63258,1,0.5,2.64,324
17952,-2.413661,110.635949,1,0.5,6.45,240
17953,-2.413661,110.639318,2,0.75,14.6,-1
17954,-2.413661,110.642686,2,0.75,14.6,-1
17955,-2.413661,110.646055,1,1.0,14.6,57
17956,-2.413661,110.713429,1,0.5,6.33,230
17957,-2.413661,110.716797,1,0.5,6.33,230
17958,-2.413661,110.720166,1,0.5,6.33,230
17959,-2.413661,110.723535,1,0.5,6.33,230
17960,-2.413661,110.959342,1,0.5,7.13,154
17961,-2.413661,110.962711,1,0.5,7.13,154
17962,-2.413661,110.96608,1,0.5,7.13,154
17963,-2.413661,110.982923,1,0.5,25.7,33
17964,-2.413661,110.986292,2,0.5,25.7,37
17965,-2.413661,110.989661,2,0.5,25.7,37
17966,-2.413661,110.993029,1,0.5,4.63,267
17967,-2.41703,110.24855,1,0.5,4.66,266
17968,-2.41703,110.251919,1,0.5,6.34,231
17969,-2.41703,110.255288,1,0.5,6.34,231
17970,-2.41703,110.258657,1,0.5,6.34,231
17971,-2.41703,110.262025,1,0.5,4.66,266
17972,-2.41703,110.430459,1,0.5,7.2,178
17973,-2.41703,110.433828,1,0.5,7.2,178
17974,-2.41703,110.437197,1,0.5,7.2,178
17975,-2.41703,110.625843,1,0.5,2.64,324
17976,-2.41703,110.629212,1,0.5,2.64,324
17977,-2.41703,110.63258,1,0.5,2.64,324
17978,-2.41703,110.635949,1,0.5,6.45,240
17979,-2.41703,110.639318,2,0.5,6.45,309
17980,-2.41703,110.642686,2,0.5,6.45,309
17981,-2.41703,110.646055,1,0.5,6.45,240
17982,-2.41703,110.696585,1,0.5,1.88,190
17983,-2.41703,110.699954,1,0.5,1.88,190
17984,-2.41703,110.703323,1,0.5,1.88,190
17985,-2.41703,110.713429,1,0.5,6.33,230
17986,-2.41703,110.716797,1,0.5,6.33,230
17987,-2.41703,110.720166,1,0.5,6.33,230
17988,-2.41703,110.723535,1,0.5,6.33,230
17989,-2.420398,110.251919,1,0.5,6.34,231
17990,-2.420398,110.255288,1,0.5,6.34,231
17991,-2.420398,110.258657,1,0.5,6.34,231
17992,-2.420398,110.430459,2,0.5,7.73,-1
17993,-2.420398,110.433828,2,0.5,7.73,-1
17994,-2.420398,110.437197,2,0.5,7.73,-1
17995,-2.420398,110.440565,2,0.5,8.36,-1
17996,-2.420398,110.592156,1,0.5,20.82,55
17997,-2.420398,110.595525,1,0.5,20.82,55
17998,-2.420398,110.598893,1,0.5,20.82,55
17999,-2.420398,110.696585,1,0.5,1.88,190
18000,-2.420398,110.699954,1,0.5,1.88,190
18001,-2.420398,110.703323,1,0.5,1.88,190
18002,-2.423767,110.430459,3,0.5,7.73,18
18003,-2.423767,110.433828,4,0.5,7.73,2
18004,-2.423767,110.437197,4,0.5,7.73,2
18005,-2.423767,110.440565,3,0.5,8.36,18
18006,-2.423767,110.592156,1,0.5,20.82,55
18007,-2.423767,110.595525,1,0.5,20.82,55
18008,-2.423767,110.598893,1,0.5,20.82,55
18009,-2.423767,110.696585,1,0.5,1.88,190
18010,-2.423767,110.699954,1,0.5,1.88,190
18011,-2.423767,110.703323,1,0.5,1.88,190
18012,-2.427136,110.430459,3,0.5,7.73,18
18013,-2.427136,110.433828,3,0.5,31.74,-1
18014,-2.427136,110.437197,4,0.5,31.74,-1
18015,-2.427136,110.440565,3,0.5,8.36,18
18016,-2.427136,110.592156,1,0.5,20.82,55
18017,-2.427136,110.595525,1,0.5,20.82,55
18018,-2.427136,110.598893,1,0.5,20.82,55
18019,-2.430504,110.22497,1,0.5,5.43,-1
18020,-2.430504,110.228338,1,0.5,5.43,-1
18021,-2.430504,110.427091,2,0.5,11.69,216
18022,-2.430504,110.430459,5,0.5,11.69,1
18023,-2.430504,110.433828,5,0.5,31.74,-1
18024,-2.430504,110.437197,5,0.5,31.74,-1
18025,-2.430504,110.440565,1,0.5,6.53,194
18026,-2.433873,110.22497,1,0.5,5.43,-1
18027,-2.433873,110.228338,1,0.5,5.43,-1
18028,-2.433873,110.430459,2,0.5,11.69,216
18029,-2.433873,110.433828,5,0.5,11.69,1
18030,-2.433873,110.437197,5,0.5,31.74,-1
18031,-2.433873,110.440565,5,0.5,11.69,1
18032,-2.433873,110.443934,1,0.5,24.49,32
18033,-2.433873,110.447303,1,0.5,24.49,32
18034,-2.433873,110.588787,1,0.5,13.57,84
18035,-2.433873,110.592156,1,0.5,13.57,84
18036,-2.433873,110.595525,1,0.5,13.57,84
18037,-2.433873,110.639318,1,0.5,6.95,135
18038,-2.433873,110.642686,1,0.5,6.95,135
18039,-2.433873,110.646055,2,0.5,8.8,285
18040,-2.433873,110.649424,1,0.5,8.8,-1
18041,-2.433873,110.652792,1,0.5,8.8,-1
18042,-2.437242,110.430459,2,0.5,11.69,216
18043,-2.437242,110.433828,5,0.5,11.69,1
18044,-2.437242,110.437197,5,0.5,11.69,1
18045,-2.437242,110.440565,5,0.5,11.69,1
18046,-2.437242,110.443934,1,0.5,24.49,32
18047,-2.437242,110.447303,1,0.5,24.49,32
18048,-2.437242,110.588787,1,0.5,13.57,84
18049,-2.437242,110.592156,1,0.5,13.57,84
18050,-2.437242,110.595525,1,0.5,13.57,84
18051,-2.437242,110.639318,1,0.5,6.95,135
18052,-2.437242,110.642686,1,0.5,6.95,135
18053,-2.437242,110.646055,2,0.5,8.8,285
18054,-2.437242,110.649424,1,0.5,8.8,-1
18055,-2.437242,110.652792,1,0.5,8.8,-1
18056,-2.44061,110.433828,1,0.5,7.69,126
18057,-2.44061,110.437197,2,0.5,7.69,-1
18058,-2.44061,110.440565,2,0.5,7.69,-1
18059,-2.44061,110.443934,1,0.5,24.49,32
18060,-2.44061,110.588787,1,0.5,13.57,84
18061,-2.44061,110.592156,1,0.5,13.57,84
18062,-2.44061,110.595525,1,0.5,13.57,84
18063,-2.44061,110.639318,1,0.5,6.95,135
18064,-2.44061,110.642686,1,0.5,6.95,135
18065,-2.44061,110.646055,2,0.5,8.8,285
18066,-2.44061,110.649424,1,0.5,8.8,-1
18067,-2.44061,110.652792,1,0.5,8.8,-1
18068,-2.44061,110.65953,1,0.5,7.01,142
18069,-2.44061,110.662898,1,0.5,7.01,142
18070,-2.44061,110.666267,1,0.5,7.01,142
18071,-2.443979,110.588787,1,0.5,13.57,84
18072,-2.443979,110.592156,1,0.5,13.57,84
18073,-2.443979,110.595525,1,0.5,13.57,84
18074,-2.443979,110.608999,1,0.5,5.82,162
18075,-2.443979,110.612368,1,0.5,11.34,110
18076,-2.443979,110.615737,2,0.5,11.34,216
18077,-2.443979,110.619106,1,0.5,6.06,-1
18078,-2.443979,110.622474,1,0.5,6.06,-1
18079,-2.443979,110.65953,1,0.5,7.01,142
18080,-2.443979,110.662898,1,0.5,7.01,142
18081,-2.443979,110.666267,1,0.5,7.01,142
18082,-2.447348,110.608999,1,0.5,5.82,162
18083,-2.447348,110.612368,1,0.5,11.34,110
18084,-2.447348,110.615737,2,0.5,11.34,216
18085,-2.447348,110.619106,1,0.5,6.06,-1
18086,-2.447348,110.622474,1,0.5,6.06,-1
18087,-2.447348,110.65953,1,0.5,7.01,142
18088,-2.447348,110.662898,1,0.5,7.01,142
18089,-2.447348,110.666267,1,0.5,7.01,142
18090,-2.447348,110.814489,1,0.5,2.85,251
18091,-2.447348,110.817858,1,0.5,2.85,251
18092,-2.450716,110.608999,1,0.5,5.82,162
18093,-2.450716,110.612368,1,0.5,11.34,110
18094,-2.450716,110.615737,2,0.5,11.34,216
18095,-2.450716,110.619106,2,0.5,6.06,302
18096,-2.450716,110.622474,2,0.5,6.06,302
18097,-2.450716,110.625843,1,0.5,3.33,273
18098,-2.450716,110.733641,1,0.5,5.87,-1
18099,-2.450716,110.737009,1,0.5,5.87,-1
18100,-2.450716,110.740378,1,0.5,5.87,-1
18101,-2.450716,110.814489,1,0.5,2.85,251
18102,-2.450716,110.817858,1,0.5,2.85,251
18103,-2.450716,110.969448,1,0.5,4.65,266
18104,-2.450716,110.972817,1,0.5,4.65,266
18105,-2.450716,110.989661,1,0.5,6.04,199
18106,-2.450716,110.993029,1,0.5,6.04,199
18107,-2.450716,110.996398,1,0.5,6.04,199
18108,-2.454085,110.181177,1,0.5,6.99,142
18109,-2.454085,110.184546,1,0.5,6.99,142
18110,-2.454085,110.612368,1,0.5,11.34,110
18111,-2.454085,110.615737,2,0.5,11.34,216
18112,-2.454085,110.619106,2,0.5,6.06,302
18113,-2.454085,110.622474,2,0.5,6.06,302
18114,-2.454085,110.625843,1,0.5,3.33,273
18115,-2.454085,110.646055,1,0.5,8.61,249
18116,-2.454085,110.649424,1,0.5,8.61,249
18117,-2.454085,110.652792,1,0.5,8.61,249
18118,-2.454085,110.656161,1,0.5,10.94,97
18119,-2.454085,110.662898,1,0.5,4.8,222
18120,-2.454085,110.666267,1,0.5,4.8,222
18121,-2.454085,110.669636,1,0.5,4.8,222
18122,-2.454085,110.733641,1,0.5,5.87,-1
18123,-2.454085,110.737009,1,0.5,5.87,-1
18124,-2.454085,110.740378,1,0.5,5.87,-1
18125,-2.454085,110.814489,1,0.5,2.85,251
18126,-2.454085,110.817858,1,0.5,2.85,251
18127,-2.454085,110.969448,1,0.5,4.65,266
18128,-2.454085,110.972817,1,0.5,4.65,266
18129,-2.454085,110.989661,1,0.5,6.04,199
18130,-2.454085,110.993029,1,0.5,6.04,199
18131,-2.454085,110.996398,1,0.5,6.04,199
18132,-2.457454,110.181177,1,0.5,6.99,142
18133,-2.457454,110.184546,1,0.5,6.99,142
18134,-2.457454,110.619106,1,0.5,3.33,273
18135,-2.457454,110.622474,1,0.5,3.33,273
18136,-2.457454,110.625843,1,0.5,3.33,273
18137,-2.457454,110.646055,1,0.5,8.61,249
18138,-2.457454,110.649424,1,0.5,8.61,249
18139,-2.457454,110.652792,1,0.5,8.61,249
18140,-2.457454,110.656161,1,0.5,10.94,97
18141,-2.457454,110.662898,1,0.5,4.8,222
18142,-2.457454,110.666267,1,0.5,4.8,222
18143,-2.457454,110.669636,1,0.5,4.8,222
18144,-2.457454,110.733641,1,0.5,5.06,-1
18145,-2.457454,110.737009,1,0.5,5.06,-1
18146,-2.457454,110.740378,1,0.5,5.06,-1
18147,-2.457454,110.969448,1,0.5,4.65,266
18148,-2.457454,110.972817,1,0.5,4.65,266
18149,-2.460822,110.497833,1,0.5,2.69,308
18150,-2.460822,110.501202,1,0.5,2.69,308
18151,-2.460822,110.50457,1,0.5,2.69,308
18152,-2.460822,110.646055,1,0.5,8.61,-1
18153,-2.460822,110.649424,1,0.5,8.61,-1
18154,-2.460822,110.652792,1,0.5,8.61,-1
18155,-2.460822,110.656161,1,0.5,10.94,97
18156,-2.460822,110.662898,1,0.5,4.8,222
18157,-2.460822,110.666267,1,0.5,4.8,222
18158,-2.460822,110.669636,2,0.5,4.94,287
18159,-2.460822,110.673004,1,0.5,4.94,242
18160,-2.460822,110.676373,1,0.5,4.94,242
18161,-2.460822,110.733641,1,0.5,5.06,-1
18162,-2.460822,110.737009,1,0.5,5.06,-1
18163,-2.460822,110.740378,1,0.5,5.06,-1
18164,-2.464191,110.497833,1,0.5,2.69,308
18165,-2.464191,110.501202,1,0.5,2.69,308
18166,-2.464191,110.50457,1,0.5,2.69,308
18167,-2.464191,110.669636,1,0.5,4.94,242
18168,-2.464191,110.673004,1,0.5,4.94,242
18169,-2.464191,110.676373,1,0.5,4.94,242
18170,-2.464191,110.699954,1,0.5,7.05,153
18171,-2.464191,110.703323,1,0.5,7.05,153
18172,-2.464191,110.706691,1,0.5,7.05,153
18173,-2.464191,110.733641,1,0.5,5.06,-1
18174,-2.464191,110.737009,1,0.5,5.06,-1
18175,-2.464191,110.740378,1,0.5,5.06,-1
18176,-2.46756,110.673004,1,0.5,4.94,242
18177,-2.46756,110.676373,1,0.5,4.94,242
18178,-2.46756,110.679742,1,0.5,4.94,242
18179,-2.46756,110.703323,1,0.5,7.05,153
18180,-2.46756,110.706691,1,0.5,7.05,153
18181,-2.46756,110.71006,1,0.5,7.05,153
18182,-2.470928,110.524782,1,0.5,9.46,104
18183,-2.470928,110.528151,1,0.5,9.46,104
18184,-2.470928,110.53152,1,0.5,9.46,104
18185,-2.470928,110.534888,1,0.5,9.46,104
18186,-2.470928,110.703323,1,0.5,7.05,153
18187,-2.470928,110.706691,1,0.5,7.05,153
18188,-2.470928,110.71006,1,0.5,7.05,153
18189,-2.474297,110.524782,1,0.5,9.46,104
18190,-2.474297,110.528151,1,0.5,9.46,104
18191,-2.474297,110.53152,1,0.5,9.46,104
18192,-2.474297,110.534888,1,0.5,9.46,104
18193,-2.477666,110.521414,1,0.5,5.42,239
18194,-2.477666,110.524782,1,0.5,9.46,104
18195,-2.477666,110.528151,1,0.5,9.46,104
18196,-2.477666,110.53152,1,0.5,9.46,104
18197,-2.477666,110.534888,1,0.5,9.46,104
18198,-2.477666,110.639318,1,0.5,6.38,204
18199,-2.477666,110.642686,1,0.5,6.38,204
18200,-2.477666,110.646055,1,0.5,6.38,204
18201,-2.477666,110.777434,1,0.5,21.5,44
18202,-2.477666,110.780802,1,0.5,21.5,44
18203,-2.477666,110.784171,1,0.5,21.5,44
18204,-2.477666,110.895337,1,0.5,3.8,321
18205,-2.477666,110.898706,1,0.5,3.8,321
18206,-2.477666,110.902075,1,0.5,3.8,321
18207,-2.481035,110.484358,1,0.5,31.59,24
18208,-2.481035,110.487727,1,0.5,31.59,24
18209,-2.481035,110.491096,1,0.5,31.59,24
18210,-2.481035,110.494464,1,0.5,8.05,136
18211,-2.481035,110.521414,1,0.5,5.42,239
18212,-2.481035,110.524782,1,0.5,5.42,239
18213,-2.481035,110.528151,1,0.5,5.42,239
18214,-2.481035,110.53152,1,0.5,5.42,239
18215,-2.481035,110.639318,1,0.5,8.72,205
18216,-2.481035,110.642686,1,0.5,8.72,205
18217,-2.481035,110.646055,1,0.5,8.72,205
18218,-2.481035,110.777434,1,0.5,21.5,44
18219,-2.481035,110.780802,1,0.5,21.5,44
18220,-2.481035,110.784171,1,0.5,21.5,44
18221,-2.481035,110.78754,1,0.5,11.22,115
18222,-2.481035,110.895337,1,0.5,3.8,321
18223,-2.481035,110.898706,1,0.5,3.8,321
18224,-2.481035,110.902075,1,0.5,3.8,321
18225,-2.484403,110.484358,1,0.5,31.59,24
18226,-2.484403,110.487727,1,0.5,31.59,24
18227,-2.484403,110.491096,1,0.5,31.59,24
18228,-2.484403,110.494464,1,0.5,5.77,-1
18229,-2.484403,110.497833,1,0.5,5.77,-1
18230,-2.484403,110.521414,1,0.5,5.42,239
18231,-2.484403,110.524782,1,0.5,5.42,239
18232,-2.484403,110.528151,1,0.5,5.42,239
18233,-2.484403,110.53152,1,0.5,5.42,239
18234,-2.484403,110.639318,1,0.5,8.72,205
18235,-2.484403,110.642686,1,0.5,8.72,205
18236,-2.484403,110.646055,1,0.5,8.72,205
18237,-2.484403,110.666267,1,0.5,3.39,299
18238,-2.484403,110.669636,1,0.5,3.39,299
18239,-2.484403,110.673004,1,0.5,3.39,299
18240,-2.484403,110.777434,1,0.5,21.5,44
18241,-2.484403,110.780802,1,0.5,21.5,44
18242,-2.484403,110.784171,1,0.5,21.5,44
18243,-2.484403,110.78754,1,0.5,11.22,115
18244,-2.484403,110.895337,1,0.5,3.8,321
18245,-2.484403,110.898706,1,0.5,3.8,321
18246,-2.484403,110.902075,1,0.5,3.8,321
18247,-2.487772,110.484358,1,0.5,8.94,177
18248,-2.487772,110.487727,1,0.5,8.94,177
18249,-2.487772,110.491096,1,0.5,8.94,177
18250,-2.487772,110.494464,1,0.5,5.77,-1
18251,-2.487772,110.497833,1,0.5,5.77,-1
18252,-2.487772,110.639318,1,0.5,8.72,205
18253,-2.487772,110.642686,1,0.5,8.72,205
18254,-2.487772,110.646055,1,0.5,8.72,205
18255,-2.487772,110.666267,1,0.5,3.39,299
18256,-2.487772,110.669636,1,0.5,3.39,299
18257,-2.487772,110.673004,1,0.5,3.39,299
18258,-2.487772,110.780802,1,0.5,11.22,115
18259,-2.487772,110.784171,1,0.5,11.22,115
18260,-2.487772,110.78754,1,0.5,11.22,115
18261,-2.491141,110.484358,1,0.5,8.94,177
18262,-2.491141,110.487727,1,0.5,8.94,177
18263,-2.491141,110.491096,1,0.5,8.94,177
18264,-2.491141,110.615737,1,0.5,5.57,-1
18265,-2.491141,110.619106,1,0.5,5.57,-1
18266,-2.491141,110.639318,1,0.5,8.72,205
18267,-2.491141,110.642686,1,0.5,8.72,205
18268,-2.491141,110.646055,1,0.5,8.72,205
18269,-2.491141,110.666267,1,0.5,3.39,299
18270,-2.491141,110.669636,1,0.5,3.39,299
18271,-2.491141,110.673004,1,0.5,3.39,299
18272,-2.494509,110.191283,1,0.5,1.31,93
18273,-2.494509,110.194652,1,0.5,1.31,93
18274,-2.494509,110.19802,1,0.5,1.31,93
18275,-2.494509,110.241813,1,0.5,12.85,95
18276,-2.494509,110.245182,1,0.5,12.85,95
18277,-2.494509,110.24855,1,0.5,12.85,95
18278,-2.494509,110.251919,1,0.5,12.85,95
18279,-2.494509,110.484358,1,0.5,8.94,177
18280,-2.494509,110.487727,1,0.5,8.94,177
18281,-2.494509,110.491096,1,0.5,8.94,177
18282,-2.494509,110.615737,1,0.5,5.57,-1
18283,-2.494509,110.619106,1,0.5,5.57,-1
18284,-2.497878,110.191283,1,0.5,1.31,93
18285,-2.497878,110.194652,1,0.5,1.31,93
18286,-2.497878,110.19802,1,0.5,1.31,93
18287,-2.497878,110.241813,1,0.5,12.85,95
18288,-2.497878,110.245182,1,0.5,12.85,95
18289,-2.497878,110.24855,1,0.5,12.85,95
18290,-2.497878,110.251919,1,0.5,12.85,95
18291,-2.497878,110.255288,1,0.5,4.07,288
18292,-2.497878,110.477621,1,0.5,7.32,145
18293,-2.497878,110.48099,1,0.5,7.32,145
18294,-2.497878,110.484358,1,0.5,7.32,145
18295,-2.497878,110.615737,1,0.5,5.57,-1
18296,-2.497878,110.619106,1,0.5,5.57,-1
18297,-2.497878,110.918918,1,0.5,5.6,224
18298,-2.497878,110.922287,1,0.5,5.6,224
18299,-2.497878,110.925656,1,0.5,5.6,224
18300,-2.501247,110.241813,1,0.5,12.85,95
18301,-2.501247,110.245182,1,0.5,12.85,95
18302,-2.501247,110.24855,1,0.5,12.85,95
18303,-2.501247,110.251919,1,0.5,12.85,95
18304,-2.501247,110.255288,1,0.5,4.07,288
18305,-2.501247,110.477621,1,0.5,7.32,145
18306,-2.501247,110.48099,1,0.5,7.32,145
18307,-2.501247,110.484358,1,0.5,7.32,145
18308,-2.501247,110.497833,1,0.5,45.78,10
18309,-2.501247,110.501202,1,0.5,45.78,10
18310,-2.501247,110.50457,1,0.5,45.78,10
18311,-2.501247,110.922287,1,0.5,5.6,224
18312,-2.501247,110.925656,1,0.5,5.6,224
18313,-2.501247,110.929024,1,0.5,5.6,224
18314,-2.504615,110.24855,1,0.5,4.07,288
18315,-2.504615,110.251919,1,0.5,4.07,288
18316,-2.504615,110.255288,1,0.5,4.07,288
18317,-2.504615,110.477621,1,0.5,7.32,145
18318,-2.504615,110.48099,1,0.5,7.32,145
18319,-2.504615,110.484358,1,0.5,7.32,145
18320,-2.504615,110.497833,1,0.5,45.78,10
18321,-2.504615,110.501202,1,0.5,45.78,10
18322,-2.504615,110.50457,1,0.5,45.78,10
18323,-2.504615,110.922287,1,0.5,5.6,224
18324,-2.504615,110.925656,1,0.5,5.6,224
18325,-2.504615,110.929024,1,0.5,5.6,224
18326,-2.504615,110.962711,1,0.5,4.77,219
18327,-2.504615,110.96608,1,0.5,6.89,138
18328,-2.504615,110.969448,1,0.5,6.89,138
18329,-2.504615,110.972817,1,0.5,6.89,138
18330,-2.507984,110.477621,1,0.5,7.32,145
18331,-2.507984,110.48099,1,0.5,7.32,145
18332,-2.507984,110.484358,1,0.5,7.32,145
18333,-2.507984,110.497833,1,0.5,45.78,10
18334,-2.507984,110.501202,1,0.5,45.78,10
18335,-2.507984,110.50457,1,0.5,45.78,10
18336,-2.507984,110.922287,1,0.5,2.28,228
18337,-2.507984,110.925656,1,0.5,2.28,228
18338,-2.507984,110.962711,1,0.5,4.77,219
18339,-2.507984,110.96608,1,0.5,6.89,138
18340,-2.507984,110.969448,1,0.5,6.89,138
18341,-2.507984,110.972817,1,0.5,6.89,138
18342,-2.507984,111.006504,1,0.5,9.1,157
18343,-2.507984,111.009873,1,0.5,9.1,157
18344,-2.511353,110.615737,1,0.5,5.97,215
18345,-2.511353,110.619106,1,0.5,5.97,215
18346,-2.511353,110.622474,1,0.5,5.97,215
18347,-2.511353,110.871757,1,0.5,0.54,67
18348,-2.511353,110.875125,1,0.5,0.54,67
18349,-2.511353,110.878494,1,0.5,0.54,67
18350,-2.511353,110.922287,1,0.5,2.28,228
18351,-2.511353,110.925656,1,0.5,2.28,228
18352,-2.511353,110.962711,1,0.5,4.77,219
18353,-2.511353,110.96608,1,0.5,6.89,138
18354,-2.511353,110.969448,1,0.5,6.89,138
18355,-2.511353,110.972817,1,0.5,6.89,138
18356,-2.511353,111.006504,1,0.5,9.1,157
18357,-2.511353,111.009873,1,0.5,9.1,157
18358,-2.511353,111.04356,1,0.5,6.34,231
18359,-2.511353,111.046928,1,0.5,6.34,231
18360,-2.514721,110.615737,1,0.5,5.97,215
18361,-2.514721,110.619106,1,0.5,5.97,215
18362,-2.514721,110.622474,1,0.5,5.97,215
18363,-2.514721,110.871757,1,0.5,0.54,67
18364,-2.514721,110.875125,1,0.5,0.54,67
18365,-2.514721,110.878494,1,0.5,0.54,67
18366,-2.514721,110.922287,1,0.5,2.28,228
18367,-2.514721,110.925656,1,0.5,2.28,228
18368,-2.514721,110.96608,1,0.5,2.52,237
18369,-2.514721,110.969448,1,0.5,2.52,237
18370,-2.514721,110.972817,1,0.5,2.52,237
18371,-2.514721,111.006504,1,0.5,9.1,157
18372,-2.514721,111.009873,1,0.5,9.1,157
18373,-2.514721,111.04356,1,0.5,6.34,231
18374,-2.514721,111.046928,1,0.5,6.34,231
18375,-2.51809,110.538257,1,0.5,5.7,151
18376,-2.51809,110.541626,1,0.5,5.7,151
18377,-2.51809,110.544995,1,0.5,5.7,151
18378,-2.51809,110.615737,1,0.5,5.97,215
18379,-2.51809,110.619106,2,0.5,6.88,332
18380,-2.51809,110.622474,2,0.5,6.88,332
18381,-2.51809,110.625843,1,0.5,6.88,138
18382,-2.51809,110.666267,1,0.5,6.14,166
18383,-2.51809,110.669636,1,0.5,6.14,166
18384,-2.51809,110.673004,1,0.5,6.14,166
18385,-2.51809,110.871757,1,0.5,0.54,67
18386,-2.51809,110.875125,1,0.5,0.54,67
18387,-2.51809,110.878494,1,0.5,0.54,67
18388,-2.51809,110.96608,1,0.5,2.52,237
18389,-2.51809,110.969448,1,0.5,2.52,237
18390,-2.51809,110.972817,1,0.5,2.52,237
18391,-2.51809,111.04356,1,0.5,6.34,231
18392,-2.51809,111.046928,1,0.5,6.34,231
18393,-2.521459,110.538257,1,0.5,5.7,151
18394,-2.521459,110.541626,1,0.5,5.7,151
18395,-2.521459,110.544995,1,0.5,5.7,151
18396,-2.521459,110.619106,1,0.5,6.88,138
18397,-2.521459,110.622474,1,0.5,6.88,138
18398,-2.521459,110.625843,1,0.5,6.88,138
18399,-2.521459,110.666267,1,0.5,6.14,166
18400,-2.521459,110.669636,1,0.5,6.14,166
18401,-2.521459,110.673004,1,0.5,6.14,166
18402,-2.521459,110.96608,1,0.5,2.52,237
18403,-2.521459,110.969448,1,0.5,2.52,237
18404,-2.521459,110.972817,1,0.5,2.52,237
18405,-2.521459,111.073878,1,0.5,4.31,290
18406,-2.521459,111.077246,1,0.5,4.31,290
18407,-2.521459,111.080615,1,0.5,4.31,290
18408,-2.524827,110.538257,1,0.5,5.7,151
18409,-2.524827,110.541626,1,0.5,5.7,151
18410,-2.524827,110.544995,1,0.5,5.7,151
18411,-2.524827,110.619106,1,0.5,6.88,138
18412,-2.524827,110.622474,1,0.5,6.88,138
18413,-2.524827,110.625843,1,0.5,6.88,138
18414,-2.524827,110.666267,1,0.5,6.14,166
18415,-2.524827,110.669636,1,0.5,6.14,166
18416,-2.524827,110.673004,1,0.5,6.14,166
18417,-2.524827,111.073878,1,0.5,4.31,290
18418,-2.524827,111.077246,1,0.5,4.31,290
18419,-2.524827,111.080615,1,0.5,4.31,290
18420,-2.528196,111.073878,1,0.5,4.31,290
18421,-2.528196,111.077246,1,0.5,4.31,290
18422,-2.528196,111.080615,1,0.5,4.31,290
18423,-2.531565,110.258657,1,0.5,4.26,171
18424,-2.531565,110.262025,1,0.5,4.26,171
18425,-2.531565,110.265394,1,0.5,4.26,171
18426,-2.534933,110.251919,1,0.5,1.86,190
18427,-2.534933,110.255288,1,0.5,1.86,190
18428,-2.534933,110.258657,1,0.5,4.26,171
18429,-2.534933,110.262025,1,0.5,4.26,171
18430,-2.534933,110.265394,1,0.5,4.26,171
18431,-2.534933,111.009873,1,0.5,2.96,259
18432,-2.534933,111.013241,1,0.5,2.96,259
18433,-2.534933,111.01661,1,0.5,2.96,259
18434,-2.538302,110.251919,1,0.5,1.86,190
18435,-2.538302,110.255288,1,0.5,1.86,190
18436,-2.538302,110.258657,1,0.5,4.26,171
18437,-2.538302,110.262025,1,0.5,4.26,171
18438,-2.538302,110.265394,1,0.5,4.26,171
18439,-2.538302,110.467515,1,0.5,2.34,228
18440,-2.538302,110.470884,1,0.5,2.34,228
18441,-2.538302,110.474252,1,0.5,2.34,228
18442,-2.538302,110.993029,1,0.5,10.72,88
18443,-2.538302,110.996398,1,0.5,10.72,88
18444,-2.538302,110.999767,1,0.5,10.72,88
18445,-2.538302,111.003135,1,0.5,10.72,88
18446,-2.538302,111.013241,1,0.5,2.96,259
18447,-2.538302,111.01661,1,0.5,2.96,259
18448,-2.538302,111.019979,1,0.5,2.96,259
18449,-2.541671,110.467515,1,0.5,2.34,228
18450,-2.541671,110.470884,1,0.5,2.34,228
18451,-2.541671,110.474252,1,0.5,2.34,228
18452,-2.541671,110.996398,1,0.5,10.72,88
18453,-2.541671,110.999767,1,0.5,10.72,88
18454,-2.541671,111.003135,1,0.5,10.72,88
18455,-2.541671,111.013241,1,0.5,2.96,259
18456,-2.541671,111.01661,1,0.5,2.96,259
18457,-2.541671,111.019979,1,0.5,2.96,259
18458,-2.545039,110.413616,1,0.5,4.21,159
18459,-2.545039,110.416985,1,0.5,4.21,159
18460,-2.545039,110.420353,1,0.5,4.21,159
18461,-2.545039,111.030085,1,0.5,8.0,144
18462,-2.545039,111.033453,1,0.5,8.0,144
18463,-2.545039,111.036822,1,0.5,8.0,144
18464,-2.548408,110.413616,1,0.5,4.21,159
18465,-2.548408,110.416985,1,0.5,4.21,159
18466,-2.548408,110.420353,1,0.5,4.21,159
18467,-2.548408,111.030085,1,0.5,8.0,144
18468,-2.548408,111.033453,1,0.5,8.0,144
18469,-2.548408,111.036822,1,0.5,8.0,144
18470,-2.551777,110.295712,1,0.5,4.14,155
18471,-2.551777,110.299081,1,0.5,4.14,155
18472,-2.551777,110.302449,1,0.5,4.14,155
18473,-2.551777,110.413616,1,0.5,4.21,159
18474,-2.551777,110.416985,1,0.5,4.21,159
18475,-2.551777,110.420353,1,0.5,4.21,159
18476,-2.551777,110.703323,1,0.5,1.24,73
18477,-2.551777,110.706691,1,0.5,1.24,-1
18478,-2.551777,110.71006,1,0.5,0.54,67
18479,-2.551777,111.030085,1,0.5,8.0,144
18480,-2.551777,111.033453,1,0.5,8.0,144
18481,-2.551777,111.036822,1,0.5,8.0,144
18482,-2.555146,110.295712,1,0.5,4.14,155
18483,-2.555146,110.299081,1,0.5,4.14,155
18484,-2.555146,110.302449,1,0.5,4.14,155
18485,-2.555146,110.416985,1,0.5,0.39,-1
18486,-2.555146,110.420353,1,0.5,0.39,-1
18487,-2.555146,110.423722,1,0.5,0.39,-1
18488,-2.555146,110.460777,1,0.5,7.19,178
18489,-2.555146,110.464146,1,0.5,7.19,178
18490,-2.555146,110.467515,1,0.5,7.19,178
18491,-2.555146,110.470884,1,0.5,27.92,-1
18492,-2.555146,110.474252,1,0.5,27.92,-1
18493,-2.555146,110.686479,1,0.5,5.41,238
18494,-2.555146,110.689848,1,0.5,5.41,238
18495,-2.555146,110.693217,1,0.5,5.41,238
18496,-2.555146,110.703323,1,0.5,1.24,-1
18497,-2.555146,110.706691,1,0.5,1.24,-1
18498,-2.555146,110.71006,1,0.5,0.54,67
18499,-2.555146,110.713429,1,0.5,0.54,67
18500,-2.558514,110.201389,1,0.5,2.39,229
18501,-2.558514,110.204758,1,0.5,2.39,229
18502,-2.558514,110.208126,1,0.5,2.39,229
18503,-2.558514,110.299081,1,0.5,4.14,155
18504,-2.558514,110.302449,1,0.5,4.14,155
18505,-2.558514,110.305818,1,0.5,4.14,155
18506,-2.558514,110.416985,1,0.5,0.39,-1
18507,-2.558514,110.420353,2,0.5,9.9,262
18508,-2.558514,110.423722,2,0.5,9.9,262
18509,-2.558514,110.427091,1,0.5,9.9,109
18510,-2.558514,110.460777,1,0.5,7.19,178
18511,-2.558514,110.464146,1,0.5,7.19,178
18512,-2.558514,110.467515,1,0.5,7.19,178
18513,-2.558514,110.470884,1,0.5,35.08,-1
18514,-2.558514,110.474252,1,0.5,35.08,-1
18515,-2.558514,110.686479,1,0.5,5.41,238
18516,-2.558514,110.689848,1,0.5,5.41,238
18517,-2.558514,110.693217,1,0.5,5.41,238
18518,-2.558514,110.703323,1,0.5,1.24,-1
18519,-2.558514,110.706691,1,0.5,1.24,-1
18520,-2.558514,110.71006,1,0.5,0.54,67
18521,-2.558514,110.713429,1,0.5,0.54,67
18522,-2.561883,110.201389,1,0.5,2.39,229
18523,-2.561883,110.204758,1,0.5,2.39,229
18524,-2.561883,110.208126,1,0.5,2.39,229
18525,-2.561883,110.416985,1,0.5,0.39,-1
18526,-2.561883,110.420353,2,0.5,9.9,262
18527,-2.561883,110.423722,2,0.5,9.9,262
18528,-2.561883,110.427091,1,0.5,9.9,109
18529,-2.561883,110.467515,1,0.5,6.0,184
18530,-2.561883,110.470884,1,0.5,35.08,-1
18531,-2.561883,110.474252,2,0.5,35.08,21
18532,-2.561883,110.477621,1,0.5,27.92,-1
18533,-2.561883,110.48099,1,0.5,20.02,66
18534,-2.561883,110.686479,1,0.5,5.41,238
18535,-2.561883,110.689848,1,0.5,5.41,238
18536,-2.561883,110.693217,1,0.5,5.41,238
18537,-2.561883,110.699954,1,0.5,1.14,73
18538,-2.561883,110.703323,1,0.5,1.14,73
18539,-2.561883,110.706691,1,0.5,1.14,73
18540,-2.561883,110.71006,1,0.5,0.54,67
18541,-2.561883,110.713429,1,0.5,0.54,67
18542,-2.561883,110.871757,1,0.5,1.17,73
18543,-2.561883,110.875125,1,0.5,1.17,73
18544,-2.561883,110.878494,1,0.5,1.31,93
18545,-2.561883,110.881863,1,0.5,1.31,93
18546,-2.561883,110.885231,1,0.5,1.31,93
18547,-2.565252,110.420353,1,0.5,9.9,109
18548,-2.565252,110.423722,1,0.5,9.9,109
18549,-2.565252,110.427091,1,0.5,9.9,109
18550,-2.565252,110.470884,2,0.5,35.08,21
18551,-2.565252,110.474252,2,0.5,35.08,21
18552,-2.565252,110.477621,1,0.5,27.92,-1
18553,-2.565252,110.48099,1,0.5,20.02,66
18554,-2.565252,110.555101,1,0.5,4.65,266
18555,-2.565252,110.558469,1,0.5,4.65,266
18556,-2.565252,110.561838,1,0.5,4.65,266
18557,-2.565252,110.686479,1,0.5,5.41,238
18558,-2.565252,110.689848,1,0.5,5.41,238
18559,-2.565252,110.693217,1,0.5,5.41,238
18560,-2.565252,110.699954,1,0.5,1.14,73
18561,-2.565252,110.703323,1,0.5,1.14,73
18562,-2.565252,110.706691,1,0.5,1.14,73
18563,-2.565252,110.871757,1,0.5,1.17,73
18564,-2.565252,110.875125,1,0.5,1.17,73
18565,-2.565252,110.878494,1,0.5,1.31,93
18566,-2.565252,110.881863,1,0.5,1.31,93
18567,-2.565252,110.885231,1,0.5,1.31,93
18568,-2.56862,110.201389,2,0.5,8.71,-1
18569,-2.56862,110.204758,2,0.5,8.71,-1
18570,-2.56862,110.208126,2,0.5,8.71,-1
18571,-2.56862,110.420353,1,0.5,3.56,329
18572,-2.56862,110.423722,1,0.5,3.56,-1
18573,-2.56862,110.427091,1,0.5,3.56,-1
18574,-2.56862,110.470884,1,0.5,10.75,88
18575,-2.56862,110.474252,1,0.5,20.02,66
18576,-2.56862,110.477621,1,0.5,20.02,66
18577,-2.56862,110.48099,1,0.5,20.02,66
18578,-2.56862,110.555101,1,0.5,4.65,266
18579,-2.56862,110.558469,1,0.5,4.65,266
18580,-2.56862,110.561838,1,0.5,4.65,266
18581,-2.56862,110.699954,1,0.5,1.14,73
18582,-2.56862,110.703323,1,0.5,1.14,73
18583,-2.56862,110.706691,1,0.5,1.14,73
18584,-2.56862,110.871757,1,0.5,1.17,73
18585,-2.56862,110.875125,1,0.5,1.17,73
18586,-2.56862,110.878494,1,0.5,1.31,93
18587,-2.56862,110.881863,1,0.5,1.31,93
18588,-2.56862,110.885231,1,0.5,1.31,93
18589,-2.571989,110.201389,2,0.5,8.71,-1
18590,-2.571989,110.204758,2,0.5,8.71,-1
18591,-2.571989,110.208126,2,0.5,8.71,-1
18592,-2.571989,110.221601,1,0.5,3.47,313
18593,-2.571989,110.22497,1,0.5,3.47,313
18594,-2.571989,110.262025,1,0.5,2.14,218
18595,-2.571989,110.265394,1,0.5,2.14,218
18596,-2.571989,110.268763,1,0.5,2.14,218
18597,-2.571989,110.555101,1,0.5,4.65,266
18598,-2.571989,110.558469,1,0.5,4.65,266
18599,-2.571989,110.561838,1,0.5,4.65,266
18600,-2.571989,110.878494,1,0.5,1.31,93
18601,-2.571989,110.881863,1,0.5,5.36,192
18602,-2.571989,110.885231,1,0.5,5.36,192
18603,-2.571989,110.8886,1,0.5,5.36,192
18604,-2.575358,110.201389,2,0.5,8.71,-1
18605,-2.575358,110.204758,2,0.5,8.71,-1
18606,-2.575358,110.208126,2,0.5,8.71,-1
18607,-2.575358,110.221601,1,0.5,3.47,313
18608,-2.575358,110.22497,1,0.5,3.47,313
18609,-2.575358,110.262025,1,0.5,2.14,218
18610,-2.575358,110.265394,1,0.5,2.14,218
18611,-2.575358,110.268763,1,0.5,2.14,218
18612,-2.575358,110.868388,1,0.5,3.58,330
18613,-2.575358,110.871757,1,0.5,3.58,330
18614,-2.575358,110.875125,1,0.5,3.58,330
18615,-2.575358,110.878494,1,0.5,3.58,330
18616,-2.575358,110.881863,1,0.5,5.36,192
18617,-2.575358,110.885231,1,0.5,5.36,192
18618,-2.575358,110.8886,1,0.5,5.36,192
18619,-2.575358,110.891969,1,0.5,3.56,-1
18620,-2.578726,110.221601,1,0.5,10.68,88
18621,-2.578726,110.22497,1,0.5,11.24,115
18622,-2.578726,110.228338,1,0.5,11.24,115
18623,-2.578726,110.231707,1,0.5,11.24,115
18624,-2.578726,110.262025,1,0.5,2.14,218
18625,-2.578726,110.265394,1,0.5,2.14,218
18626,-2.578726,110.268763,1,0.5,2.14,218
18627,-2.578726,110.662898,1,0.5,18.37,64
18628,-2.578726,110.666267,1,0.5,18.37,64
18629,-2.578726,110.669636,1,0.5,18.37,64
18630,-2.578726,110.868388,1,0.5,3.58,330
18631,-2.578726,110.871757,1,0.5,3.58,330
18632,-2.578726,110.875125,1,0.5,3.58,330
18633,-2.578726,110.878494,1,0.5,3.58,330
18634,-2.578726,110.881863,1,0.5,5.36,192
18635,-2.578726,110.885231,1,0.5,5.36,192
18636,-2.578726,110.8886,1,0.5,5.36,192
18637,-2.578726,110.891969,1,0.5,3.56,-1
18638,-2.582095,110.221601,1,0.5,10.68,88
18639,-2.582095,110.22497,1,0.5,11.24,115
18640,-2.582095,110.228338,1,0.5,11.24,115
18641,-2.582095,110.231707,1,0.5,11.24,115
18642,-2.582095,110.262025,1,0.5,2.14,218
18643,-2.582095,110.265394,1,0.5,2.14,218
18644,-2.582095,110.268763,1,0.5,2.14,218
18645,-2.582095,110.656161,1,0.5,9.12,157
18646,-2.582095,110.65953,1,0.5,9.12,157
18647,-2.582095,110.662898,1,0.5,18.37,64
18648,-2.582095,110.666267,1,0.5,18.37,64
18649,-2.582095,110.669636,1,0.5,18.37,64
18650,-2.582095,110.871757,1,0.5,3.58,330
18651,-2.582095,110.875125,1,0.5,3.58,330
18652,-2.582095,110.878494,2,0.5,3.58,210
18653,-2.582095,110.881863,2,0.5,3.5,210
18654,-2.582095,110.885231,1,0.5,3.5,312
18655,-2.582095,110.8886,1,0.5,3.5,312
18656,-2.582095,110.891969,1,0.5,3.56,-1
18657,-2.582095,110.895337,1,0.5,3.56,-1
18658,-2.585464,110.221601,1,0.5,10.68,88
18659,-2.585464,110.22497,1,0.5,10.68,88
18660,-2.585464,110.228338,1,0.5,10.68,88
18661,-2.585464,110.245182,1,0.5,2.28,228
18662,-2.585464,110.24855,1,0.5,2.28,228
18663,-2.585464,110.339505,1,0.5,2.64,324
18664,-2.585464,110.342874,1,0.5,2.64,324
18665,-2.585464,110.346242,1,0.5,2.64,324
18666,-2.585464,110.656161,1,0.5,9.12,157
18667,-2.585464,110.65953,1,0.5,9.12,157
18668,-2.585464,110.662898,1,0.5,18.37,64
18669,-2.585464,110.666267,1,0.5,18.37,64
18670,-2.585464,110.669636,1,0.5,18.37,64
18671,-2.585464,110.673004,1,0.5,18.37,64
18672,-2.585464,110.878494,2,0.5,3.5,210
18673,-2.585464,110.881863,2,0.5,3.5,210
18674,-2.585464,110.885231,1,0.5,3.5,312
18675,-2.585464,110.8886,1,0.5,3.5,312
18676,-2.588832,110.204758,1,0.5,5.94,215
18677,-2.588832,110.208126,1,0.5,5.94,215
18678,-2.588832,110.211495,1,0.5,5.94,215
18679,-2.588832,110.245182,1,0.5,2.28,228
18680,-2.588832,110.24855,1,0.5,2.28,228
18681,-2.588832,110.339505,1,0.5,2.64,324
18682,-2.588832,110.342874,1,0.5,2.64,324
18683,-2.588832,110.346242,1,0.5,2.64,324
18684,-2.588832,110.50457,1,0.5,6.87,138
18685,-2.588832,110.507939,1,0.5,6.87,138
18686,-2.588832,110.65953,1,0.5,9.12,157
18687,-2.588832,110.662898,1,0.5,10.34,101
18688,-2.588832,110.666267,1,0.5,18.37,64
18689,-2.588832,110.669636,1,0.5,18.37,64
18690,-2.588832,110.673004,1,0.5,18.37,64
18691,-2.588832,110.878494,2,0.5,3.5,210
18692,-2.588832,110.881863,2,0.5,3.5,210
18693,-2.588832,110.885231,1,0.5,3.5,312
18694,-2.588832,110.8886,1,0.5,3.5,312
18695,-2.588832,111.050297,1,0.5,6.53,194
18696,-2.588832,111.053666,1,0.5,6.53,194
18697,-2.588832,111.057034,1,0.5,6.53,194
18698,-2.592201,110.204758,1,0.5,4.53,268
18699,-2.592201,110.208126,1,0.5,4.53,268
18700,-2.592201,110.211495,1,0.5,4.53,268
18701,-2.592201,110.221601,1,0.5,7.02,142
18702,-2.592201,110.22497,1,0.5,7.02,142
18703,-2.592201,110.228338,1,0.5,7.02,142
18704,-2.592201,110.241813,1,0.5,3.91,297
18705,-2.592201,110.245182,2,0.5,3.91,210
18706,-2.592201,110.24855,1,0.5,2.28,228
18707,-2.592201,110.339505,1,0.5,2.64,324
18708,-2.592201,110.342874,1,0.5,2.64,324
18709,-2.592201,110.346242,1,0.5,2.64,324
18710,-2.592201,110.507939,1,0.5,6.87,138
18711,-2.592201,110.511308,1,0.5,6.87,138
18712,-2.592201,110.629212,1,0.5,3.64,283
18713,-2.592201,110.63258,1,0.5,3.64,283
18714,-2.592201,110.635949,1,0.5,3.64,283
18715,-2.592201,110.662898,1,0.5,10.34,101
18716,-2.592201,110.666267,1,0.5,10.34,101
18717,-2.592201,110.669636,1,0.5,10.34,101
18718,-2.592201,110.673004,1,0.5,11.95,100
18719,-2.592201,110.726903,1,1.0,10.64,88
18720,-2.592201,110.730272,1,1.0,10.64,88
18721,-2.592201,110.881863,1,0.5,3.5,312
18722,-2.592201,110.885231,1,0.5,3.5,312
18723,-2.592201,110.8886,1,0.5,3.5,312
18724,-2.592201,111.050297,1,0.5,6.53,194
18725,-2.592201,111.053666,1,0.5,6.53,194
18726,-2.592201,111.057034,1,0.5,6.53,194
18727,-2.59557,110.204758,1,0.5,4.53,268
18728,-2.59557,110.208126,1,0.5,4.53,268
18729,-2.59557,110.211495,1,0.5,4.53,268
18730,-2.59557,110.221601,1,0.5,7.02,142
18731,-2.59557,110.22497,1,0.5,7.02,142
18732,-2.59557,110.228338,1,0.5,7.02,142
18733,-2.59557,110.241813,1,0.5,3.91,297
18734,-2.59557,110.245182,1,0.5,3.91,297
18735,-2.59557,110.507939,1,0.5,6.87,138
18736,-2.59557,110.511308,1,0.5,6.87,138
18737,-2.59557,110.629212,1,0.5,3.64,283
18738,-2.59557,110.63258,1,0.5,3.64,283
18739,-2.59557,110.635949,1,0.5,3.64,283
18740,-2.59557,110.656161,1,0.5,12.96,96
18741,-2.59557,110.65953,1,0.5,12.96,96
18742,-2.59557,110.662898,2,0.5,12.96,112
18743,-2.59557,110.666267,2,0.5,12.96,112
18744,-2.59557,110.669636,2,0.5,10.34,-1
18745,-2.59557,110.726903,1,1.0,10.64,88
18746,-2.59557,110.730272,1,1.0,10.64,88
18747,-2.59557,110.881863,1,0.5,3.5,312
18748,-2.59557,110.885231,1,0.5,3.5,312
18749,-2.59557,110.8886,1,0.5,3.5,312
18750,-2.59557,110.895337,1,0.5,0.86,62
18751,-2.59557,110.898706,1,0.5,0.86,62
18752,-2.59557,110.902075,1,0.5,0.86,62
18753,-2.59557,111.050297,1,0.5,6.53,194
18754,-2.59557,111.053666,1,0.5,6.53,194
18755,-2.59557,111.057034,1,0.5,6.53,194
18756,-2.598938,110.208126,2,0.5,4.53,286
18757,-2.598938,110.211495,2,0.5,4.53,286
18758,-2.598938,110.214864,2,0.5,4.53,286
18759,-2.598938,110.22497,1,0.5,7.02,142
18760,-2.598938,110.228338,1,0.5,7.02,142
18761,-2.598938,110.231707,1,0.5,7.02,142
18762,-2.598938,110.245182,1,0.5,3.91,297
18763,-2.598938,110.24855,1,0.5,3.91,297
18764,-2.598938,110.656161,1,0.5,12.96,96
18765,-2.598938,110.65953,1,0.5,12.96,96
18766,-2.598938,110.662898,2,0.5,12.96,112
18767,-2.598938,110.666267,2,0.5,12.96,112
18768,-2.598938,110.669636,2,0.5,10.34,-1
18769,-2.598938,110.726903,1,1.0,10.64,88
18770,-2.598938,110.730272,1,1.0,10.64,88
18771,-2.598938,110.895337,1,0.5,0.86,62
18772,-2.598938,110.898706,1,0.5,0.86,62
18773,-2.598938,110.902075,1,0.5,0.86,62
18774,-2.598938,111.050297,1,0.5,6.53,194
18775,-2.598938,111.053666,1,0.5,6.53,194
18776,-2.598938,111.057034,1,0.5,6.53,194
18777,-2.602307,110.208126,1,0.5,4.26,171
18778,-2.602307,110.211495,1,0.5,4.26,171
18779,-2.602307,110.214864,2,0.5,5.35,287
18780,-2.602307,110.218232,1,0.5,5.35,183
18781,-2.602307,110.221601,1,0.5,5.35,183
18782,-2.602307,110.332768,1,0.5,5.54,180
18783,-2.602307,110.336136,1,0.5,5.54,180
18784,-2.602307,110.339505,1,0.5,5.54,180
18785,-2.602307,110.656161,1,0.5,12.96,96
18786,-2.602307,110.65953,1,0.5,12.96,96
18787,-2.602307,110.662898,1,0.5,12.96,96
18788,-2.602307,110.666267,1,0.5,12.96,96
18789,-2.602307,110.669636,1,0.5,8.77,206
18790,-2.602307,110.676373,1,0.5,25.33,34
18791,-2.602307,110.679742,1,0.5,25.33,34
18792,-2.602307,110.68311,1,0.5,25.33,34
18793,-2.602307,110.895337,1,0.5,0.86,62
18794,-2.602307,110.898706,1,0.5,0.86,62
18795,-2.602307,110.902075,1,0.5,0.86,62
18796,-2.602307,111.050297,1,0.5,6.53,194
18797,-2.602307,111.053666,1,0.5,6.53,194
18798,-2.602307,111.057034,1,0.5,6.53,194
18799,-2.605676,110.214864,1,0.5,2.28,228
18800,-2.605676,110.218232,1,0.5,2.28,228
18801,-2.605676,110.221601,1,0.5,2.28,228
18802,-2.605676,110.309187,1,0.5,3.52,329
18803,-2.605676,110.312555,1,0.5,6.67,167
18804,-2.605676,110.315924,1,0.5,6.67,167
18805,-2.605676,110.319293,1,0.5,6.67,167
18806,-2.605676,110.332768,1,0.5,5.54,180
18807,-2.605676,110.336136,1,0.5,5.54,180
18808,-2.605676,110.339505,1,0.5,5.54,180
18809,-2.605676,110.656161,1,0.5,12.96,96
18810,-2.605676,110.65953,1,0.5,12.96,96
18811,-2.605676,110.662898,1,0.5,12.96,96
18812,-2.605676,110.666267,1,0.5,12.96,96
18813,-2.605676,110.669636,1,0.5,8.77,206
18814,-2.605676,110.676373,1,0.5,25.33,34
18815,-2.605676,110.679742,1,0.5,25.33,34
18816,-2.605676,110.68311,1,0.5,25.33,34
18817,-2.605676,110.686479,1,0.5,6.37,204
18818,-2.609044,110.214864,1,0.5,2.28,228
18819,-2.609044,110.218232,1,0.5,2.28,228
18820,-2.609044,110.221601,1,0.5,2.28,228
18821,-2.609044,110.299081,1,0.5,2.16,218
18822,-2.609044,110.302449,1,0.5,2.16,218
18823,-2.609044,110.305818,1,0.5,2.16,218
18824,-2.609044,110.309187,1,1.0,21.61,44
18825,-2.609044,110.312555,1,1.0,21.61,44
18826,-2.609044,110.315924,1,1.0,21.61,44
18827,-2.609044,110.319293,1,0.5,6.67,167
18828,-2.609044,110.332768,1,0.5,5.54,180
18829,-2.609044,110.336136,1,0.5,5.54,180
18830,-2.609044,110.339505,1,0.5,5.54,180
18831,-2.609044,110.467515,1,0.5,8.03,143
18832,-2.609044,110.470884,1,0.5,8.03,143
18833,-2.609044,110.474252,1,0.5,8.03,143
18834,-2.609044,110.676373,1,0.5,25.33,34
18835,-2.609044,110.679742,1,0.5,25.33,34
18836,-2.609044,110.68311,1,0.5,25.33,34
18837,-2.609044,110.686479,1,0.5,6.37,204
18838,-2.609044,110.952605,1,0.5,94.02,-1
18839,-2.609044,110.955974,1,0.5,94.02,-1
18840,-2.609044,110.959342,1,0.5,94.02,-1
18841,-2.612413,110.299081,1,0.5,2.16,218
18842,-2.612413,110.302449,1,0.5,2.16,218
18843,-2.612413,110.305818,1,0.5,2.16,218
18844,-2.612413,110.309187,1,1.0,21.61,44
18845,-2.612413,110.312555,1,1.0,21.61,44
18846,-2.612413,110.315924,1,1.0,21.61,44
18847,-2.612413,110.319293,1,0.5,6.67,167
18848,-2.612413,110.467515,1,0.5,8.03,143
18849,-2.612413,110.470884,1,0.5,8.03,143
18850,-2.612413,110.474252,1,0.5,8.03,143
18851,-2.612413,110.952605,1,0.5,94.02,-1
18852,-2.612413,110.955974,1,0.5,94.02,-1
18853,-2.612413,110.959342,1,0.5,94.02,-1
18854,-2.615782,110.299081,1,0.5,2.16,218
18855,-2.615782,110.302449,1,0.5,2.16,218
18856,-2.615782,110.305818,1,0.5,2.16,218
18857,-2.615782,110.309187,1,1.0,21.61,44
18858,-2.615782,110.312555,1,1.0,21.61,44
18859,-2.615782,110.315924,1,1.0,21.61,44
18860,-2.615782,110.319293,1,0.5,6.63,173
18861,-2.615782,110.467515,1,0.5,8.03,143
18862,-2.615782,110.470884,1,0.5,8.03,143
18863,-2.615782,110.474252,1,0.5,8.03,143
18864,-2.619151,110.309187,1,0.5,21.61,44
18865,-2.619151,110.312555,1,0.5,21.61,44
18866,-2.619151,110.315924,1,0.5,21.61,44
18867,-2.619151,110.467515,1,0.5,8.03,143
18868,-2.619151,110.470884,1,0.5,8.03,143
18869,-2.619151,110.474252,1,0.5,8.03,143
18870,-2.619151,111.14462,1,0.5,5.99,185
18871,-2.622519,110.309187,1,0.5,21.61,44
18872,-2.622519,110.312555,1,0.5,21.61,44
18873,-2.622519,110.315924,1,0.5,21.61,44
18874,-2.622519,110.477621,1,0.5,4.48,275
18875,-2.622519,110.48099,1,0.5,4.48,275
18876,-2.622519,110.484358,1,0.5,4.48,275
18877,-2.622519,111.14462,1,0.5,6.78,137
18878,-2.622519,111.147989,1,0.5,6.78,137
18879,-2.625888,110.356348,1,0.5,9.6,107
18880,-2.625888,110.359717,1,0.5,9.6,107
18881,-2.625888,110.363086,1,0.5,9.6,107
18882,-2.625888,110.477621,1,0.5,4.48,275
18883,-2.625888,110.48099,1,0.5,4.48,275
18884,-2.625888,110.484358,1,0.5,4.48,275
18885,-2.625888,111.14462,1,0.5,6.78,137
18886,-2.625888,111.147989,1,0.5,6.78,137
18887,-2.629257,110.356348,1,0.5,9.6,107
18888,-2.629257,110.359717,2,0.5,9.6,262
18889,-2.629257,110.363086,2,0.5,9.6,262
18890,-2.629257,110.366454,1,0.5,3.75,316
18891,-2.629257,110.48099,1,0.5,4.48,275
18892,-2.629257,110.484358,1,0.5,4.48,275
18893,-2.629257,110.487727,1,0.5,4.48,275
18894,-2.629257,110.996398,1,0.5,8.56,249
18895,-2.629257,110.999767,1,0.5,8.56,249
18896,-2.629257,111.003135,1,0.5,8.56,249
18897,-2.629257,111.006504,1,0.5,24.61,31
18898,-2.629257,111.009873,1,0.5,24.61,31
18899,-2.629257,111.013241,1,0.5,24.61,31
18900,-2.629257,111.14462,1,0.5,6.78,137
18901,-2.629257,111.147989,1,0.5,6.78,137
18902,-2.629257,111.151357,1,0.5,6.78,137
18903,-2.632625,110.218232,1,0.5,3.86,310
18904,-2.632625,110.221601,1,0.5,3.86,310
18905,-2.632625,110.22497,1,0.5,3.86,310
18906,-2.632625,110.359717,1,0.5,9.6,107
18907,-2.632625,110.363086,2,0.5,9.6,262
18908,-2.632625,110.366454,2,0.5,9.6,262
18909,-2.632625,110.369823,1,0.5,3.75,316
18910,-2.632625,110.993029,1,0.5,8.56,249
18911,-2.632625,110.996398,1,0.5,8.56,249
18912,-2.632625,110.999767,1,0.5,8.56,249
18913,-2.632625,111.003135,1,0.5,8.56,249
18914,-2.632625,111.006504,1,0.5,24.61,31
18915,-2.632625,111.009873,1,0.5,24.61,31
18916,-2.632625,111.013241,1,0.5,24.61,31
18917,-2.632625,111.14462,1,0.5,6.78,137
18918,-2.632625,111.147989,1,0.5,8.85,-1
18919,-2.632625,111.151357,1,0.5,8.85,-1
18920,-2.632625,111.154726,1,0.5,8.85,-1
18921,-2.635994,110.221601,1,0.5,3.86,310
18922,-2.635994,110.22497,1,0.5,3.86,310
18923,-2.635994,110.228338,1,0.5,3.86,310
18924,-2.635994,110.363086,1,0.5,3.75,316
18925,-2.635994,110.366454,1,0.5,3.75,316
18926,-2.635994,110.369823,1,0.5,3.75,316
18927,-2.635994,110.993029,1,0.5,8.56,249
18928,-2.635994,110.996398,1,1.0,8.56,249
18929,-2.635994,110.999767,1,1.0,8.56,249
18930,-2.635994,111.003135,1,1.0,8.56,249
18931,-2.639363,110.221601,1,0.5,3.86,310
18932,-2.639363,110.22497,1,0.5,3.86,310
18933,-2.639363,110.228338,1,0.5,3.86,310
18934,-2.639363,110.363086,1,0.5,4.7,-1
18935,-2.639363,110.366454,1,0.5,4.7,-1
18936,-2.639363,110.622474,1,0.5,7.83,132
18937,-2.639363,110.625843,1,0.5,7.83,132
18938,-2.639363,110.993029,1,0.5,8.56,249
18939,-2.639363,110.996398,1,1.0,8.56,249
18940,-2.639363,110.999767,1,1.0,8.56,249
18941,-2.639363,111.003135,1,1.0,8.56,249
18942,-2.642731,110.622474,1,0.5,7.83,132
18943,-2.642731,110.625843,1,0.5,7.83,132
18944,-2.642731,110.646055,1,0.5,3.29,277
18945,-2.642731,110.649424,1,0.5,45.23,10
18946,-2.642731,110.652792,1,0.5,45.23,10
18947,-2.642731,110.656161,1,0.5,45.23,10
18948,-2.642731,110.996398,1,1.0,8.56,249
18949,-2.642731,110.999767,1,1.0,8.56,249
18950,-2.642731,111.003135,1,1.0,8.56,249
18951,-2.6461,110.285606,1,0.5,8.2,129
18952,-2.6461,110.288975,1,0.5,8.2,129
18953,-2.6461,110.292343,1,0.5,8.2,129
18954,-2.6461,110.457409,1,0.5,7.39,-1
18955,-2.6461,110.460777,1,0.5,7.39,-1
18956,-2.6461,110.464146,1,0.5,7.39,-1
18957,-2.6461,110.622474,1,0.5,7.83,132
18958,-2.6461,110.625843,1,0.5,7.83,132
18959,-2.6461,110.646055,1,0.5,3.29,277
18960,-2.6461,110.649424,1,0.5,45.23,10
18961,-2.6461,110.652792,1,0.5,45.23,10
18962,-2.6461,110.656161,1,0.5,45.23,10
18963,-2.649469,110.285606,1,0.5,8.2,129
18964,-2.649469,110.288975,1,0.5,8.37,124
18965,-2.649469,110.292343,1,0.5,8.37,124
18966,-2.649469,110.295712,1,0.5,8.37,124
18967,-2.649469,110.457409,1,0.5,7.39,-1
18968,-2.649469,110.460777,1,0.5,7.39,-1
18969,-2.649469,110.464146,1,0.5,7.39,-1
18970,-2.649469,110.649424,1,0.5,45.23,10
18971,-2.649469,110.652792,1,0.5,45.23,10
18972,-2.649469,110.656161,1,0.5,45.23,10
18973,-2.652837,110.285606,1,0.5,8.2,129
18974,-2.652837,110.288975,1,0.5,8.37,124
18975,-2.652837,110.292343,1,0.5,8.37,124
18976,-2.652837,110.295712,1,0.5,8.37,124
18977,-2.652837,110.457409,1,0.5,7.39,169
18978,-2.652837,110.460777,2,0.5,12.35,195
18979,-2.652837,110.464146,2,0.5,12.35,195
18980,-2.652837,110.467515,1,0.5,12.35,113
18981,-2.652837,110.848176,1,0.5,4.07,288
18982,-2.652837,110.851545,1,0.5,4.07,288
18983,-2.652837,110.854913,1,0.5,4.07,288
18984,-2.656206,110.288975,1,0.5,8.37,124
18985,-2.656206,110.292343,1,0.5,8.37,124
18986,-2.656206,110.295712,1,0.5,8.37,124
18987,-2.656206,110.457409,2,0.5,7.39,328
18988,-2.656206,110.460777,2,0.5,12.35,195
18989,-2.656206,110.464146,2,0.5,12.35,195
18990,-2.656206,110.467515,1,0.5,12.35,113
18991,-2.656206,110.65953,1,0.5,1.83,189
18992,-2.656206,110.662898,1,0.5,1.83,189
18993,-2.656206,110.666267,1,0.5,1.83,189
18994,-2.656206,110.848176,1,0.5,4.07,288
18995,-2.656206,110.851545,1,0.5,4.07,288
18996,-2.656206,110.854913,1,0.5,4.07,288
18997,-2.659575,110.288975,1,0.5,8.37,124
18998,-2.659575,110.292343,1,0.5,8.37,124
18999,-2.659575,110.295712,1,0.5,8.37,124
19000,-2.659575,110.457409,1,0.5,4.25,170
19001,-2.659575,110.460777,1,0.5,4.98,235
19002,-2.659575,110.464146,1,0.5,4.98,235
19003,-2.659575,110.467515,1,0.5,4.98,235
19004,-2.659575,110.65953,1,0.5,8.69,-1
19005,-2.659575,110.662898,1,0.5,8.69,-1
19006,-2.659575,110.666267,1,0.5,8.69,-1
19007,-2.659575,110.669636,1,0.5,9.6,107
19008,-2.659575,110.851545,1,0.5,4.07,288
19009,-2.659575,110.854913,1,0.5,4.07,288
19010,-2.659575,110.858282,1,0.5,4.07,288
19011,-2.662943,110.457409,1,0.5,4.25,170
19012,-2.662943,110.460777,1,0.5,4.25,170
19013,-2.662943,110.464146,1,0.5,4.25,170
19014,-2.662943,110.507939,1,0.5,9.46,104
19015,-2.662943,110.511308,1,0.5,9.46,104
19016,-2.662943,110.514676,1,0.5,9.46,104
19017,-2.662943,110.662898,1,0.5,8.69,-1
19018,-2.662943,110.666267,1,0.5,8.69,-1
19019,-2.662943,110.669636,1,0.5,8.69,-1
19020,-2.662943,110.673004,1,0.5,32.13,-1
19021,-2.662943,111.046928,1,0.5,10.18,106
19022,-2.662943,111.050297,1,0.5,10.18,106
19023,-2.662943,111.053666,1,0.5,10.18,106
19024,-2.662943,111.057034,1,0.5,10.18,106
19025,-2.662943,111.161463,1,0.5,6.79,137
19026,-2.666312,110.427091,1,0.5,14.57,57
19027,-2.666312,110.430459,1,0.5,14.57,57
19028,-2.666312,110.433828,1,0.5,14.57,57
19029,-2.666312,110.457409,1,0.5,4.25,170
19030,-2.666312,110.460777,1,0.5,4.25,170
19031,-2.666312,110.464146,1,0.5,4.25,170
19032,-2.666312,110.501202,1,0.5,6.65,167
19033,-2.666312,110.50457,1,0.5,9.46,104
19034,-2.666312,110.507939,1,0.5,9.46,104
19035,-2.666312,110.511308,1,0.5,9.46,104
19036,-2.666312,110.514676,1,0.5,9.46,104
19037,-2.666312,110.518045,1,0.5,9.46,104
19038,-2.666312,110.521414,1,0.5,4.47,263
19039,-2.666312,110.524782,2,0.5,7.38,328
19040,-2.666312,110.528151,1,0.5,7.38,169
19041,-2.666312,110.53152,1,0.5,7.38,169
19042,-2.666312,110.544995,1,0.5,3.21,-1
19043,-2.666312,110.548363,1,0.5,3.21,-1
19044,-2.666312,110.551732,1,0.5,3.21,-1
19045,-2.666312,110.656161,1,0.5,0.97,62
19046,-2.666312,110.65953,1,0.5,7.25,150
19047,-2.666312,110.662898,1,0.5,8.69,-1
19048,-2.666312,110.666267,1,0.5,8.69,-1
19049,-2.666312,110.669636,1,0.5,8.69,-1
19050,-2.666312,110.673004,1,0.5,32.13,-1
19051,-2.666312,111.046928,1,0.5,10.18,106
19052,-2.666312,111.050297,1,0.5,10.18,106
19053,-2.666312,111.053666,1,0.5,10.18,106
19054,-2.666312,111.057034,1,0.5,10.18,106
19055,-2.666312,111.161463,1,0.5,6.79,137
19056,-2.669681,110.37656,1,0.5,14.82,-1
19057,-2.669681,110.379929,1,0.5,14.82,-1
19058,-2.669681,110.383298,1,0.5,14.82,-1
19059,-2.669681,110.430459,1,0.5,14.57,57
19060,-2.669681,110.433828,1,0.5,14.57,57
19061,-2.669681,110.437197,1,0.5,14.57,57
19062,-2.669681,110.501202,1,0.5,6.65,167
19063,-2.669681,110.50457,1,0.5,9.46,104
19064,-2.669681,110.507939,1,0.5,9.46,104
19065,-2.669681,110.511308,1,0.5,9.46,104
19066,-2.669681,110.514676,1,0.5,9.46,104
19067,-2.669681,110.518045,1,0.5,9.46,104
19068,-2.669681,110.521414,1,0.5,4.47,-1
19069,-2.669681,110.524782,2,0.5,7.38,328
19070,-2.669681,110.528151,1,0.5,7.38,169
19071,-2.669681,110.53152,1,0.5,7.38,169
19072,-2.669681,110.544995,1,0.5,3.21,-1
19073,-2.669681,110.548363,1,0.5,3.21,-1
19074,-2.669681,110.551732,1,0.5,3.21,-1
19075,-2.669681,110.652792,1,0.5,1.59,-1
19076,-2.669681,110.656161,2,0.5,1.59,-1
19077,-2.669681,110.65953,3,0.5,7.25,18
19078,-2.669681,110.662898,3,0.5,7.25,18
19079,-2.669681,110.666267,2,0.5,7.25,331
19080,-2.669681,110.669636,1,0.5,0.69,69
19081,-2.669681,110.807752,1,0.5,0.89,62
19082,-2.669681,110.81112,1,0.5,0.89,62
19083,-2.669681,110.814489,1,0.5,0.89,62
19084,-2.669681,111.046928,1,0.5,10.18,106
19085,-2.669681,111.050297,1,0.5,10.18,106
19086,-2.669681,111.053666,1,0.5,10.18,106
19087,-2.669681,111.063772,1,0.5,2.27,228
19088,-2.669681,111.06714,1,0.5,2.27,228
19089,-2.669681,111.070509,1,0.5,2.27,228
19090,-2.673049,110.319293,1,0.5,4.32,-1
19091,-2.673049,110.322661,1,0.5,4.32,-1
19092,-2.673049,110.32603,1,0.5,4.32,-1
19093,-2.673049,110.329399,1,0.5,4.32,-1
19094,-2.673049,110.37656,1,0.5,14.82,-1
19095,-2.673049,110.379929,1,0.5,14.82,-1
19096,-2.673049,110.383298,1,0.5,14.82,-1
19097,-2.673049,110.430459,1,0.5,14.57,57
19098,-2.673049,110.433828,1,0.5,14.57,57
19099,-2.673049,110.437197,1,0.5,14.57,57
19100,-2.673049,110.501202,1,0.5,6.65,167
19101,-2.673049,110.50457,1,0.5,9.46,104
19102,-2.673049,110.507939,1,0.5,9.46,104
19103,-2.673049,110.511308,1,0.5,9.46,104
19104,-2.673049,110.514676,1,0.5,9.46,104
19105,-2.673049,110.524782,1,0.5,7.38,169
19106,-2.673049,110.528151,1,0.5,7.38,169
19107,-2.673049,110.53152,1,0.5,7.38,169
19108,-2.673049,110.544995,1,0.5,3.21,-1
19109,-2.673049,110.548363,1,0.5,3.21,-1
19110,-2.673049,110.551732,1,0.5,3.21,-1
19111,-2.673049,110.652792,1,0.5,1.59,-1
19112,-2.673049,110.656161,2,0.5,1.59,-1
19113,-2.673049,110.65953,3,0.5,6.32,18
19114,-2.673049,110.662898,3,0.5,6.32,18
19115,-2.673049,110.666267,2,0.5,6.32,309
19116,-2.673049,110.804383,1,0.5,0.78,70
19117,-2.673049,110.807752,1,0.5,0.89,62
19118,-2.673049,110.81112,1,0.5,0.89,62
19119,-2.673049,110.814489,1,0.5,0.89,62
19120,-2.673049,111.060403,1,0.5,3.77,315
19121,-2.673049,111.063772,2,0.5,3.77,210
19122,-2.673049,111.06714,2,0.5,3.77,210
19123,-2.673049,111.070509,1,0.5,2.27,228
19124,-2.676418,110.319293,1,0.5,4.32,-1
19125,-2.676418,110.322661,1,0.5,4.32,-1
19126,-2.676418,110.32603,1,0.5,4.32,-1
19127,-2.676418,110.329399,1,0.5,4.32,-1
19128,-2.676418,110.430459,1,0.5,10.18,106
19129,-2.676418,110.433828,1,0.5,10.18,106
19130,-2.676418,110.437197,1,0.5,10.18,106
19131,-2.676418,110.45404,1,0.5,2.51,237
19132,-2.676418,110.457409,1,0.5,2.51,237
19133,-2.676418,110.460777,1,0.5,2.51,237
19134,-2.676418,110.649424,1,0.5,0.48,68
19135,-2.676418,110.652792,1,0.5,1.59,-1
19136,-2.676418,110.656161,1,0.5,1.59,-1
19137,-2.676418,110.65953,2,0.5,1.59,-1
19138,-2.676418,110.662898,1,0.5,0.43,68
19139,-2.676418,110.666267,1,0.5,0.43,68
19140,-2.676418,110.804383,1,0.5,0.78,70
19141,-2.676418,110.807752,1,0.5,0.89,62
19142,-2.676418,110.81112,2,0.5,4.06,210
19143,-2.676418,110.814489,2,0.5,4.06,210
19144,-2.676418,110.817858,1,0.5,4.06,300
19145,-2.676418,111.060403,1,0.5,3.77,315
19146,-2.676418,111.063772,1,0.5,3.77,315
19147,-2.676418,111.06714,1,0.5,3.77,315
19148,-2.679787,110.319293,1,0.5,4.32,-1
19149,-2.679787,110.322661,1,0.5,4.32,-1
19150,-2.679787,110.32603,1,0.5,4.32,-1
19151,-2.679787,110.329399,1,0.5,4.32,-1
19152,-2.679787,110.339505,1,0.5,22.76,40
19153,-2.679787,110.342874,1,0.5,22.76,40
19154,-2.679787,110.346242,1,0.5,22.76,40
19155,-2.679787,110.349611,1,0.5,12.59,-1
19156,-2.679787,110.37656,1,0.5,4.46,263
19157,-2.679787,110.379929,1,0.5,4.46,263
19158,-2.679787,110.383298,1,0.5,4.46,263
19159,-2.679787,110.45404,1,0.5,2.51,237
19160,-2.679787,110.457409,1,0.5,2.51,237
19161,-2.679787,110.460777,1,0.5,2.51,237
19162,-2.679787,110.548363,1,0.5,12.22,-1
19163,-2.679787,110.551732,1,0.5,12.22,-1
19164,-2.679787,110.649424,1,0.5,0.48,68
19165,-2.679787,110.652792,1,0.5,0.48,68
19166,-2.679787,110.747115,1,0.5,2.95,259
19167,-2.679787,110.750484,1,0.5,2.95,259
19168,-2.679787,110.753853,1,0.5,2.95,259
19169,-2.679787,110.804383,1,0.5,0.78,70
19170,-2.679787,110.807752,1,0.5,0.78,70
19171,-2.679787,110.81112,2,0.5,4.06,210
19172,-2.679787,110.814489,1,0.5,4.06,300
19173,-2.679787,110.817858,1,0.5,4.06,300
19174,-2.679787,111.060403,1,0.5,3.77,315
19175,-2.679787,111.063772,1,0.5,3.77,315
19176,-2.679787,111.06714,1,0.5,3.77,315
19177,-2.683155,110.339505,1,0.5,22.76,40
19178,-2.683155,110.342874,1,0.5,22.76,40
19179,-2.683155,110.346242,1,0.5,22.76,40
19180,-2.683155,110.349611,1,0.5,12.59,-1
19181,-2.683155,110.37656,1,0.5,4.46,263
19182,-2.683155,110.379929,1,0.5,4.46,263
19183,-2.683155,110.383298,1,0.5,4.46,263
19184,-2.683155,110.548363,1,0.5,12.22,-1
19185,-2.683155,110.551732,1,0.5,12.22,-1
19186,-2.683155,110.649424,1,0.5,0.48,68
19187,-2.683155,110.652792,1,0.5,0.48,68
19188,-2.683155,110.747115,1,0.5,2.95,259
19189,-2.683155,110.750484,1,0.5,2.95,259
19190,-2.683155,110.753853,1,0.5,2.95,259
19191,-2.683155,110.81112,1,0.5,4.06,300
19192,-2.683155,110.814489,1,0.5,4.06,300
19193,-2.683155,110.817858,1,0.5,4.06,300
19194,-2.686524,110.339505,1,0.5,22.76,40
19195,-2.686524,110.342874,1,0.5,22.76,40
19196,-2.686524,110.346242,1,0.5,22.76,40
19197,-2.686524,110.349611,1,0.5,12.59,-1
19198,-2.686524,110.373192,1,0.5,6.04,199
19199,-2.686524,110.37656,2,0.5,6.04,302
19200,-2.686524,110.379929,2,0.5,6.04,302
19201,-2.686524,110.383298,1,0.5,4.46,263
19202,-2.686524,110.521414,1,0.5,5.79,161
19203,-2.686524,110.524782,1,0.5,5.79,161
19204,-2.686524,110.528151,1,0.5,5.79,161
19205,-2.686524,110.747115,1,0.5,2.95,259
19206,-2.686524,110.750484,1,0.5,2.95,259
19207,-2.686524,110.753853,1,0.5,2.95,259
19208,-2.686524,110.81112,1,0.5,5.71,151
19209,-2.686524,110.814489,1,0.5,5.71,151
19210,-2.686524,110.817858,2,0.5,63.57,-1
19211,-2.686524,110.821226,1,0.5,63.57,5
19212,-2.686524,110.824595,1,1.0,158.67,-1
19213,-2.686524,110.827964,1,1.0,158.67,-1
19214,-2.686524,110.831333,1,1.0,158.67,-1
19215,-2.689893,110.373192,1,0.5,6.04,199
19216,-2.689893,110.37656,1,0.5,6.04,199
19217,-2.689893,110.379929,1,0.5,6.04,199
19218,-2.689893,110.521414,1,0.5,5.79,161
19219,-2.689893,110.524782,1,0.5,5.79,161
19220,-2.689893,110.528151,1,0.5,5.79,161
19221,-2.689893,110.81112,1,0.5,5.42,239
19222,-2.689893,110.814489,1,0.5,5.42,239
19223,-2.689893,110.817858,2,0.5,63.57,-1
19224,-2.689893,110.821226,1,0.5,63.57,5
19225,-2.689893,110.824595,1,1.0,158.67,-1
19226,-2.689893,110.827964,1,1.0,158.67,-1
19227,-2.689893,110.831333,1,1.0,158.67,-1
19228,-2.693262,110.373192,1,0.5,6.04,199
19229,-2.693262,110.37656,1,0.5,6.04,199
19230,-2.693262,110.379929,1,0.5,5.51,181
19231,-2.693262,110.383298,1,0.5,5.51,181
19232,-2.693262,110.386666,1,0.5,5.51,181
19233,-2.693262,110.521414,1,0.5,5.79,161
19234,-2.693262,110.524782,1,0.5,5.79,161
19235,-2.693262,110.528151,1,0.5,5.79,161
19236,-2.693262,110.81112,1,0.5,5.42,239
19237,-2.693262,110.814489,1,0.5,5.42,239
19238,-2.693262,110.817858,2,0.5,63.57,-1
19239,-2.693262,110.821226,1,0.5,63.57,5
19240,-2.693262,110.824595,1,1.0,158.67,-1
19241,-2.693262,110.827964,1,1.0,158.67,-1
19242,-2.693262,110.831333,1,1.0,158.67,-1
19243,-2.69663,110.342874,1,0.5,27.88,-1
19244,-2.69663,110.346242,1,0.5,27.88,-1
19245,-2.69663,110.349611,1,0.5,27.88,-1
19246,-2.69663,110.35298,1,0.5,27.88,-1
19247,-2.69663,110.356348,1,0.5,27.88,-1
19248,-2.69663,110.379929,1,0.5,5.51,181
19249,-2.69663,110.383298,1,0.5,5.51,181
19250,-2.69663,110.386666,2,0.5,5.67,-1
19251,-2.69663,110.390035,1,0.5,5.67,213
19252,-2.69663,110.393404,1,0.5,5.67,213
19253,-2.69663,110.400141,1,0.5,3.29,277
19254,-2.69663,110.40351,1,0.5,3.29,277
19255,-2.69663,110.406879,1,0.5,3.29,277
19256,-2.69663,110.410247,1,0.5,3.29,277
19257,-2.69663,110.413616,1,0.5,10.75,88
19258,-2.69663,110.416985,1,0.5,7.41,168
19259,-2.69663,110.420353,1,0.5,7.41,168
19260,-2.69663,110.423722,1,0.5,7.41,168
19261,-2.69663,110.427091,1,0.5,7.77,132
19262,-2.69663,110.430459,1,0.5,7.77,132
19263,-2.69663,110.494464,1,0.5,0.67,69
19264,-2.69663,110.497833,2,0.75,13.6,111
19265,-2.69663,110.501202,2,0.75,13.6,111
19266,-2.69663,110.50457,1,1.0,13.6,84
19267,-2.69663,110.814489,2,0.5,5.71,-1
19268,-2.69663,110.817858,2,0.5,5.71,-1
19269,-2.69663,110.821226,3,0.5,63.57,-1
19270,-2.69663,110.824595,1,0.5,63.57,5
19271,-2.69663,110.827964,1,0.5,63.57,5
19272,-2.69663,110.831333,1,0.5,63.57,5
19273,-2.699999,110.329399,1,0.5,3.92,297
19274,-2.699999,110.332768,1,0.5,3.92,297
19275,-2.699999,110.336136,1,0.5,3.92,297
19276,-2.699999,110.342874,1,0.5,27.88,-1
19277,-2.699999,110.346242,1,0.5,27.88,-1
19278,-2.699999,110.349611,1,0.5,10.01,121
19279,-2.699999,110.35298,1,0.5,10.01,121
19280,-2.699999,110.356348,1,0.5,10.01,121
19281,-2.699999,110.379929,1,0.5,5.51,181
19282,-2.699999,110.383298,1,0.5,5.51,181
19283,-2.699999,110.386666,2,0.5,5.67,-1
19284,-2.699999,110.390035,1,0.5,5.67,213
19285,-2.699999,110.393404,1,0.5,5.67,213
19286,-2.699999,110.400141,1,0.5,3.29,277
19287,-2.699999,110.40351,1,0.5,3.29,277
19288,-2.699999,110.406879,1,0.5,3.29,277
19289,-2.699999,110.410247,1,0.5,3.29,277
19290,-2.699999,110.413616,1,0.5,2.58,-1
19291,-2.699999,110.416985,1,0.5,7.41,168
19292,-2.699999,110.420353,1,0.5,7.41,168
19293,-2.699999,110.423722,1,0.5,7.41,168
19294,-2.699999,110.427091,1,0.5,7.77,132
19295,-2.699999,110.430459,1,0.5,7.77,132
19296,-2.699999,110.494464,1,0.5,0.67,69
19297,-2.699999,110.497833,2,0.75,13.6,111
19298,-2.699999,110.501202,2,0.75,13.6,111
19299,-2.699999,110.50457,1,1.0,13.6,84
19300,-2.699999,110.774065,1,0.5,4.67,-1
19301,-2.699999,110.777434,1,0.5,4.67,-1
19302,-2.699999,110.814489,1,0.5,5.09,256
19303,-2.699999,110.817858,1,0.5,5.09,256
19304,-2.699999,110.821226,1,0.5,5.09,256
19305,-2.703368,110.312555,1,0.5,5.74,151
19306,-2.703368,110.315924,1,0.5,5.74,151
19307,-2.703368,110.319293,1,0.5,5.74,151
19308,-2.703368,110.322661,1,0.5,7.02,142
19309,-2.703368,110.32603,1,0.5,7.02,142
19310,-2.703368,110.329399,2,0.5,7.02,332
19311,-2.703368,110.332768,1,0.5,3.92,297
19312,-2.703368,110.336136,1,0.5,3.92,297
19313,-2.703368,110.342874,1,0.5,27.88,-1
19314,-2.703368,110.346242,1,0.5,27.88,-1
19315,-2.703368,110.349611,1,0.5,10.01,121
19316,-2.703368,110.35298,1,0.5,10.01,121
19317,-2.703368,110.356348,1,0.5,10.01,121
19318,-2.703368,110.386666,1,0.5,5.67,213
19319,-2.703368,110.390035,1,0.5,5.67,213
19320,-2.703368,110.393404,1,0.5,5.67,213
19321,-2.703368,110.400141,1,0.5,3.29,277
19322,-2.703368,110.40351,1,0.5,3.29,277
19323,-2.703368,110.406879,1,0.5,3.29,277
19324,-2.703368,110.410247,1,0.5,3.29,277
19325,-2.703368,110.413616,1,0.5,2.58,323
19326,-2.703368,110.416985,1,0.5,7.41,168
19327,-2.703368,110.420353,1,0.5,7.41,168
19328,-2.703368,110.423722,1,0.5,7.41,168
19329,-2.703368,110.497833,1,0.5,0.67,69
19330,-2.703368,110.501202,2,0.75,13.6,111
19331,-2.703368,110.50457,2,0.75,13.6,111
19332,-2.703368,110.507939,1,1.0,13.6,84
19333,-2.703368,110.774065,1,0.5,4.67,-1
19334,-2.703368,110.777434,1,0.5,4.67,-1
19335,-2.703368,110.814489,1,0.5,5.09,256
19336,-2.703368,110.817858,1,0.5,5.09,256
19337,-2.703368,110.821226,1,0.5,5.09,256
19338,-2.706736,110.309187,1,0.5,5.28,160
19339,-2.706736,110.312555,1,0.5,5.28,160
19340,-2.706736,110.315924,1,0.5,5.28,160
19341,-2.706736,110.319293,1,0.5,5.74,151
19342,-2.706736,110.322661,1,0.5,7.02,142
19343,-2.706736,110.32603,1,0.5,7.02,142
19344,-2.706736,110.329399,2,0.5,7.02,332
19345,-2.706736,110.332768,1,0.5,3.92,297
19346,-2.706736,110.336136,1,0.5,3.92,297
19347,-2.706736,110.342874,1,0.5,10.01,121
19348,-2.706736,110.346242,1,0.5,10.01,121
19349,-2.706736,110.349611,1,0.5,10.01,121
19350,-2.706736,110.35298,1,0.5,10.01,121
19351,-2.706736,110.356348,1,0.5,10.01,121
19352,-2.706736,110.359717,1,0.5,10.01,121
19353,-2.706736,110.393404,1,0.5,2.61,325
19354,-2.706736,110.396773,1,0.5,2.61,325
19355,-2.706736,110.416985,1,0.5,2.58,323
19356,-2.706736,110.420353,1,0.5,2.58,323
19357,-2.706736,110.491096,1,0.5,4.21,159
19358,-2.706736,110.494464,1,0.5,4.21,159
19359,-2.706736,110.534888,1,0.5,4.76,220
19360,-2.706736,110.538257,1,0.5,4.76,220
19361,-2.706736,110.541626,1,0.5,4.76,220
19362,-2.710105,110.312555,1,0.5,5.28,160
19363,-2.710105,110.315924,1,0.5,5.28,160
19364,-2.710105,110.319293,1,0.5,5.28,160
19365,-2.710105,110.322661,1,0.5,5.74,151
19366,-2.710105,110.32603,1,0.5,7.02,142
19367,-2.710105,110.329399,1,0.5,11.43,-1
19368,-2.710105,110.332768,1,0.5,11.43,-1
19369,-2.710105,110.336136,1,0.5,11.43,-1
19370,-2.710105,110.491096,1,0.5,4.21,159
19371,-2.710105,110.494464,1,0.5,4.21,159
19372,-2.710105,110.528151,1,0.5,4.65,266
19373,-2.710105,110.53152,1,0.5,4.65,266
19374,-2.710105,110.534888,2,0.5,4.76,-1
19375,-2.710105,110.538257,1,0.5,4.76,220
19376,-2.710105,110.541626,1,0.5,4.76,220
19377,-2.710105,110.797646,1,0.5,16.57,48
19378,-2.710105,110.801014,1,0.5,16.57,48
19379,-2.710105,110.804383,1,0.5,16.57,-1
19380,-2.713474,110.312555,1,0.5,5.28,160
19381,-2.713474,110.315924,1,0.5,5.28,160
19382,-2.713474,110.319293,1,0.5,5.28,160
19383,-2.713474,110.32603,1,0.5,5.81,162
19384,-2.713474,110.329399,1,0.5,11.43,-1
19385,-2.713474,110.332768,1,0.5,11.43,-1
19386,-2.713474,110.336136,1,0.5,11.43,-1
19387,-2.713474,110.339505,1,0.5,19.28,71
19388,-2.713474,110.342874,1,0.5,19.28,71
19389,-2.713474,110.491096,1,0.5,4.21,159
19390,-2.713474,110.494464,1,0.5,4.21,159
19391,-2.713474,110.528151,1,0.5,4.65,266
19392,-2.713474,110.53152,1,0.5,4.65,266
19393,-2.713474,110.534888,1,0.5,4.65,266
19394,-2.713474,110.797646,1,0.5,16.57,48
19395,-2.713474,110.801014,1,0.5,16.57,48
19396,-2.713474,110.804383,1,0.5,16.57,48
19397,-2.713474,110.807752,1,0.5,3.71,327
19398,-2.713474,110.81112,1,0.5,3.71,327
19399,-2.713474,110.814489,1,0.5,3.71,327
19400,-2.716842,110.32603,1,0.5,5.81,162
19401,-2.716842,110.329399,1,0.5,11.43,-1
19402,-2.716842,110.332768,1,0.5,11.43,-1
19403,-2.716842,110.336136,1,1.0,19.28,71
19404,-2.716842,110.339505,1,1.0,19.28,71
19405,-2.716842,110.342874,2,0.75,20.25,50
19406,-2.716842,110.346242,1,0.5,20.25,58
19407,-2.716842,110.349611,1,0.5,20.25,58
19408,-2.716842,110.416985,1,0.5,6.57,164
19409,-2.716842,110.420353,1,0.5,6.57,164
19410,-2.716842,110.423722,1,0.5,6.57,164
19411,-2.716842,110.528151,1,0.5,4.65,266
19412,-2.716842,110.53152,1,0.5,4.65,266
19413,-2.716842,110.534888,1,0.5,4.65,266
19414,-2.716842,110.807752,1,0.5,3.71,327
19415,-2.716842,110.81112,1,0.5,3.71,327
19416,-2.716842,110.814489,1,0.5,3.71,327
19417,-2.720211,110.32603,1,0.5,5.81,162
19418,-2.720211,110.329399,1,0.5,5.81,162
19419,-2.720211,110.332768,1,0.5,5.81,162
19420,-2.720211,110.336136,1,1.0,19.28,71
19421,-2.720211,110.339505,1,1.0,19.28,71
19422,-2.720211,110.342874,2,0.75,20.25,50
19423,-2.720211,110.346242,1,0.5,20.25,58
19424,-2.720211,110.349611,1,0.5,20.25,58
19425,-2.720211,110.413616,1,0.5,7.56,140
19426,-2.720211,110.416985,1,0.5,6.57,164
19427,-2.720211,110.420353,1,0.5,7.56,140
19428,-2.720211,110.423722,1,0.5,7.56,140
19429,-2.720211,110.427091,1,0.5,7.56,140
19430,-2.720211,110.474252,1,0.5,6.24,233
19431,-2.720211,110.477621,1,0.5,6.24,233
19432,-2.720211,110.81112,1,0.5,5.34,182
19433,-2.720211,110.814489,1,0.5,5.34,182
19434,-2.72358,110.299081,1,0.5,13.45,81
19435,-2.72358,110.302449,1,0.5,13.45,81
19436,-2.72358,110.305818,1,0.5,13.45,81
19437,-2.72358,110.332768,1,0.5,15.3,59
19438,-2.72358,110.336136,2,0.75,19.28,50
19439,-2.72358,110.339505,2,0.75,19.28,50
19440,-2.72358,110.342874,2,0.75,20.25,50
19441,-2.72358,110.346242,1,0.5,20.25,58
19442,-2.72358,110.349611,1,0.5,20.25,58
19443,-2.72358,110.413616,1,0.5,7.56,140
19444,-2.72358,110.416985,1,0.5,6.57,164
19445,-2.72358,110.420353,1,0.5,7.56,140
19446,-2.72358,110.423722,1,0.5,7.56,140
19447,-2.72358,110.427091,1,0.5,7.56,140
19448,-2.72358,110.474252,1,0.5,6.24,233
19449,-2.72358,110.477621,1,0.5,6.24,233
19450,-2.72358,110.81112,1,0.5,5.34,182
19451,-2.72358,110.814489,1,0.5,5.34,182
19452,-2.72358,110.817858,1,0.5,4.22,159
19453,-2.726948,110.299081,1,0.5,13.45,81
19454,-2.726948,110.302449,1,0.5,13.45,81
19455,-2.726948,110.305818,1,0.5,13.45,81
19456,-2.726948,110.332768,1,0.5,15.3,59
19457,-2.726948,110.336136,1,0.5,15.3,59
19458,-2.726948,110.339505,1,0.5,15.3,59
19459,-2.726948,110.342874,1,0.5,20.25,58
19460,-2.726948,110.346242,1,0.5,20.25,58
19461,-2.726948,110.349611,1,0.5,20.25,58
19462,-2.726948,110.413616,1,0.5,7.56,140
19463,-2.726948,110.416985,1,0.5,7.56,140
19464,-2.726948,110.420353,1,0.5,7.56,140
19465,-2.726948,110.423722,1,0.5,7.56,140
19466,-2.726948,110.427091,1,0.5,7.56,140
19467,-2.726948,110.474252,1,0.5,6.24,233
19468,-2.726948,110.477621,1,0.5,6.24,233
19469,-2.726948,110.78754,1,0.5,51.91,7
19470,-2.726948,110.790908,1,0.5,51.91,7
19471,-2.726948,110.794277,1,1.0,51.91,7
19472,-2.726948,110.797646,1,1.0,51.91,7
19473,-2.726948,110.801014,1,1.0,51.91,7
19474,-2.726948,110.81112,1,0.5,5.34,182
19475,-2.726948,110.814489,1,0.5,5.34,182
19476,-2.726948,110.817858,1,0.5,4.22,159
19477,-2.726948,110.865019,1,0.5,6.23,233
19478,-2.726948,110.868388,1,0.5,6.23,233
19479,-2.730317,110.117172,1,0.5,4.85,209
19480,-2.730317,110.120541,1,0.5,4.85,209
19481,-2.730317,110.123909,1,0.5,4.85,209
19482,-2.730317,110.127278,1,0.5,4.85,209
19483,-2.730317,110.299081,1,0.5,13.45,81
19484,-2.730317,110.302449,1,0.5,13.45,81
19485,-2.730317,110.305818,1,0.5,13.45,81
19486,-2.730317,110.332768,1,0.5,15.3,59
19487,-2.730317,110.336136,1,0.5,15.3,59
19488,-2.730317,110.339505,1,0.5,15.3,59
19489,-2.730317,110.342874,1,0.5,11.46,-1
19490,-2.730317,110.346242,1,0.5,11.46,-1
19491,-2.730317,110.349611,1,0.5,11.46,-1
19492,-2.730317,110.78754,1,0.5,51.91,7
19493,-2.730317,110.790908,1,0.5,51.91,7
19494,-2.730317,110.794277,1,1.0,51.91,7
19495,-2.730317,110.797646,1,1.0,51.91,7
19496,-2.730317,110.801014,1,1.0,51.91,7
19497,-2.730317,110.81112,1,0.5,4.22,159
19498,-2.730317,110.814489,1,0.5,4.22,159
19499,-2.730317,110.817858,1,0.5,4.22,159
19500,-2.730317,110.865019,1,0.5,6.23,233
19501,-2.730317,110.868388,1,0.5,6.23,233
19502,-2.733686,110.117172,1,0.5,4.85,209
19503,-2.733686,110.120541,1,0.5,4.85,209
19504,-2.733686,110.123909,1,0.5,4.85,209
19505,-2.733686,110.305818,1,0.5,7.77,132
19506,-2.733686,110.309187,1,0.5,7.77,132
19507,-2.733686,110.312555,1,0.5,5.34,182
19508,-2.733686,110.332768,1,0.5,15.91,43
19509,-2.733686,110.336136,1,0.5,15.91,43
19510,-2.733686,110.339505,1,0.5,15.91,43
19511,-2.733686,110.342874,1,0.5,11.46,-1
19512,-2.733686,110.346242,1,0.5,11.46,-1
19513,-2.733686,110.349611,1,0.5,11.46,-1
19514,-2.733686,110.35298,1,0.5,8.75,205
19515,-2.733686,110.356348,1,0.5,8.75,205
19516,-2.733686,110.437197,1,0.5,0.65,-1
19517,-2.733686,110.440565,1,0.5,0.65,-1
19518,-2.733686,110.790908,1,0.5,51.91,7
19519,-2.733686,110.794277,1,0.5,51.91,7
19520,-2.733686,110.797646,1,1.0,51.91,7
19521,-2.733686,110.801014,1,1.0,51.91,7
19522,-2.733686,110.804383,1,1.0,51.91,7
19523,-2.733686,110.814489,1,0.5,1.19,73
19524,-2.733686,110.817858,1,0.5,1.19,73
19525,-2.733686,110.868388,1,0.5,6.23,233
19526,-2.733686,110.871757,1,0.5,6.23,233
19527,-2.737054,110.063273,1,0.5,3.12,254
19528,-2.737054,110.066642,1,0.5,3.12,254
19529,-2.737054,110.117172,1,0.5,4.85,209
19530,-2.737054,110.120541,1,0.5,4.85,209
19531,-2.737054,110.123909,1,0.5,4.85,209
19532,-2.737054,110.305818,1,0.5,7.77,132
19533,-2.737054,110.309187,1,0.5,7.77,132
19534,-2.737054,110.312555,1,0.5,5.34,182
19535,-2.737054,110.349611,1,0.5,8.75,205
19536,-2.737054,110.35298,1,0.5,8.75,205
19537,-2.737054,110.356348,1,0.5,8.75,205
19538,-2.737054,110.437197,1,0.5,0.65,-1
19539,-2.737054,110.440565,1,0.5,0.65,-1
19540,-2.737054,110.518045,1,0.5,1.42,93
19541,-2.737054,110.521414,1,0.5,1.42,93
19542,-2.737054,110.524782,1,0.5,1.42,93
19543,-2.737054,110.797646,1,0.5,31.34,24
19544,-2.737054,110.801014,1,0.5,31.34,24
19545,-2.737054,110.804383,1,0.5,31.34,24
19546,-2.737054,110.814489,1,0.5,13.68,77
19547,-2.737054,110.817858,1,0.5,13.68,77
19548,-2.740423,110.063273,1,0.5,5.98,185
19549,-2.740423,110.066642,1,0.5,5.98,185
19550,-2.740423,110.305818,1,0.5,7.77,132
19551,-2.740423,110.309187,1,0.5,7.77,132
19552,-2.740423,110.312555,1,0.5,5.34,182
19553,-2.740423,110.437197,1,0.5,0.65,-1
19554,-2.740423,110.440565,1,0.5,0.65,-1
19555,-2.740423,110.521414,1,0.5,1.42,93
19556,-2.740423,110.524782,1,0.5,1.42,93
19557,-2.740423,110.528151,1,0.5,1.42,93
19558,-2.740423,110.797646,1,0.5,31.34,24
19559,-2.740423,110.801014,1,0.5,31.34,24
19560,-2.740423,110.804383,1,0.5,31.34,24
19561,-2.743792,110.063273,1,0.5,5.98,185
19562,-2.743792,110.066642,1,0.5,5.98,185
19563,-2.743792,110.521414,1,0.5,1.42,93
19564,-2.743792,110.524782,1,0.5,1.42,93
19565,-2.743792,110.528151,1,0.5,1.42,93
19566,-2.743792,110.53152,1,0.5,1.36,-1
19567,-2.743792,110.797646,1,0.5,31.34,24
19568,-2.743792,110.801014,1,0.5,31.34,24
19569,-2.743792,110.804383,1,0.5,31.34,24
19570,-2.74716,110.494464,1,0.5,2.88,252
19571,-2.74716,110.497833,1,0.5,2.88,252
19572,-2.74716,110.501202,1,0.5,2.88,252
19573,-2.74716,110.521414,1,0.5,1.42,93
19574,-2.74716,110.524782,1,0.5,1.42,93
19575,-2.74716,110.528151,1,0.5,1.42,93
19576,-2.74716,110.53152,1,0.5,1.02,62
19577,-2.74716,110.814489,1,0.5,5.84,162
19578,-2.74716,110.817858,1,0.5,5.84,162
19579,-2.74716,110.821226,1,0.5,5.84,162
19580,-2.750529,110.420353,1,0.5,6.9,138
19581,-2.750529,110.423722,1,0.5,6.9,138
19582,-2.750529,110.427091,1,0.5,6.9,138
19583,-2.750529,110.430459,1,0.5,6.9,138
19584,-2.750529,110.457409,1,0.5,5.1,255
19585,-2.750529,110.460777,1,0.5,5.1,255
19586,-2.750529,110.464146,1,0.5,5.1,255
19587,-2.750529,110.494464,1,0.5,2.88,252
19588,-2.750529,110.497833,1,0.5,2.88,252
19589,-2.750529,110.501202,1,0.5,2.88,252
19590,-2.750529,110.521414,1,0.5,1.66,128
19591,-2.750529,110.524782,1,0.5,1.66,128
19592,-2.750529,110.528151,1,0.5,1.66,128
19593,-2.750529,110.53152,1,0.5,1.02,62
19594,-2.750529,110.814489,1,0.5,5.84,162
19595,-2.750529,110.817858,1,0.5,5.84,162
19596,-2.750529,110.821226,1,0.5,5.84,162
19597,-2.750529,110.824595,1,1.0,10.27,102
19598,-2.750529,110.827964,1,1.0,10.27,102
19599,-2.753898,110.416985,1,0.5,8.08,134
19600,-2.753898,110.420353,1,0.5,6.9,138
19601,-2.753898,110.423722,1,0.5,6.9,138
19602,-2.753898,110.427091,1,0.5,6.9,138
19603,-2.753898,110.430459,1,0.5,6.9,138
19604,-2.753898,110.433828,1,0.5,10.51,87
19605,-2.753898,110.437197,1,0.5,10.51,87
19606,-2.753898,110.440565,1,0.5,10.51,87
19607,-2.753898,110.457409,1,0.5,5.1,255
19608,-2.753898,110.460777,1,0.5,5.1,255
19609,-2.753898,110.464146,1,0.5,5.1,255
19610,-2.753898,110.494464,1,0.5,2.88,252
19611,-2.753898,110.497833,1,0.5,2.88,252
19612,-2.753898,110.501202,1,0.5,2.88,252
19613,-2.753898,110.814489,1,0.5,5.84,162
19614,-2.753898,110.817858,1,0.5,5.84,162
19615,-2.753898,110.821226,1,0.5,5.84,162
19616,-2.753898,110.824595,1,1.0,10.27,102
19617,-2.753898,110.827964,1,1.0,10.27,102
19618,-2.757266,110.416985,1,0.5,8.08,134
19619,-2.757266,110.420353,1,0.5,6.9,138
19620,-2.757266,110.423722,1,0.5,6.9,138
19621,-2.757266,110.427091,1,0.5,6.9,138
19622,-2.757266,110.430459,1,0.5,6.9,138
19623,-2.757266,110.433828,1,0.5,10.51,87
19624,-2.757266,110.437197,1,0.5,10.51,87
19625,-2.757266,110.440565,1,0.5,10.51,87
19626,-2.757266,110.457409,1,0.5,12.95,96
19627,-2.757266,110.460777,1,0.5,12.95,96
19628,-2.757266,110.464146,1,0.5,12.95,96
19629,-2.757266,110.494464,1,0.5,6.37,204
19630,-2.757266,110.497833,1,0.5,6.37,204
19631,-2.757266,110.511308,1,0.5,3.46,314
19632,-2.757266,110.514676,1,0.5,3.46,314
19633,-2.757266,110.518045,1,0.5,3.46,314
19634,-2.757266,110.801014,1,0.5,3.77,315
19635,-2.757266,110.804383,1,0.5,3.77,315
19636,-2.757266,110.807752,1,0.5,3.77,315
19637,-2.757266,110.824595,1,1.0,10.27,102
19638,-2.757266,110.827964,1,1.0,10.27,102
19639,-2.760635,110.416985,1,0.5,8.08,134
19640,-2.760635,110.420353,1,0.5,8.08,134
19641,-2.760635,110.423722,1,0.5,8.08,134
19642,-2.760635,110.427091,1,0.5,8.08,134
19643,-2.760635,110.433828,1,0.5,10.51,87
19644,-2.760635,110.437197,1,0.5,10.51,87
19645,-2.760635,110.440565,1,0.5,10.51,87
19646,-2.760635,110.457409,1,0.5,12.95,96
19647,-2.760635,110.460777,1,0.5,12.95,96
19648,-2.760635,110.464146,1,0.5,12.95,96
19649,-2.760635,110.494464,1,0.5,6.37,204
19650,-2.760635,110.497833,1,0.5,6.37,204
19651,-2.760635,110.511308,1,0.5,3.46,314
19652,-2.760635,110.514676,1,0.5,3.46,314
19653,-2.760635,110.518045,1,0.5,3.46,314
19654,-2.760635,110.524782,1,0.5,4.38,280
19655,-2.760635,110.528151,1,0.5,4.38,280
19656,-2.760635,110.53152,1,0.5,4.38,280
19657,-2.760635,110.797646,1,0.5,3.77,315
19658,-2.760635,110.801014,1,0.5,3.77,315
19659,-2.760635,110.804383,1,0.5,3.77,315
19660,-2.760635,110.807752,1,0.5,3.77,315
19661,-2.760635,110.912181,1,0.5,1.95,207
19662,-2.760635,110.91555,1,0.5,7.45,148
19663,-2.760635,110.918918,1,0.5,7.45,148
19664,-2.760635,110.922287,1,0.5,7.45,148
19665,-2.760635,110.925656,1,0.5,4.52,271
19666,-2.764004,110.379929,1,1.0,6.99,142
19667,-2.764004,110.383298,1,1.0,6.99,142
19668,-2.764004,110.386666,1,1.0,6.99,142
19669,-2.764004,110.457409,1,0.5,12.95,96
19670,-2.764004,110.460777,1,0.5,12.95,96
19671,-2.764004,110.464146,1,0.5,12.95,96
19672,-2.764004,110.511308,1,0.5,3.46,314
19673,-2.764004,110.514676,1,0.5,3.46,314
19674,-2.764004,110.518045,2,0.5,4.07,210
19675,-2.764004,110.521414,1,0.5,4.07,288
19676,-2.764004,110.524782,1,0.5,4.38,280
19677,-2.764004,110.528151,1,0.5,4.38,280
19678,-2.764004,110.53152,1,0.5,4.38,280
19679,-2.764004,110.797646,1,0.5,3.77,315
19680,-2.764004,110.801014,1,0.5,3.77,315
19681,-2.764004,110.804383,1,0.5,3.77,315
19682,-2.764004,110.807752,1,0.5,3.77,315
19683,-2.764004,110.912181,1,0.5,1.95,207
19684,-2.764004,110.91555,1,0.5,7.45,148
19685,-2.764004,110.918918,1,0.5,7.45,148
19686,-2.764004,110.922287,1,0.5,7.45,148
19687,-2.764004,110.925656,1,0.5,4.52,271
19688,-2.767373,110.379929,1,1.0,6.99,142
19689,-2.767373,110.383298,1,1.0,6.99,142
19690,-2.767373,110.386666,1,1.0,6.99,142
19691,-2.767373,110.457409,1,0.5,12.95,96
19692,-2.767373,110.460777,1,0.5,12.95,96
19693,-2.767373,110.464146,1,0.5,12.95,96
19694,-2.767373,110.518045,1,0.5,4.07,288
19695,-2.767373,110.521414,1,0.5,4.07,288
19696,-2.767373,110.524782,1,0.5,4.38,280
19697,-2.767373,110.528151,1,0.5,4.38,280
19698,-2.767373,110.53152,1,0.5,4.38,280
19699,-2.767373,110.797646,1,0.5,3.77,315
19700,-2.767373,110.801014,1,0.5,3.77,315
19701,-2.767373,110.804383,1,0.5,3.77,315
19702,-2.767373,110.807752,1,0.5,3.77,315
19703,-2.767373,110.91555,1,0.5,1.95,207
19704,-2.767373,110.918918,1,0.5,1.95,207
19705,-2.767373,110.922287,1,0.5,1.95,207
19706,-2.767373,110.925656,1,0.5,4.52,271
19707,-2.767373,110.929024,1,0.5,4.52,271
19708,-2.770741,110.379929,1,1.0,6.99,142
19709,-2.770741,110.383298,1,1.0,6.99,142
19710,-2.770741,110.386666,1,1.0,6.99,142
19711,-2.770741,110.474252,1,0.5,5.65,213
19712,-2.770741,110.477621,1,0.5,5.65,213
19713,-2.770741,110.48099,1,0.5,5.65,213
19714,-2.770741,110.484358,1,0.5,4.95,243
19715,-2.770741,110.875125,1,0.5,0.91,62
19716,-2.770741,110.878494,1,0.5,0.91,62
19717,-2.770741,110.881863,1,0.5,0.91,62
19718,-2.77411,110.474252,1,0.5,5.65,213
19719,-2.77411,110.477621,1,0.5,5.65,213
19720,-2.77411,110.48099,1,0.5,5.65,213
19721,-2.77411,110.484358,1,0.5,4.95,243
19722,-2.77411,110.834701,1,0.5,8.57,249
19723,-2.77411,110.83807,1,0.5,8.57,249
19724,-2.77411,110.841439,1,0.5,8.57,249
19725,-2.77411,110.844807,1,0.5,8.57,249
19726,-2.77411,110.875125,1,0.5,1.61,128
19727,-2.77411,110.878494,1,0.5,1.61,128
19728,-2.77411,110.881863,1,0.5,1.61,128
19729,-2.777479,110.413616,1,0.5,3.94,306
19730,-2.777479,110.416985,1,0.5,3.94,306
19731,-2.777479,110.477621,1,0.5,5.65,213
19732,-2.777479,110.48099,1,0.5,5.65,213
19733,-2.777479,110.484358,1,0.5,5.65,213
19734,-2.777479,110.487727,1,0.5,4.95,243
19735,-2.777479,110.834701,1,0.5,6.42,203
19736,-2.777479,110.83807,1,0.5,6.42,203
19737,-2.777479,110.841439,1,0.5,6.42,203
19738,-2.777479,110.844807,1,0.5,6.42,203
19739,-2.777479,110.875125,1,0.5,1.61,128
19740,-2.777479,110.878494,1,0.5,1.61,128
19741,-2.777479,110.881863,1,0.5,1.61,128
19742,-2.780847,110.416985,1,0.5,3.94,306
19743,-2.780847,110.420353,1,0.5,3.94,306
19744,-2.780847,110.474252,1,0.5,2.98,259
19745,-2.780847,110.477621,1,0.5,5.9,214
19746,-2.780847,110.48099,2,0.5,31.45,-1
19747,-2.780847,110.484358,2,0.5,31.45,-1
19748,-2.780847,110.487727,1,0.5,31.45,24
19749,-2.780847,110.491096,1,0.5,31.45,24
19750,-2.780847,110.834701,1,0.5,6.42,203
19751,-2.780847,110.83807,1,0.5,6.42,203
19752,-2.780847,110.841439,2,0.5,6.42,309
19753,-2.780847,110.844807,2,0.5,6.42,309
19754,-2.780847,110.848176,1,0.5,4.31,290
19755,-2.780847,110.875125,1,0.5,1.61,128
19756,-2.780847,110.878494,1,0.5,1.61,128
19757,-2.780847,110.881863,1,0.5,1.61,128
19758,-2.784216,110.474252,1,0.5,2.98,259
19759,-2.784216,110.477621,1,0.5,5.9,214
19760,-2.784216,110.48099,2,0.5,31.45,-1
19761,-2.784216,110.484358,2,0.5,31.45,-1
19762,-2.784216,110.487727,1,0.5,31.45,24
19763,-2.784216,110.491096,1,0.5,31.45,24
19764,-2.784216,110.834701,2,0.5,7.82,-1
19765,-2.784216,110.83807,2,0.5,9.2,284
19766,-2.784216,110.841439,2,0.5,9.2,284
19767,-2.784216,110.844807,2,0.5,9.2,284
19768,-2.784216,110.848176,1,0.5,4.31,290
19769,-2.787585,110.346242,1,0.5,3.46,314
19770,-2.787585,110.349611,1,0.5,3.46,314
19771,-2.787585,110.35298,1,0.5,3.46,314
19772,-2.787585,110.474252,1,0.5,2.98,259
19773,-2.787585,110.477621,1,0.5,4.87,245
19774,-2.787585,110.48099,2,0.5,31.45,-1
19775,-2.787585,110.484358,2,0.5,31.45,-1
19776,-2.787585,110.487727,1,0.5,31.45,24
19777,-2.787585,110.834701,1,0.5,7.82,132
19778,-2.787585,110.83807,1,0.5,9.2,191
19779,-2.787585,110.841439,1,0.5,9.2,191
19780,-2.787585,110.844807,1,0.5,9.2,191
19781,-2.787585,110.848176,1,0.5,3.72,318
19782,-2.790953,110.295712,1,0.5,7.41,168
19783,-2.790953,110.299081,1,0.5,11.65,99
19784,-2.790953,110.302449,1,0.5,11.65,99
19785,-2.790953,110.305818,1,0.5,11.65,99
19786,-2.790953,110.346242,1,0.5,3.46,314
19787,-2.790953,110.349611,1,0.5,3.46,314
19788,-2.790953,110.35298,1,0.5,3.46,314
19789,-2.790953,110.834701,1,0.5,7.82,132
19790,-2.790953,110.83807,1,0.5,9.2,191
19791,-2.790953,110.841439,1,0.5,9.2,191
19792,-2.790953,110.844807,1,0.5,9.2,191
19793,-2.790953,110.848176,1,0.5,3.72,318
19794,-2.794322,110.295712,1,0.5,7.41,168
19795,-2.794322,110.299081,1,0.5,11.65,99
19796,-2.794322,110.302449,1,0.5,11.65,99
19797,-2.794322,110.305818,1,0.5,11.65,99
19798,-2.794322,110.346242,1,0.5,3.46,314
19799,-2.794322,110.349611,1,0.5,3.46,314
19800,-2.794322,110.35298,1,0.5,3.46,314
19801,-2.794322,110.834701,1,0.5,2.86,251
19802,-2.794322,110.83807,1,0.5,2.86,251
19803,-2.794322,110.841439,1,0.5,2.86,251
19804,-2.797691,110.295712,1,0.5,7.41,168
19805,-2.797691,110.299081,1,0.5,7.41,168
19806,-2.797691,110.302449,1,0.5,7.41,168
19807,-2.797691,110.420353,1,0.5,5.18,158
19808,-2.797691,110.423722,1,0.5,5.18,158
19809,-2.797691,110.427091,1,0.5,5.18,158
19810,-2.797691,110.83807,1,0.5,6.34,231
19811,-2.797691,110.841439,1,0.5,6.34,231
19812,-2.797691,110.844807,1,0.5,6.34,231
19813,-2.797691,110.848176,1,0.5,6.86,138
19814,-2.801059,110.309187,1,0.5,3.89,297
19815,-2.801059,110.312555,1,0.5,3.89,297
19816,-2.801059,110.315924,1,0.5,3.89,297
19817,-2.801059,110.420353,1,0.5,5.18,158
19818,-2.801059,110.423722,1,0.5,5.18,158
19819,-2.801059,110.427091,1,0.5,5.18,158
19820,-2.801059,110.497833,1,0.5,21.65,44
19821,-2.801059,110.501202,1,0.5,21.65,44
19822,-2.801059,110.50457,1,0.5,21.65,44
19823,-2.801059,110.83807,1,0.5,6.34,231
19824,-2.801059,110.841439,1,0.5,6.34,231
19825,-2.801059,110.844807,1,0.5,6.34,231
19826,-2.801059,110.848176,1,0.5,6.86,138
19827,-2.804428,110.309187,1,0.5,3.89,297
19828,-2.804428,110.312555,1,0.5,3.89,297
19829,-2.804428,110.315924,1,0.5,3.89,297
19830,-2.804428,110.420353,1,0.5,5.18,158
19831,-2.804428,110.423722,1,0.5,5.18,158
19832,-2.804428,110.427091,1,0.5,5.18,158
19833,-2.804428,110.497833,1,0.5,21.65,44
19834,-2.804428,110.501202,1,0.5,21.65,44
19835,-2.804428,110.50457,1,0.5,21.65,44
19836,-2.804428,110.841439,1,0.5,6.34,231
19837,-2.804428,110.844807,1,0.5,6.34,231
19838,-2.804428,110.848176,1,0.5,6.34,231
19839,-2.804428,110.851545,1,0.5,6.86,138
19840,-2.807797,110.497833,1,0.5,21.65,44
19841,-2.807797,110.501202,1,0.5,21.65,44
19842,-2.807797,110.50457,1,0.5,21.65,44
19843,-2.807797,110.844807,1,0.5,6.86,138
19844,-2.807797,110.848176,1,0.5,6.86,138
19845,-2.807797,110.851545,1,0.5,6.86,138
19846,-2.811165,110.265394,1,0.5,3.07,270
19847,-2.811165,110.268763,1,0.5,3.07,270
19848,-2.811165,110.272131,1,0.5,3.07,270
19849,-2.811165,110.477621,1,0.5,4.65,266
19850,-2.811165,110.48099,2,0.5,19.84,50
19851,-2.811165,110.484358,2,0.5,19.84,50
19852,-2.811165,110.497833,1,0.5,10.0,121
19853,-2.811165,110.501202,1,0.5,10.0,121
19854,-2.811165,110.50457,1,0.5,10.0,121
19855,-2.814534,110.265394,1,0.5,3.07,270
19856,-2.814534,110.268763,1,0.5,3.07,270
19857,-2.814534,110.272131,1,0.5,3.07,270
19858,-2.814534,110.48099,1,0.5,4.65,266
19859,-2.814534,110.484358,2,0.5,19.84,50
19860,-2.814534,110.487727,2,0.5,19.84,50
19861,-2.814534,110.518045,1,0.5,5.34,182
19862,-2.814534,110.521414,1,0.5,5.34,182
19863,-2.814534,110.524782,1,0.5,5.34,182
19864,-2.817903,110.262025,1,0.5,3.33,273
19865,-2.817903,110.265394,1,0.5,3.33,273
19866,-2.817903,110.268763,1,0.5,11.34,110
19867,-2.817903,110.272131,1,0.5,11.34,110
19868,-2.817903,110.2755,1,0.5,11.34,110
19869,-2.817903,110.484358,1,0.5,19.84,66
19870,-2.817903,110.487727,1,0.5,19.84,66
19871,-2.817903,110.494464,1,0.5,3.73,318
19872,-2.817903,110.497833,1,0.5,3.73,318
19873,-2.817903,110.501202,1,0.5,3.73,318
19874,-2.817903,110.514676,1,0.5,3.98,303
19875,-2.817903,110.518045,1,0.5,5.34,182
19876,-2.817903,110.521414,1,0.5,5.34,182
19877,-2.817903,110.524782,1,0.5,5.34,182
19878,-2.817903,110.528151,1,0.5,5.9,214
19879,-2.821271,110.265394,1,0.5,4.15,155
19880,-2.821271,110.268763,1,0.5,4.15,155
19881,-2.821271,110.272131,1,0.5,4.15,155
19882,-2.821271,110.2755,1,0.5,11.34,110
19883,-2.821271,110.309187,1,0.5,4.65,266
19884,-2.821271,110.312555,1,0.5,4.65,266
19885,-2.821271,110.315924,1,0.5,4.65,266
19886,-2.821271,110.457409,1,0.5,3.58,330
19887,-2.821271,110.460777,1,0.5,3.58,330
19888,-2.821271,110.464146,1,0.5,3.58,330
19889,-2.821271,110.484358,1,0.5,19.84,66
19890,-2.821271,110.487727,1,0.5,19.84,66
19891,-2.821271,110.494464,1,0.5,3.73,318
19892,-2.821271,110.497833,1,0.5,3.73,318
19893,-2.821271,110.501202,1,0.5,3.73,318
19894,-2.821271,110.514676,1,0.5,3.98,303
19895,-2.821271,110.518045,1,0.5,5.34,182
19896,-2.821271,110.521414,1,0.5,5.34,182
19897,-2.821271,110.524782,1,0.5,5.34,182
19898,-2.821271,110.528151,1,0.5,5.9,214
19899,-2.82464,110.265394,1,0.5,4.15,155
19900,-2.82464,110.268763,1,0.5,6.29,188
19901,-2.82464,110.272131,1,0.5,6.29,188
19902,-2.82464,110.2755,1,0.5,11.34,110
19903,-2.82464,110.309187,1,0.5,4.65,266
19904,-2.82464,110.312555,1,0.5,4.65,266
19905,-2.82464,110.315924,1,0.5,4.65,266
19906,-2.82464,110.35298,1,0.5,3.88,297
19907,-2.82464,110.356348,1,0.5,3.88,297
19908,-2.82464,110.359717,1,0.5,3.88,297
19909,-2.82464,110.457409,1,0.5,3.58,330
19910,-2.82464,110.460777,1,0.5,3.58,330
19911,-2.82464,110.464146,1,0.5,3.58,330
19912,-2.82464,110.494464,1,0.5,3.73,318
19913,-2.82464,110.497833,1,0.5,3.73,318
19914,-2.82464,110.501202,1,0.5,3.73,318
19915,-2.82464,110.514676,1,0.5,3.98,303
19916,-2.82464,110.518045,1,0.5,3.98,303
19917,-2.82464,110.521414,2,0.5,4.87,287
19918,-2.82464,110.524782,1,0.5,4.87,245
19919,-2.82464,110.528151,1,0.5,4.87,245
19920,-2.828009,110.265394,1,0.5,4.15,155
19921,-2.828009,110.268763,1,0.5,6.29,188
19922,-2.828009,110.272131,1,0.5,6.29,188
19923,-2.828009,110.309187,1,0.5,4.65,266
19924,-2.828009,110.312555,1,0.5,4.65,266
19925,-2.828009,110.315924,1,0.5,4.65,266
19926,-2.828009,110.35298,1,0.5,3.88,297
19927,-2.828009,110.356348,1,0.5,3.88,297
19928,-2.828009,110.359717,1,0.5,3.88,297
19929,-2.828009,110.521414,1,0.5,4.87,245
19930,-2.828009,110.524782,1,0.5,4.87,245
19931,-2.828009,110.528151,1,0.5,4.87,245
19932,-2.828009,110.538257,1,0.5,12.38,113
19933,-2.828009,110.541626,1,0.5,12.38,113
19934,-2.828009,110.544995,1,0.5,12.38,113
19935,-2.831377,110.268763,1,0.5,0.8,70
19936,-2.831377,110.272131,1,0.5,0.8,70
19937,-2.831377,110.2755,1,0.5,0.8,70
19938,-2.831377,110.278869,1,0.5,0.8,70
19939,-2.831377,110.282237,1,0.5,0.43,68
19940,-2.831377,110.285606,1,0.5,0.43,68
19941,-2.831377,110.288975,1,0.5,0.43,68
19942,-2.831377,110.309187,1,0.5,4.65,266
19943,-2.831377,110.312555,2,0.5,6.37,309
19944,-2.831377,110.315924,2,0.5,6.37,309
19945,-2.831377,110.35298,1,0.5,3.88,297
19946,-2.831377,110.356348,1,0.5,3.88,297
19947,-2.831377,110.359717,1,0.5,3.88,297
19948,-2.831377,110.494464,1,0.5,3.95,305
19949,-2.831377,110.497833,1,0.5,3.95,305
19950,-2.831377,110.501202,1,0.5,3.95,305
19951,-2.831377,110.521414,1,0.5,4.87,245
19952,-2.831377,110.524782,1,0.5,4.87,245
19953,-2.831377,110.528151,1,0.5,4.87,245
19954,-2.831377,110.538257,1,0.5,12.38,113
19955,-2.831377,110.541626,1,0.5,12.38,113
19956,-2.831377,110.544995,1,0.5,12.38,113
19957,-2.831377,110.568575,1,0.5,4.24,170
19958,-2.831377,110.571944,1,0.5,4.24,170
19959,-2.834746,110.268763,1,0.5,0.8,70
19960,-2.834746,110.272131,1,0.5,0.8,70
19961,-2.834746,110.2755,1,0.5,0.8,70
19962,-2.834746,110.278869,1,0.5,0.8,70
19963,-2.834746,110.282237,1,0.5,0.43,68
19964,-2.834746,110.285606,1,0.5,0.43,68
19965,-2.834746,110.288975,1,0.5,0.43,68
19966,-2.834746,110.312555,1,0.5,6.37,204
19967,-2.834746,110.315924,1,0.5,6.37,204
19968,-2.834746,110.494464,1,0.5,3.95,305
19969,-2.834746,110.497833,1,0.5,3.95,305
19970,-2.834746,110.501202,1,0.5,3.95,305
19971,-2.834746,110.521414,1,0.5,6.26,232
19972,-2.834746,110.524782,1,0.5,6.26,232
19973,-2.834746,110.528151,1,0.5,6.26,232
19974,-2.834746,110.538257,1,0.5,12.38,113
19975,-2.834746,110.541626,1,0.5,12.38,113
19976,-2.834746,110.544995,1,0.5,12.38,113
19977,-2.834746,110.558469,1,0.5,3.5,312
19978,-2.834746,110.561838,1,0.5,3.5,312
19979,-2.834746,110.565207,1,0.5,3.5,312
19980,-2.834746,110.568575,1,0.5,4.24,170
19981,-2.834746,110.571944,1,0.5,4.24,170
19982,-2.838115,110.268763,1,0.5,0.8,70
19983,-2.838115,110.272131,1,0.5,0.8,70
19984,-2.838115,110.2755,1,0.5,0.8,70
19985,-2.838115,110.278869,1,0.5,0.8,70
19986,-2.838115,110.282237,1,0.5,0.43,68
19987,-2.838115,110.285606,1,0.5,0.43,68
19988,-2.838115,110.288975,1,0.5,0.43,68
19989,-2.838115,110.312555,1,0.5,6.37,204
19990,-2.838115,110.315924,1,0.5,6.37,204
19991,-2.838115,110.420353,1,0.5,36.59,13
19992,-2.838115,110.423722,1,0.5,36.59,13
19993,-2.838115,110.494464,1,0.5,3.95,305
19994,-2.838115,110.497833,1,0.5,3.95,305
19995,-2.838115,110.501202,1,0.5,3.95,305
19996,-2.838115,110.558469,1,0.5,3.5,312
19997,-2.838115,110.561838,1,0.5,3.5,312
19998,-2.838115,110.565207,1,0.5,3.5,312
19999,-2.841484,110.268763,1,0.5,0.8,70
20000,-2.841484,110.272131,1,0.5,0.8,70
20001,-2.841484,110.2755,1,0.5,0.8,70
20002,-2.841484,110.278869,1,0.5,0.8,70
20003,-2.841484,110.413616,1,0.5,6.06,-1
20004,-2.841484,110.416985,1,0.5,6.06,-1
20005,-2.841484,110.420353,1,0.5,6.06,-1
20006,-2.841484,110.423722,1,0.5,36.59,13
20007,-2.841484,110.477621,1,0.5,4.95,243
20008,-2.841484,110.48099,1,0.5,4.95,243
20009,-2.841484,110.484358,1,0.5,4.95,243
20010,-2.841484,110.565207,1,0.5,3.5,312
20011,-2.844852,110.319293,1,0.5,8.59,249
20012,-2.844852,110.322661,1,0.5,8.59,249
20013,-2.844852,110.32603,1,0.5,8.59,249
20014,-2.844852,110.413616,1,0.5,6.06,-1
20015,-2.844852,110.416985,1,0.5,6.06,-1
20016,-2.844852,110.420353,1,0.5,36.59,13
20017,-2.844852,110.423722,1,0.5,36.59,13
20018,-2.844852,110.427091,1,0.5,36.59,13
20019,-2.844852,110.430459,1,0.5,36.59,13
20020,-2.844852,110.477621,2,0.5,4.95,287
20021,-2.844852,110.48099,2,0.5,4.95,287
20022,-2.844852,110.484358,2,0.5,4.95,287
20023,-2.848221,110.319293,1,0.5,8.59,249
20024,-2.848221,110.322661,1,0.5,8.59,249
20025,-2.848221,110.32603,1,0.5,8.59,249
20026,-2.848221,110.413616,1,0.5,6.06,-1
20027,-2.848221,110.416985,1,0.5,6.06,-1
20028,-2.848221,110.420353,1,0.5,36.59,13
20029,-2.848221,110.423722,1,0.5,36.59,13
20030,-2.848221,110.427091,1,0.5,36.59,13
20031,-2.848221,110.430459,1,0.5,36.59,13
20032,-2.848221,110.48099,2,0.5,4.95,287
20033,-2.848221,110.484358,2,0.5,4.95,287
20034,-2.848221,110.487727,2,0.5,4.95,287
20035,-2.848221,110.501202,1,0.5,5.09,256
20036,-2.848221,110.50457,1,0.5,5.09,256
20037,-2.848221,110.507939,1,0.5,5.09,256
20038,-2.85159,110.319293,1,0.5,8.59,249
20039,-2.85159,110.322661,1,0.5,8.59,249
20040,-2.85159,110.32603,1,0.5,8.59,249
20041,-2.85159,110.416985,1,0.5,6.06,-1
20042,-2.85159,110.420353,1,0.5,6.06,-1
20043,-2.85159,110.423722,1,0.5,36.59,13
20044,-2.85159,110.427091,1,0.5,36.59,13
20045,-2.85159,110.430459,1,0.5,36.59,13
20046,-2.85159,110.433828,1,0.5,2.29,228
20047,-2.85159,110.48099,1,0.5,1.96,207
20048,-2.85159,110.484358,1,0.5,1.96,207
20049,-2.85159,110.487727,1,0.5,1.96,207
20050,-2.85159,110.501202,1,0.5,5.09,256
20051,-2.85159,110.50457,1,0.5,5.09,256
20052,-2.85159,110.507939,1,0.5,5.09,256
20053,-2.854958,110.423722,1,0.5,2.29,228
20054,-2.854958,110.427091,1,0.5,2.29,228
20055,-2.854958,110.430459,1,0.5,2.29,228
20056,-2.854958,110.433828,1,0.5,2.29,228
20057,-2.854958,110.470884,1,0.5,4.27,171
20058,-2.854958,110.474252,1,0.5,4.27,171
20059,-2.854958,110.477621,1,0.5,4.27,171
20060,-2.854958,110.501202,1,0.5,5.09,256
20061,-2.854958,110.50457,1,0.5,5.09,256
20062,-2.854958,110.507939,1,0.5,5.09,256
20063,-2.858327,110.464146,1,0.5,5.5,181
20064,-2.858327,110.467515,1,0.5,5.5,181
20065,-2.858327,110.470884,1,0.5,5.5,181
20066,-2.858327,110.474252,1,0.5,4.27,171
20067,-2.858327,110.477621,1,0.5,4.27,171
20068,-2.861696,110.464146,1,0.5,5.5,181
20069,-2.861696,110.467515,1,0.5,5.5,181
20070,-2.861696,110.470884,1,0.5,5.5,181
20071,-2.861696,110.474252,1,0.5,4.27,171
20072,-2.861696,110.477621,1,0.5,4.27,171
20073,-2.865064,110.464146,1,0.5,5.5,181
20074,-2.865064,110.467515,1,0.5,5.5,181
20075,-2.865064,110.470884,1,0.5,5.5,181
20076,-2.878539,110.258657,1,0.5,6.03,186
20077,-2.878539,110.262025,1,0.5,6.03,186
20078,-2.878539,110.265394,1,0.5,6.03,186
20079,-2.881908,110.258657,1,0.5,6.03,186
20080,-2.881908,110.262025,1,0.5,6.03,186
20081,-2.881908,110.265394,1,0.5,6.03,186
20082,-2.885276,110.258657,1,0.5,6.03,186
20083,-2.885276,110.262025,1,0.5,6.03,186
20084,-2.885276,110.265394,1,0.5,6.03,186
20085,-2.892014,110.322661,1,0.5,11.51,86
20086,-2.892014,110.32603,1,0.5,11.51,86
20087,-2.892014,110.329399,1,0.5,11.51,86
20088,-2.892014,110.413616,1,0.5,7.52,-1
20089,-2.892014,110.416985,1,0.5,7.52,-1
20090,-2.892014,110.420353,1,0.5,7.52,-1
20091,-2.895382,110.319293,1,0.5,16.09,42
20092,-2.895382,110.322661,1,0.5,16.09,42
20093,-2.895382,110.32603,1,0.5,16.09,42
20094,-2.895382,110.329399,1,0.5,16.09,42
20095,-2.895382,110.332768,1,0.5,16.09,42
20096,-2.895382,110.413616,1,0.5,7.52,-1
20097,-2.895382,110.416985,1,0.5,7.52,-1
20098,-2.895382,110.420353,1,0.5,7.52,-1
20099,-2.898751,110.305818,1,0.5,8.5,152
20100,-2.898751,110.309187,1,0.5,8.5,152
20101,-2.898751,110.319293,1,0.5,16.09,42
20102,-2.898751,110.322661,1,0.5,11.51,86
20103,-2.898751,110.32603,1,0.5,11.51,86
20104,-2.898751,110.329399,1,0.5,11.51,86
20105,-2.898751,110.332768,1,0.5,16.09,42
20106,-2.898751,110.413616,1,0.5,7.52,-1
20107,-2.898751,110.416985,1,0.5,7.52,-1
20108,-2.90212,110.305818,1,0.5,8.5,152
20109,-2.90212,110.309187,1,0.5,8.5,152
20110,-2.90212,110.319293,1,0.5,16.09,42
20111,-2.90212,110.322661,1,0.5,11.51,86
20112,-2.90212,110.32603,1,0.5,11.51,86
20113,-2.90212,110.329399,1,0.5,11.51,86
20114,-2.90212,110.332768,1,0.5,16.09,42
20115,-2.905488,110.305818,1,0.5,8.5,152
20116,-2.905488,110.309187,1,0.5,8.5,152
20117,-2.905488,110.322661,1,0.5,11.51,86
20118,-2.905488,110.32603,1,0.5,11.51,86
20119,-2.905488,110.329399,1,0.5,11.51,86
20120,-2.915595,110.309187,1,0.5,15.44,59
20121,-2.915595,110.312555,1,0.5,15.44,59
20122,-2.915595,110.315924,1,0.5,15.44,59
20123,-2.918963,110.309187,1,0.5,15.44,59
20124,-2.918963,110.312555,1,0.5,15.44,59
20125,-2.918963,110.315924,1,0.5,15.44,59
20126,-2.959387,110.706691,1,0.5,3.96,304
20127,-2.959387,110.71006,1,0.5,3.96,304
20128,-2.959387,110.713429,1,0.5,3.96,304
20129,-2.959387,110.716797,1,0.5,8.34,125
20130,-2.959387,110.720166,1,0.5,8.34,125
20131,-2.959387,110.723535,1,0.5,8.34,125
20132,-2.962756,110.706691,1,0.5,3.96,304
20133,-2.962756,110.71006,1,0.5,3.96,304
20134,-2.962756,110.713429,1,0.5,3.96,304
20135,-2.962756,110.716797,1,0.5,8.34,125
20136,-2.962756,110.720166,1,0.5,8.34,125
20137,-2.962756,110.723535,1,0.5,8.34,125
20138,-2.966125,110.716797,1,0.5,8.34,125
20139,-2.966125,110.720166,1,0.5,8.34,125
20140,-2.966125,110.723535,1,0.5,8.34,125
20141,-2.996443,110.639318,1,0.5,4.3,291
20142,-2.996443,110.642686,1,0.5,4.3,291
20143,-2.999812,110.639318,1,0.5,4.3,291
20144,-2.999812,110.642686,1,0.5,4.3,291
20145,-3.00318,110.639318,1,0.5,4.3,291
20146,-3.00318,110.642686,1,0.5,4.3,291
