pixel_id,latitude,longitude,Hotspot_Frequency,Confidence_Score,FRP_Max
1,-0.34529,110.464146,1,0.5,4.5
2,-0.34529,110.467515,1,0.5,4.5
3,-0.34529,110.470884,1,0.5,4.5
4,-0.348659,110.464146,1,0.5,4.5
5,-0.348659,110.467515,2,0.5,4.5
6,-0.348659,110.470884,2,0.5,4.5
7,-0.348659,110.474252,1,0.5,3.0
8,-0.352027,110.464146,1,0.5,4.5
9,-0.352027,110.467515,2,0.5,4.5
10,-0.352027,110.470884,2,0.5,4.5
11,-0.352027,110.474252,1,0.5,3.0
12,-0.352027,110.48099,1,0.5,9.85
13,-0.352027,110.484358,1,0.5,9.85
14,-0.352027,110.487727,1,0.5,9.85
15,-0.352027,110.507939,1,0.5,12.69
16,-0.352027,110.511308,1,0.5,12.69
17,-0.352027,110.514676,1,0.5,12.69
18,-0.355396,110.467515,1,0.5,3.0
19,-0.355396,110.470884,1,0.5,3.0
20,-0.355396,110.474252,1,0.5,3.0
21,-0.355396,110.48099,1,0.5,9.85
22,-0.355396,110.484358,1,0.5,9.85
23,-0.355396,110.487727,1,0.5,9.85
24,-0.355396,110.50457,1,0.5,2.65
25,-0.355396,110.507939,1,0.5,12.69
26,-0.355396,110.511308,1,0.5,12.69
27,-0.355396,110.514676,1,0.5,12.69
28,-0.358765,110.48099,1,0.5,36.52
29,-0.358765,110.484358,1,0.5,36.52
30,-0.358765,110.487727,1,0.5,36.52
31,-0.358765,110.491096,1,0.5,36.52
32,-0.358765,110.50457,1,0.5,2.65
33,-0.358765,110.507939,1,0.5,12.69
34,-0.358765,110.511308,1,0.5,12.69
35,-0.358765,110.514676,1,0.5,12.69
36,-0.362133,110.48099,1,0.5,36.52
37,-0.362133,110.484358,1,0.5,36.52
38,-0.362133,110.487727,1,0.5,36.52
39,-0.362133,110.491096,1,0.5,36.52
40,-0.362133,110.50457,1,0.5,2.65
41,-0.362133,110.507939,1,0.5,2.65
42,-0.362133,110.511308,1,0.5,2.65
43,-0.365502,110.48099,1,0.5,36.52
44,-0.365502,110.484358,1,0.5,36.52
45,-0.365502,110.487727,1,0.5,36.52
46,-0.365502,110.491096,1,0.5,36.52
47,-0.365502,110.50457,1,0.5,8.19
48,-0.365502,110.507939,1,0.5,8.19
49,-0.365502,110.511308,1,0.5,8.19
50,-0.365502,110.521414,1,0.5,14.96
51,-0.365502,110.524782,1,0.5,14.96
52,-0.365502,110.528151,1,0.5,14.96
53,-0.368871,110.50457,1,0.5,4.17
54,-0.368871,110.507939,1,0.5,4.17
55,-0.368871,110.511308,1,0.5,8.19
56,-0.368871,110.521414,1,0.5,14.96
57,-0.368871,110.524782,1,0.5,14.96
58,-0.368871,110.528151,1,0.5,14.96
59,-0.372239,110.437197,1,0.5,16.15
60,-0.372239,110.440565,1,1.0,16.15
61,-0.372239,110.443934,1,1.0,16.15
62,-0.372239,110.474252,1,0.5,7.51
63,-0.372239,110.477621,1,0.5,7.51
64,-0.372239,110.484358,1,0.5,18.87
65,-0.372239,110.487727,2,0.5,18.87
66,-0.372239,110.491096,2,0.5,18.87
67,-0.372239,110.494464,1,0.5,1.88
68,-0.372239,110.50457,1,0.5,4.17
69,-0.372239,110.507939,2,0.5,35.59
70,-0.372239,110.511308,2,0.5,35.59
71,-0.372239,110.514676,1,0.5,35.59
72,-0.372239,110.521414,1,0.5,14.96
73,-0.372239,110.524782,1,0.5,14.96
74,-0.372239,110.528151,1,0.5,14.96
75,-0.375608,110.437197,1,0.5,16.15
76,-0.375608,110.440565,1,1.0,16.15
77,-0.375608,110.443934,1,1.0,16.15
78,-0.375608,110.474252,1,0.5,7.51
79,-0.375608,110.477621,1,0.5,7.51
80,-0.375608,110.484358,1,0.5,18.87
81,-0.375608,110.487727,2,0.5,18.87
82,-0.375608,110.491096,2,0.5,18.87
83,-0.375608,110.494464,1,0.5,1.88
84,-0.375608,110.50457,1,0.5,4.17
85,-0.375608,110.507939,2,0.5,35.59
86,-0.375608,110.511308,2,0.5,35.59
87,-0.375608,110.514676,1,0.5,35.59
88,-0.378977,110.437197,1,0.5,16.15
89,-0.378977,110.440565,1,1.0,16.15
90,-0.378977,110.443934,1,1.0,16.15
91,-0.378977,110.450671,1,0.5,4.06
92,-0.378977,110.45404,1,0.5,4.06
93,-0.378977,110.457409,1,0.5,4.06
94,-0.378977,110.474252,1,0.5,7.51
95,-0.378977,110.477621,1,0.5,7.51
96,-0.378977,110.484358,1,0.5,18.87
97,-0.378977,110.487727,2,0.5,18.87
98,-0.378977,110.491096,2,0.5,18.87
99,-0.378977,110.494464,1,0.5,1.88
100,-0.378977,110.507939,1,0.5,35.59
101,-0.378977,110.511308,1,0.5,35.59
102,-0.378977,110.514676,1,0.5,35.59
103,-0.382345,110.450671,1,0.5,4.06
104,-0.382345,110.45404,1,0.5,4.06
105,-0.382345,110.457409,1,0.5,4.06
106,-0.382345,110.467515,1,0.5,6.67
107,-0.382345,110.470884,1,0.5,6.67
108,-0.382345,110.474252,1,0.5,6.67
109,-0.385714,110.467515,1,0.5,6.67
110,-0.385714,110.470884,1,0.5,6.67
111,-0.385714,110.474252,1,0.5,6.67
112,-0.385714,110.53152,1,0.5,4.29
113,-0.385714,110.534888,1,0.5,4.29
114,-0.385714,110.538257,1,0.5,4.29
115,-0.389083,110.467515,1,0.5,6.67
116,-0.389083,110.470884,1,0.5,6.67
117,-0.389083,110.474252,1,0.5,6.67
118,-0.389083,110.53152,1,0.5,4.29
119,-0.389083,110.534888,1,0.5,4.29
120,-0.389083,110.538257,1,0.5,4.29
121,-0.392451,110.410247,2,0.75,32.65
122,-0.392451,110.413616,2,0.75,32.65
123,-0.392451,110.416985,2,0.75,32.65
124,-0.392451,110.447303,1,0.5,6.61
125,-0.392451,110.450671,1,0.5,6.61
126,-0.392451,110.45404,1,0.5,6.61
127,-0.392451,110.528151,1,0.5,31.03
128,-0.392451,110.53152,2,0.5,31.03
129,-0.392451,110.534888,1,0.5,4.29
130,-0.392451,110.538257,1,0.5,4.29
131,-0.39582,110.363086,1,0.5,5.98
132,-0.39582,110.366454,1,0.5,5.98
133,-0.39582,110.369823,1,0.5,5.98
134,-0.39582,110.410247,2,0.75,32.65
135,-0.39582,110.413616,2,0.75,32.65
136,-0.39582,110.416985,2,0.75,32.65
137,-0.39582,110.447303,1,0.5,6.61
138,-0.39582,110.450671,1,0.5,6.61
139,-0.39582,110.45404,1,0.5,6.61
140,-0.39582,110.507939,1,0.5,46.63
141,-0.39582,110.511308,1,0.5,46.63
142,-0.39582,110.514676,1,0.5,46.63
143,-0.39582,110.528151,1,0.5,31.03
144,-0.39582,110.53152,1,0.5,31.03
145,-0.39582,110.534888,1,0.5,10.97
146,-0.39582,110.538257,1,0.5,10.97
147,-0.39582,110.541626,1,0.5,10.97
148,-0.399189,110.342874,1,0.5,6.94
149,-0.399189,110.346242,1,0.5,6.94
150,-0.399189,110.363086,1,0.5,5.98
151,-0.399189,110.366454,1,0.5,5.98
152,-0.399189,110.369823,1,0.5,5.98
153,-0.399189,110.410247,1,1.0,32.65
154,-0.399189,110.413616,1,1.0,32.65
155,-0.399189,110.416985,1,1.0,32.65
156,-0.399189,110.447303,1,0.5,6.61
157,-0.399189,110.450671,1,0.5,6.61
158,-0.399189,110.45404,1,0.5,6.61
159,-0.399189,110.474252,1,0.5,5.12
160,-0.399189,110.477621,1,0.5,5.12
161,-0.399189,110.507939,2,0.5,46.63
162,-0.399189,110.511308,2,0.5,46.63
163,-0.399189,110.514676,2,0.5,46.63
164,-0.399189,110.528151,1,0.5,31.03
165,-0.399189,110.53152,1,0.5,31.03
166,-0.399189,110.534888,1,0.5,10.97
167,-0.399189,110.538257,1,0.5,10.97
168,-0.399189,110.541626,1,0.5,10.97
169,-0.402558,110.339505,1,0.5,6.94
170,-0.402558,110.342874,1,0.5,6.94
171,-0.402558,110.346242,1,0.5,6.94
172,-0.402558,110.379929,1,0.5,5.16
173,-0.402558,110.383298,1,0.5,5.16
174,-0.402558,110.386666,1,0.5,5.16
175,-0.402558,110.410247,1,0.5,6.31
176,-0.402558,110.413616,1,0.5,6.31
177,-0.402558,110.416985,1,0.5,6.31
178,-0.402558,110.427091,1,0.5,22.99
179,-0.402558,110.430459,1,0.5,22.99
180,-0.402558,110.433828,1,0.5,22.99
181,-0.402558,110.437197,1,0.5,22.99
182,-0.402558,110.440565,1,0.5,22.99
183,-0.402558,110.443934,1,0.5,3.42
184,-0.402558,110.447303,1,0.5,3.42
185,-0.402558,110.450671,1,0.5,3.42
186,-0.402558,110.474252,1,0.5,5.12
187,-0.402558,110.477621,1,0.5,5.12
188,-0.402558,110.507939,2,0.5,46.63
189,-0.402558,110.511308,2,0.5,46.63
190,-0.402558,110.514676,2,0.5,46.63
191,-0.402558,110.524782,1,0.5,10.35
192,-0.402558,110.528151,1,0.5,10.35
193,-0.402558,110.53152,1,0.5,10.35
194,-0.402558,110.534888,1,0.5,10.35
195,-0.405926,110.329399,1,0.5,12.08
196,-0.405926,110.332768,1,0.5,12.08
197,-0.405926,110.379929,1,0.5,5.16
198,-0.405926,110.383298,1,0.5,5.16
199,-0.405926,110.386666,1,0.5,5.16
200,-0.405926,110.410247,1,0.5,6.31
201,-0.405926,110.413616,1,0.5,6.31
202,-0.405926,110.416985,1,0.5,6.31
203,-0.405926,110.427091,1,0.5,22.99
204,-0.405926,110.430459,1,0.5,22.99
205,-0.405926,110.433828,1,0.5,22.99
206,-0.405926,110.437197,1,0.5,22.99
207,-0.405926,110.440565,1,0.5,22.99
208,-0.405926,110.443934,1,0.5,3.42
209,-0.405926,110.447303,1,0.5,3.42
210,-0.405926,110.450671,1,0.5,3.42
211,-0.405926,110.474252,1,0.5,5.12
212,-0.405926,110.477621,1,0.5,5.12
213,-0.405926,110.507939,1,0.5,24.71
214,-0.405926,110.511308,1,0.5,24.71
215,-0.405926,110.514676,1,0.5,16.99
216,-0.405926,110.524782,1,0.5,10.35
217,-0.405926,110.528151,1,0.5,10.35
218,-0.405926,110.53152,1,0.5,10.35
219,-0.405926,110.534888,1,0.5,10.35
220,-0.409295,110.319293,2,0.5,117.11
221,-0.409295,110.322661,2,0.5,117.11
222,-0.409295,110.32603,1,0.5,12.08
223,-0.409295,110.329399,1,0.5,12.08
224,-0.409295,110.332768,1,0.5,12.08
225,-0.409295,110.339505,1,0.5,4.94
226,-0.409295,110.342874,1,0.5,4.94
227,-0.409295,110.346242,1,0.5,4.94
228,-0.409295,110.379929,1,0.5,5.16
229,-0.409295,110.383298,1,0.5,5.16
230,-0.409295,110.386666,1,0.5,5.16
231,-0.409295,110.410247,1,0.5,6.31
232,-0.409295,110.413616,1,0.5,6.31
233,-0.409295,110.416985,2,0.5,17.32
234,-0.409295,110.420353,1,0.5,17.32
235,-0.409295,110.423722,1,0.5,17.32
236,-0.409295,110.427091,1,0.5,22.99
237,-0.409295,110.430459,1,0.5,22.99
238,-0.409295,110.433828,1,0.5,22.99
239,-0.409295,110.437197,1,0.5,22.99
240,-0.409295,110.440565,1,0.5,22.99
241,-0.409295,110.443934,1,0.5,3.42
242,-0.409295,110.447303,1,0.5,3.42
243,-0.409295,110.450671,1,0.5,3.42
244,-0.409295,110.507939,1,0.5,6.61
245,-0.409295,110.511308,1,0.5,6.61
246,-0.409295,110.514676,1,0.5,6.61
247,-0.409295,110.524782,1,0.5,10.35
248,-0.409295,110.528151,1,0.5,10.35
249,-0.409295,110.53152,1,0.5,10.35
250,-0.409295,110.534888,1,0.5,10.35
251,-0.409295,110.555101,1,0.5,3.39
252,-0.409295,110.558469,1,0.5,3.39
253,-0.409295,110.561838,1,0.5,3.39
254,-0.412664,110.319293,2,0.5,117.11
255,-0.412664,110.322661,2,0.5,117.11
256,-0.412664,110.32603,1,0.5,117.11
257,-0.412664,110.339505,1,0.5,4.94
258,-0.412664,110.342874,1,0.5,4.94
259,-0.412664,110.346242,1,0.5,4.94
260,-0.412664,110.416985,2,0.5,17.32
261,-0.412664,110.420353,2,0.75,17.32
262,-0.412664,110.423722,2,0.75,17.32
263,-0.412664,110.427091,2,0.75,17.32
264,-0.412664,110.430459,1,0.5,12.58
265,-0.412664,110.433828,1,0.5,12.58
266,-0.412664,110.437197,1,1.0,13.21
267,-0.412664,110.440565,1,1.0,13.21
268,-0.412664,110.443934,1,1.0,13.21
269,-0.412664,110.447303,1,0.5,11.0
270,-0.412664,110.507939,1,0.5,6.61
271,-0.412664,110.511308,1,0.5,6.61
272,-0.412664,110.514676,1,0.5,6.61
273,-0.412664,110.524782,1,0.5,10.35
274,-0.412664,110.528151,1,0.5,10.35
275,-0.412664,110.53152,1,0.5,10.35
276,-0.412664,110.534888,1,0.5,10.35
277,-0.412664,110.555101,1,0.5,3.39
278,-0.412664,110.558469,1,0.5,3.39
279,-0.412664,110.561838,1,0.5,3.39
280,-0.416032,110.339505,1,0.5,4.94
281,-0.416032,110.342874,1,0.5,4.94
282,-0.416032,110.346242,1,0.5,4.94
283,-0.416032,110.413616,1,0.5,34.06
284,-0.416032,110.416985,3,0.5,34.06
285,-0.416032,110.420353,3,0.67,34.06
286,-0.416032,110.423722,2,0.75,17.32
287,-0.416032,110.427091,2,0.75,17.32
288,-0.416032,110.430459,1,0.5,12.58
289,-0.416032,110.433828,2,0.5,12.58
290,-0.416032,110.437197,1,1.0,13.21
291,-0.416032,110.440565,1,1.0,13.21
292,-0.416032,110.443934,1,1.0,13.21
293,-0.416032,110.447303,1,0.5,11.0
294,-0.416032,110.507939,1,0.5,6.61
295,-0.416032,110.511308,1,0.5,6.61
296,-0.416032,110.514676,1,0.5,6.61
297,-0.416032,110.528151,1,0.5,8.26
298,-0.416032,110.53152,1,0.5,8.26
299,-0.416032,110.534888,1,0.5,8.26
300,-0.416032,110.538257,1,0.5,33.68
301,-0.416032,110.541626,1,0.5,33.68
302,-0.416032,110.544995,1,0.5,33.68
303,-0.416032,110.555101,1,0.5,3.39
304,-0.416032,110.558469,1,0.5,3.39
305,-0.416032,110.561838,1,0.5,3.39
306,-0.419401,110.194652,1,0.5,3.14
307,-0.419401,110.19802,1,0.5,3.14
308,-0.419401,110.413616,1,0.5,34.06
309,-0.419401,110.416985,3,0.5,34.06
310,-0.419401,110.420353,3,0.67,34.06
311,-0.419401,110.423722,2,0.75,17.32
312,-0.419401,110.427091,2,0.75,17.32
313,-0.419401,110.433828,1,0.5,6.48
314,-0.419401,110.437197,1,1.0,13.21
315,-0.419401,110.440565,1,1.0,13.21
316,-0.419401,110.443934,1,1.0,13.21
317,-0.419401,110.447303,1,0.5,11.0
318,-0.419401,110.538257,1,0.5,33.68
319,-0.419401,110.541626,1,0.5,33.68
320,-0.419401,110.544995,1,0.5,33.68
321,-0.419401,110.548363,1,0.5,23.82
322,-0.42277,110.113803,1,0.5,5.12
323,-0.42277,110.117172,1,0.5,5.12
324,-0.42277,110.120541,1,0.5,5.12
325,-0.42277,110.123909,1,0.5,5.12
326,-0.42277,110.194652,1,0.5,3.14
327,-0.42277,110.19802,1,0.5,3.14
328,-0.42277,110.201389,1,0.5,3.14
329,-0.42277,110.413616,1,0.5,34.06
330,-0.42277,110.416985,1,0.5,34.06
331,-0.42277,110.420353,2,0.5,34.06
332,-0.42277,110.423722,2,0.5,3.79
333,-0.42277,110.427091,2,0.5,3.79
334,-0.42277,110.430459,1,0.5,3.79
335,-0.42277,110.433828,1,0.5,6.48
336,-0.42277,110.437197,1,1.0,13.21
337,-0.42277,110.440565,1,1.0,13.21
338,-0.42277,110.443934,1,1.0,13.21
339,-0.42277,110.447303,1,0.5,11.0
340,-0.42277,110.538257,1,0.5,33.68
341,-0.42277,110.541626,1,0.5,33.68
342,-0.42277,110.544995,1,0.5,33.68
343,-0.42277,110.548363,1,0.5,23.82
344,-0.426138,110.194652,1,0.5,3.14
345,-0.426138,110.19802,1,0.5,3.14
346,-0.426138,110.201389,1,0.5,3.14
347,-0.426138,110.423722,1,0.5,3.79
348,-0.426138,110.427091,1,0.5,3.79
349,-0.426138,110.430459,1,0.5,3.79
350,-0.426138,110.450671,1,0.5,7.57
351,-0.426138,110.45404,1,0.5,7.57
352,-0.426138,110.457409,1,0.5,7.57
353,-0.426138,110.460777,1,0.5,6.45
354,-0.429507,110.228338,1,0.5,12.15
355,-0.429507,110.231707,1,0.5,12.15
356,-0.429507,110.420353,1,0.5,5.16
357,-0.429507,110.423722,3,0.5,8.24
358,-0.429507,110.427091,3,0.5,8.24
359,-0.429507,110.430459,2,0.5,8.24
360,-0.429507,110.450671,1,0.5,7.57
361,-0.429507,110.45404,1,0.5,7.57
362,-0.429507,110.457409,1,0.5,7.57
363,-0.429507,110.460777,1,0.5,6.45
364,-0.429507,110.470884,1,0.5,6.29
365,-0.429507,110.474252,1,0.5,6.29
366,-0.429507,110.477621,1,0.5,6.29
367,-0.432876,110.157596,1,0.5,1.89
368,-0.432876,110.160965,1,0.5,1.89
369,-0.432876,110.349611,1,0.5,6.72
370,-0.432876,110.35298,1,0.5,6.72
371,-0.432876,110.356348,1,0.5,6.72
372,-0.432876,110.420353,1,0.5,5.16
373,-0.432876,110.423722,2,0.5,8.24
374,-0.432876,110.427091,2,0.5,8.24
375,-0.432876,110.430459,1,0.5,8.24
376,-0.432876,110.470884,1,0.5,6.29
377,-0.432876,110.474252,1,0.5,6.29
378,-0.432876,110.477621,1,0.5,6.29
379,-0.436244,110.154227,1,0.5,1.89
380,-0.436244,110.157596,1,0.5,1.89
381,-0.436244,110.160965,1,0.5,1.89
382,-0.436244,110.2755,2,0.75,29.0
383,-0.436244,110.278869,2,0.5,29.0
384,-0.436244,110.349611,2,0.5,6.72
385,-0.436244,110.35298,2,0.5,6.72
386,-0.436244,110.356348,2,0.5,6.72
387,-0.436244,110.420353,1,0.5,5.16
388,-0.436244,110.423722,2,0.5,8.24
389,-0.436244,110.427091,2,0.5,8.24
390,-0.436244,110.430459,1,0.5,8.24
391,-0.436244,110.443934,1,0.5,5.3
392,-0.436244,110.447303,1,0.5,5.3
393,-0.436244,110.450671,1,0.5,5.3
394,-0.436244,110.470884,1,0.5,6.29
395,-0.436244,110.474252,1,0.5,6.29
396,-0.436244,110.477621,1,0.5,6.29
397,-0.436244,110.484358,1,0.5,3.55
398,-0.436244,110.487727,1,0.5,3.55
399,-0.436244,110.491096,1,0.5,3.55
400,-0.436244,110.561838,1,0.5,3.98
401,-0.436244,110.565207,1,0.5,3.98
402,-0.436244,110.568575,1,0.5,3.98
403,-0.439613,110.272131,1,1.0,15.83
404,-0.439613,110.2755,1,1.0,15.83
405,-0.439613,110.278869,1,0.5,12.03
406,-0.439613,110.309187,1,0.5,3.63
407,-0.439613,110.315924,1,1.0,17.17
408,-0.439613,110.319293,1,1.0,17.17
409,-0.439613,110.322661,1,1.0,17.17
410,-0.439613,110.349611,2,0.5,6.72
411,-0.439613,110.35298,2,0.5,6.72
412,-0.439613,110.356348,2,0.5,6.72
413,-0.439613,110.40351,1,0.5,2.36
414,-0.439613,110.406879,1,0.5,2.36
415,-0.439613,110.410247,1,0.5,2.36
416,-0.439613,110.420353,1,0.5,5.16
417,-0.439613,110.423722,1,0.5,5.16
418,-0.439613,110.427091,1,0.5,5.16
419,-0.439613,110.443934,1,0.5,5.3
420,-0.439613,110.447303,1,0.5,5.3
421,-0.439613,110.450671,1,0.5,5.3
422,-0.439613,110.484358,1,0.5,3.55
423,-0.439613,110.487727,1,0.5,3.55
424,-0.439613,110.491096,1,0.5,3.55
425,-0.439613,110.561838,1,0.5,3.98
426,-0.439613,110.565207,1,0.5,3.98
427,-0.439613,110.568575,1,0.5,3.98
428,-0.442982,110.272131,1,1.0,15.83
429,-0.442982,110.2755,2,0.75,15.83
430,-0.442982,110.278869,3,0.5,35.8
431,-0.442982,110.282237,2,0.5,35.8
432,-0.442982,110.285606,2,0.5,35.8
433,-0.442982,110.288975,2,0.5,30.73
434,-0.442982,110.292343,1,1.0,45.69
435,-0.442982,110.305818,1,0.5,3.63
436,-0.442982,110.309187,1,0.5,3.63
437,-0.442982,110.315924,1,1.0,17.17
438,-0.442982,110.319293,1,1.0,17.17
439,-0.442982,110.322661,1,1.0,17.17
440,-0.442982,110.329399,1,0.5,3.47
441,-0.442982,110.332768,1,0.5,3.47
442,-0.442982,110.349611,1,0.5,6.15
443,-0.442982,110.35298,1,0.5,6.15
444,-0.442982,110.356348,2,0.5,96.64
445,-0.442982,110.359717,1,0.5,96.64
446,-0.442982,110.363086,1,0.5,96.64
447,-0.442982,110.40351,1,0.5,2.36
448,-0.442982,110.406879,1,0.5,2.36
449,-0.442982,110.410247,1,0.5,2.36
450,-0.442982,110.443934,1,0.5,5.3
451,-0.442982,110.447303,1,0.5,5.3
452,-0.442982,110.450671,1,0.5,5.3
453,-0.442982,110.484358,1,0.5,3.55
454,-0.442982,110.487727,1,0.5,3.55
455,-0.442982,110.491096,1,0.5,3.55
456,-0.442982,110.507939,1,0.5,8.02
457,-0.442982,110.511308,1,0.5,8.02
458,-0.442982,110.514676,1,0.5,8.02
459,-0.44635,110.2755,1,0.5,10.35
460,-0.44635,110.278869,2,0.5,35.8
461,-0.44635,110.282237,2,0.5,35.8
462,-0.44635,110.285606,2,0.5,35.8
463,-0.44635,110.288975,2,0.75,30.73
464,-0.44635,110.292343,2,0.75,30.73
465,-0.44635,110.295712,2,0.75,30.73
466,-0.44635,110.305818,1,0.5,3.63
467,-0.44635,110.309187,1,0.5,3.63
468,-0.44635,110.315924,1,1.0,17.17
469,-0.44635,110.319293,1,1.0,17.17
470,-0.44635,110.322661,1,1.0,17.17
471,-0.44635,110.329399,1,0.5,3.47
472,-0.44635,110.332768,1,0.5,3.47
473,-0.44635,110.356348,1,0.5,96.64
474,-0.44635,110.359717,1,0.5,96.64
475,-0.44635,110.363086,1,0.5,96.64
476,-0.44635,110.40351,1,0.5,2.36
477,-0.44635,110.406879,1,0.5,2.36
478,-0.44635,110.410247,1,0.5,2.36
479,-0.44635,110.484358,1,0.5,3.55
480,-0.44635,110.487727,1,0.5,3.55
481,-0.44635,110.491096,1,0.5,3.55
482,-0.44635,110.507939,1,0.5,8.02
483,-0.44635,110.511308,1,0.5,8.02
484,-0.44635,110.514676,1,0.5,8.02
485,-0.449719,110.157596,1,0.5,30.37
486,-0.449719,110.160965,1,0.5,30.37
487,-0.449719,110.164333,1,0.5,30.37
488,-0.449719,110.272131,1,0.5,3.48
489,-0.449719,110.2755,1,0.5,3.48
490,-0.449719,110.278869,2,0.5,35.8
491,-0.449719,110.282237,2,0.5,35.8
492,-0.449719,110.285606,2,0.5,35.8
493,-0.449719,110.288975,2,0.75,30.73
494,-0.449719,110.292343,2,0.75,30.73
495,-0.449719,110.295712,2,0.75,30.73
496,-0.449719,110.299081,1,0.5,6.76
497,-0.449719,110.329399,1,0.5,3.47
498,-0.449719,110.332768,1,0.5,3.47
499,-0.449719,110.356348,1,0.5,96.64
500,-0.449719,110.359717,1,0.5,96.64
501,-0.449719,110.363086,1,0.5,96.64
502,-0.449719,110.379929,1,1.0,12.1
503,-0.449719,110.383298,1,1.0,12.1
504,-0.449719,110.386666,1,1.0,12.1
505,-0.449719,110.437197,1,0.5,3.7
506,-0.449719,110.440565,1,0.5,6.03
507,-0.449719,110.443934,1,0.5,6.03
508,-0.449719,110.447303,1,0.5,6.03
509,-0.449719,110.507939,1,0.5,8.02
510,-0.449719,110.511308,1,0.5,8.02
511,-0.449719,110.514676,1,0.5,8.02
512,-0.449719,110.524782,1,0.5,3.86
513,-0.449719,110.528151,1,0.5,3.86
514,-0.453088,110.157596,1,0.5,30.37
515,-0.453088,110.160965,1,0.5,30.37
516,-0.453088,110.164333,1,0.5,30.37
517,-0.453088,110.272131,1,0.5,3.48
518,-0.453088,110.2755,1,0.5,3.48
519,-0.453088,110.278869,1,0.5,3.48
520,-0.453088,110.288975,1,1.0,30.73
521,-0.453088,110.292343,1,1.0,30.73
522,-0.453088,110.295712,2,0.75,30.73
523,-0.453088,110.299081,1,0.5,6.76
524,-0.453088,110.329399,1,0.5,3.47
525,-0.453088,110.332768,1,0.5,3.47
526,-0.453088,110.379929,1,1.0,12.1
527,-0.453088,110.383298,1,1.0,12.1
528,-0.453088,110.386666,1,1.0,12.1
529,-0.453088,110.437197,1,0.5,3.7
530,-0.453088,110.440565,1,0.5,6.03
531,-0.453088,110.443934,1,0.5,6.03
532,-0.453088,110.447303,1,0.5,6.03
533,-0.453088,110.470884,1,0.5,9.35
534,-0.453088,110.474252,1,0.5,9.35
535,-0.453088,110.477621,1,0.5,9.35
536,-0.453088,110.524782,1,0.5,3.86
537,-0.453088,110.528151,1,0.5,3.86
538,-0.453088,110.58205,1,0.5,3.23
539,-0.453088,110.585419,1,0.5,3.23
540,-0.456456,110.295712,1,0.5,6.76
541,-0.456456,110.299081,1,0.5,6.76
542,-0.456456,110.302449,1,0.5,3.01
543,-0.456456,110.379929,1,1.0,12.1
544,-0.456456,110.383298,1,1.0,12.1
545,-0.456456,110.386666,1,1.0,12.1
546,-0.456456,110.437197,1,0.5,3.7
547,-0.456456,110.440565,1,0.5,3.7
548,-0.456456,110.443934,1,0.5,3.7
549,-0.456456,110.467515,1,0.5,8.54
550,-0.456456,110.470884,2,0.5,9.35
551,-0.456456,110.474252,2,0.5,9.35
552,-0.456456,110.477621,1,0.5,9.35
553,-0.456456,110.58205,1,0.5,3.23
554,-0.456456,110.585419,1,0.5,3.23
555,-0.459825,110.140753,1,0.5,4.16
556,-0.459825,110.144121,1,0.5,4.16
557,-0.459825,110.295712,1,0.5,3.01
558,-0.459825,110.299081,1,0.5,3.01
559,-0.459825,110.302449,1,0.5,3.01
560,-0.459825,110.336136,1,0.5,8.78
561,-0.459825,110.339505,1,0.5,8.78
562,-0.459825,110.342874,1,0.5,8.78
563,-0.459825,110.35298,1,0.5,3.75
564,-0.459825,110.356348,1,0.5,3.75
565,-0.459825,110.359717,1,0.5,3.75
566,-0.459825,110.467515,1,0.5,8.54
567,-0.459825,110.470884,2,0.5,10.08
568,-0.459825,110.474252,2,0.5,10.08
569,-0.459825,110.477621,1,0.5,10.08
570,-0.463194,110.009374,1,0.5,6.42
571,-0.463194,110.140753,1,0.5,4.16
572,-0.463194,110.144121,1,0.5,4.16
573,-0.463194,110.295712,1,0.5,3.01
574,-0.463194,110.299081,1,0.5,3.01
575,-0.463194,110.302449,1,0.5,3.01
576,-0.463194,110.322661,1,0.5,4.09
577,-0.463194,110.32603,1,0.5,4.09
578,-0.463194,110.329399,1,0.5,4.09
579,-0.463194,110.336136,1,0.5,8.78
580,-0.463194,110.339505,1,0.5,8.78
581,-0.463194,110.342874,1,0.5,8.78
582,-0.463194,110.35298,1,0.5,3.75
583,-0.463194,110.356348,1,0.5,3.75
584,-0.463194,110.359717,1,0.5,3.75
585,-0.463194,110.400141,1,0.5,3.46
586,-0.463194,110.40351,1,0.5,3.46
587,-0.463194,110.406879,1,0.5,3.46
588,-0.463194,110.416985,1,0.5,4.73
589,-0.463194,110.420353,1,0.5,4.73
590,-0.463194,110.423722,1,0.5,4.73
591,-0.463194,110.467515,1,0.5,8.54
592,-0.463194,110.470884,1,0.5,8.54
593,-0.463194,110.474252,1,0.5,8.54
594,-0.466563,110.006005,1,0.5,14.97
595,-0.466563,110.009374,1,0.5,6.42
596,-0.466563,110.01948,1,0.5,19.05
597,-0.466563,110.022849,1,0.5,19.05
598,-0.466563,110.026217,1,0.5,19.05
599,-0.466563,110.110435,1,0.5,73.72
600,-0.466563,110.113803,1,0.5,73.72
601,-0.466563,110.117172,1,0.5,73.72
602,-0.466563,110.140753,1,0.5,4.16
603,-0.466563,110.144121,1,0.5,4.16
604,-0.466563,110.322661,1,0.5,4.09
605,-0.466563,110.32603,1,0.5,4.09
606,-0.466563,110.329399,1,0.5,4.09
607,-0.466563,110.336136,1,0.5,8.78
608,-0.466563,110.339505,1,0.5,8.78
609,-0.466563,110.342874,1,0.5,8.78
610,-0.466563,110.35298,1,0.5,3.75
611,-0.466563,110.356348,1,0.5,3.75
612,-0.466563,110.359717,1,0.5,3.75
613,-0.466563,110.366454,1,0.5,2.47
614,-0.466563,110.369823,1,0.5,2.47
615,-0.466563,110.400141,1,0.5,3.46
616,-0.466563,110.40351,1,0.5,3.46
617,-0.466563,110.406879,1,0.5,3.46
618,-0.466563,110.416985,2,0.5,4.73
619,-0.466563,110.420353,2,0.5,4.73
620,-0.466563,110.423722,2,0.5,4.73
621,-0.466563,110.440565,1,0.5,6.72
622,-0.466563,110.443934,1,0.5,6.72
623,-0.466563,110.585419,2,0.5,3.37
624,-0.466563,110.588787,2,0.5,3.37
625,-0.466563,110.592156,1,0.5,3.37
626,-0.469931,110.006005,1,0.5,6.42
627,-0.469931,110.009374,1,0.5,6.42
628,-0.469931,110.01948,1,0.5,19.05
629,-0.469931,110.022849,1,0.5,19.05
630,-0.469931,110.026217,1,0.5,19.05
631,-0.469931,110.107066,1,0.5,107.81
632,-0.469931,110.110435,1,0.5,107.81
633,-0.469931,110.113803,1,0.5,107.81
634,-0.469931,110.117172,1,0.5,73.72
635,-0.469931,110.336136,1,0.5,8.78
636,-0.469931,110.339505,1,0.5,8.78
637,-0.469931,110.342874,1,0.5,8.78
638,-0.469931,110.366454,1,0.5,2.47
639,-0.469931,110.369823,1,0.5,2.47
640,-0.469931,110.373192,1,0.5,15.59
641,-0.469931,110.37656,1,0.5,15.59
642,-0.469931,110.379929,1,0.5,15.59
643,-0.469931,110.400141,1,0.5,3.46
644,-0.469931,110.40351,1,0.5,3.46
645,-0.469931,110.406879,1,0.5,3.46
646,-0.469931,110.416985,2,0.5,5.18
647,-0.469931,110.420353,2,0.5,5.18
648,-0.469931,110.423722,2,0.5,5.18
649,-0.469931,110.427091,1,0.5,3.51
650,-0.469931,110.430459,1,0.5,3.51
651,-0.469931,110.440565,1,0.5,6.72
652,-0.469931,110.443934,1,0.5,6.72
653,-0.469931,110.484358,1,0.5,3.46
654,-0.469931,110.487727,1,0.5,3.46
655,-0.469931,110.491096,1,0.5,3.46
656,-0.469931,110.585419,2,0.5,3.37
657,-0.469931,110.588787,2,0.5,3.37
658,-0.469931,110.592156,1,0.5,3.37
659,-0.4733,110.107066,1,0.5,107.81
660,-0.4733,110.110435,1,0.5,107.81
661,-0.4733,110.113803,1,0.5,107.81
662,-0.4733,110.117172,1,0.5,73.72
663,-0.4733,110.366454,1,0.5,2.47
664,-0.4733,110.369823,1,0.5,2.47
665,-0.4733,110.373192,1,0.5,15.59
666,-0.4733,110.37656,1,0.5,15.59
667,-0.4733,110.379929,1,0.5,15.59
668,-0.4733,110.386666,1,0.5,4.39
669,-0.4733,110.390035,1,0.5,4.39
670,-0.4733,110.393404,1,0.5,4.39
671,-0.4733,110.416985,1,0.5,4.08
672,-0.4733,110.420353,1,0.5,4.08
673,-0.4733,110.423722,2,0.5,4.08
674,-0.4733,110.427091,1,0.5,3.51
675,-0.4733,110.430459,1,0.5,3.51
676,-0.4733,110.440565,1,0.5,6.72
677,-0.4733,110.443934,1,0.5,6.72
678,-0.4733,110.457409,1,0.5,8.71
679,-0.4733,110.460777,1,0.5,8.71
680,-0.4733,110.464146,1,0.5,8.71
681,-0.4733,110.484358,1,0.5,3.46
682,-0.4733,110.487727,2,0.5,6.05
683,-0.4733,110.491096,2,0.5,6.05
684,-0.4733,110.494464,1,0.5,6.05
685,-0.4733,110.497833,1,0.5,3.71
686,-0.4733,110.501202,2,0.5,6.17
687,-0.4733,110.50457,2,0.5,6.17
688,-0.4733,110.507939,1,0.5,6.17
689,-0.4733,110.544995,1,0.5,15.36
690,-0.4733,110.548363,1,0.5,15.36
691,-0.4733,110.551732,1,0.5,15.36
692,-0.4733,110.585419,1,0.5,2.66
693,-0.4733,110.588787,1,0.5,2.66
694,-0.476669,110.107066,1,0.5,107.81
695,-0.476669,110.110435,1,0.5,107.81
696,-0.476669,110.113803,1,0.5,107.81
697,-0.476669,110.117172,1,0.5,73.72
698,-0.476669,110.386666,1,0.5,26.9
699,-0.476669,110.390035,2,0.5,26.9
700,-0.476669,110.393404,2,0.5,26.9
701,-0.476669,110.396773,1,0.5,6.37
702,-0.476669,110.423722,1,0.5,3.51
703,-0.476669,110.427091,1,0.5,3.51
704,-0.476669,110.430459,1,0.5,3.51
705,-0.476669,110.450671,1,0.5,4.91
706,-0.476669,110.45404,1,0.5,4.91
707,-0.476669,110.457409,2,0.5,8.71
708,-0.476669,110.460777,1,0.5,8.71
709,-0.476669,110.464146,1,0.5,8.71
710,-0.476669,110.484358,1,0.5,47.02
711,-0.476669,110.487727,2,0.5,47.02
712,-0.476669,110.491096,1,0.5,6.05
713,-0.476669,110.494464,1,0.5,6.05
714,-0.476669,110.497833,1,0.5,3.71
715,-0.476669,110.501202,2,0.5,6.17
716,-0.476669,110.50457,2,0.5,6.17
717,-0.476669,110.507939,1,0.5,6.17
718,-0.476669,110.538257,1,0.5,17.18
719,-0.476669,110.541626,1,0.5,17.18
720,-0.476669,110.544995,2,0.5,17.18
721,-0.476669,110.548363,1,0.5,15.36
722,-0.476669,110.551732,1,0.5,15.36
723,-0.480037,110.107066,1,0.5,3.27
724,-0.480037,110.110435,1,0.5,3.27
725,-0.480037,110.113803,1,0.5,3.27
726,-0.480037,110.117172,1,0.5,7.05
727,-0.480037,110.120541,1,0.5,7.05
728,-0.480037,110.379929,1,0.5,24.71
729,-0.480037,110.383298,1,0.5,24.71
730,-0.480037,110.386666,2,0.5,26.9
731,-0.480037,110.390035,3,0.5,26.9
732,-0.480037,110.393404,4,0.5,26.9
733,-0.480037,110.396773,2,0.5,11.27
734,-0.480037,110.400141,1,0.5,11.27
735,-0.480037,110.450671,1,0.5,4.91
736,-0.480037,110.45404,1,0.5,4.91
737,-0.480037,110.457409,2,0.5,4.91
738,-0.480037,110.460777,1,0.5,4.44
739,-0.480037,110.464146,1,0.5,4.44
740,-0.480037,110.470884,1,0.5,5.8
741,-0.480037,110.474252,1,0.5,5.8
742,-0.480037,110.477621,1,0.5,5.8
743,-0.480037,110.48099,1,0.5,5.8
744,-0.480037,110.484358,1,0.5,47.02
745,-0.480037,110.487727,2,0.5,47.02
746,-0.480037,110.491096,1,0.5,6.05
747,-0.480037,110.494464,1,0.5,6.05
748,-0.480037,110.497833,1,0.5,3.71
749,-0.480037,110.501202,2,0.5,6.17
750,-0.480037,110.50457,2,0.5,6.17
751,-0.480037,110.507939,1,0.5,6.17
752,-0.480037,110.511308,1,0.5,6.56
753,-0.480037,110.514676,1,0.5,6.56
754,-0.480037,110.518045,2,0.5,7.11
755,-0.480037,110.521414,1,0.5,7.11
756,-0.480037,110.524782,1,0.5,7.11
757,-0.480037,110.538257,1,0.5,13.42
758,-0.480037,110.541626,1,0.5,13.42
759,-0.480037,110.544995,2,0.5,13.42
760,-0.480037,110.548363,1,0.5,4.52
761,-0.480037,110.551732,1,0.5,4.52
762,-0.483406,110.107066,1,0.5,3.27
763,-0.483406,110.110435,1,0.5,3.27
764,-0.483406,110.113803,1,0.5,3.27
765,-0.483406,110.117172,1,0.5,7.05
766,-0.483406,110.120541,1,0.5,7.05
767,-0.483406,110.302449,1,0.5,5.04
768,-0.483406,110.305818,1,0.5,5.04
769,-0.483406,110.309187,1,0.5,5.04
770,-0.483406,110.379929,1,0.5,24.71
771,-0.483406,110.383298,1,0.5,24.71
772,-0.483406,110.386666,2,0.5,26.9
773,-0.483406,110.390035,3,0.5,26.9
774,-0.483406,110.393404,5,0.5,26.9
775,-0.483406,110.396773,3,0.5,11.27
776,-0.483406,110.400141,1,0.5,11.27
777,-0.483406,110.433828,1,0.5,9.1
778,-0.483406,110.437197,1,0.5,9.1
779,-0.483406,110.440565,1,0.5,9.1
780,-0.483406,110.443934,1,0.5,8.09
781,-0.483406,110.447303,1,0.5,8.09
782,-0.483406,110.450671,2,0.5,8.09
783,-0.483406,110.45404,1,0.5,4.91
784,-0.483406,110.457409,2,0.5,4.91
785,-0.483406,110.460777,1,0.5,4.44
786,-0.483406,110.464146,1,0.5,4.44
787,-0.483406,110.470884,1,0.5,5.8
788,-0.483406,110.474252,1,0.5,5.8
789,-0.483406,110.477621,1,0.5,5.8
790,-0.483406,110.48099,1,0.5,5.8
791,-0.483406,110.484358,1,0.5,16.25
792,-0.483406,110.487727,1,0.5,16.25
793,-0.483406,110.491096,2,0.5,16.25
794,-0.483406,110.494464,1,0.5,16.59
795,-0.483406,110.497833,1,0.5,13.85
796,-0.483406,110.501202,1,0.5,13.85
797,-0.483406,110.50457,1,0.5,13.85
798,-0.483406,110.511308,1,0.5,6.56
799,-0.483406,110.514676,1,0.5,6.56
800,-0.483406,110.518045,2,0.5,7.11
801,-0.483406,110.521414,1,0.5,7.11
802,-0.483406,110.524782,1,0.5,7.11
803,-0.483406,110.53152,1,0.5,5.45
804,-0.483406,110.534888,1,0.5,7.46
805,-0.483406,110.538257,1,0.5,7.46
806,-0.483406,110.541626,1,0.5,7.46
807,-0.483406,110.544995,1,0.5,13.42
808,-0.486775,109.985793,1,0.5,3.96
809,-0.486775,110.107066,1,0.5,3.27
810,-0.486775,110.110435,1,0.5,3.27
811,-0.486775,110.113803,1,0.5,3.27
812,-0.486775,110.117172,1,0.5,6.26
813,-0.486775,110.120541,1,0.5,6.26
814,-0.486775,110.123909,1,0.5,6.26
815,-0.486775,110.302449,1,0.5,5.04
816,-0.486775,110.305818,1,0.5,5.04
817,-0.486775,110.309187,1,0.5,5.04
818,-0.486775,110.379929,1,0.5,24.71
819,-0.486775,110.383298,1,0.5,24.71
820,-0.486775,110.386666,1,0.5,24.71
821,-0.486775,110.390035,2,0.5,19.2
822,-0.486775,110.393404,3,0.5,19.2
823,-0.486775,110.396773,2,0.5,6.37
824,-0.486775,110.433828,1,0.5,9.1
825,-0.486775,110.437197,1,0.5,9.1
826,-0.486775,110.440565,1,0.5,9.1
827,-0.486775,110.443934,1,0.5,8.09
828,-0.486775,110.447303,1,0.5,8.09
829,-0.486775,110.450671,1,0.5,8.09
830,-0.486775,110.457409,1,0.5,4.44
831,-0.486775,110.460777,1,0.5,4.44
832,-0.486775,110.464146,1,0.5,4.44
833,-0.486775,110.470884,1,0.5,5.8
834,-0.486775,110.474252,1,0.5,5.8
835,-0.486775,110.477621,2,0.5,5.8
836,-0.486775,110.48099,2,0.5,5.8
837,-0.486775,110.484358,3,0.5,16.25
838,-0.486775,110.487727,2,0.5,16.25
839,-0.486775,110.491096,3,0.5,16.25
840,-0.486775,110.494464,2,0.5,16.59
841,-0.486775,110.497833,2,0.5,13.85
842,-0.486775,110.501202,1,0.5,13.85
843,-0.486775,110.50457,1,0.5,13.85
844,-0.486775,110.511308,1,0.5,6.56
845,-0.486775,110.514676,1,0.5,6.56
846,-0.486775,110.518045,2,0.5,7.11
847,-0.486775,110.521414,1,0.5,7.11
848,-0.486775,110.524782,1,0.5,7.11
849,-0.486775,110.53152,1,0.5,5.45
850,-0.486775,110.534888,1,0.5,7.46
851,-0.486775,110.538257,1,0.5,7.46
852,-0.486775,110.541626,1,0.5,7.46
853,-0.486775,110.544995,1,0.5,13.42
854,-0.486775,110.565207,1,0.5,9.9
855,-0.486775,110.568575,1,0.5,9.9
856,-0.486775,110.571944,1,0.5,9.9
857,-0.490143,109.982425,1,0.5,3.96
858,-0.490143,109.985793,1,0.5,3.96
859,-0.490143,110.110435,1,0.5,55.46
860,-0.490143,110.113803,1,0.5,55.46
861,-0.490143,110.117172,2,0.5,55.46
862,-0.490143,110.120541,1,0.5,6.26
863,-0.490143,110.123909,1,0.5,6.26
864,-0.490143,110.127278,1,0.5,8.39
865,-0.490143,110.130647,1,0.5,8.39
866,-0.490143,110.134015,1,0.5,8.39
867,-0.490143,110.302449,1,0.5,5.04
868,-0.490143,110.305818,1,0.5,5.04
869,-0.490143,110.309187,1,0.5,5.04
870,-0.490143,110.393404,1,0.5,4.72
871,-0.490143,110.396773,1,0.5,4.72
872,-0.490143,110.443934,1,0.5,8.09
873,-0.490143,110.447303,1,0.5,8.09
874,-0.490143,110.450671,1,0.5,8.09
875,-0.490143,110.457409,1,0.5,5.72
876,-0.490143,110.460777,2,0.5,5.72
877,-0.490143,110.464146,1,0.5,3.2
878,-0.490143,110.467515,1,0.5,3.2
879,-0.490143,110.470884,1,0.5,5.8
880,-0.490143,110.474252,1,0.5,5.8
881,-0.490143,110.477621,2,0.5,5.8
882,-0.490143,110.48099,2,0.5,5.8
883,-0.490143,110.484358,3,0.5,16.25
884,-0.490143,110.487727,3,0.5,32.89
885,-0.490143,110.491096,4,0.5,32.89
886,-0.490143,110.494464,3,0.5,32.89
887,-0.490143,110.497833,2,0.5,13.85
888,-0.490143,110.501202,1,0.5,13.85
889,-0.490143,110.50457,2,0.5,13.85
890,-0.490143,110.507939,1,0.5,10.93
891,-0.490143,110.511308,1,0.5,10.93
892,-0.490143,110.518045,1,0.5,10.14
893,-0.490143,110.521414,1,0.5,10.14
894,-0.490143,110.524782,1,0.5,10.14
895,-0.490143,110.53152,1,0.5,5.45
896,-0.490143,110.534888,1,0.5,7.46
897,-0.490143,110.538257,1,0.5,7.46
898,-0.490143,110.541626,1,0.5,7.46
899,-0.490143,110.551732,1,0.5,13.58
900,-0.490143,110.555101,1,0.5,13.58
901,-0.490143,110.558469,1,0.5,13.58
902,-0.490143,110.565207,1,0.5,9.9
903,-0.490143,110.568575,1,0.5,9.9
904,-0.490143,110.571944,1,0.5,9.9
905,-0.493512,109.979056,1,0.5,3.96
906,-0.493512,109.982425,1,0.5,3.96
907,-0.493512,109.985793,1,0.5,3.96
908,-0.493512,110.110435,1,0.5,55.46
909,-0.493512,110.113803,1,0.5,55.46
910,-0.493512,110.117172,2,0.5,55.46
911,-0.493512,110.120541,1,0.5,6.26
912,-0.493512,110.123909,1,0.5,6.26
913,-0.493512,110.127278,1,0.5,8.39
914,-0.493512,110.130647,1,0.5,8.39
915,-0.493512,110.134015,1,0.5,8.39
916,-0.493512,110.302449,1,0.5,5.04
917,-0.493512,110.305818,1,0.5,5.04
918,-0.493512,110.309187,1,0.5,5.04
919,-0.493512,110.332768,1,0.5,3.87
920,-0.493512,110.336136,1,0.5,3.87
921,-0.493512,110.339505,1,0.5,3.87
922,-0.493512,110.433828,1,0.5,24.64
923,-0.493512,110.437197,1,0.5,24.64
924,-0.493512,110.460777,1,0.5,3.2
925,-0.493512,110.464146,1,0.5,3.2
926,-0.493512,110.467515,1,0.5,3.2
927,-0.493512,110.477621,1,0.5,4.05
928,-0.493512,110.48099,1,0.5,4.05
929,-0.493512,110.484358,1,0.5,4.05
930,-0.493512,110.487727,1,0.5,32.89
931,-0.493512,110.491096,2,0.5,32.89
932,-0.493512,110.494464,2,0.5,32.89
933,-0.493512,110.497833,1,0.5,10.84
934,-0.493512,110.50457,2,0.5,10.93
935,-0.493512,110.507939,2,0.5,10.93
936,-0.493512,110.511308,1,0.5,10.93
937,-0.493512,110.518045,1,0.5,10.14
938,-0.493512,110.521414,1,0.5,10.14
939,-0.493512,110.524782,1,0.5,10.14
940,-0.493512,110.551732,1,0.5,13.58
941,-0.493512,110.555101,1,0.5,13.58
942,-0.493512,110.558469,1,0.5,13.58
943,-0.496881,110.103697,1,0.5,5.65
944,-0.496881,110.107066,1,0.5,5.65
945,-0.496881,110.110435,2,0.5,55.46
946,-0.496881,110.113803,1,0.5,55.46
947,-0.496881,110.117172,1,0.5,55.46
948,-0.496881,110.134015,1,0.5,7.1
949,-0.496881,110.137384,1,0.5,7.1
950,-0.496881,110.140753,1,0.5,7.1
951,-0.496881,110.150859,1,0.5,5.36
952,-0.496881,110.154227,1,0.5,5.36
953,-0.496881,110.157596,1,0.5,5.36
954,-0.496881,110.164333,1,0.5,34.01
955,-0.496881,110.167702,1,0.5,34.01
956,-0.496881,110.171071,1,0.5,34.01
957,-0.496881,110.299081,1,0.5,5.96
958,-0.496881,110.302449,1,0.5,5.96
959,-0.496881,110.305818,1,0.5,4.49
960,-0.496881,110.309187,1,0.5,4.49
961,-0.496881,110.332768,1,0.5,3.87
962,-0.496881,110.336136,1,0.5,3.87
963,-0.496881,110.339505,1,0.5,3.87
964,-0.496881,110.433828,1,0.5,24.64
965,-0.496881,110.437197,1,0.5,24.64
966,-0.496881,110.460777,1,0.5,3.2
967,-0.496881,110.464146,1,0.5,3.2
968,-0.496881,110.467515,2,0.5,4.34
969,-0.496881,110.470884,1,0.5,4.34
970,-0.496881,110.474252,1,0.5,4.34
971,-0.496881,110.477621,1,0.5,4.34
972,-0.496881,110.487727,1,0.5,32.89
973,-0.496881,110.491096,1,0.5,32.89
974,-0.496881,110.494464,1,0.5,32.89
975,-0.496881,110.50457,2,0.5,10.93
976,-0.496881,110.507939,2,0.5,10.93
977,-0.496881,110.511308,1,0.5,10.93
978,-0.496881,110.541626,1,0.5,5.7
979,-0.496881,110.544995,1,0.5,5.7
980,-0.496881,110.548363,1,0.5,5.7
981,-0.496881,110.551732,1,0.5,13.58
982,-0.496881,110.555101,1,0.5,13.58
983,-0.496881,110.558469,1,0.5,13.58
984,-0.500249,110.103697,1,0.5,5.65
985,-0.500249,110.107066,1,0.5,5.65
986,-0.500249,110.110435,1,0.5,5.65
987,-0.500249,110.130647,1,0.5,7.85
988,-0.500249,110.134015,2,0.5,7.85
989,-0.500249,110.137384,2,0.5,7.85
990,-0.500249,110.140753,1,0.5,7.1
991,-0.500249,110.150859,1,0.5,5.36
992,-0.500249,110.154227,2,0.5,52.58
993,-0.500249,110.157596,2,0.5,52.58
994,-0.500249,110.160965,1,0.5,52.58
995,-0.500249,110.164333,1,0.5,34.01
996,-0.500249,110.167702,1,0.5,34.01
997,-0.500249,110.171071,1,0.5,34.01
998,-0.500249,110.299081,1,0.5,5.96
999,-0.500249,110.302449,1,0.5,5.96
1000,-0.500249,110.305818,1,0.5,4.49
1001,-0.500249,110.309187,1,0.5,4.49
1002,-0.500249,110.433828,1,0.5,24.64
1003,-0.500249,110.437197,1,0.5,24.64
1004,-0.500249,110.467515,1,0.5,4.34
1005,-0.500249,110.470884,1,0.5,4.34
1006,-0.500249,110.474252,1,0.5,4.34
1007,-0.500249,110.477621,1,0.5,4.34
1008,-0.500249,110.491096,1,0.5,2.81
1009,-0.500249,110.494464,2,0.5,2.81
1010,-0.500249,110.497833,2,0.5,2.81
1011,-0.500249,110.50457,1,0.5,5.7
1012,-0.500249,110.507939,1,0.5,7.28
1013,-0.500249,110.541626,1,0.5,5.7
1014,-0.500249,110.544995,1,0.5,5.7
1015,-0.500249,110.548363,1,0.5,5.7
1016,-0.503618,109.942,1,0.5,6.19
1017,-0.503618,110.093591,1,0.5,6.49
1018,-0.503618,110.09696,1,0.5,6.49
1019,-0.503618,110.100328,1,0.5,6.49
1020,-0.503618,110.103697,1,0.5,5.65
1021,-0.503618,110.107066,1,0.5,5.65
1022,-0.503618,110.110435,1,0.5,5.65
1023,-0.503618,110.130647,1,0.5,7.85
1024,-0.503618,110.134015,2,0.5,7.85
1025,-0.503618,110.137384,2,0.5,7.85
1026,-0.503618,110.140753,2,0.5,15.36
1027,-0.503618,110.144121,1,0.5,15.36
1028,-0.503618,110.150859,1,0.5,5.36
1029,-0.503618,110.154227,2,0.5,52.58
1030,-0.503618,110.157596,2,0.5,52.58
1031,-0.503618,110.160965,2,0.5,52.58
1032,-0.503618,110.164333,1,0.5,34.01
1033,-0.503618,110.167702,1,0.5,34.01
1034,-0.503618,110.171071,1,0.5,34.01
1035,-0.503618,110.299081,1,0.5,5.96
1036,-0.503618,110.302449,1,0.5,5.96
1037,-0.503618,110.312555,1,0.5,9.53
1038,-0.503618,110.315924,1,1.0,20.15
1039,-0.503618,110.319293,1,1.0,20.15
1040,-0.503618,110.322661,1,1.0,20.15
1041,-0.503618,110.32603,1,0.5,15.9
1042,-0.503618,110.329399,1,0.5,15.9
1043,-0.503618,110.332768,1,0.5,15.9
1044,-0.503618,110.349611,1,0.5,13.95
1045,-0.503618,110.35298,1,0.5,13.95
1046,-0.503618,110.356348,1,0.5,13.95
1047,-0.503618,110.373192,1,0.5,3.43
1048,-0.503618,110.37656,1,0.5,3.43
1049,-0.503618,110.379929,1,0.5,3.43
1050,-0.503618,110.383298,1,0.5,3.67
1051,-0.503618,110.386666,1,0.5,3.67
1052,-0.503618,110.467515,1,0.5,4.34
1053,-0.503618,110.470884,1,0.5,4.34
1054,-0.503618,110.474252,1,0.5,4.34
1055,-0.503618,110.477621,1,0.5,4.34
1056,-0.503618,110.48099,1,0.5,18.86
1057,-0.503618,110.484358,1,0.5,18.86
1058,-0.503618,110.487727,2,0.5,18.86
1059,-0.503618,110.491096,1,0.5,2.81
1060,-0.503618,110.494464,3,0.5,5.76
1061,-0.503618,110.497833,3,0.5,5.76
1062,-0.503618,110.501202,1,0.5,5.76
1063,-0.503618,110.541626,1,0.5,5.7
1064,-0.503618,110.544995,1,0.5,5.7
1065,-0.503618,110.548363,1,0.5,5.7
1066,-0.506987,109.942,2,0.5,12.89
1067,-0.506987,109.945369,1,0.5,12.89
1068,-0.506987,109.948738,1,0.5,12.89
1069,-0.506987,110.093591,1,0.5,6.49
1070,-0.506987,110.09696,1,0.5,6.49
1071,-0.506987,110.100328,1,0.5,6.49
1072,-0.506987,110.130647,1,0.5,7.85
1073,-0.506987,110.134015,1,0.5,7.85
1074,-0.506987,110.137384,1,0.5,7.85
1075,-0.506987,110.140753,1,0.5,15.36
1076,-0.506987,110.144121,1,0.5,15.36
1077,-0.506987,110.150859,1,0.5,5.36
1078,-0.506987,110.154227,1,0.5,5.36
1079,-0.506987,110.157596,2,0.5,5.36
1080,-0.506987,110.160965,2,0.5,5.36
1081,-0.506987,110.164333,1,0.5,4.83
1082,-0.506987,110.312555,1,0.5,9.53
1083,-0.506987,110.315924,1,1.0,20.15
1084,-0.506987,110.319293,1,1.0,20.15
1085,-0.506987,110.322661,1,1.0,20.15
1086,-0.506987,110.32603,1,0.5,15.9
1087,-0.506987,110.329399,1,0.5,15.9
1088,-0.506987,110.332768,1,0.5,15.9
1089,-0.506987,110.342874,1,0.5,6.17
1090,-0.506987,110.346242,1,1.0,11.62
1091,-0.506987,110.349611,2,0.75,13.95
1092,-0.506987,110.35298,2,0.75,13.95
1093,-0.506987,110.356348,1,0.5,13.95
1094,-0.506987,110.373192,1,0.5,3.43
1095,-0.506987,110.37656,1,0.5,3.43
1096,-0.506987,110.379929,1,0.5,3.43
1097,-0.506987,110.383298,1,0.5,3.67
1098,-0.506987,110.386666,1,0.5,3.67
1099,-0.506987,110.48099,1,0.5,18.86
1100,-0.506987,110.484358,1,0.5,18.86
1101,-0.506987,110.487727,2,0.5,18.86
1102,-0.506987,110.491096,2,0.5,27.26
1103,-0.506987,110.494464,3,0.5,5.76
1104,-0.506987,110.497833,3,0.5,5.76
1105,-0.506987,110.501202,1,0.5,5.76
1106,-0.506987,110.561838,1,0.5,42.75
1107,-0.506987,110.565207,1,0.5,42.75
1108,-0.506987,110.568575,1,0.5,42.75
1109,-0.510355,109.938632,1,0.5,6.19
1110,-0.510355,109.942,2,0.5,12.89
1111,-0.510355,109.945369,1,0.5,12.89
1112,-0.510355,109.948738,1,0.5,12.89
1113,-0.510355,110.093591,1,0.5,6.49
1114,-0.510355,110.09696,1,0.5,6.49
1115,-0.510355,110.100328,1,0.5,6.49
1116,-0.510355,110.140753,1,0.5,15.36
1117,-0.510355,110.144121,1,0.5,15.36
1118,-0.510355,110.150859,1,0.5,5.36
1119,-0.510355,110.154227,1,0.5,5.36
1120,-0.510355,110.157596,2,0.5,5.36
1121,-0.510355,110.160965,2,0.5,5.36
1122,-0.510355,110.164333,1,0.5,4.83
1123,-0.510355,110.312555,1,0.5,9.53
1124,-0.510355,110.315924,1,1.0,20.15
1125,-0.510355,110.319293,1,1.0,20.15
1126,-0.510355,110.322661,1,1.0,20.15
1127,-0.510355,110.32603,1,0.5,15.9
1128,-0.510355,110.329399,1,0.5,15.9
1129,-0.510355,110.332768,1,0.5,15.9
1130,-0.510355,110.342874,1,0.5,6.17
1131,-0.510355,110.346242,1,1.0,11.62
1132,-0.510355,110.349611,2,0.75,13.95
1133,-0.510355,110.35298,2,0.75,13.95
1134,-0.510355,110.356348,1,0.5,13.95
1135,-0.510355,110.383298,1,0.5,3.67
1136,-0.510355,110.386666,1,0.5,3.67
1137,-0.510355,110.420353,1,0.5,3.12
1138,-0.510355,110.423722,1,0.5,3.12
1139,-0.510355,110.427091,2,0.5,16.45
1140,-0.510355,110.430459,1,0.5,16.45
1141,-0.510355,110.433828,1,0.5,16.45
1142,-0.510355,110.437197,1,0.5,16.45
1143,-0.510355,110.48099,1,0.5,18.86
1144,-0.510355,110.484358,1,0.5,18.86
1145,-0.510355,110.487727,1,0.5,18.86
1146,-0.510355,110.491096,1,0.5,27.26
1147,-0.510355,110.494464,2,0.5,5.76
1148,-0.510355,110.497833,2,0.5,5.76
1149,-0.510355,110.501202,1,0.5,5.76
1150,-0.510355,110.561838,1,0.5,42.75
1151,-0.510355,110.565207,1,0.5,42.75
1152,-0.510355,110.568575,1,0.5,42.75
1153,-0.510355,110.571944,1,0.5,20.02
1154,-0.510355,110.575313,1,0.5,20.02
1155,-0.510355,110.578681,1,0.5,20.02
1156,-0.510355,110.58205,1,0.5,20.02
1157,-0.510355,110.585419,1,0.5,20.02
1158,-0.513724,110.154227,1,0.5,40.51
1159,-0.513724,110.157596,2,0.5,40.51
1160,-0.513724,110.160965,1,0.5,4.83
1161,-0.513724,110.164333,1,0.5,4.83
1162,-0.513724,110.342874,1,0.5,6.17
1163,-0.513724,110.346242,2,0.75,11.62
1164,-0.513724,110.349611,3,0.67,13.95
1165,-0.513724,110.35298,3,0.67,13.95
1166,-0.513724,110.356348,1,0.5,13.95
1167,-0.513724,110.373192,1,0.5,9.43
1168,-0.513724,110.37656,1,0.5,9.43
1169,-0.513724,110.379929,1,0.5,9.43
1170,-0.513724,110.383298,1,0.5,1.55
1171,-0.513724,110.386666,1,0.5,4.79
1172,-0.513724,110.390035,1,0.5,4.79
1173,-0.513724,110.393404,1,0.5,4.79
1174,-0.513724,110.410247,1,0.5,3.49
1175,-0.513724,110.413616,1,0.5,3.49
1176,-0.513724,110.416985,1,0.5,3.49
1177,-0.513724,110.420353,1,0.5,3.12
1178,-0.513724,110.423722,1,0.5,3.12
1179,-0.513724,110.427091,2,0.5,16.45
1180,-0.513724,110.430459,1,0.5,16.45
1181,-0.513724,110.433828,1,0.5,16.45
1182,-0.513724,110.437197,1,0.5,16.45
1183,-0.513724,110.440565,1,0.5,9.01
1184,-0.513724,110.48099,1,0.5,18.86
1185,-0.513724,110.484358,1,0.5,18.86
1186,-0.513724,110.487727,1,0.5,18.86
1187,-0.513724,110.561838,1,0.5,2.5
1188,-0.513724,110.565207,1,0.5,2.5
1189,-0.513724,110.568575,1,0.5,2.5
1190,-0.513724,110.571944,1,0.5,20.02
1191,-0.513724,110.575313,1,0.5,20.02
1192,-0.513724,110.578681,1,0.5,20.02
1193,-0.513724,110.58205,1,0.5,20.02
1194,-0.513724,110.585419,1,0.5,20.02
1195,-0.517093,110.154227,1,0.5,40.51
1196,-0.517093,110.157596,1,0.5,40.51
1197,-0.517093,110.346242,1,0.5,2.84
1198,-0.517093,110.349611,1,0.5,2.84
1199,-0.517093,110.35298,1,0.5,2.84
1200,-0.517093,110.373192,1,0.5,9.43
1201,-0.517093,110.37656,1,0.5,9.43
1202,-0.517093,110.379929,1,0.5,9.43
1203,-0.517093,110.386666,1,0.5,4.79
1204,-0.517093,110.390035,1,0.5,4.79
1205,-0.517093,110.393404,1,0.5,4.79
1206,-0.517093,110.400141,1,0.5,6.66
1207,-0.517093,110.40351,1,0.5,6.66
1208,-0.517093,110.406879,1,0.5,6.66
1209,-0.517093,110.410247,1,0.5,3.49
1210,-0.517093,110.413616,1,0.5,3.49
1211,-0.517093,110.416985,1,0.5,3.49
1212,-0.517093,110.427091,1,0.5,16.45
1213,-0.517093,110.430459,2,0.5,16.45
1214,-0.517093,110.433828,2,0.5,16.45
1215,-0.517093,110.437197,1,0.5,16.45
1216,-0.517093,110.440565,1,0.5,9.01
1217,-0.517093,110.48099,2,0.5,27.25
1218,-0.517093,110.484358,2,0.5,27.25
1219,-0.517093,110.487727,2,0.5,27.25
1220,-0.517093,110.551732,1,0.5,3.78
1221,-0.517093,110.555101,1,0.5,3.78
1222,-0.517093,110.558469,1,0.5,3.78
1223,-0.517093,110.561838,1,0.5,2.5
1224,-0.517093,110.565207,1,0.5,2.5
1225,-0.517093,110.568575,2,0.5,5.03
1226,-0.517093,110.571944,2,0.5,20.02
1227,-0.517093,110.575313,2,0.5,20.02
1228,-0.517093,110.578681,1,0.5,20.02
1229,-0.517093,110.58205,1,0.5,20.02
1230,-0.517093,110.585419,1,0.5,20.02
1231,-0.520461,109.995899,1,0.5,6.81
1232,-0.520461,109.999268,1,0.5,6.81
1233,-0.520461,110.002637,1,0.5,6.81
1234,-0.520461,110.006005,1,0.5,6.81
1235,-0.520461,110.066642,1,0.5,8.29
1236,-0.520461,110.07001,1,0.5,8.29
1237,-0.520461,110.073379,1,0.5,8.29
1238,-0.520461,110.110435,1,0.5,5.41
1239,-0.520461,110.113803,1,0.5,5.41
1240,-0.520461,110.117172,1,0.5,5.41
1241,-0.520461,110.154227,1,0.5,40.51
1242,-0.520461,110.157596,1,0.5,40.51
1243,-0.520461,110.309187,1,0.5,4.9
1244,-0.520461,110.312555,1,0.5,4.9
1245,-0.520461,110.315924,1,0.5,4.9
1246,-0.520461,110.319293,1,0.5,4.9
1247,-0.520461,110.346242,1,0.5,2.84
1248,-0.520461,110.349611,1,0.5,2.84
1249,-0.520461,110.35298,1,0.5,2.84
1250,-0.520461,110.373192,1,0.5,9.43
1251,-0.520461,110.37656,1,0.5,9.43
1252,-0.520461,110.379929,1,0.5,9.43
1253,-0.520461,110.386666,1,0.5,4.79
1254,-0.520461,110.390035,1,0.5,4.79
1255,-0.520461,110.393404,1,0.5,4.79
1256,-0.520461,110.400141,1,0.5,6.66
1257,-0.520461,110.40351,1,0.5,6.66
1258,-0.520461,110.406879,1,0.5,6.66
1259,-0.520461,110.410247,1,0.5,3.49
1260,-0.520461,110.413616,1,0.5,3.49
1261,-0.520461,110.416985,1,0.5,3.49
1262,-0.520461,110.427091,1,0.5,6.5
1263,-0.520461,110.430459,2,0.5,6.5
1264,-0.520461,110.433828,2,0.5,9.01
1265,-0.520461,110.437197,1,0.5,9.01
1266,-0.520461,110.440565,1,0.5,9.01
1267,-0.520461,110.48099,1,0.5,27.25
1268,-0.520461,110.484358,2,0.5,27.25
1269,-0.520461,110.487727,2,0.5,27.25
1270,-0.520461,110.491096,1,0.5,7.25
1271,-0.520461,110.551732,1,0.5,3.78
1272,-0.520461,110.555101,1,0.5,3.78
1273,-0.520461,110.558469,1,0.5,3.78
1274,-0.520461,110.568575,1,0.5,5.03
1275,-0.520461,110.571944,1,0.5,5.03
1276,-0.520461,110.575313,1,0.5,5.03
1277,-0.520461,110.578681,1,0.5,6.04
1278,-0.520461,110.58205,1,0.5,6.04
1279,-0.52383,109.995899,1,0.5,6.81
1280,-0.52383,109.999268,1,0.5,6.81
1281,-0.52383,110.002637,1,0.5,6.81
1282,-0.52383,110.006005,1,0.5,6.81
1283,-0.52383,110.029586,1,0.5,5.87
1284,-0.52383,110.032955,1,0.5,5.87
1285,-0.52383,110.036323,1,0.5,5.82
1286,-0.52383,110.066642,1,0.5,8.29
1287,-0.52383,110.07001,1,0.5,8.29
1288,-0.52383,110.073379,1,0.5,8.29
1289,-0.52383,110.110435,1,0.5,5.41
1290,-0.52383,110.113803,1,0.5,5.41
1291,-0.52383,110.117172,1,0.5,5.41
1292,-0.52383,110.309187,1,0.5,4.9
1293,-0.52383,110.312555,1,0.5,4.9
1294,-0.52383,110.315924,1,0.5,4.9
1295,-0.52383,110.319293,1,0.5,4.9
1296,-0.52383,110.369823,1,0.5,9.68
1297,-0.52383,110.373192,2,0.5,9.68
1298,-0.52383,110.37656,2,0.5,9.68
1299,-0.52383,110.379929,1,0.5,9.43
1300,-0.52383,110.400141,1,0.5,6.66
1301,-0.52383,110.40351,1,0.5,6.66
1302,-0.52383,110.406879,1,0.5,6.66
1303,-0.52383,110.410247,1,0.5,2.47
1304,-0.52383,110.413616,1,0.5,2.47
1305,-0.52383,110.416985,1,0.5,2.47
1306,-0.52383,110.423722,1,0.5,6.25
1307,-0.52383,110.427091,1,0.5,6.25
1308,-0.52383,110.430459,2,0.5,6.25
1309,-0.52383,110.433828,1,0.5,3.29
1310,-0.52383,110.48099,2,0.5,27.25
1311,-0.52383,110.484358,3,0.5,27.25
1312,-0.52383,110.487727,4,0.5,27.25
1313,-0.52383,110.491096,2,0.5,7.25
1314,-0.52383,110.494464,1,0.5,5.36
1315,-0.52383,110.538257,1,0.5,2.89
1316,-0.52383,110.541626,1,0.5,2.89
1317,-0.52383,110.544995,1,0.5,2.89
1318,-0.52383,110.548363,1,0.5,11.45
1319,-0.52383,110.551732,2,0.5,11.45
1320,-0.52383,110.555101,2,0.5,11.45
1321,-0.52383,110.558469,1,0.5,3.78
1322,-0.52383,110.568575,1,0.5,5.03
1323,-0.52383,110.571944,1,0.5,5.03
1324,-0.52383,110.575313,1,0.5,5.03
1325,-0.52383,110.578681,1,0.5,6.04
1326,-0.52383,110.58205,1,0.5,6.04
1327,-0.527199,109.995899,1,0.5,6.81
1328,-0.527199,109.999268,1,0.5,6.81
1329,-0.527199,110.002637,1,0.5,6.81
1330,-0.527199,110.006005,1,0.5,6.81
1331,-0.527199,110.026217,1,0.5,4.23
1332,-0.527199,110.029586,1,0.5,5.87
1333,-0.527199,110.032955,1,0.5,5.87
1334,-0.527199,110.036323,1,0.5,5.82
1335,-0.527199,110.110435,1,0.5,5.41
1336,-0.527199,110.113803,1,0.5,5.41
1337,-0.527199,110.117172,1,0.5,5.41
1338,-0.527199,110.187914,1,0.5,4.57
1339,-0.527199,110.191283,1,0.5,4.57
1340,-0.527199,110.201389,1,0.5,4.35
1341,-0.527199,110.204758,1,0.5,4.35
1342,-0.527199,110.208126,1,0.5,4.35
1343,-0.527199,110.309187,1,0.5,4.9
1344,-0.527199,110.312555,1,0.5,4.9
1345,-0.527199,110.315924,1,0.5,4.9
1346,-0.527199,110.319293,1,0.5,4.9
1347,-0.527199,110.369823,1,0.5,9.68
1348,-0.527199,110.373192,1,0.5,9.68
1349,-0.527199,110.37656,1,0.5,9.68
1350,-0.527199,110.379929,1,0.5,5.24
1351,-0.527199,110.383298,1,0.5,5.24
1352,-0.527199,110.386666,1,0.5,5.24
1353,-0.527199,110.410247,1,0.5,2.47
1354,-0.527199,110.413616,1,0.5,2.47
1355,-0.527199,110.416985,2,0.5,8.05
1356,-0.527199,110.420353,1,0.5,8.05
1357,-0.527199,110.423722,1,0.5,6.25
1358,-0.527199,110.427091,1,0.5,6.25
1359,-0.527199,110.430459,2,0.5,6.41
1360,-0.527199,110.433828,1,0.5,6.41
1361,-0.527199,110.437197,1,0.5,6.41
1362,-0.527199,110.48099,1,0.5,5.57
1363,-0.527199,110.484358,2,0.5,7.25
1364,-0.527199,110.487727,3,0.5,7.25
1365,-0.527199,110.491096,2,0.5,7.25
1366,-0.527199,110.494464,1,0.5,5.36
1367,-0.527199,110.538257,1,0.5,2.89
1368,-0.527199,110.541626,1,0.5,2.89
1369,-0.527199,110.544995,2,0.5,14.45
1370,-0.527199,110.548363,1,0.5,14.45
1371,-0.527199,110.551732,1,0.5,14.45
1372,-0.527199,110.555101,1,0.5,11.45
1373,-0.527199,110.568575,1,0.5,5.03
1374,-0.527199,110.571944,1,0.5,5.03
1375,-0.527199,110.575313,1,0.5,5.03
1376,-0.527199,110.578681,1,0.5,6.04
1377,-0.527199,110.58205,1,0.5,6.04
1378,-0.527199,110.588787,1,0.5,3.46
1379,-0.527199,110.592156,1,0.5,3.46
1380,-0.530567,110.026217,1,0.5,4.23
1381,-0.530567,110.029586,1,0.5,7.22
1382,-0.530567,110.032955,1,0.5,7.22
1383,-0.530567,110.036323,1,0.5,7.22
1384,-0.530567,110.187914,1,0.5,4.57
1385,-0.530567,110.191283,1,0.5,4.57
1386,-0.530567,110.201389,1,0.5,4.35
1387,-0.530567,110.204758,1,0.5,4.35
1388,-0.530567,110.208126,1,0.5,4.35
1389,-0.530567,110.369823,1,0.5,9.68
1390,-0.530567,110.373192,1,0.5,9.68
1391,-0.530567,110.37656,1,0.5,9.68
1392,-0.530567,110.379929,1,0.5,5.24
1393,-0.530567,110.383298,1,0.5,24.77
1394,-0.530567,110.386666,1,0.5,24.77
1395,-0.530567,110.390035,1,0.5,24.77
1396,-0.530567,110.393404,1,0.5,3.28
1397,-0.530567,110.396773,1,0.5,3.28
1398,-0.530567,110.400141,1,0.5,3.28
1399,-0.530567,110.40351,1,0.5,3.28
1400,-0.530567,110.406879,1,0.5,2.83
1401,-0.530567,110.410247,1,0.5,2.47
1402,-0.530567,110.413616,1,0.5,2.47
1403,-0.530567,110.416985,2,0.5,8.05
1404,-0.530567,110.420353,1,0.5,8.05
1405,-0.530567,110.423722,1,0.5,6.25
1406,-0.530567,110.427091,1,0.5,6.25
1407,-0.530567,110.430459,2,0.5,6.41
1408,-0.530567,110.433828,1,0.5,6.41
1409,-0.530567,110.437197,1,0.5,6.41
1410,-0.530567,110.48099,1,0.5,5.57
1411,-0.530567,110.484358,2,0.5,11.39
1412,-0.530567,110.487727,3,0.5,11.39
1413,-0.530567,110.491096,1,0.5,5.36
1414,-0.530567,110.494464,1,0.5,5.36
1415,-0.530567,110.514676,1,0.5,6.87
1416,-0.530567,110.518045,1,0.5,6.87
1417,-0.530567,110.521414,1,0.5,6.87
1418,-0.530567,110.544995,1,0.5,14.45
1419,-0.530567,110.548363,1,0.5,14.45
1420,-0.530567,110.551732,1,0.5,14.45
1421,-0.530567,110.555101,1,0.5,11.45
1422,-0.530567,110.588787,1,0.5,3.46
1423,-0.530567,110.592156,1,0.5,3.46
1424,-0.533936,109.915051,1,0.5,12.37
1425,-0.533936,109.91842,1,0.5,12.37
1426,-0.533936,110.026217,1,0.5,4.23
1427,-0.533936,110.029586,1,0.5,7.22
1428,-0.533936,110.032955,1,0.5,7.22
1429,-0.533936,110.036323,1,0.5,7.22
1430,-0.533936,110.177808,1,0.5,5.63
1431,-0.533936,110.181177,1,0.5,5.63
1432,-0.533936,110.184546,1,0.5,5.63
1433,-0.533936,110.187914,1,0.5,4.57
1434,-0.533936,110.191283,1,0.5,4.57
1435,-0.533936,110.379929,1,0.5,5.24
1436,-0.533936,110.383298,1,0.5,24.77
1437,-0.533936,110.386666,1,0.5,24.77
1438,-0.533936,110.390035,1,0.5,24.77
1439,-0.533936,110.393404,1,0.5,3.28
1440,-0.533936,110.396773,1,0.5,3.28
1441,-0.533936,110.400141,1,0.5,3.28
1442,-0.533936,110.40351,1,0.5,3.28
1443,-0.533936,110.406879,1,0.5,2.83
1444,-0.533936,110.416985,1,0.5,8.05
1445,-0.533936,110.420353,1,0.5,8.05
1446,-0.533936,110.460777,1,0.5,10.09
1447,-0.533936,110.464146,1,0.5,10.09
1448,-0.533936,110.467515,1,0.5,10.09
1449,-0.533936,110.470884,1,0.5,15.97
1450,-0.533936,110.474252,1,0.5,15.97
1451,-0.533936,110.477621,1,0.5,15.97
1452,-0.533936,110.484358,1,0.5,11.39
1453,-0.533936,110.487727,1,0.5,11.39
1454,-0.533936,110.514676,1,0.5,6.87
1455,-0.533936,110.518045,1,0.5,6.87
1456,-0.533936,110.521414,1,0.5,6.87
1457,-0.533936,110.544995,1,0.5,14.45
1458,-0.533936,110.548363,1,0.5,14.45
1459,-0.533936,110.551732,1,0.5,14.45
1460,-0.533936,110.595525,1,0.5,6.68
1461,-0.533936,110.598893,1,0.5,6.68
1462,-0.533936,110.602262,1,0.5,6.68
1463,-0.533936,110.605631,1,0.5,2.95
1464,-0.533936,110.608999,1,0.5,2.95
1465,-0.537305,109.915051,1,0.5,12.37
1466,-0.537305,109.91842,1,0.5,12.37
1467,-0.537305,109.921788,1,0.5,12.37
1468,-0.537305,110.026217,1,0.5,4.23
1469,-0.537305,110.029586,1,0.5,7.22
1470,-0.537305,110.032955,1,0.5,7.22
1471,-0.537305,110.036323,1,0.5,7.22
1472,-0.537305,110.177808,1,0.5,5.63
1473,-0.537305,110.181177,1,0.5,5.63
1474,-0.537305,110.184546,1,0.5,5.63
1475,-0.537305,110.312555,1,0.5,3.83
1476,-0.537305,110.315924,1,0.5,3.83
1477,-0.537305,110.319293,1,0.5,3.83
1478,-0.537305,110.322661,1,0.5,4.78
1479,-0.537305,110.366454,1,0.5,7.66
1480,-0.537305,110.369823,2,0.5,7.66
1481,-0.537305,110.373192,2,0.5,11.82
1482,-0.537305,110.37656,1,0.5,11.82
1483,-0.537305,110.379929,1,0.5,11.82
1484,-0.537305,110.383298,1,0.5,24.77
1485,-0.537305,110.386666,1,0.5,24.77
1486,-0.537305,110.390035,1,0.5,24.77
1487,-0.537305,110.393404,1,0.5,3.28
1488,-0.537305,110.396773,1,0.5,3.28
1489,-0.537305,110.400141,1,0.5,3.28
1490,-0.537305,110.40351,1,0.5,3.28
1491,-0.537305,110.406879,1,0.5,2.83
1492,-0.537305,110.460777,1,0.5,10.09
1493,-0.537305,110.464146,1,0.5,10.09
1494,-0.537305,110.467515,2,0.5,15.97
1495,-0.537305,110.470884,1,0.5,15.97
1496,-0.537305,110.474252,1,0.5,15.97
1497,-0.537305,110.477621,2,0.75,15.97
1498,-0.537305,110.48099,2,0.75,12.35
1499,-0.537305,110.484358,2,0.75,12.35
1500,-0.537305,110.487727,1,0.5,12.35
1501,-0.537305,110.514676,1,0.5,6.87
1502,-0.537305,110.518045,1,0.5,6.87
1503,-0.537305,110.521414,1,0.5,6.87
1504,-0.537305,110.598893,1,0.5,6.68
1505,-0.537305,110.602262,1,0.5,6.68
1506,-0.537305,110.605631,1,0.5,2.95
1507,-0.537305,110.608999,1,0.5,2.95
1508,-0.540674,109.915051,1,0.5,12.37
1509,-0.540674,109.91842,1,0.5,12.37
1510,-0.540674,109.921788,1,0.5,12.37
1511,-0.540674,110.177808,1,0.5,5.63
1512,-0.540674,110.181177,1,0.5,5.63
1513,-0.540674,110.184546,1,0.5,5.63
1514,-0.540674,110.204758,1,0.5,9.02
1515,-0.540674,110.208126,1,0.5,9.02
1516,-0.540674,110.211495,1,0.5,9.02
1517,-0.540674,110.312555,1,0.5,3.83
1518,-0.540674,110.315924,1,0.5,3.83
1519,-0.540674,110.319293,1,0.5,3.83
1520,-0.540674,110.322661,1,0.5,4.78
1521,-0.540674,110.366454,1,0.5,7.66
1522,-0.540674,110.369823,2,0.5,7.66
1523,-0.540674,110.373192,2,0.5,11.82
1524,-0.540674,110.37656,1,0.5,11.82
1525,-0.540674,110.379929,1,0.5,11.82
1526,-0.540674,110.460777,2,0.5,11.75
1527,-0.540674,110.464146,2,0.5,11.75
1528,-0.540674,110.467515,2,0.5,11.75
1529,-0.540674,110.470884,1,0.5,15.97
1530,-0.540674,110.474252,1,0.5,15.97
1531,-0.540674,110.477621,2,0.75,15.97
1532,-0.540674,110.48099,2,0.75,12.35
1533,-0.540674,110.484358,2,0.75,12.35
1534,-0.540674,110.487727,1,0.5,12.35
1535,-0.540674,110.605631,1,0.5,2.95
1536,-0.540674,110.608999,1,0.5,2.95
1537,-0.544042,109.915051,1,0.5,12.37
1538,-0.544042,109.91842,1,0.5,12.37
1539,-0.544042,109.921788,1,0.5,12.37
1540,-0.544042,110.204758,1,0.5,9.02
1541,-0.544042,110.208126,1,0.5,9.02
1542,-0.544042,110.211495,1,0.5,9.02
1543,-0.544042,110.22497,1,0.5,7.7
1544,-0.544042,110.228338,1,0.5,7.12
1545,-0.544042,110.231707,1,0.5,7.12
1546,-0.544042,110.235076,1,0.5,7.12
1547,-0.544042,110.312555,2,0.5,8.0
1548,-0.544042,110.315924,2,0.5,8.0
1549,-0.544042,110.319293,2,0.5,8.0
1550,-0.544042,110.322661,2,0.5,8.0
1551,-0.544042,110.32603,1,0.5,8.0
1552,-0.544042,110.346242,1,0.5,10.84
1553,-0.544042,110.349611,1,0.5,10.84
1554,-0.544042,110.35298,1,0.5,10.84
1555,-0.544042,110.366454,2,0.5,7.66
1556,-0.544042,110.369823,3,0.5,7.66
1557,-0.544042,110.373192,3,0.5,11.82
1558,-0.544042,110.37656,1,0.5,11.82
1559,-0.544042,110.379929,1,0.5,11.82
1560,-0.544042,110.393404,1,0.5,5.91
1561,-0.544042,110.396773,1,0.5,5.91
1562,-0.544042,110.400141,1,0.5,5.91
1563,-0.544042,110.406879,1,0.5,4.57
1564,-0.544042,110.410247,1,0.5,4.57
1565,-0.544042,110.413616,1,0.5,4.57
1566,-0.544042,110.464146,2,0.5,11.75
1567,-0.544042,110.467515,2,0.5,11.41
1568,-0.544042,110.470884,1,0.5,11.41
1569,-0.544042,110.474252,1,0.5,11.41
1570,-0.544042,110.477621,1,0.5,15.97
1571,-0.544042,110.48099,2,0.75,15.97
1572,-0.544042,110.484358,2,0.75,12.98
1573,-0.544042,110.487727,2,0.75,12.98
1574,-0.544042,110.491096,1,0.5,12.98
1575,-0.547411,110.204758,1,0.5,39.83
1576,-0.547411,110.208126,1,0.5,39.83
1577,-0.547411,110.211495,1,0.5,39.83
1578,-0.547411,110.22497,1,0.5,7.7
1579,-0.547411,110.228338,1,0.5,7.12
1580,-0.547411,110.231707,1,0.5,7.12
1581,-0.547411,110.235076,1,0.5,7.12
1582,-0.547411,110.312555,1,0.5,8.0
1583,-0.547411,110.315924,1,0.5,8.0
1584,-0.547411,110.319293,1,0.5,8.0
1585,-0.547411,110.322661,1,0.5,8.0
1586,-0.547411,110.32603,1,0.5,8.0
1587,-0.547411,110.346242,1,0.5,10.84
1588,-0.547411,110.349611,1,0.5,10.84
1589,-0.547411,110.35298,1,0.5,10.84
1590,-0.547411,110.366454,1,0.5,3.34
1591,-0.547411,110.369823,1,0.5,3.34
1592,-0.547411,110.373192,1,0.5,3.34
1593,-0.547411,110.396773,1,0.5,5.91
1594,-0.547411,110.400141,1,0.5,5.91
1595,-0.547411,110.40351,1,0.5,5.91
1596,-0.547411,110.410247,1,0.5,4.57
1597,-0.547411,110.413616,1,0.5,4.57
1598,-0.547411,110.416985,1,0.5,4.57
1599,-0.547411,110.464146,3,0.5,11.75
1600,-0.547411,110.467515,3,0.5,11.41
1601,-0.547411,110.470884,2,0.5,11.41
1602,-0.547411,110.474252,1,0.5,11.41
1603,-0.547411,110.477621,1,0.5,15.97
1604,-0.547411,110.48099,1,0.5,15.97
1605,-0.547411,110.484358,1,0.5,12.98
1606,-0.547411,110.487727,1,0.5,12.98
1607,-0.547411,110.491096,2,0.5,12.98
1608,-0.547411,110.494464,1,0.5,4.77
1609,-0.547411,110.497833,1,0.5,4.77
1610,-0.547411,110.602262,1,0.5,11.87
1611,-0.547411,110.605631,1,0.5,11.87
1612,-0.547411,110.608999,1,0.5,11.87
1613,-0.547411,110.629212,1,0.5,4.84
1614,-0.547411,110.63258,1,0.5,4.84
1615,-0.55078,110.032955,1,0.5,3.52
1616,-0.55078,110.036323,1,0.5,3.52
1617,-0.55078,110.039692,1,0.5,3.52
1618,-0.55078,110.204758,1,0.5,39.83
1619,-0.55078,110.208126,1,0.5,39.83
1620,-0.55078,110.211495,1,0.5,39.83
1621,-0.55078,110.285606,1,0.5,11.83
1622,-0.55078,110.288975,1,1.0,33.7
1623,-0.55078,110.292343,1,1.0,33.7
1624,-0.55078,110.295712,1,1.0,33.7
1625,-0.55078,110.312555,1,0.5,8.0
1626,-0.55078,110.315924,1,0.5,8.0
1627,-0.55078,110.319293,1,0.5,8.0
1628,-0.55078,110.322661,1,0.5,8.0
1629,-0.55078,110.32603,1,0.5,8.0
1630,-0.55078,110.349611,1,0.5,10.84
1631,-0.55078,110.35298,2,0.5,10.84
1632,-0.55078,110.356348,2,0.5,10.84
1633,-0.55078,110.359717,1,0.5,4.44
1634,-0.55078,110.369823,1,0.5,3.34
1635,-0.55078,110.373192,2,0.5,4.5
1636,-0.55078,110.37656,2,0.5,4.5
1637,-0.55078,110.379929,1,0.5,4.5
1638,-0.55078,110.410247,2,0.5,9.37
1639,-0.55078,110.413616,2,0.5,9.37
1640,-0.55078,110.416985,1,0.5,4.57
1641,-0.55078,110.464146,2,0.5,5.1
1642,-0.55078,110.467515,3,0.5,11.41
1643,-0.55078,110.470884,2,0.5,11.41
1644,-0.55078,110.474252,1,0.5,11.41
1645,-0.55078,110.491096,1,0.5,5.3
1646,-0.55078,110.494464,2,0.5,5.3
1647,-0.55078,110.497833,2,0.5,5.3
1648,-0.55078,110.501202,1,0.5,3.3
1649,-0.55078,110.602262,1,0.5,11.87
1650,-0.55078,110.605631,1,0.5,11.87
1651,-0.55078,110.608999,1,0.5,11.87
1652,-0.55078,110.619106,1,0.5,2.99
1653,-0.55078,110.622474,1,0.5,2.99
1654,-0.55078,110.625843,1,0.5,2.99
1655,-0.55078,110.629212,1,0.5,4.84
1656,-0.55078,110.63258,1,0.5,4.84
1657,-0.554148,110.032955,1,0.5,3.52
1658,-0.554148,110.036323,1,0.5,3.52
1659,-0.554148,110.039692,1,0.5,3.52
1660,-0.554148,110.191283,1,0.5,11.27
1661,-0.554148,110.194652,1,0.5,11.27
1662,-0.554148,110.204758,1,0.5,39.83
1663,-0.554148,110.208126,1,0.5,39.83
1664,-0.554148,110.211495,1,0.5,39.83
1665,-0.554148,110.288975,1,0.5,11.83
1666,-0.554148,110.292343,1,1.0,15.96
1667,-0.554148,110.295712,1,1.0,15.96
1668,-0.554148,110.299081,1,1.0,15.96
1669,-0.554148,110.35298,1,0.5,4.44
1670,-0.554148,110.356348,1,0.5,4.44
1671,-0.554148,110.359717,1,0.5,4.44
1672,-0.554148,110.373192,2,0.5,37.5
1673,-0.554148,110.37656,2,0.5,37.5
1674,-0.554148,110.379929,2,0.5,37.5
1675,-0.554148,110.406879,1,0.5,5.13
1676,-0.554148,110.410247,3,0.5,9.37
1677,-0.554148,110.413616,3,0.5,9.37
1678,-0.554148,110.416985,1,0.5,3.24
1679,-0.554148,110.420353,1,0.5,3.24
1680,-0.554148,110.464146,1,0.5,5.1
1681,-0.554148,110.467515,1,0.5,5.1
1682,-0.554148,110.470884,2,0.5,10.57
1683,-0.554148,110.474252,1,0.5,10.57
1684,-0.554148,110.491096,1,0.5,5.3
1685,-0.554148,110.494464,2,0.5,5.3
1686,-0.554148,110.497833,2,0.5,5.3
1687,-0.554148,110.501202,1,0.5,3.3
1688,-0.554148,110.602262,1,0.5,11.87
1689,-0.554148,110.605631,1,0.5,11.87
1690,-0.554148,110.608999,1,0.5,11.87
1691,-0.554148,110.619106,1,0.5,2.99
1692,-0.554148,110.622474,1,0.5,2.99
1693,-0.554148,110.625843,1,0.5,2.99
1694,-0.557517,110.032955,1,0.5,3.52
1695,-0.557517,110.036323,1,0.5,3.52
1696,-0.557517,110.039692,1,0.5,3.52
1697,-0.557517,110.191283,1,0.5,11.27
1698,-0.557517,110.194652,1,0.5,11.27
1699,-0.557517,110.288975,1,0.5,11.83
1700,-0.557517,110.292343,1,1.0,15.96
1701,-0.557517,110.295712,1,1.0,15.96
1702,-0.557517,110.299081,1,1.0,15.96
1703,-0.557517,110.346242,1,0.5,6.31
1704,-0.557517,110.349611,1,0.5,6.31
1705,-0.557517,110.35298,2,0.5,6.31
1706,-0.557517,110.356348,1,0.5,4.44
1707,-0.557517,110.359717,1,0.5,4.44
1708,-0.557517,110.373192,2,0.5,37.5
1709,-0.557517,110.37656,2,0.5,37.5
1710,-0.557517,110.379929,2,0.5,37.5
1711,-0.557517,110.406879,1,0.5,5.13
1712,-0.557517,110.410247,3,0.5,9.37
1713,-0.557517,110.413616,3,0.5,9.37
1714,-0.557517,110.416985,1,0.5,3.24
1715,-0.557517,110.420353,1,0.5,3.24
1716,-0.557517,110.464146,1,0.5,5.1
1717,-0.557517,110.467515,1,0.5,5.1
1718,-0.557517,110.470884,2,0.5,10.57
1719,-0.557517,110.474252,1,0.5,10.57
1720,-0.557517,110.494464,1,0.5,3.3
1721,-0.557517,110.497833,1,0.5,3.3
1722,-0.557517,110.501202,1,0.5,3.3
1723,-0.557517,110.619106,1,0.5,2.99
1724,-0.557517,110.622474,1,0.5,2.99
1725,-0.557517,110.625843,1,0.5,2.99
1726,-0.560886,110.14749,1,0.5,6.04
1727,-0.560886,110.150859,1,0.5,6.04
1728,-0.560886,110.154227,1,0.5,6.04
1729,-0.560886,110.194652,1,0.5,11.27
1730,-0.560886,110.19802,1,0.5,11.27
1731,-0.560886,110.231707,1,0.5,5.71
1732,-0.560886,110.235076,1,0.5,5.71
1733,-0.560886,110.238444,1,0.5,4.92
1734,-0.560886,110.288975,1,0.5,11.83
1735,-0.560886,110.292343,1,1.0,15.96
1736,-0.560886,110.295712,1,1.0,15.96
1737,-0.560886,110.299081,1,1.0,15.96
1738,-0.560886,110.329399,1,0.5,3.2
1739,-0.560886,110.332768,1,0.5,3.2
1740,-0.560886,110.346242,1,0.5,6.31
1741,-0.560886,110.349611,1,0.5,6.31
1742,-0.560886,110.35298,1,0.5,6.31
1743,-0.560886,110.406879,2,0.5,5.13
1744,-0.560886,110.410247,2,0.5,5.13
1745,-0.560886,110.413616,2,0.5,6.34
1746,-0.560886,110.416985,1,0.5,3.24
1747,-0.560886,110.420353,2,0.5,8.56
1748,-0.560886,110.423722,1,0.5,8.56
1749,-0.560886,110.427091,1,0.5,8.56
1750,-0.560886,110.470884,1,0.5,10.57
1751,-0.560886,110.474252,1,0.5,10.57
1752,-0.560886,110.484358,1,0.5,13.38
1753,-0.560886,110.487727,1,0.5,13.38
1754,-0.560886,110.491096,1,0.5,13.38
1755,-0.560886,110.619106,1,0.5,2.99
1756,-0.560886,110.622474,1,0.5,2.99
1757,-0.564254,110.150859,1,0.5,6.04
1758,-0.564254,110.154227,1,0.5,6.04
1759,-0.564254,110.157596,1,0.5,6.04
1760,-0.564254,110.231707,1,0.5,5.71
1761,-0.564254,110.235076,1,0.5,5.71
1762,-0.564254,110.238444,1,0.5,4.92
1763,-0.564254,110.2755,1,0.5,19.91
1764,-0.564254,110.278869,1,0.5,19.91
1765,-0.564254,110.282237,1,0.5,19.91
1766,-0.564254,110.285606,1,0.5,10.77
1767,-0.564254,110.288975,1,0.5,11.83
1768,-0.564254,110.292343,1,0.5,11.83
1769,-0.564254,110.295712,1,0.5,11.83
1770,-0.564254,110.329399,1,0.5,3.2
1771,-0.564254,110.332768,1,0.5,3.2
1772,-0.564254,110.373192,1,0.5,3.95
1773,-0.564254,110.37656,1,0.5,3.95
1774,-0.564254,110.379929,1,0.5,3.95
1775,-0.564254,110.406879,1,0.5,3.9
1776,-0.564254,110.410247,1,0.5,3.9
1777,-0.564254,110.420353,1,0.5,8.56
1778,-0.564254,110.423722,1,0.5,8.56
1779,-0.564254,110.427091,1,0.5,8.56
1780,-0.564254,110.437197,1,0.5,11.54
1781,-0.564254,110.440565,1,0.5,11.54
1782,-0.564254,110.443934,1,0.5,11.54
1783,-0.564254,110.447303,1,0.5,11.54
1784,-0.564254,110.484358,1,0.5,13.38
1785,-0.564254,110.487727,1,0.5,13.38
1786,-0.564254,110.491096,1,0.5,13.38
1787,-0.564254,110.629212,1,0.5,8.1
1788,-0.567623,110.150859,1,0.5,6.04
1789,-0.567623,110.154227,1,0.5,6.04
1790,-0.567623,110.157596,1,0.5,6.04
1791,-0.567623,110.204758,1,0.5,5.78
1792,-0.567623,110.208126,1,0.5,5.78
1793,-0.567623,110.211495,1,0.5,5.78
1794,-0.567623,110.272131,1,0.5,7.79
1795,-0.567623,110.2755,1,0.5,19.91
1796,-0.567623,110.278869,1,0.5,19.91
1797,-0.567623,110.282237,1,0.5,19.91
1798,-0.567623,110.285606,1,0.5,10.77
1799,-0.567623,110.329399,1,0.5,3.2
1800,-0.567623,110.332768,1,0.5,3.2
1801,-0.567623,110.35298,1,0.5,3.34
1802,-0.567623,110.356348,1,0.5,3.34
1803,-0.567623,110.359717,1,0.5,3.34
1804,-0.567623,110.373192,1,0.5,3.95
1805,-0.567623,110.37656,1,0.5,3.95
1806,-0.567623,110.379929,1,0.5,3.95
1807,-0.567623,110.393404,1,0.5,21.67
1808,-0.567623,110.396773,1,0.5,21.67
1809,-0.567623,110.400141,1,0.5,21.67
1810,-0.567623,110.413616,1,0.5,4.7
1811,-0.567623,110.416985,1,0.5,4.7
1812,-0.567623,110.420353,1,0.5,8.56
1813,-0.567623,110.423722,1,0.5,8.56
1814,-0.567623,110.427091,1,0.5,8.56
1815,-0.567623,110.437197,1,0.5,11.54
1816,-0.567623,110.440565,1,0.5,11.54
1817,-0.567623,110.443934,1,0.5,11.54
1818,-0.567623,110.447303,1,0.5,11.54
1819,-0.567623,110.464146,1,0.5,28.31
1820,-0.567623,110.467515,1,0.5,28.31
1821,-0.567623,110.470884,1,0.5,28.31
1822,-0.567623,110.477621,1,0.5,10.52
1823,-0.567623,110.48099,1,0.5,10.52
1824,-0.567623,110.484358,1,0.5,13.38
1825,-0.567623,110.487727,1,0.5,13.38
1826,-0.567623,110.491096,1,0.5,13.38
1827,-0.567623,110.494464,1,0.5,4.36
1828,-0.567623,110.497833,1,0.5,4.36
1829,-0.567623,110.568575,1,0.5,6.41
1830,-0.567623,110.571944,1,0.5,6.41
1831,-0.567623,110.575313,1,0.5,6.41
1832,-0.567623,110.629212,1,0.5,8.1
1833,-0.570992,110.204758,1,0.5,5.78
1834,-0.570992,110.208126,1,0.5,5.78
1835,-0.570992,110.211495,1,0.5,5.78
1836,-0.570992,110.272131,1,0.5,7.79
1837,-0.570992,110.2755,1,0.5,7.79
1838,-0.570992,110.278869,2,0.5,7.79
1839,-0.570992,110.282237,1,0.5,6.63
1840,-0.570992,110.285606,1,0.5,6.63
1841,-0.570992,110.288975,1,0.5,6.41
1842,-0.570992,110.35298,1,0.5,3.34
1843,-0.570992,110.356348,1,0.5,3.34
1844,-0.570992,110.359717,1,0.5,3.34
1845,-0.570992,110.393404,1,0.5,13.02
1846,-0.570992,110.396773,1,0.5,13.02
1847,-0.570992,110.400141,1,0.5,13.02
1848,-0.570992,110.413616,1,0.5,4.7
1849,-0.570992,110.416985,1,0.5,4.7
1850,-0.570992,110.420353,2,0.5,5.08
1851,-0.570992,110.423722,1,0.5,5.08
1852,-0.570992,110.427091,1,0.5,5.08
1853,-0.570992,110.437197,1,0.5,11.54
1854,-0.570992,110.440565,1,0.5,11.54
1855,-0.570992,110.443934,1,0.5,11.54
1856,-0.570992,110.447303,1,0.5,11.54
1857,-0.570992,110.457409,1,0.5,7.26
1858,-0.570992,110.460777,1,1.0,7.26
1859,-0.570992,110.464146,2,0.75,28.31
1860,-0.570992,110.467515,2,0.75,28.31
1861,-0.570992,110.470884,1,0.5,28.31
1862,-0.570992,110.477621,1,0.5,10.52
1863,-0.570992,110.48099,1,0.5,10.52
1864,-0.570992,110.484358,1,0.5,13.38
1865,-0.570992,110.487727,2,0.5,13.38
1866,-0.570992,110.491096,2,0.5,13.38
1867,-0.570992,110.494464,2,0.5,4.36
1868,-0.570992,110.497833,1,0.5,4.36
1869,-0.570992,110.50457,1,0.5,15.61
1870,-0.570992,110.507939,1,1.0,14.35
1871,-0.570992,110.511308,1,1.0,14.35
1872,-0.570992,110.568575,1,0.5,6.41
1873,-0.570992,110.571944,1,0.5,6.41
1874,-0.570992,110.575313,1,0.5,6.41
1875,-0.570992,111.168201,1,0.5,3.84
1876,-0.570992,111.171569,1,0.5,3.84
1877,-0.570992,111.174938,1,0.5,3.84
1878,-0.57436,110.204758,1,0.5,5.78
1879,-0.57436,110.208126,1,0.5,5.78
1880,-0.57436,110.211495,1,0.5,5.78
1881,-0.57436,110.272131,2,0.5,50.55
1882,-0.57436,110.2755,2,0.5,50.55
1883,-0.57436,110.278869,3,0.5,50.55
1884,-0.57436,110.282237,1,0.5,6.63
1885,-0.57436,110.285606,1,0.5,6.63
1886,-0.57436,110.288975,1,0.5,6.41
1887,-0.57436,110.315924,1,0.5,6.96
1888,-0.57436,110.319293,1,0.5,6.96
1889,-0.57436,110.342874,1,0.5,3.85
1890,-0.57436,110.346242,1,0.5,3.85
1891,-0.57436,110.349611,1,0.5,5.83
1892,-0.57436,110.35298,2,0.5,5.83
1893,-0.57436,110.356348,1,0.5,3.34
1894,-0.57436,110.359717,1,0.5,3.34
1895,-0.57436,110.393404,1,0.5,13.02
1896,-0.57436,110.396773,1,0.5,13.02
1897,-0.57436,110.400141,1,0.5,13.02
1898,-0.57436,110.413616,1,0.5,4.7
1899,-0.57436,110.416985,1,0.5,4.7
1900,-0.57436,110.420353,2,0.5,5.08
1901,-0.57436,110.423722,1,0.5,5.08
1902,-0.57436,110.427091,1,0.5,5.08
1903,-0.57436,110.457409,1,0.5,7.26
1904,-0.57436,110.460777,1,1.0,7.26
1905,-0.57436,110.464146,2,0.75,28.31
1906,-0.57436,110.467515,2,0.75,28.31
1907,-0.57436,110.470884,1,0.5,28.31
1908,-0.57436,110.477621,1,0.5,10.52
1909,-0.57436,110.48099,1,0.5,10.52
1910,-0.57436,110.484358,1,0.5,10.52
1911,-0.57436,110.487727,1,0.5,4.27
1912,-0.57436,110.491096,1,0.5,4.27
1913,-0.57436,110.494464,2,0.5,4.36
1914,-0.57436,110.497833,1,0.5,4.36
1915,-0.57436,110.50457,1,0.5,15.61
1916,-0.57436,110.507939,1,1.0,14.35
1917,-0.57436,110.511308,1,1.0,14.35
1918,-0.57436,110.568575,1,0.5,6.41
1919,-0.57436,110.571944,1,0.5,6.41
1920,-0.57436,110.575313,1,0.5,6.41
1921,-0.57436,111.168201,1,0.5,3.07
1922,-0.57436,111.171569,1,0.5,3.07
1923,-0.57436,111.174938,1,0.5,3.07
1924,-0.577729,110.221601,1,0.5,2.54
1925,-0.577729,110.22497,1,0.5,2.54
1926,-0.577729,110.228338,1,0.5,2.54
1927,-0.577729,110.238444,1,0.5,77.38
1928,-0.577729,110.241813,1,0.5,77.38
1929,-0.577729,110.245182,1,0.5,77.38
1930,-0.577729,110.272131,2,0.5,50.55
1931,-0.577729,110.2755,2,0.5,50.55
1932,-0.577729,110.278869,3,0.5,50.55
1933,-0.577729,110.282237,1,0.5,6.63
1934,-0.577729,110.285606,1,0.5,6.63
1935,-0.577729,110.315924,1,0.5,6.96
1936,-0.577729,110.319293,1,0.5,6.96
1937,-0.577729,110.342874,1,0.5,23.18
1938,-0.577729,110.346242,1,0.5,23.18
1939,-0.577729,110.349611,1,0.5,5.83
1940,-0.577729,110.35298,2,0.5,5.83
1941,-0.577729,110.356348,1,0.5,1.89
1942,-0.577729,110.359717,1,0.5,1.89
1943,-0.577729,110.420353,1,0.5,5.08
1944,-0.577729,110.423722,1,0.5,5.08
1945,-0.577729,110.427091,1,0.5,5.08
1946,-0.577729,110.437197,1,0.5,8.05
1947,-0.577729,110.440565,1,0.5,8.05
1948,-0.577729,110.443934,1,0.5,8.05
1949,-0.577729,110.457409,1,0.5,7.26
1950,-0.577729,110.460777,1,1.0,7.26
1951,-0.577729,110.464146,1,1.0,7.26
1952,-0.577729,110.467515,2,0.75,7.26
1953,-0.577729,110.470884,1,0.5,6.1
1954,-0.577729,110.474252,1,0.5,6.1
1955,-0.577729,110.487727,2,0.5,4.27
1956,-0.577729,110.491096,2,0.5,4.27
1957,-0.577729,110.494464,1,0.5,4.27
1958,-0.577729,110.497833,1,0.5,5.73
1959,-0.577729,110.501202,1,0.5,5.73
1960,-0.577729,110.50457,1,0.5,15.61
1961,-0.577729,110.507939,1,1.0,14.35
1962,-0.577729,110.511308,1,1.0,14.35
1963,-0.577729,110.521414,1,0.5,13.67
1964,-0.577729,110.524782,1,0.5,13.67
1965,-0.577729,110.528151,1,0.5,13.67
1966,-0.577729,110.53152,1,0.5,13.67
1967,-0.577729,110.534888,1,0.5,13.67
1968,-0.577729,111.168201,1,0.5,3.07
1969,-0.577729,111.171569,1,0.5,3.07
1970,-0.577729,111.174938,1,0.5,3.07
1971,-0.581098,110.218232,1,0.5,8.16
1972,-0.581098,110.221601,3,0.5,9.72
1973,-0.581098,110.22497,3,0.5,9.72
1974,-0.581098,110.228338,3,0.5,9.72
1975,-0.581098,110.231707,1,0.5,9.23
1976,-0.581098,110.238444,1,0.5,77.38
1977,-0.581098,110.241813,1,0.5,77.38
1978,-0.581098,110.245182,1,0.5,77.38
1979,-0.581098,110.268763,1,0.5,7.45
1980,-0.581098,110.272131,1,0.5,50.55
1981,-0.581098,110.2755,1,0.5,50.55
1982,-0.581098,110.278869,1,0.5,50.55
1983,-0.581098,110.315924,1,0.5,6.96
1984,-0.581098,110.319293,1,0.5,6.96
1985,-0.581098,110.342874,1,0.5,23.18
1986,-0.581098,110.346242,1,0.5,23.18
1987,-0.581098,110.349611,1,0.5,23.18
1988,-0.581098,110.390035,1,0.5,5.99
1989,-0.581098,110.393404,1,0.5,5.99
1990,-0.581098,110.396773,1,0.5,5.99
1991,-0.581098,110.433828,2,0.5,71.43
1992,-0.581098,110.437197,2,0.5,71.43
1993,-0.581098,110.440565,2,0.5,71.43
1994,-0.581098,110.443934,1,0.5,8.05
1995,-0.581098,110.467515,1,0.5,6.1
1996,-0.581098,110.470884,1,0.5,6.1
1997,-0.581098,110.474252,1,0.5,6.1
1998,-0.581098,110.484358,1,0.5,1.56
1999,-0.581098,110.487727,2,0.5,2.87
2000,-0.581098,110.491096,2,0.5,2.87
2001,-0.581098,110.497833,1,0.5,5.73
2002,-0.581098,110.501202,1,0.5,5.73
2003,-0.581098,110.50457,1,0.5,15.61
2004,-0.581098,110.507939,1,0.5,15.61
2005,-0.581098,110.511308,1,0.5,14.35
2006,-0.581098,110.521414,1,0.5,13.67
2007,-0.581098,110.524782,1,0.5,13.67
2008,-0.581098,110.528151,1,0.5,13.67
2009,-0.581098,110.53152,1,0.5,13.67
2010,-0.581098,110.534888,1,0.5,13.67
2011,-0.581098,111.168201,1,0.5,3.07
2012,-0.581098,111.171569,1,0.5,3.07
2013,-0.581098,111.174938,1,0.5,3.07
2014,-0.584466,110.218232,1,0.5,8.16
2015,-0.584466,110.221601,3,0.5,9.72
2016,-0.584466,110.22497,3,0.5,9.72
2017,-0.584466,110.228338,3,0.5,9.72
2018,-0.584466,110.231707,1,0.5,3.83
2019,-0.584466,110.235076,1,0.5,3.83
2020,-0.584466,110.238444,1,0.5,3.83
2021,-0.584466,110.241813,1,0.5,12.31
2022,-0.584466,110.245182,1,0.5,16.99
2023,-0.584466,110.24855,1,0.5,16.99
2024,-0.584466,110.251919,1,0.5,16.99
2025,-0.584466,110.255288,1,0.5,16.99
2026,-0.584466,110.262025,1,0.5,7.5
2027,-0.584466,110.265394,1,0.5,7.5
2028,-0.584466,110.268763,1,0.5,7.5
2029,-0.584466,110.272131,1,0.5,55.59
2030,-0.584466,110.2755,1,0.5,55.59
2031,-0.584466,110.278869,1,0.5,55.59
2032,-0.584466,110.342874,1,0.5,23.18
2033,-0.584466,110.346242,1,0.5,23.18
2034,-0.584466,110.349611,1,0.5,23.18
2035,-0.584466,110.390035,1,0.5,5.99
2036,-0.584466,110.393404,1,0.5,5.99
2037,-0.584466,110.396773,1,0.5,5.99
2038,-0.584466,110.433828,2,0.5,71.43
2039,-0.584466,110.437197,2,0.5,71.43
2040,-0.584466,110.440565,2,0.5,71.43
2041,-0.584466,110.467515,1,0.5,6.1
2042,-0.584466,110.470884,1,0.5,6.1
2043,-0.584466,110.474252,1,0.5,6.1
2044,-0.584466,110.484358,1,0.5,1.56
2045,-0.584466,110.487727,1,0.5,1.56
2046,-0.584466,110.491096,1,0.5,1.56
2047,-0.584466,110.497833,1,0.5,5.73
2048,-0.584466,110.501202,1,0.5,5.73
2049,-0.584466,110.50457,1,0.5,5.73
2050,-0.584466,110.511308,1,0.5,6.29
2051,-0.584466,110.514676,1,0.5,6.29
2052,-0.584466,110.521414,1,0.5,13.67
2053,-0.584466,110.524782,1,0.5,13.67
2054,-0.584466,110.528151,1,0.5,13.67
2055,-0.584466,110.53152,1,0.5,13.67
2056,-0.584466,110.534888,1,0.5,13.67
2057,-0.584466,110.629212,1,0.5,5.83
2058,-0.584466,110.63258,1,0.5,5.83
2059,-0.587835,110.177808,1,0.5,15.45
2060,-0.587835,110.181177,1,0.5,15.45
2061,-0.587835,110.184546,1,0.5,15.45
2062,-0.587835,110.218232,1,0.5,8.16
2063,-0.587835,110.221601,3,0.5,9.72
2064,-0.587835,110.22497,3,0.5,9.72
2065,-0.587835,110.228338,4,0.5,9.72
2066,-0.587835,110.231707,2,0.5,7.87
2067,-0.587835,110.235076,2,0.5,7.87
2068,-0.587835,110.238444,1,0.5,7.87
2069,-0.587835,110.241813,1,0.5,12.31
2070,-0.587835,110.245182,1,0.5,16.99
2071,-0.587835,110.24855,2,0.5,16.99
2072,-0.587835,110.251919,3,0.5,16.99
2073,-0.587835,110.255288,3,0.5,16.99
2074,-0.587835,110.262025,1,0.5,7.5
2075,-0.587835,110.265394,1,0.5,7.5
2076,-0.587835,110.268763,1,0.5,7.5
2077,-0.587835,110.272131,1,0.5,7.5
2078,-0.587835,110.2755,1,0.5,7.5
2079,-0.587835,110.278869,1,0.5,7.45
2080,-0.587835,110.342874,1,0.5,23.18
2081,-0.587835,110.346242,1,0.5,23.18
2082,-0.587835,110.349611,1,0.5,23.18
2083,-0.587835,110.390035,1,0.5,5.99
2084,-0.587835,110.393404,1,0.5,5.99
2085,-0.587835,110.396773,1,0.5,5.99
2086,-0.587835,110.433828,2,0.5,9.33
2087,-0.587835,110.437197,2,0.5,9.33
2088,-0.587835,110.440565,2,0.5,9.33
2089,-0.587835,110.484358,1,0.5,2.27
2090,-0.587835,110.487727,1,0.5,2.27
2091,-0.587835,110.491096,1,0.5,2.27
2092,-0.587835,110.511308,1,0.5,6.29
2093,-0.587835,110.514676,1,0.5,6.29
2094,-0.587835,110.629212,1,0.5,5.83
2095,-0.587835,110.63258,1,0.5,5.83
2096,-0.587835,110.635949,1,0.5,20.07
2097,-0.587835,110.639318,1,1.0,20.07
2098,-0.591204,110.177808,1,0.5,15.45
2099,-0.591204,110.181177,3,0.5,15.45
2100,-0.591204,110.184546,3,0.5,15.45
2101,-0.591204,110.187914,2,0.5,12.84
2102,-0.591204,110.191283,1,0.5,38.96
2103,-0.591204,110.218232,1,0.5,4.13
2104,-0.591204,110.221601,2,0.5,65.62
2105,-0.591204,110.22497,2,0.5,65.62
2106,-0.591204,110.228338,4,0.5,65.62
2107,-0.591204,110.231707,2,0.5,7.87
2108,-0.591204,110.235076,2,0.5,7.87
2109,-0.591204,110.238444,1,0.5,7.87
2110,-0.591204,110.241813,1,0.5,12.31
2111,-0.591204,110.245182,1,0.5,16.99
2112,-0.591204,110.24855,2,0.5,16.99
2113,-0.591204,110.251919,3,0.5,16.99
2114,-0.591204,110.255288,3,0.5,16.99
2115,-0.591204,110.262025,1,0.5,7.5
2116,-0.591204,110.265394,1,0.5,7.5
2117,-0.591204,110.268763,1,0.5,7.5
2118,-0.591204,110.272131,1,0.5,7.5
2119,-0.591204,110.2755,1,0.5,7.5
2120,-0.591204,110.433828,1,0.5,9.33
2121,-0.591204,110.437197,1,0.5,9.33
2122,-0.591204,110.440565,1,0.5,9.33
2123,-0.591204,110.474252,1,0.5,6.66
2124,-0.591204,110.477621,1,0.5,6.66
2125,-0.591204,110.484358,1,0.5,2.27
2126,-0.591204,110.487727,1,0.5,2.27
2127,-0.591204,110.491096,1,0.5,2.27
2128,-0.591204,110.615737,1,0.5,7.41
2129,-0.591204,110.619106,1,0.5,16.09
2130,-0.591204,110.622474,1,0.5,16.09
2131,-0.591204,110.625843,1,0.5,16.09
2132,-0.591204,110.629212,1,0.5,5.83
2133,-0.591204,110.63258,1,0.5,5.83
2134,-0.591204,110.635949,1,0.5,27.38
2135,-0.591204,110.639318,1,1.0,20.07
2136,-0.591204,110.642686,1,1.0,20.07
2137,-0.591204,110.649424,1,0.5,4.57
2138,-0.591204,111.181675,1,0.5,7.44
2139,-0.591204,111.185044,1,0.5,7.44
2140,-0.591204,111.188413,1,0.5,7.44
2141,-0.594572,110.177808,1,0.5,15.45
2142,-0.594572,110.181177,3,0.5,24.14
2143,-0.594572,110.184546,3,0.5,24.14
2144,-0.594572,110.187914,2,0.5,24.14
2145,-0.594572,110.191283,1,0.5,38.96
2146,-0.594572,110.204758,1,0.5,3.05
2147,-0.594572,110.208126,1,0.5,3.05
2148,-0.594572,110.211495,1,0.5,3.05
2149,-0.594572,110.218232,1,0.5,4.13
2150,-0.594572,110.221601,2,0.5,65.62
2151,-0.594572,110.22497,2,0.5,65.62
2152,-0.594572,110.228338,4,0.5,65.62
2153,-0.594572,110.231707,3,0.5,22.01
2154,-0.594572,110.235076,3,0.5,22.01
2155,-0.594572,110.238444,2,0.5,22.01
2156,-0.594572,110.24855,1,0.5,5.4
2157,-0.594572,110.251919,2,0.5,5.4
2158,-0.594572,110.255288,2,0.5,5.4
2159,-0.594572,110.359717,1,0.5,2.75
2160,-0.594572,110.363086,1,0.5,2.75
2161,-0.594572,110.366454,1,0.5,2.75
2162,-0.594572,110.443934,1,0.5,13.67
2163,-0.594572,110.447303,1,0.5,13.67
2164,-0.594572,110.450671,1,0.5,4.71
2165,-0.594572,110.45404,1,0.5,4.71
2166,-0.594572,110.457409,1,0.5,4.71
2167,-0.594572,110.474252,1,0.5,6.66
2168,-0.594572,110.477621,1,0.5,4.57
2169,-0.594572,110.48099,1,0.5,4.57
2170,-0.594572,110.484358,1,0.5,4.57
2171,-0.594572,110.501202,1,0.5,2.13
2172,-0.594572,110.50457,1,0.5,2.13
2173,-0.594572,110.507939,1,0.5,2.13
2174,-0.594572,110.521414,1,0.5,9.2
2175,-0.594572,110.524782,1,0.5,9.2
2176,-0.594572,110.528151,1,0.5,9.2
2177,-0.594572,110.53152,1,0.5,9.2
2178,-0.594572,110.615737,1,0.5,7.41
2179,-0.594572,110.619106,1,0.5,16.09
2180,-0.594572,110.622474,1,0.5,16.09
2181,-0.594572,110.625843,1,0.5,16.09
2182,-0.594572,110.629212,1,0.5,5.83
2183,-0.594572,110.63258,1,0.5,5.83
2184,-0.594572,110.635949,1,0.5,27.38
2185,-0.594572,110.639318,1,1.0,20.07
2186,-0.594572,110.642686,1,1.0,20.07
2187,-0.594572,110.646055,1,0.5,3.3
2188,-0.594572,110.649424,1,0.5,3.3
2189,-0.594572,111.181675,1,0.5,7.44
2190,-0.594572,111.185044,1,0.5,7.44
2191,-0.594572,111.188413,1,0.5,7.44
2192,-0.597941,110.107066,1,0.5,0.44
2193,-0.597941,110.110435,1,0.5,0.44
2194,-0.597941,110.181177,1,0.5,24.14
2195,-0.597941,110.184546,1,0.5,24.14
2196,-0.597941,110.187914,1,0.5,24.14
2197,-0.597941,110.191283,2,0.5,38.96
2198,-0.597941,110.194652,1,0.5,15.0
2199,-0.597941,110.19802,1,0.5,15.0
2200,-0.597941,110.204758,1,0.5,3.05
2201,-0.597941,110.208126,1,0.5,3.05
2202,-0.597941,110.211495,1,0.5,3.05
2203,-0.597941,110.221601,1,0.5,65.62
2204,-0.597941,110.22497,1,0.5,65.62
2205,-0.597941,110.228338,2,0.5,65.62
2206,-0.597941,110.231707,2,0.5,22.01
2207,-0.597941,110.235076,2,0.5,22.01
2208,-0.597941,110.238444,2,0.5,22.01
2209,-0.597941,110.359717,1,0.5,2.75
2210,-0.597941,110.363086,1,0.5,2.75
2211,-0.597941,110.366454,1,0.5,2.75
2212,-0.597941,110.383298,1,0.5,9.06
2213,-0.597941,110.386666,1,0.5,9.06
2214,-0.597941,110.390035,1,0.5,9.06
2215,-0.597941,110.443934,1,0.5,13.67
2216,-0.597941,110.447303,1,0.5,13.67
2217,-0.597941,110.450671,1,0.5,13.67
2218,-0.597941,110.45404,1,0.5,13.67
2219,-0.597941,110.457409,1,0.5,4.71
2220,-0.597941,110.464146,1,1.0,7.82
2221,-0.597941,110.467515,2,0.75,13.04
2222,-0.597941,110.470884,2,0.75,13.04
2223,-0.597941,110.474252,2,0.5,13.04
2224,-0.597941,110.477621,1,0.5,4.57
2225,-0.597941,110.48099,1,0.5,4.57
2226,-0.597941,110.484358,1,0.5,4.57
2227,-0.597941,110.501202,1,0.5,2.13
2228,-0.597941,110.50457,1,0.5,2.13
2229,-0.597941,110.507939,1,0.5,2.13
2230,-0.597941,110.514676,1,0.5,9.2
2231,-0.597941,110.518045,1,0.5,9.2
2232,-0.597941,110.521414,1,1.0,45.32
2233,-0.597941,110.524782,1,1.0,45.32
2234,-0.597941,110.528151,1,1.0,45.32
2235,-0.597941,110.53152,1,0.5,9.2
2236,-0.597941,110.619106,1,0.5,29.31
2237,-0.597941,110.622474,1,0.5,29.31
2238,-0.597941,110.625843,1,0.5,29.31
2239,-0.597941,110.635949,1,0.5,27.38
2240,-0.597941,110.639318,1,1.0,20.07
2241,-0.597941,110.642686,1,1.0,20.07
2242,-0.597941,110.646055,1,0.5,3.3
2243,-0.597941,110.649424,1,0.5,3.3
2244,-0.597941,110.652792,1,0.5,3.3
2245,-0.597941,111.161463,1,0.5,5.31
2246,-0.597941,111.164832,1,0.5,5.31
2247,-0.597941,111.168201,1,0.5,5.31
2248,-0.60131,110.086854,1,0.5,2.36
2249,-0.60131,110.090222,1,0.5,2.36
2250,-0.60131,110.107066,1,0.5,0.44
2251,-0.60131,110.110435,1,0.5,0.44
2252,-0.60131,110.181177,1,0.5,24.14
2253,-0.60131,110.184546,1,0.5,24.14
2254,-0.60131,110.187914,1,0.5,24.14
2255,-0.60131,110.191283,1,0.5,15.0
2256,-0.60131,110.194652,1,0.5,15.0
2257,-0.60131,110.19802,1,0.5,15.0
2258,-0.60131,110.204758,1,0.5,3.05
2259,-0.60131,110.208126,1,0.5,3.05
2260,-0.60131,110.211495,1,0.5,3.05
2261,-0.60131,110.228338,1,0.5,4.68
2262,-0.60131,110.231707,1,0.5,22.01
2263,-0.60131,110.235076,1,0.5,22.01
2264,-0.60131,110.238444,1,0.5,22.01
2265,-0.60131,110.359717,1,0.5,2.75
2266,-0.60131,110.363086,1,0.5,2.75
2267,-0.60131,110.366454,1,0.5,2.75
2268,-0.60131,110.37656,1,0.5,3.98
2269,-0.60131,110.379929,1,0.5,3.98
2270,-0.60131,110.383298,1,0.5,9.06
2271,-0.60131,110.386666,1,0.5,9.06
2272,-0.60131,110.390035,1,0.5,9.06
2273,-0.60131,110.443934,1,0.5,13.67
2274,-0.60131,110.447303,2,0.5,13.67
2275,-0.60131,110.450671,2,0.5,13.67
2276,-0.60131,110.45404,2,0.5,13.67
2277,-0.60131,110.457409,1,0.5,4.71
2278,-0.60131,110.464146,1,1.0,7.82
2279,-0.60131,110.467515,3,0.67,13.04
2280,-0.60131,110.470884,3,0.67,13.04
2281,-0.60131,110.474252,1,0.5,13.04
2282,-0.60131,110.477621,1,0.5,4.57
2283,-0.60131,110.48099,1,0.5,4.57
2284,-0.60131,110.484358,1,0.5,4.57
2285,-0.60131,110.497833,1,0.5,2.38
2286,-0.60131,110.501202,2,0.5,2.38
2287,-0.60131,110.50457,2,0.5,2.38
2288,-0.60131,110.507939,1,0.5,2.13
2289,-0.60131,110.514676,1,0.5,9.2
2290,-0.60131,110.518045,1,0.5,9.2
2291,-0.60131,110.521414,1,1.0,45.32
2292,-0.60131,110.524782,1,1.0,45.32
2293,-0.60131,110.528151,1,1.0,45.32
2294,-0.60131,110.53152,1,0.5,9.2
2295,-0.60131,110.642686,1,0.5,5.27
2296,-0.60131,110.646055,1,0.5,3.3
2297,-0.60131,110.649424,1,0.5,3.3
2298,-0.60131,110.652792,1,0.5,3.3
2299,-0.60131,111.161463,1,0.5,5.31
2300,-0.60131,111.164832,1,0.5,5.31
2301,-0.60131,111.168201,1,0.5,5.31
2302,-0.604678,110.086854,1,0.5,2.36
2303,-0.604678,110.090222,1,0.5,2.36
2304,-0.604678,110.107066,1,0.5,0.44
2305,-0.604678,110.110435,1,0.5,0.44
2306,-0.604678,110.231707,1,0.5,9.39
2307,-0.604678,110.235076,1,0.5,9.39
2308,-0.604678,110.238444,1,0.5,9.39
2309,-0.604678,110.37656,1,0.5,3.98
2310,-0.604678,110.379929,1,0.5,3.98
2311,-0.604678,110.383298,1,0.5,9.06
2312,-0.604678,110.386666,1,0.5,9.06
2313,-0.604678,110.390035,1,0.5,9.06
2314,-0.604678,110.420353,1,0.5,5.12
2315,-0.604678,110.423722,1,0.5,5.12
2316,-0.604678,110.427091,1,0.5,5.12
2317,-0.604678,110.447303,1,0.5,5.54
2318,-0.604678,110.450671,1,0.5,5.54
2319,-0.604678,110.45404,1,0.5,5.54
2320,-0.604678,110.464146,1,1.0,7.82
2321,-0.604678,110.467515,3,0.67,13.04
2322,-0.604678,110.470884,3,0.67,13.04
2323,-0.604678,110.474252,1,0.5,13.04
2324,-0.604678,110.497833,1,0.5,2.38
2325,-0.604678,110.501202,1,0.5,2.38
2326,-0.604678,110.50457,1,0.5,2.38
2327,-0.604678,110.514676,1,0.5,9.2
2328,-0.604678,110.518045,1,0.5,9.2
2329,-0.604678,110.521414,1,1.0,45.32
2330,-0.604678,110.524782,1,1.0,45.32
2331,-0.604678,110.528151,1,1.0,45.32
2332,-0.604678,110.53152,1,0.5,9.2
2333,-0.604678,110.642686,1,0.5,5.27
2334,-0.604678,110.646055,1,0.5,4.15
2335,-0.604678,110.649424,1,0.5,4.15
2336,-0.604678,110.969448,1,0.5,3.36
2337,-0.604678,110.972817,1,0.5,3.36
2338,-0.604678,111.161463,1,0.5,5.31
2339,-0.604678,111.164832,1,0.5,5.31
2340,-0.604678,111.168201,1,0.5,5.31
2341,-0.608047,110.086854,1,0.5,2.36
2342,-0.608047,110.090222,1,0.5,2.36
2343,-0.608047,110.09696,1,0.5,13.02
2344,-0.608047,110.100328,1,0.5,13.02
2345,-0.608047,110.103697,1,0.5,13.02
2346,-0.608047,110.231707,1,0.5,9.39
2347,-0.608047,110.235076,1,0.5,9.39
2348,-0.608047,110.238444,1,0.5,9.39
2349,-0.608047,110.299081,1,0.5,10.18
2350,-0.608047,110.302449,1,0.5,20.65
2351,-0.608047,110.305818,1,0.5,20.65
2352,-0.608047,110.309187,1,0.5,10.18
2353,-0.608047,110.37656,1,0.5,1.67
2354,-0.608047,110.379929,1,0.5,1.67
2355,-0.608047,110.420353,1,0.5,5.12
2356,-0.608047,110.423722,1,0.5,5.12
2357,-0.608047,110.427091,1,0.5,5.12
2358,-0.608047,110.447303,1,0.5,5.54
2359,-0.608047,110.450671,1,0.5,5.54
2360,-0.608047,110.45404,1,0.5,5.54
2361,-0.608047,110.460777,1,0.5,14.19
2362,-0.608047,110.464146,1,0.5,14.19
2363,-0.608047,110.467515,1,0.5,14.19
2364,-0.608047,110.477621,1,0.5,7.48
2365,-0.608047,110.48099,1,0.5,6.65
2366,-0.608047,110.484358,1,0.5,6.65
2367,-0.608047,110.487727,1,0.5,6.65
2368,-0.608047,110.491096,1,0.5,7.48
2369,-0.608047,110.494464,1,0.5,11.74
2370,-0.608047,110.497833,2,0.5,11.74
2371,-0.608047,110.501202,2,0.5,11.74
2372,-0.608047,110.50457,1,0.5,2.38
2373,-0.608047,110.518045,1,0.5,45.32
2374,-0.608047,110.521414,1,1.0,45.32
2375,-0.608047,110.524782,1,1.0,45.32
2376,-0.608047,110.528151,1,1.0,45.32
2377,-0.608047,110.642686,1,0.5,5.27
2378,-0.608047,110.646055,1,0.5,4.15
2379,-0.608047,110.649424,1,0.5,4.15
2380,-0.608047,110.969448,1,0.5,3.36
2381,-0.608047,110.972817,1,0.5,3.36
2382,-0.611416,110.09696,1,0.5,13.02
2383,-0.611416,110.100328,1,0.5,13.02
2384,-0.611416,110.103697,1,0.5,13.02
2385,-0.611416,110.181177,1,0.5,16.89
2386,-0.611416,110.184546,1,0.5,16.89
2387,-0.611416,110.187914,1,0.5,16.89
2388,-0.611416,110.218232,1,0.5,19.74
2389,-0.611416,110.221601,1,0.5,19.74
2390,-0.611416,110.22497,1,0.5,19.74
2391,-0.611416,110.299081,1,0.5,10.18
2392,-0.611416,110.302449,1,0.5,20.65
2393,-0.611416,110.305818,1,0.5,20.65
2394,-0.611416,110.309187,1,0.5,10.18
2395,-0.611416,110.447303,1,0.5,4.34
2396,-0.611416,110.450671,1,0.5,4.34
2397,-0.611416,110.45404,1,0.5,4.34
2398,-0.611416,110.457409,1,0.5,2.37
2399,-0.611416,110.460777,1,0.5,14.19
2400,-0.611416,110.464146,1,0.5,14.19
2401,-0.611416,110.467515,1,0.5,14.19
2402,-0.611416,110.477621,1,0.5,7.48
2403,-0.611416,110.48099,1,0.5,6.65
2404,-0.611416,110.484358,1,0.5,6.65
2405,-0.611416,110.487727,1,0.5,6.65
2406,-0.611416,110.491096,1,0.5,7.48
2407,-0.611416,110.494464,1,0.5,11.74
2408,-0.611416,110.497833,1,0.5,11.74
2409,-0.611416,110.501202,1,0.5,11.74
2410,-0.611416,110.646055,1,0.5,4.15
2411,-0.611416,110.649424,1,0.5,4.15
2412,-0.614785,110.080116,1,0.5,3.12
2413,-0.614785,110.083485,1,0.5,3.12
2414,-0.614785,110.086854,1,0.5,3.12
2415,-0.614785,110.09696,1,0.5,13.02
2416,-0.614785,110.100328,1,0.5,13.02
2417,-0.614785,110.103697,1,0.5,13.02
2418,-0.614785,110.181177,1,0.5,16.89
2419,-0.614785,110.184546,1,0.5,16.89
2420,-0.614785,110.187914,1,0.5,16.89
2421,-0.614785,110.218232,1,0.5,19.74
2422,-0.614785,110.221601,1,0.5,19.74
2423,-0.614785,110.22497,1,0.5,19.74
2424,-0.614785,110.299081,1,0.5,10.18
2425,-0.614785,110.302449,1,0.5,20.65
2426,-0.614785,110.305818,1,0.5,20.65
2427,-0.614785,110.309187,1,0.5,10.18
2428,-0.614785,110.427091,1,0.5,5.34
2429,-0.614785,110.430459,1,0.5,5.34
2430,-0.614785,110.433828,1,0.5,5.34
2431,-0.614785,110.437197,1,0.5,5.34
2432,-0.614785,110.440565,1,0.5,5.34
2433,-0.614785,110.443934,1,0.5,4.52
2434,-0.614785,110.447303,1,0.5,4.34
2435,-0.614785,110.450671,1,0.5,4.34
2436,-0.614785,110.45404,1,0.5,4.34
2437,-0.614785,110.457409,1,0.5,2.37
2438,-0.614785,110.460777,1,0.5,14.19
2439,-0.614785,110.464146,1,0.5,14.19
2440,-0.614785,110.467515,1,0.5,14.19
2441,-0.614785,110.470884,1,0.5,11.0
2442,-0.614785,110.474252,1,0.5,11.0
2443,-0.614785,110.477621,1,0.5,7.48
2444,-0.614785,110.48099,1,0.5,6.65
2445,-0.614785,110.484358,1,0.5,6.65
2446,-0.614785,110.487727,1,0.5,6.65
2447,-0.614785,110.491096,1,0.5,7.48
2448,-0.614785,110.494464,1,0.5,11.74
2449,-0.614785,110.497833,1,0.5,11.74
2450,-0.614785,110.501202,1,0.5,11.74
2451,-0.614785,110.568575,1,0.5,3.97
2452,-0.614785,110.571944,1,0.5,3.97
2453,-0.614785,110.575313,1,0.5,3.97
2454,-0.618153,110.080116,1,0.5,3.29
2455,-0.618153,110.083485,1,0.5,3.29
2456,-0.618153,110.086854,1,0.5,3.29
2457,-0.618153,110.181177,1,0.5,16.89
2458,-0.618153,110.184546,1,0.5,16.89
2459,-0.618153,110.187914,1,0.5,16.89
2460,-0.618153,110.218232,1,0.5,19.74
2461,-0.618153,110.221601,1,0.5,19.74
2462,-0.618153,110.22497,1,0.5,19.74
2463,-0.618153,110.427091,1,0.5,5.34
2464,-0.618153,110.430459,1,0.5,5.34
2465,-0.618153,110.433828,1,0.5,5.34
2466,-0.618153,110.437197,1,0.5,5.34
2467,-0.618153,110.440565,1,0.5,5.34
2468,-0.618153,110.443934,1,0.5,4.52
2469,-0.618153,110.447303,1,0.5,4.52
2470,-0.618153,110.450671,1,0.5,4.52
2471,-0.618153,110.457409,1,0.5,2.37
2472,-0.618153,110.460777,1,0.5,2.37
2473,-0.618153,110.464146,1,0.5,2.37
2474,-0.618153,110.467515,1,0.5,11.0
2475,-0.618153,110.470884,1,0.5,11.0
2476,-0.618153,110.474252,1,0.5,11.0
2477,-0.618153,110.568575,1,0.5,3.97
2478,-0.618153,110.571944,1,0.5,3.97
2479,-0.618153,110.575313,1,0.5,3.97
2480,-0.621522,110.080116,1,0.5,3.29
2481,-0.621522,110.083485,1,0.5,3.29
2482,-0.621522,110.086854,1,0.5,3.29
2483,-0.621522,110.181177,1,0.5,16.89
2484,-0.621522,110.184546,1,0.5,16.89
2485,-0.621522,110.187914,1,0.5,16.89
2486,-0.621522,110.258657,1,0.5,9.18
2487,-0.621522,110.262025,1,0.5,9.18
2488,-0.621522,110.265394,1,0.5,9.18
2489,-0.621522,110.295712,2,0.5,11.46
2490,-0.621522,110.299081,2,0.5,11.46
2491,-0.621522,110.302449,2,0.5,11.46
2492,-0.621522,110.346242,1,0.5,7.55
2493,-0.621522,110.349611,1,0.5,7.55
2494,-0.621522,110.35298,1,0.5,7.55
2495,-0.621522,110.427091,1,0.5,5.34
2496,-0.621522,110.430459,1,0.5,5.34
2497,-0.621522,110.433828,1,0.5,5.34
2498,-0.621522,110.437197,1,0.5,5.34
2499,-0.621522,110.440565,1,0.5,5.34
2500,-0.621522,110.568575,1,0.5,3.97
2501,-0.621522,110.571944,1,0.5,3.97
2502,-0.621522,110.575313,1,0.5,3.97
2503,-0.621522,110.666267,1,0.5,7.38
2504,-0.621522,110.669636,1,0.5,7.38
2505,-0.621522,110.673004,1,0.5,7.38
2506,-0.624891,110.245182,1,0.5,3.13
2507,-0.624891,110.24855,1,0.5,3.13
2508,-0.624891,110.251919,1,0.5,3.13
2509,-0.624891,110.258657,1,0.5,9.18
2510,-0.624891,110.262025,1,0.5,9.18
2511,-0.624891,110.265394,1,0.5,13.83
2512,-0.624891,110.268763,1,0.5,13.83
2513,-0.624891,110.272131,1,0.5,13.83
2514,-0.624891,110.295712,2,0.5,11.46
2515,-0.624891,110.299081,2,0.5,11.46
2516,-0.624891,110.302449,2,0.5,11.46
2517,-0.624891,110.346242,1,0.5,7.55
2518,-0.624891,110.349611,1,0.5,7.55
2519,-0.624891,110.35298,1,0.5,7.55
2520,-0.624891,110.400141,1,0.5,37.71
2521,-0.624891,110.40351,1,0.5,37.71
2522,-0.624891,110.406879,1,0.5,37.71
2523,-0.624891,110.430459,1,0.5,2.61
2524,-0.624891,110.433828,1,0.5,2.61
2525,-0.624891,110.437197,1,0.5,2.61
2526,-0.624891,110.518045,1,0.5,8.3
2527,-0.624891,110.521414,1,0.5,8.3
2528,-0.624891,110.524782,2,0.5,8.3
2529,-0.624891,110.528151,1,0.5,4.52
2530,-0.624891,110.53152,1,0.5,4.52
2531,-0.624891,110.555101,1,0.5,20.93
2532,-0.624891,110.558469,1,0.5,20.93
2533,-0.624891,110.561838,1,0.5,20.93
2534,-0.624891,110.666267,1,0.5,7.38
2535,-0.624891,110.669636,1,0.5,7.38
2536,-0.624891,110.673004,1,0.5,7.38
2537,-0.624891,110.780802,1,0.5,24.92
2538,-0.624891,110.784171,1,0.5,24.92
2539,-0.624891,110.78754,1,0.5,24.92
2540,-0.624891,110.790908,1,0.5,24.92
2541,-0.628259,110.01948,1,0.5,48.14
2542,-0.628259,110.022849,1,0.5,48.14
2543,-0.628259,110.026217,1,0.5,48.14
2544,-0.628259,110.029586,1,0.5,48.14
2545,-0.628259,110.066642,1,0.5,2.4
2546,-0.628259,110.07001,1,0.5,2.4
2547,-0.628259,110.073379,1,0.5,2.4
2548,-0.628259,110.245182,1,0.5,3.13
2549,-0.628259,110.24855,1,0.5,3.13
2550,-0.628259,110.251919,1,0.5,3.13
2551,-0.628259,110.258657,1,0.5,9.04
2552,-0.628259,110.262025,1,0.5,9.04
2553,-0.628259,110.265394,1,0.5,9.04
2554,-0.628259,110.268763,1,0.5,9.04
2555,-0.628259,110.272131,1,0.5,9.04
2556,-0.628259,110.295712,2,0.5,11.46
2557,-0.628259,110.299081,2,0.5,11.46
2558,-0.628259,110.302449,2,0.5,11.46
2559,-0.628259,110.305818,1,0.5,29.37
2560,-0.628259,110.309187,1,1.0,42.84
2561,-0.628259,110.312555,1,1.0,42.84
2562,-0.628259,110.315924,1,1.0,42.84
2563,-0.628259,110.346242,1,0.5,7.55
2564,-0.628259,110.349611,1,0.5,7.55
2565,-0.628259,110.35298,1,0.5,7.55
2566,-0.628259,110.386666,1,0.5,9.0
2567,-0.628259,110.390035,1,0.5,9.0
2568,-0.628259,110.393404,1,0.5,9.0
2569,-0.628259,110.400141,1,0.5,37.71
2570,-0.628259,110.40351,1,0.5,37.71
2571,-0.628259,110.406879,1,0.5,37.71
2572,-0.628259,110.430459,1,0.5,2.61
2573,-0.628259,110.433828,1,0.5,2.61
2574,-0.628259,110.437197,1,0.5,2.61
2575,-0.628259,110.518045,1,0.5,8.3
2576,-0.628259,110.521414,1,0.5,8.3
2577,-0.628259,110.524782,2,0.5,8.3
2578,-0.628259,110.528151,1,0.5,4.52
2579,-0.628259,110.53152,1,0.5,4.52
2580,-0.628259,110.555101,1,0.5,20.93
2581,-0.628259,110.558469,1,0.5,20.93
2582,-0.628259,110.561838,1,0.5,20.93
2583,-0.628259,110.656161,1,0.5,7.4
2584,-0.628259,110.65953,1,0.5,7.4
2585,-0.628259,110.662898,1,0.5,7.4
2586,-0.628259,110.666267,1,0.5,7.38
2587,-0.628259,110.669636,1,0.5,7.38
2588,-0.628259,110.673004,2,0.5,15.15
2589,-0.628259,110.676373,1,0.5,15.15
2590,-0.628259,110.679742,1,0.5,15.15
2591,-0.628259,110.780802,1,0.5,24.92
2592,-0.628259,110.784171,1,0.5,24.92
2593,-0.628259,110.78754,1,0.5,24.92
2594,-0.628259,110.790908,1,0.5,24.92
2595,-0.628259,110.841439,1,0.5,10.23
2596,-0.628259,110.844807,1,0.5,10.23
2597,-0.628259,110.848176,1,0.5,10.23
2598,-0.631628,110.01948,1,0.5,48.14
2599,-0.631628,110.022849,1,0.5,48.14
2600,-0.631628,110.026217,1,0.5,48.14
2601,-0.631628,110.029586,1,0.5,48.14
2602,-0.631628,110.032955,1,0.5,48.14
2603,-0.631628,110.036323,1,0.5,48.14
2604,-0.631628,110.066642,1,0.5,2.4
2605,-0.631628,110.07001,1,0.5,2.4
2606,-0.631628,110.073379,1,0.5,2.4
2607,-0.631628,110.258657,1,0.5,9.04
2608,-0.631628,110.262025,1,0.5,9.04
2609,-0.631628,110.265394,1,0.5,9.04
2610,-0.631628,110.268763,2,0.5,9.04
2611,-0.631628,110.272131,3,0.5,12.36
2612,-0.631628,110.2755,3,0.5,12.36
2613,-0.631628,110.278869,2,0.5,12.36
2614,-0.631628,110.282237,1,0.5,3.72
2615,-0.631628,110.305818,1,0.5,29.37
2616,-0.631628,110.309187,1,1.0,42.84
2617,-0.631628,110.312555,1,1.0,42.84
2618,-0.631628,110.315924,1,1.0,42.84
2619,-0.631628,110.329399,1,0.5,30.08
2620,-0.631628,110.332768,1,0.5,30.08
2621,-0.631628,110.346242,1,0.5,1.95
2622,-0.631628,110.349611,1,0.5,1.95
2623,-0.631628,110.35298,1,0.5,1.95
2624,-0.631628,110.369823,1,0.5,9.07
2625,-0.631628,110.373192,1,0.5,9.07
2626,-0.631628,110.383298,1,0.5,5.01
2627,-0.631628,110.386666,1,0.5,9.0
2628,-0.631628,110.390035,1,0.5,9.0
2629,-0.631628,110.393404,1,0.5,9.0
2630,-0.631628,110.430459,1,0.5,2.61
2631,-0.631628,110.433828,1,0.5,2.61
2632,-0.631628,110.437197,1,0.5,2.61
2633,-0.631628,110.443934,1,0.5,17.43
2634,-0.631628,110.447303,1,0.5,17.43
2635,-0.631628,110.497833,1,0.5,5.51
2636,-0.631628,110.501202,1,0.5,5.51
2637,-0.631628,110.50457,1,0.5,5.51
2638,-0.631628,110.518045,1,0.5,8.3
2639,-0.631628,110.521414,1,0.5,8.3
2640,-0.631628,110.524782,1,0.5,8.3
2641,-0.631628,110.548363,1,0.5,8.53
2642,-0.631628,110.551732,1,0.5,8.53
2643,-0.631628,110.555101,2,0.5,20.93
2644,-0.631628,110.558469,1,0.5,20.93
2645,-0.631628,110.561838,1,0.5,20.93
2646,-0.631628,110.629212,1,0.5,11.35
2647,-0.631628,110.63258,1,0.5,11.35
2648,-0.631628,110.635949,1,0.5,8.77
2649,-0.631628,110.639318,1,0.5,8.77
2650,-0.631628,110.656161,1,0.5,7.4
2651,-0.631628,110.65953,1,0.5,7.4
2652,-0.631628,110.662898,1,0.5,7.4
2653,-0.631628,110.673004,1,0.5,15.15
2654,-0.631628,110.676373,1,0.5,15.15
2655,-0.631628,110.679742,1,0.5,15.15
2656,-0.631628,110.780802,1,0.5,24.92
2657,-0.631628,110.784171,1,0.5,24.92
2658,-0.631628,110.78754,1,0.5,24.92
2659,-0.631628,110.790908,1,0.5,24.92
2660,-0.631628,110.83807,1,0.5,5.0
2661,-0.631628,110.841439,1,0.5,5.0
2662,-0.631628,110.844807,1,0.5,5.0
2663,-0.631628,110.848176,1,0.5,10.23
2664,-0.634997,110.01948,1,0.5,48.14
2665,-0.634997,110.022849,1,0.5,48.14
2666,-0.634997,110.026217,1,0.5,48.14
2667,-0.634997,110.029586,1,0.5,48.14
2668,-0.634997,110.032955,1,0.5,48.14
2669,-0.634997,110.036323,1,0.5,48.14
2670,-0.634997,110.258657,1,0.5,9.04
2671,-0.634997,110.262025,1,0.5,9.04
2672,-0.634997,110.265394,1,0.5,9.04
2673,-0.634997,110.268763,2,0.5,9.04
2674,-0.634997,110.272131,3,0.5,12.36
2675,-0.634997,110.2755,3,0.5,12.36
2676,-0.634997,110.278869,3,0.5,12.36
2677,-0.634997,110.282237,2,0.5,11.11
2678,-0.634997,110.285606,1,0.5,11.11
2679,-0.634997,110.305818,1,0.5,29.37
2680,-0.634997,110.309187,1,1.0,42.84
2681,-0.634997,110.312555,1,1.0,42.84
2682,-0.634997,110.315924,1,1.0,42.84
2683,-0.634997,110.329399,1,0.5,30.08
2684,-0.634997,110.332768,1,0.5,30.08
2685,-0.634997,110.369823,1,0.5,9.07
2686,-0.634997,110.373192,1,0.5,9.07
2687,-0.634997,110.383298,1,0.5,5.01
2688,-0.634997,110.386666,1,0.5,9.0
2689,-0.634997,110.390035,1,0.5,9.0
2690,-0.634997,110.393404,1,0.5,9.0
2691,-0.634997,110.443934,1,0.5,17.43
2692,-0.634997,110.447303,1,0.5,17.43
2693,-0.634997,110.470884,1,0.5,2.18
2694,-0.634997,110.474252,1,0.5,2.18
2695,-0.634997,110.477621,1,0.5,2.18
2696,-0.634997,110.497833,1,0.5,5.51
2697,-0.634997,110.501202,1,0.5,5.51
2698,-0.634997,110.50457,1,0.5,5.51
2699,-0.634997,110.514676,1,0.5,4.51
2700,-0.634997,110.518045,1,0.5,4.51
2701,-0.634997,110.521414,1,0.5,4.51
2702,-0.634997,110.538257,1,0.5,12.33
2703,-0.634997,110.541626,1,0.5,12.33
2704,-0.634997,110.544995,1,0.5,12.33
2705,-0.634997,110.548363,1,0.5,8.53
2706,-0.634997,110.551732,1,0.5,8.53
2707,-0.634997,110.555101,1,0.5,8.53
2708,-0.634997,110.561838,1,0.5,22.39
2709,-0.634997,110.565207,1,0.5,22.39
2710,-0.634997,110.568575,1,0.5,22.39
2711,-0.634997,110.571944,1,0.5,11.67
2712,-0.634997,110.629212,1,0.5,5.81
2713,-0.634997,110.63258,1,0.5,5.81
2714,-0.634997,110.635949,1,0.5,8.77
2715,-0.634997,110.639318,1,0.5,8.77
2716,-0.634997,110.656161,1,0.5,7.4
2717,-0.634997,110.65953,1,0.5,7.4
2718,-0.634997,110.662898,1,0.5,7.4
2719,-0.634997,110.673004,3,0.5,74.04
2720,-0.634997,110.676373,3,0.5,74.04
2721,-0.634997,110.679742,3,0.5,74.04
2722,-0.634997,110.733641,1,0.5,4.5
2723,-0.634997,110.737009,1,0.5,4.5
2724,-0.634997,110.740378,1,0.5,4.5
2725,-0.634997,110.83807,1,0.5,5.0
2726,-0.634997,110.841439,1,0.5,5.0
2727,-0.634997,110.844807,1,0.5,5.0
2728,-0.638365,110.026217,1,0.5,48.14
2729,-0.638365,110.029586,2,0.5,48.14
2730,-0.638365,110.032955,2,0.5,48.14
2731,-0.638365,110.036323,1,0.5,48.14
2732,-0.638365,110.107066,1,0.5,50.85
2733,-0.638365,110.110435,1,0.5,50.85
2734,-0.638365,110.191283,1,0.5,142.21
2735,-0.638365,110.194652,1,0.5,142.21
2736,-0.638365,110.19802,2,0.5,142.21
2737,-0.638365,110.201389,1,0.5,11.87
2738,-0.638365,110.204758,1,0.5,11.87
2739,-0.638365,110.208126,1,0.5,11.39
2740,-0.638365,110.211495,1,0.5,11.39
2741,-0.638365,110.258657,1,0.5,9.04
2742,-0.638365,110.262025,1,0.5,9.04
2743,-0.638365,110.265394,1,0.5,9.04
2744,-0.638365,110.2755,2,0.5,3.72
2745,-0.638365,110.278869,3,0.5,11.11
2746,-0.638365,110.282237,2,0.5,11.11
2747,-0.638365,110.285606,1,0.5,11.11
2748,-0.638365,110.383298,1,0.5,5.01
2749,-0.638365,110.386666,1,0.5,5.01
2750,-0.638365,110.443934,1,0.5,17.43
2751,-0.638365,110.447303,1,0.5,17.43
2752,-0.638365,110.470884,1,0.5,2.18
2753,-0.638365,110.474252,1,0.5,2.18
2754,-0.638365,110.477621,1,0.5,2.18
2755,-0.638365,110.497833,1,0.5,5.51
2756,-0.638365,110.501202,1,0.5,5.51
2757,-0.638365,110.50457,1,0.5,5.51
2758,-0.638365,110.514676,1,0.5,4.51
2759,-0.638365,110.518045,1,0.5,4.51
2760,-0.638365,110.521414,1,0.5,4.51
2761,-0.638365,110.534888,1,0.5,14.71
2762,-0.638365,110.538257,1,0.5,12.33
2763,-0.638365,110.541626,1,0.5,12.33
2764,-0.638365,110.544995,1,0.5,12.33
2765,-0.638365,110.551732,1,0.5,4.4
2766,-0.638365,110.555101,1,0.5,4.4
2767,-0.638365,110.561838,1,0.5,22.39
2768,-0.638365,110.565207,1,0.5,22.39
2769,-0.638365,110.568575,1,0.5,22.39
2770,-0.638365,110.571944,1,0.5,11.67
2771,-0.638365,110.629212,1,0.5,5.81
2772,-0.638365,110.63258,1,0.5,5.81
2773,-0.638365,110.635949,1,0.5,8.77
2774,-0.638365,110.639318,1,0.5,8.77
2775,-0.638365,110.673004,2,0.5,74.04
2776,-0.638365,110.676373,2,0.5,74.04
2777,-0.638365,110.679742,2,0.5,74.04
2778,-0.638365,110.713429,1,0.5,6.4
2779,-0.638365,110.716797,1,0.5,6.4
2780,-0.638365,110.720166,1,0.5,6.4
2781,-0.638365,110.733641,1,0.5,4.5
2782,-0.638365,110.737009,1,0.5,4.5
2783,-0.638365,110.740378,1,0.5,4.5
2784,-0.638365,110.747115,1,0.5,4.94
2785,-0.638365,110.750484,1,0.5,4.94
2786,-0.638365,110.753853,1,0.5,4.94
2787,-0.641734,110.029586,1,0.5,3.52
2788,-0.641734,110.032955,1,0.5,3.52
2789,-0.641734,110.107066,1,0.5,50.85
2790,-0.641734,110.110435,1,0.5,50.85
2791,-0.641734,110.191283,1,0.5,142.21
2792,-0.641734,110.194652,1,0.5,142.21
2793,-0.641734,110.19802,2,0.5,142.21
2794,-0.641734,110.201389,1,0.5,11.87
2795,-0.641734,110.204758,2,0.5,11.87
2796,-0.641734,110.208126,2,0.5,11.39
2797,-0.641734,110.211495,1,0.5,11.39
2798,-0.641734,110.2755,1,0.5,3.04
2799,-0.641734,110.278869,2,0.5,11.11
2800,-0.641734,110.282237,1,0.5,11.11
2801,-0.641734,110.309187,1,0.5,2.72
2802,-0.641734,110.312555,1,0.5,2.72
2803,-0.641734,110.315924,1,0.5,2.72
2804,-0.641734,110.356348,1,0.5,3.81
2805,-0.641734,110.359717,1,0.5,3.81
2806,-0.641734,110.363086,1,0.5,3.81
2807,-0.641734,110.406879,1,0.5,43.09
2808,-0.641734,110.410247,1,0.5,43.09
2809,-0.641734,110.413616,1,0.5,43.09
2810,-0.641734,110.470884,1,0.5,2.18
2811,-0.641734,110.474252,1,0.5,2.18
2812,-0.641734,110.477621,1,0.5,2.18
2813,-0.641734,110.514676,1,0.5,4.51
2814,-0.641734,110.518045,1,0.5,4.51
2815,-0.641734,110.521414,1,0.5,4.51
2816,-0.641734,110.534888,1,0.5,14.71
2817,-0.641734,110.538257,1,0.5,12.33
2818,-0.641734,110.541626,1,0.5,12.33
2819,-0.641734,110.544995,1,0.5,12.33
2820,-0.641734,110.548363,1,0.5,4.8
2821,-0.641734,110.551732,1,0.5,4.8
2822,-0.641734,110.555101,1,0.5,6.24
2823,-0.641734,110.558469,1,0.5,6.24
2824,-0.641734,110.561838,1,0.5,22.39
2825,-0.641734,110.565207,1,0.5,22.39
2826,-0.641734,110.568575,1,0.5,22.39
2827,-0.641734,110.571944,1,0.5,11.67
2828,-0.641734,110.629212,1,0.5,5.81
2829,-0.641734,110.63258,1,0.5,5.81
2830,-0.641734,110.635949,1,0.5,3.32
2831,-0.641734,110.639318,1,0.5,3.32
2832,-0.641734,110.673004,2,0.5,74.04
2833,-0.641734,110.676373,2,0.5,74.04
2834,-0.641734,110.679742,2,0.5,74.04
2835,-0.641734,110.713429,1,0.5,6.4
2836,-0.641734,110.716797,1,0.5,6.4
2837,-0.641734,110.720166,1,0.5,6.4
2838,-0.641734,110.733641,1,0.5,4.5
2839,-0.641734,110.737009,1,0.5,4.5
2840,-0.641734,110.740378,1,0.5,4.5
2841,-0.641734,110.747115,1,0.5,4.94
2842,-0.641734,110.750484,1,0.5,4.94
2843,-0.641734,110.753853,1,0.5,4.94
2844,-0.645103,110.107066,1,0.5,50.85
2845,-0.645103,110.110435,1,0.5,50.85
2846,-0.645103,110.140753,1,0.5,8.0
2847,-0.645103,110.144121,1,0.5,8.0
2848,-0.645103,110.191283,1,0.5,142.21
2849,-0.645103,110.194652,1,0.5,142.21
2850,-0.645103,110.19802,2,0.5,142.21
2851,-0.645103,110.201389,1,0.5,11.87
2852,-0.645103,110.204758,2,0.5,11.87
2853,-0.645103,110.208126,2,0.5,11.39
2854,-0.645103,110.211495,1,0.5,11.39
2855,-0.645103,110.309187,1,0.5,2.72
2856,-0.645103,110.312555,1,0.5,2.72
2857,-0.645103,110.315924,1,0.5,2.72
2858,-0.645103,110.356348,1,0.5,3.81
2859,-0.645103,110.359717,1,0.5,3.81
2860,-0.645103,110.363086,1,0.5,3.81
2861,-0.645103,110.393404,1,0.5,28.82
2862,-0.645103,110.396773,1,0.5,28.82
2863,-0.645103,110.406879,1,0.5,43.09
2864,-0.645103,110.410247,1,0.5,43.09
2865,-0.645103,110.413616,1,0.5,43.09
2866,-0.645103,110.430459,1,0.5,8.03
2867,-0.645103,110.433828,1,0.5,8.03
2868,-0.645103,110.437197,1,0.5,8.03
2869,-0.645103,110.440565,2,0.5,21.02
2870,-0.645103,110.443934,1,0.5,21.02
2871,-0.645103,110.447303,1,0.5,21.02
2872,-0.645103,110.470884,1,0.5,2.18
2873,-0.645103,110.474252,1,0.5,2.18
2874,-0.645103,110.477621,1,0.5,2.18
2875,-0.645103,110.50457,1,0.5,20.77
2876,-0.645103,110.507939,1,1.0,22.73
2877,-0.645103,110.511308,1,1.0,22.73
2878,-0.645103,110.514676,2,0.75,22.73
2879,-0.645103,110.518045,1,0.5,4.51
2880,-0.645103,110.521414,1,0.5,4.51
2881,-0.645103,110.534888,1,0.5,14.71
2882,-0.645103,110.538257,1,0.5,14.71
2883,-0.645103,110.541626,1,0.5,14.71
2884,-0.645103,110.548363,1,0.5,4.8
2885,-0.645103,110.551732,1,0.5,4.8
2886,-0.645103,110.555101,1,0.5,6.24
2887,-0.645103,110.558469,1,0.5,6.24
2888,-0.645103,110.713429,1,0.5,6.4
2889,-0.645103,110.716797,1,0.5,6.4
2890,-0.645103,110.720166,1,0.5,6.4
2891,-0.645103,110.747115,1,0.5,4.94
2892,-0.645103,110.750484,1,0.5,4.94
2893,-0.645103,110.753853,1,0.5,4.94
2894,-0.645103,110.841439,1,0.5,8.65
2895,-0.645103,110.844807,1,0.5,8.65
2896,-0.645103,110.848176,1,0.5,8.65
2897,-0.648471,110.140753,1,0.5,8.0
2898,-0.648471,110.144121,1,0.5,8.0
2899,-0.648471,110.204758,1,0.5,3.05
2900,-0.648471,110.208126,1,0.5,3.05
2901,-0.648471,110.356348,1,0.5,3.81
2902,-0.648471,110.359717,1,0.5,3.81
2903,-0.648471,110.363086,1,0.5,3.81
2904,-0.648471,110.393404,1,0.5,28.82
2905,-0.648471,110.396773,1,0.5,28.82
2906,-0.648471,110.430459,2,0.5,25.87
2907,-0.648471,110.433828,2,0.5,25.87
2908,-0.648471,110.437197,2,0.5,25.87
2909,-0.648471,110.440565,2,0.5,21.02
2910,-0.648471,110.443934,1,0.5,21.02
2911,-0.648471,110.447303,2,0.5,21.02
2912,-0.648471,110.450671,1,0.5,3.33
2913,-0.648471,110.45404,1,0.5,3.33
2914,-0.648471,110.50457,1,0.5,20.77
2915,-0.648471,110.507939,1,1.0,22.73
2916,-0.648471,110.511308,1,1.0,22.73
2917,-0.648471,110.514676,1,1.0,22.73
2918,-0.648471,110.841439,1,0.5,8.65
2919,-0.648471,110.844807,1,0.5,8.65
2920,-0.648471,110.848176,1,0.5,8.65
2921,-0.65184,110.140753,1,0.5,7.2
2922,-0.65184,110.144121,1,0.5,7.2
2923,-0.65184,110.393404,1,0.5,28.82
2924,-0.65184,110.396773,1,0.5,28.82
2925,-0.65184,110.423722,2,0.5,31.41
2926,-0.65184,110.427091,2,0.5,31.41
2927,-0.65184,110.430459,4,0.5,31.41
2928,-0.65184,110.433828,2,0.5,25.87
2929,-0.65184,110.437197,2,0.5,25.87
2930,-0.65184,110.440565,1,0.5,8.03
2931,-0.65184,110.447303,1,0.5,3.33
2932,-0.65184,110.450671,1,0.5,3.33
2933,-0.65184,110.45404,1,0.5,3.33
2934,-0.65184,110.50457,1,0.5,20.77
2935,-0.65184,110.507939,1,1.0,22.73
2936,-0.65184,110.511308,1,1.0,22.73
2937,-0.65184,110.514676,1,1.0,22.73
2938,-0.65184,110.548363,1,0.5,5.3
2939,-0.65184,110.551732,1,0.5,5.3
2940,-0.65184,110.555101,1,0.5,5.3
2941,-0.65184,110.68311,1,0.5,6.08
2942,-0.65184,110.686479,2,0.5,11.67
2943,-0.65184,110.689848,2,0.5,11.67
2944,-0.65184,110.693217,1,0.5,11.67
2945,-0.65184,110.696585,1,0.5,8.85
2946,-0.65184,110.780802,1,0.5,6.32
2947,-0.65184,110.784171,1,0.5,6.32
2948,-0.65184,110.841439,1,0.5,34.92
2949,-0.65184,110.844807,1,0.5,34.92
2950,-0.655209,110.140753,1,0.5,7.2
2951,-0.655209,110.144121,1,0.5,7.2
2952,-0.655209,110.201389,1,0.5,16.62
2953,-0.655209,110.204758,1,0.5,16.62
2954,-0.655209,110.208126,1,0.5,16.62
2955,-0.655209,110.211495,1,0.5,16.62
2956,-0.655209,110.231707,1,0.5,18.04
2957,-0.655209,110.235076,1,0.5,18.04
2958,-0.655209,110.238444,1,0.5,18.04
2959,-0.655209,110.299081,1,0.5,3.38
2960,-0.655209,110.302449,1,0.5,3.38
2961,-0.655209,110.305818,1,0.5,3.38
2962,-0.655209,110.423722,2,0.5,31.41
2963,-0.655209,110.427091,2,0.5,31.41
2964,-0.655209,110.430459,4,0.5,31.41
2965,-0.655209,110.433828,2,0.5,25.87
2966,-0.655209,110.437197,2,0.5,25.87
2967,-0.655209,110.440565,1,0.5,8.03
2968,-0.655209,110.447303,1,0.5,3.33
2969,-0.655209,110.450671,1,0.5,3.33
2970,-0.655209,110.45404,1,0.5,3.33
2971,-0.655209,110.477621,1,0.5,8.08
2972,-0.655209,110.48099,1,0.5,8.08
2973,-0.655209,110.484358,1,0.5,8.08
2974,-0.655209,110.507939,2,0.5,20.77
2975,-0.655209,110.511308,2,0.75,22.73
2976,-0.655209,110.514676,2,0.75,22.73
2977,-0.655209,110.548363,1,0.5,5.3
2978,-0.655209,110.551732,1,0.5,5.3
2979,-0.655209,110.555101,1,0.5,5.3
2980,-0.655209,110.558469,1,0.5,28.12
2981,-0.655209,110.561838,1,0.5,28.12
2982,-0.655209,110.565207,1,0.5,28.12
2983,-0.655209,110.662898,1,0.5,5.51
2984,-0.655209,110.666267,2,0.5,5.51
2985,-0.655209,110.669636,2,0.5,5.51
2986,-0.655209,110.673004,1,0.5,4.35
2987,-0.655209,110.676373,1,0.5,16.95
2988,-0.655209,110.679742,1,0.5,16.95
2989,-0.655209,110.68311,2,0.5,16.95
2990,-0.655209,110.686479,2,0.5,11.67
2991,-0.655209,110.689848,2,0.5,11.67
2992,-0.655209,110.693217,1,0.5,11.67
2993,-0.655209,110.696585,1,0.5,8.85
2994,-0.655209,110.753853,1,0.5,16.97
2995,-0.655209,110.757222,1,1.0,19.34
2996,-0.655209,110.76059,1,1.0,19.34
2997,-0.655209,110.763959,1,1.0,19.34
2998,-0.655209,110.780802,1,0.5,6.32
2999,-0.655209,110.784171,1,0.5,6.32
3000,-0.655209,110.841439,1,0.5,34.92
3001,-0.655209,110.844807,1,0.5,34.92
3002,-0.658577,110.19802,1,0.5,8.87
3003,-0.658577,110.201389,2,0.5,16.62
3004,-0.658577,110.204758,2,0.5,16.62
3005,-0.658577,110.208126,1,0.5,16.62
3006,-0.658577,110.211495,1,0.5,16.62
3007,-0.658577,110.231707,1,0.5,18.04
3008,-0.658577,110.235076,1,0.5,18.04
3009,-0.658577,110.238444,1,0.5,18.04
3010,-0.658577,110.299081,1,0.5,3.38
3011,-0.658577,110.302449,1,0.5,3.38
3012,-0.658577,110.305818,1,0.5,3.38
3013,-0.658577,110.413616,1,0.5,9.72
3014,-0.658577,110.416985,1,0.5,9.72
3015,-0.658577,110.420353,1,0.5,9.72
3016,-0.658577,110.423722,2,0.5,31.41
3017,-0.658577,110.427091,2,0.5,31.41
3018,-0.658577,110.430459,2,0.5,31.41
3019,-0.658577,110.447303,1,0.5,3.33
3020,-0.658577,110.450671,1,0.5,3.33
3021,-0.658577,110.45404,1,0.5,3.33
3022,-0.658577,110.477621,1,0.5,8.08
3023,-0.658577,110.48099,1,0.5,8.08
3024,-0.658577,110.484358,1,0.5,8.08
3025,-0.658577,110.507939,1,0.5,3.14
3026,-0.658577,110.511308,1,0.5,3.14
3027,-0.658577,110.514676,1,0.5,3.14
3028,-0.658577,110.551732,1,0.5,38.76
3029,-0.658577,110.555101,1,0.5,38.76
3030,-0.658577,110.558469,1,0.5,38.76
3031,-0.658577,110.561838,1,0.5,38.76
3032,-0.658577,110.565207,1,0.5,38.76
3033,-0.658577,110.662898,1,0.5,5.51
3034,-0.658577,110.666267,2,0.5,5.51
3035,-0.658577,110.669636,2,0.5,5.51
3036,-0.658577,110.673004,1,0.5,4.35
3037,-0.658577,110.676373,1,0.5,16.95
3038,-0.658577,110.679742,1,0.5,16.95
3039,-0.658577,110.68311,2,0.5,16.95
3040,-0.658577,110.686479,1,0.5,6.08
3041,-0.658577,110.689848,1,0.5,6.08
3042,-0.658577,110.753853,1,0.5,16.97
3043,-0.658577,110.757222,1,1.0,19.34
3044,-0.658577,110.76059,1,1.0,19.34
3045,-0.658577,110.763959,1,1.0,19.34
3046,-0.658577,110.78754,1,0.5,3.96
3047,-0.658577,110.790908,1,0.5,3.96
3048,-0.658577,110.814489,1,0.5,34.2
3049,-0.658577,110.817858,1,0.5,34.2
3050,-0.658577,110.821226,1,0.5,34.2
3051,-0.661946,110.194652,1,0.5,8.29
3052,-0.661946,110.19802,2,0.5,8.87
3053,-0.661946,110.201389,3,0.5,16.62
3054,-0.661946,110.204758,2,0.5,16.62
3055,-0.661946,110.208126,1,0.5,16.62
3056,-0.661946,110.211495,1,0.5,16.62
3057,-0.661946,110.22497,1,0.5,3.2
3058,-0.661946,110.228338,1,0.5,3.2
3059,-0.661946,110.231707,1,0.5,3.2
3060,-0.661946,110.299081,1,0.5,3.38
3061,-0.661946,110.302449,1,0.5,3.38
3062,-0.661946,110.305818,1,0.5,3.38
3063,-0.661946,110.413616,1,0.5,9.72
3064,-0.661946,110.416985,1,0.5,12.97
3065,-0.661946,110.420353,1,0.5,12.97
3066,-0.661946,110.423722,1,0.5,12.97
3067,-0.661946,110.470884,1,0.5,25.67
3068,-0.661946,110.474252,1,0.5,25.67
3069,-0.661946,110.477621,2,0.5,25.67
3070,-0.661946,110.48099,1,0.5,8.08
3071,-0.661946,110.484358,1,0.5,8.08
3072,-0.661946,110.507939,1,0.5,3.14
3073,-0.661946,110.511308,1,0.5,3.14
3074,-0.661946,110.514676,1,0.5,3.14
3075,-0.661946,110.551732,1,0.5,38.76
3076,-0.661946,110.555101,1,0.5,38.76
3077,-0.661946,110.558469,1,0.5,38.76
3078,-0.661946,110.561838,1,0.5,38.76
3079,-0.661946,110.565207,1,0.5,38.76
3080,-0.661946,110.649424,1,0.5,8.89
3081,-0.661946,110.652792,1,0.5,8.89
3082,-0.661946,110.656161,1,0.5,8.89
3083,-0.661946,110.65953,1,0.5,23.11
3084,-0.661946,110.662898,1,0.5,23.11
3085,-0.661946,110.666267,2,0.5,23.11
3086,-0.661946,110.669636,1,0.5,4.35
3087,-0.661946,110.673004,1,0.5,4.35
3088,-0.661946,110.676373,1,0.5,16.95
3089,-0.661946,110.679742,1,0.5,16.95
3090,-0.661946,110.68311,1,0.5,16.95
3091,-0.661946,110.753853,1,0.5,16.97
3092,-0.661946,110.757222,2,0.75,19.34
3093,-0.661946,110.76059,2,0.75,19.34
3094,-0.661946,110.763959,2,0.75,19.34
3095,-0.661946,110.78754,1,0.5,3.96
3096,-0.661946,110.790908,1,0.5,3.96
3097,-0.661946,110.814489,1,0.5,34.2
3098,-0.661946,110.817858,1,0.5,34.2
3099,-0.661946,110.821226,1,0.5,34.2
3100,-0.661946,110.865019,1,0.5,13.51
3101,-0.661946,110.868388,1,0.5,13.51
3102,-0.665315,110.194652,1,0.5,8.29
3103,-0.665315,110.19802,1,0.5,8.29
3104,-0.665315,110.201389,1,0.5,8.29
3105,-0.665315,110.208126,1,0.5,16.62
3106,-0.665315,110.211495,1,0.5,16.62
3107,-0.665315,110.22497,1,0.5,3.2
3108,-0.665315,110.228338,1,0.5,3.2
3109,-0.665315,110.231707,1,0.5,3.2
3110,-0.665315,110.258657,1,0.5,1.44
3111,-0.665315,110.262025,1,0.5,1.44
3112,-0.665315,110.265394,1,0.5,1.44
3113,-0.665315,110.413616,1,0.5,12.97
3114,-0.665315,110.416985,1,0.5,12.97
3115,-0.665315,110.420353,1,0.5,12.97
3116,-0.665315,110.423722,1,0.5,12.97
3117,-0.665315,110.470884,1,0.5,25.67
3118,-0.665315,110.474252,2,0.5,25.67
3119,-0.665315,110.477621,2,0.5,25.67
3120,-0.665315,110.48099,1,0.5,9.32
3121,-0.665315,110.484358,1,0.5,12.15
3122,-0.665315,110.551732,1,0.5,38.76
3123,-0.665315,110.555101,1,0.5,38.76
3124,-0.665315,110.558469,1,0.5,38.76
3125,-0.665315,110.561838,1,0.5,38.76
3126,-0.665315,110.565207,1,0.5,38.76
3127,-0.665315,110.649424,1,0.5,8.89
3128,-0.665315,110.652792,2,0.5,10.3
3129,-0.665315,110.656161,2,0.5,10.3
3130,-0.665315,110.65953,2,0.5,23.11
3131,-0.665315,110.662898,1,0.5,23.11
3132,-0.665315,110.666267,1,0.5,23.11
3133,-0.665315,110.676373,2,0.5,16.95
3134,-0.665315,110.679742,2,0.5,16.95
3135,-0.665315,110.68311,2,0.5,16.95
3136,-0.665315,110.686479,1,0.5,4.55
3137,-0.665315,110.689848,1,0.5,4.55
3138,-0.665315,110.693217,1,0.5,4.55
3139,-0.665315,110.757222,1,0.5,7.67
3140,-0.665315,110.76059,1,0.5,7.67
3141,-0.665315,110.763959,1,0.5,7.67
3142,-0.665315,110.78754,2,0.5,10.29
3143,-0.665315,110.790908,2,0.5,10.29
3144,-0.665315,110.794277,1,0.5,10.29
3145,-0.665315,110.814489,1,0.5,34.2
3146,-0.665315,110.817858,1,0.5,34.2
3147,-0.665315,110.821226,1,0.5,34.2
3148,-0.665315,110.865019,1,0.5,13.51
3149,-0.665315,110.868388,1,0.5,13.51
3150,-0.665315,110.871757,1,0.5,13.51
3151,-0.665315,110.912181,1,0.5,6.32
3152,-0.665315,110.91555,1,0.5,6.32
3153,-0.668683,110.201389,1,0.5,10.7
3154,-0.668683,110.204758,1,0.5,10.7
3155,-0.668683,110.208126,1,0.5,10.7
3156,-0.668683,110.22497,1,0.5,1.97
3157,-0.668683,110.228338,1,0.5,1.97
3158,-0.668683,110.231707,1,0.5,1.97
3159,-0.668683,110.258657,1,0.5,1.44
3160,-0.668683,110.262025,1,0.5,1.44
3161,-0.668683,110.265394,1,0.5,1.44
3162,-0.668683,110.390035,1,0.5,14.3
3163,-0.668683,110.393404,1,0.5,14.3
3164,-0.668683,110.396773,1,0.5,14.3
3165,-0.668683,110.443934,1,0.5,3.63
3166,-0.668683,110.447303,1,0.5,3.63
3167,-0.668683,110.450671,1,0.5,3.63
3168,-0.668683,110.470884,1,0.5,25.67
3169,-0.668683,110.474252,2,0.5,25.67
3170,-0.668683,110.477621,2,0.5,25.67
3171,-0.668683,110.48099,1,0.5,9.32
3172,-0.668683,110.484358,1,0.5,12.15
3173,-0.668683,110.521414,1,0.5,8.67
3174,-0.668683,110.524782,1,0.5,8.67
3175,-0.668683,110.528151,1,0.5,8.67
3176,-0.668683,110.541626,1,0.5,2.67
3177,-0.668683,110.544995,1,0.5,2.67
3178,-0.668683,110.548363,1,0.5,2.67
3179,-0.668683,110.558469,1,0.5,2.3
3180,-0.668683,110.561838,1,0.5,2.3
3181,-0.668683,110.565207,1,0.5,2.3
3182,-0.668683,110.649424,1,0.5,8.89
3183,-0.668683,110.652792,2,0.5,10.3
3184,-0.668683,110.656161,2,0.5,10.3
3185,-0.668683,110.65953,2,0.5,19.51
3186,-0.668683,110.662898,1,0.5,19.51
3187,-0.668683,110.666267,1,0.5,19.51
3188,-0.668683,110.676373,1,0.5,9.77
3189,-0.668683,110.679742,1,0.5,9.77
3190,-0.668683,110.68311,1,0.5,9.77
3191,-0.668683,110.686479,1,0.5,4.55
3192,-0.668683,110.689848,1,0.5,4.55
3193,-0.668683,110.693217,1,0.5,4.55
3194,-0.668683,110.757222,1,0.5,7.67
3195,-0.668683,110.76059,1,0.5,7.67
3196,-0.668683,110.763959,1,0.5,7.67
3197,-0.668683,110.78754,2,0.5,10.29
3198,-0.668683,110.790908,2,0.5,10.29
3199,-0.668683,110.794277,1,0.5,10.29
3200,-0.668683,110.817858,1,0.5,34.2
3201,-0.668683,110.821226,1,0.5,34.2
3202,-0.668683,110.865019,1,0.5,13.51
3203,-0.668683,110.868388,1,0.5,13.51
3204,-0.668683,110.871757,1,0.5,13.51
3205,-0.672052,110.201389,1,0.5,10.7
3206,-0.672052,110.204758,1,0.5,10.7
3207,-0.672052,110.208126,1,0.5,10.7
3208,-0.672052,110.258657,1,0.5,1.44
3209,-0.672052,110.262025,1,0.5,1.44
3210,-0.672052,110.265394,1,0.5,1.44
3211,-0.672052,110.390035,1,0.5,14.3
3212,-0.672052,110.393404,1,0.5,14.3
3213,-0.672052,110.396773,1,0.5,14.3
3214,-0.672052,110.443934,1,0.5,3.63
3215,-0.672052,110.447303,1,0.5,3.63
3216,-0.672052,110.450671,1,0.5,3.63
3217,-0.672052,110.474252,1,0.5,9.32
3218,-0.672052,110.477621,1,0.5,9.32
3219,-0.672052,110.48099,1,0.5,9.32
3220,-0.672052,110.484358,1,0.5,12.15
3221,-0.672052,110.521414,1,0.5,8.67
3222,-0.672052,110.524782,1,0.5,8.67
3223,-0.672052,110.528151,1,0.5,8.67
3224,-0.672052,110.541626,1,0.5,2.67
3225,-0.672052,110.544995,1,0.5,2.67
3226,-0.672052,110.548363,1,0.5,2.67
3227,-0.672052,110.558469,1,0.5,8.37
3228,-0.672052,110.561838,1,0.5,8.37
3229,-0.672052,110.565207,1,0.5,8.37
3230,-0.672052,110.639318,1,0.5,5.41
3231,-0.672052,110.642686,1,0.5,5.41
3232,-0.672052,110.646055,1,0.5,5.41
3233,-0.672052,110.652792,1,0.5,10.3
3234,-0.672052,110.656161,1,0.5,19.51
3235,-0.672052,110.65953,1,0.5,19.51
3236,-0.672052,110.673004,1,0.5,4.4
3237,-0.672052,110.676373,2,0.5,9.77
3238,-0.672052,110.679742,1,0.5,9.77
3239,-0.672052,110.68311,1,0.5,9.77
3240,-0.672052,110.763959,1,0.5,3.05
3241,-0.672052,110.767328,1,0.5,3.05
3242,-0.672052,110.905444,1,0.5,5.74
3243,-0.675421,110.187914,1,0.5,24.42
3244,-0.675421,110.191283,1,0.5,24.42
3245,-0.675421,110.194652,1,0.5,24.42
3246,-0.675421,110.201389,1,0.5,10.7
3247,-0.675421,110.204758,1,0.5,10.7
3248,-0.675421,110.208126,1,0.5,10.7
3249,-0.675421,110.258657,1,0.5,7.07
3250,-0.675421,110.262025,1,0.5,7.07
3251,-0.675421,110.265394,1,0.5,7.07
3252,-0.675421,110.474252,1,0.5,9.32
3253,-0.675421,110.477621,1,0.5,9.32
3254,-0.675421,110.48099,1,0.5,9.32
3255,-0.675421,110.521414,1,0.5,8.67
3256,-0.675421,110.524782,1,0.5,8.67
3257,-0.675421,110.528151,1,0.5,8.67
3258,-0.675421,110.541626,1,0.5,2.67
3259,-0.675421,110.544995,1,0.5,2.67
3260,-0.675421,110.548363,1,0.5,2.67
3261,-0.675421,110.558469,1,0.5,8.37
3262,-0.675421,110.561838,1,0.5,8.37
3263,-0.675421,110.565207,1,0.5,8.37
3264,-0.675421,110.629212,1,0.5,4.11
3265,-0.675421,110.63258,1,0.5,4.11
3266,-0.675421,110.635949,1,0.5,4.11
3267,-0.675421,110.639318,2,0.5,5.82
3268,-0.675421,110.642686,1,0.5,9.43
3269,-0.675421,110.646055,1,0.5,9.43
3270,-0.675421,110.649424,1,0.5,9.43
3271,-0.675421,110.652792,1,0.5,10.3
3272,-0.675421,110.656161,1,0.5,10.3
3273,-0.675421,110.65953,1,0.5,10.3
3274,-0.675421,110.669636,1,0.5,3.47
3275,-0.675421,110.673004,1,0.5,4.4
3276,-0.675421,110.676373,1,0.5,4.4
3277,-0.675421,110.763959,1,0.5,3.05
3278,-0.675421,110.767328,1,0.5,3.05
3279,-0.675421,110.784171,1,1.0,25.16
3280,-0.675421,110.78754,1,1.0,25.16
3281,-0.675421,110.790908,1,1.0,25.16
3282,-0.675421,110.902075,1,0.5,5.74
3283,-0.675421,110.905444,1,0.5,5.74
3284,-0.678789,110.187914,1,0.5,24.42
3285,-0.678789,110.191283,1,0.5,24.42
3286,-0.678789,110.194652,1,0.5,24.42
3287,-0.678789,110.258657,1,0.5,7.07
3288,-0.678789,110.262025,1,0.5,7.07
3289,-0.678789,110.265394,1,0.5,7.07
3290,-0.678789,110.474252,1,0.5,9.32
3291,-0.678789,110.477621,1,0.5,9.32
3292,-0.678789,110.48099,1,0.5,9.32
3293,-0.678789,110.521414,1,0.5,8.67
3294,-0.678789,110.524782,1,0.5,8.67
3295,-0.678789,110.528151,1,0.5,8.67
3296,-0.678789,110.558469,1,0.5,8.37
3297,-0.678789,110.561838,1,0.5,8.37
3298,-0.678789,110.565207,1,0.5,8.37
3299,-0.678789,110.629212,1,0.5,4.11
3300,-0.678789,110.63258,1,0.5,4.11
3301,-0.678789,110.635949,1,0.5,4.11
3302,-0.678789,110.639318,1,0.5,5.82
3303,-0.678789,110.642686,1,0.5,9.43
3304,-0.678789,110.646055,1,0.5,9.43
3305,-0.678789,110.649424,1,0.5,9.43
3306,-0.678789,110.669636,1,0.5,3.47
3307,-0.678789,110.673004,1,0.5,4.4
3308,-0.678789,110.676373,1,0.5,4.4
3309,-0.678789,110.780802,1,0.5,15.72
3310,-0.678789,110.784171,1,1.0,25.16
3311,-0.678789,110.78754,1,1.0,25.16
3312,-0.678789,110.790908,1,1.0,25.16
3313,-0.678789,110.794277,1,0.5,42.07
3314,-0.678789,110.797646,1,0.5,42.07
3315,-0.678789,110.801014,1,0.5,42.07
3316,-0.678789,111.006504,1,0.5,5.96
3317,-0.678789,111.009873,1,0.5,5.96
3318,-0.678789,111.013241,1,0.5,5.96
3319,-0.682158,110.076748,1,0.5,15.37
3320,-0.682158,110.080116,1,0.5,15.37
3321,-0.682158,110.083485,1,0.5,15.37
3322,-0.682158,110.177808,1,0.5,12.65
3323,-0.682158,110.181177,1,0.5,12.65
3324,-0.682158,110.184546,1,0.5,12.65
3325,-0.682158,110.187914,1,0.5,24.42
3326,-0.682158,110.191283,1,0.5,24.42
3327,-0.682158,110.194652,1,0.5,24.42
3328,-0.682158,110.228338,1,0.5,40.95
3329,-0.682158,110.231707,1,0.5,40.95
3330,-0.682158,110.235076,1,0.5,40.95
3331,-0.682158,110.258657,1,0.5,7.07
3332,-0.682158,110.262025,1,0.5,7.07
3333,-0.682158,110.265394,1,0.5,7.07
3334,-0.682158,110.437197,1,0.5,4.46
3335,-0.682158,110.440565,1,0.5,4.46
3336,-0.682158,110.443934,1,0.5,4.46
3337,-0.682158,110.629212,2,0.5,10.02
3338,-0.682158,110.63258,2,0.5,10.02
3339,-0.682158,110.635949,2,0.5,10.02
3340,-0.682158,110.639318,2,0.5,5.82
3341,-0.682158,110.642686,1,0.5,2.19
3342,-0.682158,110.646055,1,0.5,2.19
3343,-0.682158,110.733641,1,0.5,9.0
3344,-0.682158,110.737009,1,0.5,9.0
3345,-0.682158,110.740378,1,0.5,9.0
3346,-0.682158,110.770696,1,0.5,1.48
3347,-0.682158,110.774065,1,0.5,1.48
3348,-0.682158,110.777434,1,0.5,1.48
3349,-0.682158,110.780802,1,0.5,15.72
3350,-0.682158,110.784171,1,1.0,25.16
3351,-0.682158,110.78754,1,1.0,25.16
3352,-0.682158,110.790908,1,1.0,25.16
3353,-0.682158,110.794277,1,0.5,42.07
3354,-0.682158,110.797646,1,0.5,42.07
3355,-0.682158,110.801014,1,0.5,42.07
3356,-0.682158,110.804383,1,0.5,39.65
3357,-0.682158,110.807752,1,0.5,11.26
3358,-0.682158,110.81112,1,0.5,8.63
3359,-0.682158,110.814489,1,0.5,8.63
3360,-0.682158,110.841439,1,0.5,65.07
3361,-0.682158,110.844807,1,0.5,65.07
3362,-0.682158,110.848176,1,0.5,65.07
3363,-0.682158,110.918918,1,0.5,4.46
3364,-0.682158,110.922287,1,0.5,4.46
3365,-0.682158,110.925656,1,0.5,4.46
3366,-0.682158,111.006504,1,0.5,5.96
3367,-0.682158,111.009873,1,0.5,5.96
3368,-0.682158,111.013241,1,0.5,5.96
3369,-0.685527,110.076748,1,0.5,15.37
3370,-0.685527,110.080116,1,0.5,15.37
3371,-0.685527,110.083485,1,0.5,15.37
3372,-0.685527,110.167702,1,0.5,5.2
3373,-0.685527,110.171071,1,0.5,5.2
3374,-0.685527,110.174439,1,0.5,12.65
3375,-0.685527,110.177808,1,0.5,12.65
3376,-0.685527,110.181177,1,0.5,12.65
3377,-0.685527,110.184546,1,0.5,12.65
3378,-0.685527,110.228338,1,0.5,40.95
3379,-0.685527,110.231707,1,0.5,40.95
3380,-0.685527,110.235076,1,0.5,40.95
3381,-0.685527,110.437197,1,0.5,4.46
3382,-0.685527,110.440565,1,0.5,4.46
3383,-0.685527,110.443934,1,0.5,4.46
3384,-0.685527,110.629212,2,0.5,10.02
3385,-0.685527,110.63258,2,0.5,10.02
3386,-0.685527,110.635949,2,0.5,10.02
3387,-0.685527,110.639318,1,0.5,2.19
3388,-0.685527,110.642686,1,0.5,2.19
3389,-0.685527,110.646055,1,0.5,2.19
3390,-0.685527,110.649424,1,0.5,2.19
3391,-0.685527,110.733641,1,0.5,9.0
3392,-0.685527,110.737009,1,0.5,9.0
3393,-0.685527,110.740378,1,0.5,9.0
3394,-0.685527,110.770696,1,0.5,1.48
3395,-0.685527,110.774065,1,0.5,1.48
3396,-0.685527,110.777434,1,0.5,1.48
3397,-0.685527,110.780802,1,0.5,15.72
3398,-0.685527,110.784171,1,1.0,25.16
3399,-0.685527,110.78754,1,1.0,25.16
3400,-0.685527,110.790908,1,1.0,25.16
3401,-0.685527,110.804383,1,0.5,11.26
3402,-0.685527,110.807752,1,0.5,11.26
3403,-0.685527,110.81112,1,0.5,8.63
3404,-0.685527,110.814489,1,0.5,8.63
3405,-0.685527,110.817858,1,0.5,8.63
3406,-0.685527,110.821226,1,0.5,8.63
3407,-0.685527,110.844807,1,0.5,65.07
3408,-0.685527,110.848176,1,0.5,65.07
3409,-0.685527,110.851545,1,0.5,65.07
3410,-0.685527,110.918918,1,0.5,4.46
3411,-0.685527,110.922287,1,0.5,4.46
3412,-0.685527,110.925656,1,0.5,4.46
3413,-0.685527,111.006504,1,0.5,3.38
3414,-0.685527,111.009873,1,0.5,3.38
3415,-0.685527,111.013241,1,0.5,3.38
3416,-0.688896,110.076748,1,0.5,15.37
3417,-0.688896,110.080116,1,0.5,15.37
3418,-0.688896,110.083485,1,0.5,15.37
3419,-0.688896,110.167702,1,0.5,5.2
3420,-0.688896,110.171071,1,0.5,5.2
3421,-0.688896,110.174439,1,0.5,12.65
3422,-0.688896,110.177808,1,0.5,35.7
3423,-0.688896,110.181177,1,0.5,35.7
3424,-0.688896,110.184546,1,0.5,35.7
3425,-0.688896,110.187914,1,0.5,35.7
3426,-0.688896,110.228338,1,0.5,40.95
3427,-0.688896,110.231707,1,0.5,40.95
3428,-0.688896,110.235076,1,0.5,40.95
3429,-0.688896,110.487727,1,0.5,2.5
3430,-0.688896,110.491096,1,0.5,2.5
3431,-0.688896,110.629212,1,0.5,10.02
3432,-0.688896,110.63258,1,0.5,10.02
3433,-0.688896,110.635949,1,0.5,10.02
3434,-0.688896,110.639318,1,0.5,2.19
3435,-0.688896,110.642686,1,0.5,2.19
3436,-0.688896,110.646055,1,0.5,2.19
3437,-0.688896,110.649424,1,0.5,2.19
3438,-0.688896,110.652792,1,0.5,10.15
3439,-0.688896,110.656161,1,0.5,10.15
3440,-0.688896,110.65953,1,0.5,10.15
3441,-0.688896,110.703323,1,0.5,2.77
3442,-0.688896,110.706691,1,0.5,2.77
3443,-0.688896,110.71006,1,0.5,2.77
3444,-0.688896,110.733641,1,0.5,9.0
3445,-0.688896,110.737009,1,0.5,9.0
3446,-0.688896,110.740378,1,0.5,9.0
3447,-0.688896,110.807752,1,0.5,11.26
3448,-0.688896,110.81112,1,0.5,11.26
3449,-0.688896,110.814489,1,0.5,11.26
3450,-0.688896,110.817858,1,0.5,8.63
3451,-0.688896,110.821226,1,0.5,8.63
3452,-0.688896,110.844807,1,0.5,65.07
3453,-0.688896,110.848176,1,0.5,65.07
3454,-0.688896,110.851545,1,0.5,65.07
3455,-0.688896,110.918918,1,0.5,4.46
3456,-0.688896,110.922287,1,0.5,4.46
3457,-0.688896,110.925656,1,0.5,4.46
3458,-0.692264,110.093591,1,0.5,18.01
3459,-0.692264,110.09696,1,0.5,18.01
3460,-0.692264,110.100328,1,0.5,18.01
3461,-0.692264,110.167702,1,0.5,5.2
3462,-0.692264,110.171071,1,0.5,5.2
3463,-0.692264,110.174439,1,0.5,12.65
3464,-0.692264,110.177808,1,0.5,35.7
3465,-0.692264,110.181177,1,0.5,35.7
3466,-0.692264,110.184546,1,0.5,35.7
3467,-0.692264,110.187914,1,0.5,35.7
3468,-0.692264,110.487727,1,0.5,2.5
3469,-0.692264,110.491096,1,0.5,2.5
3470,-0.692264,110.494464,1,0.5,2.06
3471,-0.692264,110.646055,1,0.5,5.14
3472,-0.692264,110.649424,1,0.5,5.14
3473,-0.692264,110.652792,1,0.5,10.15
3474,-0.692264,110.656161,1,0.5,10.15
3475,-0.692264,110.65953,1,0.5,10.15
3476,-0.692264,110.706691,1,0.5,2.77
3477,-0.692264,110.71006,1,0.5,2.77
3478,-0.692264,110.713429,1,0.5,2.77
3479,-0.692264,110.780802,1,0.5,36.27
3480,-0.692264,110.784171,1,0.5,36.27
3481,-0.692264,110.78754,1,0.5,36.27
3482,-0.692264,111.003135,1,0.5,5.32
3483,-0.692264,111.006504,1,0.5,5.32
3484,-0.692264,111.009873,1,0.5,5.32
3485,-0.695633,110.093591,2,0.5,18.01
3486,-0.695633,110.09696,2,0.5,18.01
3487,-0.695633,110.100328,1,0.5,18.01
3488,-0.695633,110.110435,1,0.5,19.78
3489,-0.695633,110.113803,2,0.5,19.78
3490,-0.695633,110.117172,1,0.5,6.32
3491,-0.695633,110.120541,1,0.5,6.32
3492,-0.695633,110.134015,1,0.5,38.17
3493,-0.695633,110.137384,1,0.5,38.17
3494,-0.695633,110.140753,1,0.5,38.17
3495,-0.695633,110.154227,1,0.5,17.06
3496,-0.695633,110.157596,1,0.5,17.06
3497,-0.695633,110.160965,1,0.5,17.06
3498,-0.695633,110.177808,1,0.5,35.7
3499,-0.695633,110.181177,1,0.5,35.7
3500,-0.695633,110.184546,1,0.5,35.7
3501,-0.695633,110.187914,1,0.5,35.7
3502,-0.695633,110.228338,1,0.5,18.43
3503,-0.695633,110.231707,1,0.5,18.43
3504,-0.695633,110.235076,1,0.5,18.43
3505,-0.695633,110.427091,1,0.5,3.38
3506,-0.695633,110.430459,1,0.5,3.38
3507,-0.695633,110.433828,1,0.5,3.38
3508,-0.695633,110.487727,1,0.5,2.5
3509,-0.695633,110.491096,1,0.5,2.5
3510,-0.695633,110.494464,1,0.5,2.06
3511,-0.695633,110.578681,1,0.5,5.66
3512,-0.695633,110.58205,1,0.5,5.66
3513,-0.695633,110.585419,1,0.5,5.66
3514,-0.695633,110.649424,1,0.5,5.14
3515,-0.695633,110.652792,1,0.5,5.14
3516,-0.695633,110.656161,1,0.5,5.05
3517,-0.695633,110.65953,1,0.5,5.05
3518,-0.695633,110.662898,1,0.5,5.05
3519,-0.695633,110.780802,1,0.5,36.27
3520,-0.695633,110.784171,1,0.5,36.27
3521,-0.695633,110.78754,1,0.5,36.27
3522,-0.695633,111.003135,1,0.5,5.32
3523,-0.695633,111.006504,1,0.5,5.32
3524,-0.695633,111.009873,1,0.5,5.32
3525,-0.699002,110.093591,2,0.5,18.01
3526,-0.699002,110.09696,2,0.5,18.01
3527,-0.699002,110.100328,1,0.5,18.01
3528,-0.699002,110.110435,1,0.5,19.78
3529,-0.699002,110.113803,2,0.5,19.78
3530,-0.699002,110.117172,2,0.5,6.32
3531,-0.699002,110.120541,2,0.5,6.32
3532,-0.699002,110.134015,1,0.5,38.17
3533,-0.699002,110.137384,1,0.5,38.17
3534,-0.699002,110.140753,1,0.5,38.17
3535,-0.699002,110.150859,1,0.5,7.93
3536,-0.699002,110.154227,2,0.5,17.06
3537,-0.699002,110.157596,2,0.5,17.06
3538,-0.699002,110.160965,1,0.5,17.06
3539,-0.699002,110.228338,1,0.5,17.8
3540,-0.699002,110.231707,1,0.5,17.8
3541,-0.699002,110.235076,1,0.5,17.8
3542,-0.699002,110.427091,1,0.5,3.38
3543,-0.699002,110.430459,1,0.5,3.38
3544,-0.699002,110.433828,1,0.5,3.38
3545,-0.699002,110.487727,1,0.5,2.06
3546,-0.699002,110.491096,1,0.5,2.06
3547,-0.699002,110.494464,1,0.5,2.06
3548,-0.699002,110.518045,1,0.5,4.18
3549,-0.699002,110.521414,1,0.5,4.18
3550,-0.699002,110.524782,1,0.5,4.18
3551,-0.699002,110.58205,1,0.5,5.66
3552,-0.699002,110.585419,1,0.5,5.66
3553,-0.699002,110.588787,1,0.5,5.66
3554,-0.699002,110.595525,1,0.5,6.01
3555,-0.699002,110.598893,1,0.5,6.01
3556,-0.699002,110.602262,1,0.5,6.01
3557,-0.699002,110.68311,1,0.5,56.87
3558,-0.699002,110.686479,1,0.5,56.87
3559,-0.699002,110.689848,1,0.5,56.87
3560,-0.699002,110.780802,1,0.5,36.27
3561,-0.699002,110.784171,1,0.5,36.27
3562,-0.699002,110.78754,1,0.5,36.27
3563,-0.699002,110.895337,1,0.5,9.94
3564,-0.699002,110.898706,1,0.5,9.94
3565,-0.699002,111.003135,1,0.5,5.32
3566,-0.699002,111.006504,1,0.5,5.32
3567,-0.699002,111.009873,1,0.5,5.32
3568,-0.70237,110.093591,1,0.5,4.0
3569,-0.70237,110.09696,1,0.5,4.0
3570,-0.70237,110.110435,1,0.5,19.78
3571,-0.70237,110.113803,2,0.5,19.78
3572,-0.70237,110.117172,2,0.5,6.32
3573,-0.70237,110.120541,2,0.5,6.32
3574,-0.70237,110.123909,1,0.5,12.55
3575,-0.70237,110.127278,1,0.5,12.55
3576,-0.70237,110.130647,1,0.5,12.55
3577,-0.70237,110.134015,1,0.5,38.17
3578,-0.70237,110.137384,1,0.5,38.17
3579,-0.70237,110.140753,1,0.5,38.17
3580,-0.70237,110.150859,1,0.5,7.93
3581,-0.70237,110.154227,1,0.5,7.93
3582,-0.70237,110.157596,1,0.5,7.93
3583,-0.70237,110.228338,1,0.5,17.8
3584,-0.70237,110.231707,1,0.5,17.8
3585,-0.70237,110.235076,1,0.5,17.8
3586,-0.70237,110.413616,1,0.5,4.27
3587,-0.70237,110.416985,1,0.5,4.27
3588,-0.70237,110.420353,1,0.5,4.27
3589,-0.70237,110.427091,2,0.5,8.24
3590,-0.70237,110.430459,2,0.5,8.24
3591,-0.70237,110.433828,2,0.5,8.24
3592,-0.70237,110.491096,1,0.5,2.06
3593,-0.70237,110.494464,1,0.5,2.06
3594,-0.70237,110.497833,1,0.5,3.49
3595,-0.70237,110.521414,1,0.5,4.18
3596,-0.70237,110.524782,1,0.5,4.18
3597,-0.70237,110.528151,1,0.5,4.18
3598,-0.70237,110.58205,1,0.5,5.66
3599,-0.70237,110.585419,2,0.75,11.81
3600,-0.70237,110.588787,2,0.75,11.81
3601,-0.70237,110.592156,1,0.5,6.01
3602,-0.70237,110.595525,1,0.5,6.01
3603,-0.70237,110.598893,1,0.5,6.01
3604,-0.70237,110.602262,1,0.5,6.01
3605,-0.70237,110.652792,1,0.5,4.91
3606,-0.70237,110.656161,1,0.5,4.91
3607,-0.70237,110.68311,1,0.5,56.87
3608,-0.70237,110.686479,1,0.5,56.87
3609,-0.70237,110.689848,1,0.5,56.87
3610,-0.70237,110.827964,1,0.5,14.85
3611,-0.70237,110.831333,1,0.5,14.85
3612,-0.70237,110.878494,1,0.5,16.53
3613,-0.70237,110.881863,1,0.5,16.53
3614,-0.70237,110.885231,1,0.5,16.53
3615,-0.70237,110.895337,1,0.5,9.94
3616,-0.70237,110.898706,1,0.5,9.94
3617,-0.705739,110.113803,1,0.5,5.19
3618,-0.705739,110.117172,1,0.5,5.19
3619,-0.705739,110.120541,1,0.5,5.19
3620,-0.705739,110.123909,1,0.5,12.55
3621,-0.705739,110.127278,1,0.5,12.55
3622,-0.705739,110.130647,1,0.5,12.55
3623,-0.705739,110.144121,2,0.5,73.2
3624,-0.705739,110.14749,2,0.5,73.2
3625,-0.705739,110.150859,3,0.5,73.2
3626,-0.705739,110.154227,2,0.5,7.93
3627,-0.705739,110.157596,2,0.5,7.93
3628,-0.705739,110.160965,1,0.5,5.95
3629,-0.705739,110.228338,1,0.5,17.8
3630,-0.705739,110.231707,1,0.5,17.8
3631,-0.705739,110.235076,1,0.5,17.8
3632,-0.705739,110.363086,1,0.5,2.32
3633,-0.705739,110.366454,1,0.5,2.32
3634,-0.705739,110.413616,1,0.5,4.27
3635,-0.705739,110.416985,1,0.5,4.27
3636,-0.705739,110.420353,1,0.5,4.27
3637,-0.705739,110.423722,1,0.5,4.27
3638,-0.705739,110.430459,2,0.5,8.24
3639,-0.705739,110.433828,2,0.5,8.24
3640,-0.705739,110.437197,2,0.5,8.24
3641,-0.705739,110.521414,1,0.5,4.18
3642,-0.705739,110.524782,1,0.5,4.18
3643,-0.705739,110.528151,1,0.5,4.18
3644,-0.705739,110.585419,1,1.0,11.81
3645,-0.705739,110.588787,1,1.0,11.81
3646,-0.705739,110.592156,1,0.5,6.01
3647,-0.705739,110.595525,1,0.5,6.01
3648,-0.705739,110.598893,1,0.5,6.01
3649,-0.705739,110.602262,1,0.5,6.01
3650,-0.705739,110.652792,1,0.5,4.91
3651,-0.705739,110.656161,1,0.5,4.91
3652,-0.705739,110.827964,1,0.5,14.85
3653,-0.705739,110.831333,1,0.5,14.85
3654,-0.705739,110.878494,1,0.5,16.53
3655,-0.705739,110.881863,1,0.5,16.53
3656,-0.705739,110.885231,1,0.5,16.53
3657,-0.705739,110.895337,1,0.5,9.94
3658,-0.705739,110.898706,1,0.5,9.94
3659,-0.709108,110.144121,2,0.5,73.2
3660,-0.709108,110.14749,2,0.5,73.2
3661,-0.709108,110.150859,2,0.5,73.2
3662,-0.709108,110.154227,2,0.5,73.2
3663,-0.709108,110.157596,1,0.5,5.95
3664,-0.709108,110.160965,1,0.5,5.95
3665,-0.709108,110.366454,1,0.5,2.32
3666,-0.709108,110.369823,1,0.5,2.32
3667,-0.709108,110.413616,1,0.5,3.61
3668,-0.709108,110.416985,1,0.5,3.61
3669,-0.709108,110.420353,1,0.5,3.61
3670,-0.709108,110.430459,2,0.5,8.24
3671,-0.709108,110.433828,2,0.5,8.24
3672,-0.709108,110.437197,1,0.5,8.24
3673,-0.709108,110.501202,1,0.5,33.36
3674,-0.709108,110.50457,1,0.5,33.36
3675,-0.709108,110.507939,1,0.5,33.36
3676,-0.709108,110.578681,1,0.5,2.8
3677,-0.709108,110.58205,1,0.5,2.8
3678,-0.709108,110.585419,1,1.0,11.81
3679,-0.709108,110.588787,1,1.0,11.81
3680,-0.709108,110.592156,1,0.5,6.01
3681,-0.709108,110.595525,1,0.5,6.01
3682,-0.709108,110.598893,1,0.5,6.01
3683,-0.709108,110.602262,1,0.5,6.01
3684,-0.709108,110.652792,1,0.5,4.91
3685,-0.709108,110.656161,1,0.5,4.91
3686,-0.709108,110.827964,1,0.5,14.85
3687,-0.709108,110.831333,1,0.5,14.85
3688,-0.709108,110.878494,1,0.5,16.53
3689,-0.709108,110.881863,1,0.5,16.53
3690,-0.709108,110.885231,1,0.5,16.53
3691,-0.709108,110.96608,1,0.5,6.93
3692,-0.709108,110.969448,1,0.5,6.93
3693,-0.709108,110.972817,1,0.5,6.93
3694,-0.712476,110.144121,1,0.5,73.2
3695,-0.712476,110.14749,1,0.5,73.2
3696,-0.712476,110.150859,1,0.5,73.2
3697,-0.712476,110.154227,2,0.5,73.2
3698,-0.712476,110.157596,1,0.5,5.95
3699,-0.712476,110.160965,1,0.5,5.95
3700,-0.712476,110.366454,1,0.5,2.32
3701,-0.712476,110.369823,1,0.5,2.32
3702,-0.712476,110.413616,1,0.5,3.61
3703,-0.712476,110.416985,1,0.5,3.61
3704,-0.712476,110.420353,1,0.5,3.61
3705,-0.712476,110.430459,1,0.5,5.32
3706,-0.712476,110.433828,1,0.5,5.32
3707,-0.712476,110.460777,1,0.5,33.5
3708,-0.712476,110.464146,1,0.5,33.5
3709,-0.712476,110.467515,1,0.5,33.5
3710,-0.712476,110.501202,1,0.5,33.36
3711,-0.712476,110.50457,1,0.5,33.36
3712,-0.712476,110.507939,1,0.5,33.36
3713,-0.712476,110.578681,1,0.5,2.8
3714,-0.712476,110.58205,1,0.5,2.8
3715,-0.712476,110.96608,1,0.5,6.93
3716,-0.712476,110.969448,1,0.5,6.93
3717,-0.712476,110.972817,1,0.5,6.93
3718,-0.715845,110.144121,1,0.5,73.2
3719,-0.715845,110.14749,1,0.5,73.2
3720,-0.715845,110.150859,1,0.5,73.2
3721,-0.715845,110.154227,1,0.5,73.2
3722,-0.715845,110.379929,1,0.5,3.51
3723,-0.715845,110.383298,1,0.5,9.61
3724,-0.715845,110.386666,1,0.5,9.61
3725,-0.715845,110.390035,1,0.5,9.61
3726,-0.715845,110.413616,1,0.5,3.61
3727,-0.715845,110.416985,1,0.5,3.61
3728,-0.715845,110.420353,1,0.5,3.61
3729,-0.715845,110.430459,1,0.5,4.88
3730,-0.715845,110.433828,1,0.5,4.88
3731,-0.715845,110.440565,1,0.5,3.24
3732,-0.715845,110.443934,1,0.5,3.24
3733,-0.715845,110.447303,1,0.5,3.24
3734,-0.715845,110.460777,1,0.5,33.5
3735,-0.715845,110.464146,1,0.5,33.5
3736,-0.715845,110.467515,1,0.5,33.5
3737,-0.715845,110.501202,1,0.5,33.36
3738,-0.715845,110.50457,1,0.5,33.36
3739,-0.715845,110.507939,1,0.5,33.36
3740,-0.715845,110.568575,1,0.5,12.32
3741,-0.715845,110.571944,2,0.5,42.52
3742,-0.715845,110.575313,1,0.5,42.52
3743,-0.715845,110.578681,1,0.5,42.52
3744,-0.715845,110.58205,1,0.5,12.11
3745,-0.715845,110.666267,1,0.5,16.79
3746,-0.715845,110.669636,1,0.5,16.79
3747,-0.715845,110.673004,1,0.5,16.79
3748,-0.715845,110.861651,1,0.5,1.78
3749,-0.715845,110.865019,1,0.5,1.78
3750,-0.719214,110.282237,1,0.5,28.67
3751,-0.719214,110.285606,1,0.5,28.67
3752,-0.719214,110.288975,1,0.5,28.67
3753,-0.719214,110.379929,1,0.5,3.51
3754,-0.719214,110.383298,1,0.5,9.61
3755,-0.719214,110.386666,1,0.5,9.61
3756,-0.719214,110.390035,1,0.5,9.61
3757,-0.719214,110.40351,1,0.5,57.26
3758,-0.719214,110.406879,1,0.5,57.26
3759,-0.719214,110.410247,1,0.5,57.26
3760,-0.719214,110.430459,1,0.5,4.88
3761,-0.719214,110.433828,1,0.5,4.88
3762,-0.719214,110.440565,1,0.5,3.24
3763,-0.719214,110.443934,1,0.5,3.24
3764,-0.719214,110.447303,1,0.5,3.24
3765,-0.719214,110.460777,1,0.5,33.5
3766,-0.719214,110.464146,1,0.5,33.5
3767,-0.719214,110.467515,1,0.5,33.5
3768,-0.719214,110.511308,1,0.5,9.15
3769,-0.719214,110.514676,1,0.5,9.15
3770,-0.719214,110.518045,1,0.5,9.15
3771,-0.719214,110.568575,1,0.5,12.32
3772,-0.719214,110.571944,2,0.5,42.52
3773,-0.719214,110.575313,1,0.5,42.52
3774,-0.719214,110.578681,1,0.5,42.52
3775,-0.719214,110.58205,1,0.5,24.26
3776,-0.719214,110.666267,1,0.5,16.79
3777,-0.719214,110.669636,1,0.5,16.79
3778,-0.719214,110.673004,1,0.5,16.79
3779,-0.719214,110.861651,1,0.5,1.78
3780,-0.719214,110.865019,1,0.5,1.78
3781,-0.722582,110.282237,1,0.5,28.67
3782,-0.722582,110.285606,1,0.5,28.67
3783,-0.722582,110.288975,1,0.5,28.67
3784,-0.722582,110.379929,1,0.5,3.51
3785,-0.722582,110.383298,1,0.5,9.61
3786,-0.722582,110.386666,1,0.5,9.61
3787,-0.722582,110.390035,1,0.5,9.61
3788,-0.722582,110.396773,1,0.5,9.34
3789,-0.722582,110.400141,1,0.5,9.34
3790,-0.722582,110.40351,2,0.5,57.26
3791,-0.722582,110.406879,2,0.5,57.26
3792,-0.722582,110.410247,1,0.5,57.26
3793,-0.722582,110.430459,1,0.5,4.88
3794,-0.722582,110.433828,1,0.5,4.88
3795,-0.722582,110.511308,1,0.5,9.15
3796,-0.722582,110.514676,1,0.5,9.15
3797,-0.722582,110.518045,1,0.5,9.15
3798,-0.722582,110.568575,1,0.5,12.32
3799,-0.722582,110.571944,1,0.5,68.61
3800,-0.722582,110.575313,1,0.5,24.26
3801,-0.722582,110.578681,1,0.5,24.26
3802,-0.722582,110.58205,1,0.5,24.26
3803,-0.722582,110.666267,1,0.5,16.79
3804,-0.722582,110.669636,1,0.5,16.79
3805,-0.722582,110.673004,1,0.5,16.79
3806,-0.725951,110.282237,1,0.5,28.67
3807,-0.725951,110.285606,1,0.5,28.67
3808,-0.725951,110.288975,1,0.5,28.67
3809,-0.725951,110.359717,1,0.5,9.75
3810,-0.725951,110.363086,1,0.5,9.75
3811,-0.725951,110.366454,1,0.5,9.75
3812,-0.725951,110.369823,1,0.5,9.75
3813,-0.725951,110.396773,1,0.5,9.34
3814,-0.725951,110.400141,1,0.5,9.34
3815,-0.725951,110.40351,2,0.5,57.26
3816,-0.725951,110.406879,2,0.5,57.26
3817,-0.725951,110.410247,1,0.5,57.26
3818,-0.725951,110.511308,1,0.5,9.15
3819,-0.725951,110.514676,1,0.5,9.15
3820,-0.725951,110.518045,1,0.5,9.15
3821,-0.725951,110.558469,1,0.5,9.94
3822,-0.725951,110.561838,1,0.5,9.94
3823,-0.725951,110.565207,1,0.5,28.33
3824,-0.725951,110.568575,1,0.5,28.33
3825,-0.725951,110.571944,1,0.5,28.33
3826,-0.725951,110.686479,1,0.5,12.07
3827,-0.725951,110.689848,1,0.5,12.07
3828,-0.725951,110.693217,1,0.5,12.07
3829,-0.725951,110.790908,1,0.5,10.55
3830,-0.725951,110.794277,1,0.5,10.55
3831,-0.725951,110.797646,1,0.5,10.55
3832,-0.725951,110.912181,1,0.5,8.04
3833,-0.725951,110.91555,1,0.5,8.04
3834,-0.725951,110.918918,1,0.5,8.04
3835,-0.725951,110.989661,1,0.5,4.98
3836,-0.725951,110.993029,1,0.5,4.98
3837,-0.725951,110.996398,1,0.5,4.98
3838,-0.72932,110.359717,1,0.5,9.75
3839,-0.72932,110.363086,1,0.5,9.75
3840,-0.72932,110.366454,1,0.5,9.75
3841,-0.72932,110.369823,1,0.5,9.75
3842,-0.72932,110.396773,1,0.5,9.34
3843,-0.72932,110.400141,2,0.5,9.34
3844,-0.72932,110.40351,2,0.5,9.34
3845,-0.72932,110.406879,2,0.5,9.34
3846,-0.72932,110.558469,1,0.5,9.94
3847,-0.72932,110.561838,1,0.5,9.94
3848,-0.72932,110.565207,1,0.5,9.94
3849,-0.72932,110.568575,1,0.5,28.33
3850,-0.72932,110.571944,1,0.5,28.33
3851,-0.72932,110.686479,1,0.5,12.07
3852,-0.72932,110.689848,1,0.5,12.07
3853,-0.72932,110.693217,1,0.5,12.07
3854,-0.72932,110.76059,1,0.5,23.17
3855,-0.72932,110.763959,1,0.5,23.17
3856,-0.72932,110.767328,1,0.5,23.17
3857,-0.72932,110.790908,1,0.5,10.55
3858,-0.72932,110.794277,2,0.5,89.24
3859,-0.72932,110.797646,2,0.5,89.24
3860,-0.72932,110.801014,1,0.5,89.24
3861,-0.72932,110.908812,1,0.5,7.32
3862,-0.72932,110.912181,1,0.5,8.04
3863,-0.72932,110.91555,1,0.5,8.04
3864,-0.72932,110.918918,1,0.5,8.04
3865,-0.72932,110.989661,1,0.5,4.98
3866,-0.72932,110.993029,1,0.5,4.98
3867,-0.72932,110.996398,1,0.5,4.98
3868,-0.732688,110.349611,1,0.5,5.42
3869,-0.732688,110.35298,1,0.5,5.42
3870,-0.732688,110.356348,1,0.5,5.42
3871,-0.732688,110.359717,1,0.5,9.75
3872,-0.732688,110.363086,1,0.5,9.75
3873,-0.732688,110.366454,1,0.5,9.75
3874,-0.732688,110.369823,1,0.5,9.75
3875,-0.732688,110.373192,1,0.5,25.73
3876,-0.732688,110.37656,1,0.5,25.73
3877,-0.732688,110.379929,1,0.5,25.73
3878,-0.732688,110.400141,1,0.5,0.91
3879,-0.732688,110.40351,1,0.5,0.91
3880,-0.732688,110.406879,1,0.5,0.91
3881,-0.732688,110.518045,1,0.5,2.62
3882,-0.732688,110.521414,1,0.5,2.62
3883,-0.732688,110.548363,1,0.5,7.06
3884,-0.732688,110.551732,1,0.5,7.06
3885,-0.732688,110.555101,1,0.5,7.06
3886,-0.732688,110.558469,1,0.5,9.94
3887,-0.732688,110.561838,1,0.5,9.94
3888,-0.732688,110.565207,1,0.5,9.94
3889,-0.732688,110.568575,1,0.5,28.33
3890,-0.732688,110.571944,1,0.5,28.33
3891,-0.732688,110.76059,1,0.5,23.17
3892,-0.732688,110.763959,1,0.5,23.17
3893,-0.732688,110.767328,1,0.5,23.17
3894,-0.732688,110.794277,1,0.5,89.24
3895,-0.732688,110.797646,1,0.5,89.24
3896,-0.732688,110.801014,1,0.5,89.24
3897,-0.732688,110.807752,1,0.5,2.62
3898,-0.732688,110.81112,1,0.5,2.62
3899,-0.732688,110.814489,1,0.5,2.62
3900,-0.732688,110.908812,1,0.5,7.32
3901,-0.732688,110.912181,1,0.5,8.04
3902,-0.732688,110.91555,1,0.5,8.04
3903,-0.732688,110.918918,1,0.5,8.04
3904,-0.732688,110.989661,1,0.5,4.98
3905,-0.732688,110.993029,1,0.5,4.98
3906,-0.732688,110.996398,1,0.5,4.98
3907,-0.736057,110.349611,1,0.5,5.42
3908,-0.736057,110.35298,1,0.5,5.42
3909,-0.736057,110.356348,1,0.5,5.42
3910,-0.736057,110.373192,1,0.5,25.73
3911,-0.736057,110.37656,1,0.5,25.73
3912,-0.736057,110.379929,1,0.5,25.73
3913,-0.736057,110.393404,1,0.5,3.5
3914,-0.736057,110.396773,1,0.5,3.5
3915,-0.736057,110.400141,2,0.5,3.5
3916,-0.736057,110.40351,1,0.5,0.91
3917,-0.736057,110.406879,1,0.5,0.91
3918,-0.736057,110.518045,1,0.5,2.62
3919,-0.736057,110.521414,1,0.5,2.62
3920,-0.736057,110.534888,1,0.5,2.55
3921,-0.736057,110.538257,1,0.5,2.55
3922,-0.736057,110.541626,1,0.5,2.55
3923,-0.736057,110.548363,1,0.5,7.21
3924,-0.736057,110.551732,1,0.5,7.21
3925,-0.736057,110.555101,1,0.5,7.21
3926,-0.736057,110.558469,1,0.5,9.94
3927,-0.736057,110.561838,1,0.5,9.94
3928,-0.736057,110.565207,1,0.5,9.94
3929,-0.736057,110.76059,1,0.5,23.17
3930,-0.736057,110.763959,1,0.5,23.17
3931,-0.736057,110.767328,1,0.5,23.17
3932,-0.736057,110.807752,1,0.5,7.5
3933,-0.736057,110.81112,1,0.5,7.5
3934,-0.736057,110.814489,1,0.5,7.5
3935,-0.736057,110.908812,1,0.5,7.32
3936,-0.736057,110.912181,1,0.5,8.04
3937,-0.736057,110.91555,1,0.5,8.04
3938,-0.736057,110.918918,1,0.5,8.04
3939,-0.739426,110.349611,1,0.5,5.42
3940,-0.739426,110.35298,1,0.5,5.42
3941,-0.739426,110.356348,1,0.5,5.42
3942,-0.739426,110.393404,1,0.5,3.5
3943,-0.739426,110.396773,1,0.5,3.5
3944,-0.739426,110.400141,1,0.5,3.5
3945,-0.739426,110.518045,1,0.5,2.62
3946,-0.739426,110.521414,1,0.5,2.62
3947,-0.739426,110.534888,1,0.5,2.55
3948,-0.739426,110.538257,1,0.5,2.55
3949,-0.739426,110.541626,1,0.5,2.55
3950,-0.739426,110.548363,1,0.5,7.21
3951,-0.739426,110.551732,1,0.5,7.21
3952,-0.739426,110.555101,1,0.5,7.21
3953,-0.739426,110.558469,1,0.5,4.76
3954,-0.739426,110.561838,1,0.5,4.76
3955,-0.739426,110.565207,1,0.5,4.76
3956,-0.739426,110.807752,2,0.5,7.5
3957,-0.739426,110.81112,2,0.5,7.5
3958,-0.739426,110.814489,1,0.5,7.5
3959,-0.739426,110.824595,1,0.5,7.15
3960,-0.739426,110.827964,1,0.5,7.15
3961,-0.739426,110.831333,1,0.5,7.15
3962,-0.742794,110.299081,1,0.5,16.83
3963,-0.742794,110.302449,1,0.5,16.83
3964,-0.742794,110.305818,1,0.5,16.83
3965,-0.742794,110.379929,1,0.5,4.42
3966,-0.742794,110.383298,1,0.5,4.42
3967,-0.742794,110.386666,1,0.5,4.42
3968,-0.742794,110.393404,1,0.5,3.5
3969,-0.742794,110.396773,1,0.5,3.5
3970,-0.742794,110.400141,1,0.5,3.5
3971,-0.742794,110.534888,1,0.5,2.55
3972,-0.742794,110.538257,1,0.5,2.55
3973,-0.742794,110.541626,1,0.5,2.55
3974,-0.742794,110.568575,1,0.5,5.33
3975,-0.742794,110.571944,1,0.5,5.33
3976,-0.742794,110.575313,1,0.5,5.33
3977,-0.742794,110.807752,2,0.5,7.5
3978,-0.742794,110.81112,2,0.5,7.5
3979,-0.742794,110.814489,1,0.5,7.5
3980,-0.742794,110.824595,1,0.5,7.15
3981,-0.742794,110.827964,1,0.5,7.15
3982,-0.742794,110.831333,1,0.5,7.15
3983,-0.742794,110.83807,1,0.5,1.84
3984,-0.742794,110.841439,1,0.5,1.84
3985,-0.742794,110.844807,1,0.5,1.84
3986,-0.746163,110.299081,1,0.5,16.83
3987,-0.746163,110.302449,1,0.5,16.83
3988,-0.746163,110.305818,1,0.5,16.83
3989,-0.746163,110.379929,1,0.5,4.42
3990,-0.746163,110.383298,1,0.5,4.42
3991,-0.746163,110.386666,1,0.5,4.42
3992,-0.746163,110.521414,1,0.5,21.89
3993,-0.746163,110.524782,1,0.5,21.89
3994,-0.746163,110.528151,1,0.5,21.89
3995,-0.746163,110.534888,1,0.5,19.06
3996,-0.746163,110.538257,1,0.5,19.06
3997,-0.746163,110.568575,1,0.5,5.33
3998,-0.746163,110.571944,1,0.5,5.33
3999,-0.746163,110.575313,1,0.5,5.33
4000,-0.746163,110.801014,1,0.5,9.01
4001,-0.746163,110.804383,1,0.5,9.01
4002,-0.746163,110.807752,1,0.5,6.78
4003,-0.746163,110.81112,1,0.5,6.78
4004,-0.746163,110.824595,1,0.5,7.15
4005,-0.746163,110.827964,1,0.5,7.15
4006,-0.746163,110.831333,1,0.5,7.15
4007,-0.746163,110.83807,1,0.5,1.84
4008,-0.746163,110.841439,1,0.5,1.84
4009,-0.746163,110.844807,1,0.5,1.84
4010,-0.749532,110.299081,1,0.5,16.83
4011,-0.749532,110.302449,1,0.5,16.83
4012,-0.749532,110.305818,1,0.5,16.83
4013,-0.749532,110.379929,1,0.5,4.42
4014,-0.749532,110.383298,1,0.5,4.42
4015,-0.749532,110.386666,1,0.5,4.42
4016,-0.749532,110.521414,1,0.5,21.89
4017,-0.749532,110.524782,1,0.5,21.89
4018,-0.749532,110.528151,1,0.5,21.89
4019,-0.749532,110.534888,1,0.5,19.06
4020,-0.749532,110.538257,1,0.5,19.06
4021,-0.749532,110.541626,1,0.5,9.17
4022,-0.749532,110.544995,1,0.5,9.17
4023,-0.749532,110.551732,1,0.5,2.08
4024,-0.749532,110.555101,1,0.5,2.08
4025,-0.749532,110.558469,2,0.5,38.27
4026,-0.749532,110.561838,1,0.5,38.27
4027,-0.749532,110.565207,1,0.5,38.27
4028,-0.749532,110.568575,1,0.5,5.33
4029,-0.749532,110.571944,1,0.5,5.33
4030,-0.749532,110.575313,1,0.5,5.33
4031,-0.749532,110.801014,1,0.5,9.01
4032,-0.749532,110.804383,1,0.5,9.01
4033,-0.749532,110.83807,1,0.5,1.84
4034,-0.749532,110.841439,1,0.5,1.84
4035,-0.749532,110.844807,1,0.5,1.84
4036,-0.7529,110.288975,1,0.5,3.7
4037,-0.7529,110.292343,1,0.5,3.7
4038,-0.7529,110.295712,1,0.5,3.7
4039,-0.7529,110.379929,1,0.5,4.42
4040,-0.7529,110.383298,1,0.5,4.42
4041,-0.7529,110.386666,1,0.5,4.42
4042,-0.7529,110.521414,1,0.5,21.89
4043,-0.7529,110.524782,1,0.5,21.89
4044,-0.7529,110.528151,1,0.5,21.89
4045,-0.7529,110.534888,1,0.5,19.06
4046,-0.7529,110.538257,1,0.5,19.06
4047,-0.7529,110.541626,1,0.5,9.17
4048,-0.7529,110.544995,1,0.5,9.17
4049,-0.7529,110.551732,1,0.5,2.08
4050,-0.7529,110.555101,1,0.5,2.08
4051,-0.7529,110.558469,2,0.5,38.27
4052,-0.7529,110.561838,1,0.5,38.27
4053,-0.7529,110.565207,1,0.5,38.27
4054,-0.7529,110.568575,1,0.5,5.33
4055,-0.7529,110.571944,1,0.5,5.33
4056,-0.7529,110.575313,1,0.5,5.33
4057,-0.7529,110.790908,1,0.5,3.79
4058,-0.7529,110.794277,1,0.5,3.79
4059,-0.7529,110.797646,1,0.5,3.79
4060,-0.7529,110.881863,1,0.5,27.17
4061,-0.7529,110.885231,1,0.5,27.17
4062,-0.7529,110.8886,1,0.5,27.17
4063,-0.7529,110.891969,1,0.5,2.32
4064,-0.7529,110.895337,1,0.5,2.32
4065,-0.7529,110.898706,1,0.5,2.32
4066,-0.756269,110.288975,1,0.5,3.7
4067,-0.756269,110.292343,1,0.5,3.7
4068,-0.756269,110.295712,1,0.5,3.7
4069,-0.756269,110.336136,1,0.5,1.8
4070,-0.756269,110.339505,1,0.5,1.8
4071,-0.756269,110.342874,1,0.5,1.8
4072,-0.756269,110.366454,1,0.5,17.28
4073,-0.756269,110.369823,1,0.5,17.28
4074,-0.756269,110.373192,1,0.5,17.28
4075,-0.756269,110.37656,1,0.5,9.21
4076,-0.756269,110.379929,1,0.5,9.21
4077,-0.756269,110.383298,1,0.5,9.21
4078,-0.756269,110.443934,1,0.5,11.91
4079,-0.756269,110.447303,1,0.5,11.91
4080,-0.756269,110.450671,1,0.5,11.91
4081,-0.756269,110.521414,1,0.5,21.89
4082,-0.756269,110.524782,1,0.5,21.89
4083,-0.756269,110.528151,1,0.5,21.89
4084,-0.756269,110.541626,1,0.5,9.17
4085,-0.756269,110.544995,1,0.5,9.17
4086,-0.756269,110.548363,1,0.5,13.37
4087,-0.756269,110.551732,1,0.5,2.08
4088,-0.756269,110.555101,1,0.5,2.08
4089,-0.756269,110.558469,2,0.5,38.27
4090,-0.756269,110.561838,1,0.5,38.27
4091,-0.756269,110.565207,1,0.5,38.27
4092,-0.756269,110.790908,1,0.5,3.79
4093,-0.756269,110.794277,1,0.5,3.79
4094,-0.756269,110.797646,2,0.5,4.27
4095,-0.756269,110.801014,1,0.5,4.27
4096,-0.756269,110.804383,1,0.5,4.27
4097,-0.756269,110.841439,1,0.5,7.62
4098,-0.756269,110.844807,1,0.5,7.62
4099,-0.756269,110.881863,1,0.5,27.17
4100,-0.756269,110.885231,1,0.5,27.17
4101,-0.756269,110.8886,1,0.5,27.17
4102,-0.756269,110.891969,1,0.5,2.32
4103,-0.756269,110.895337,1,0.5,2.32
4104,-0.756269,110.898706,1,0.5,2.32
4105,-0.756269,110.925656,1,0.5,40.16
4106,-0.756269,110.929024,1,0.5,40.16
4107,-0.756269,110.932393,1,0.5,40.16
4108,-0.759638,110.288975,1,0.5,3.7
4109,-0.759638,110.292343,1,0.5,3.7
4110,-0.759638,110.295712,1,0.5,3.7
4111,-0.759638,110.305818,1,0.5,3.12
4112,-0.759638,110.309187,1,0.5,3.12
4113,-0.759638,110.312555,1,0.5,3.12
4114,-0.759638,110.336136,1,0.5,1.8
4115,-0.759638,110.339505,1,0.5,1.8
4116,-0.759638,110.342874,1,0.5,1.8
4117,-0.759638,110.366454,1,0.5,17.28
4118,-0.759638,110.369823,1,0.5,17.28
4119,-0.759638,110.373192,1,0.5,17.28
4120,-0.759638,110.37656,1,0.5,7.98
4121,-0.759638,110.379929,2,0.5,7.98
4122,-0.759638,110.383298,2,0.5,7.98
4123,-0.759638,110.443934,1,0.5,11.91
4124,-0.759638,110.447303,1,0.5,11.91
4125,-0.759638,110.450671,1,0.5,11.91
4126,-0.759638,110.511308,1,0.5,3.68
4127,-0.759638,110.514676,1,0.5,3.68
4128,-0.759638,110.518045,1,0.5,3.68
4129,-0.759638,110.524782,1,0.5,14.19
4130,-0.759638,110.528151,1,0.5,14.19
4131,-0.759638,110.541626,1,0.5,9.17
4132,-0.759638,110.544995,1,0.5,9.17
4133,-0.759638,110.548363,1,0.5,13.37
4134,-0.759638,110.757222,1,0.5,4.12
4135,-0.759638,110.76059,1,0.5,4.12
4136,-0.759638,110.763959,1,0.5,4.12
4137,-0.759638,110.770696,1,0.5,2.58
4138,-0.759638,110.774065,1,0.5,2.58
4139,-0.759638,110.790908,1,0.5,3.79
4140,-0.759638,110.794277,1,0.5,3.79
4141,-0.759638,110.797646,2,0.5,4.27
4142,-0.759638,110.801014,1,0.5,4.27
4143,-0.759638,110.804383,1,0.5,4.27
4144,-0.759638,110.83807,1,0.5,6.4
4145,-0.759638,110.841439,1,0.5,7.62
4146,-0.759638,110.844807,1,0.5,7.62
4147,-0.759638,110.881863,1,0.5,27.17
4148,-0.759638,110.885231,1,0.5,27.17
4149,-0.759638,110.8886,1,0.5,27.17
4150,-0.759638,110.891969,1,0.5,2.32
4151,-0.759638,110.895337,1,0.5,2.32
4152,-0.759638,110.898706,1,0.5,2.32
4153,-0.759638,110.925656,1,0.5,13.54
4154,-0.759638,110.929024,1,0.5,13.54
4155,-0.759638,110.932393,2,0.5,13.54
4156,-0.759638,110.935762,1,0.5,5.51
4157,-0.759638,110.93913,1,0.5,5.51
4158,-0.759638,110.993029,1,0.5,3.1
4159,-0.759638,110.996398,1,0.5,3.1
4160,-0.763007,110.305818,1,0.5,3.12
4161,-0.763007,110.309187,1,0.5,3.12
4162,-0.763007,110.312555,1,0.5,3.12
4163,-0.763007,110.315924,1,0.5,10.05
4164,-0.763007,110.319293,1,0.5,10.05
4165,-0.763007,110.322661,1,0.5,10.05
4166,-0.763007,110.32603,1,0.5,6.75
4167,-0.763007,110.336136,1,0.5,1.8
4168,-0.763007,110.339505,1,0.5,1.8
4169,-0.763007,110.342874,1,0.5,1.8
4170,-0.763007,110.366454,1,0.5,17.28
4171,-0.763007,110.369823,1,0.5,17.28
4172,-0.763007,110.373192,1,0.5,17.28
4173,-0.763007,110.37656,1,0.5,7.98
4174,-0.763007,110.379929,2,0.5,7.98
4175,-0.763007,110.383298,2,0.5,7.98
4176,-0.763007,110.386666,1,0.5,16.49
4177,-0.763007,110.390035,1,0.5,16.49
4178,-0.763007,110.393404,1,0.5,16.49
4179,-0.763007,110.443934,1,0.5,11.91
4180,-0.763007,110.447303,1,0.5,11.91
4181,-0.763007,110.450671,1,0.5,11.91
4182,-0.763007,110.511308,1,0.5,3.68
4183,-0.763007,110.514676,1,0.5,3.68
4184,-0.763007,110.518045,2,0.5,3.68
4185,-0.763007,110.521414,1,0.5,2.75
4186,-0.763007,110.524782,1,0.5,14.19
4187,-0.763007,110.528151,1,0.5,14.19
4188,-0.763007,110.53152,1,0.5,14.19
4189,-0.763007,110.541626,1,0.5,13.37
4190,-0.763007,110.544995,1,0.5,13.37
4191,-0.763007,110.548363,1,0.5,13.37
4192,-0.763007,110.555101,2,0.5,3.89
4193,-0.763007,110.558469,2,0.5,3.89
4194,-0.763007,110.561838,1,0.5,2.55
4195,-0.763007,110.757222,1,0.5,4.12
4196,-0.763007,110.76059,1,0.5,4.12
4197,-0.763007,110.763959,1,0.5,4.12
4198,-0.763007,110.770696,1,0.5,2.58
4199,-0.763007,110.774065,1,0.5,22.48
4200,-0.763007,110.777434,1,0.5,22.48
4201,-0.763007,110.780802,1,0.5,4.56
4202,-0.763007,110.784171,1,0.5,4.56
4203,-0.763007,110.78754,1,1.0,42.94
4204,-0.763007,110.790908,2,1.0,42.94
4205,-0.763007,110.794277,2,1.0,42.94
4206,-0.763007,110.817858,1,0.5,4.24
4207,-0.763007,110.821226,1,0.5,4.24
4208,-0.763007,110.824595,1,0.5,4.24
4209,-0.763007,110.827964,1,0.5,4.24
4210,-0.763007,110.83807,1,0.5,6.4
4211,-0.763007,110.841439,1,0.5,16.22
4212,-0.763007,110.844807,1,0.5,16.22
4213,-0.763007,110.905444,1,0.5,3.95
4214,-0.763007,110.908812,1,0.5,3.95
4215,-0.763007,110.912181,1,0.5,3.95
4216,-0.763007,110.925656,1,0.5,13.24
4217,-0.763007,110.929024,1,0.5,13.24
4218,-0.763007,110.932393,2,0.5,13.24
4219,-0.763007,110.935762,1,0.5,5.51
4220,-0.763007,110.93913,1,0.5,5.51
4221,-0.763007,110.949236,1,0.5,2.48
4222,-0.763007,110.952605,1,0.5,2.48
4223,-0.763007,110.955974,1,0.5,2.48
4224,-0.763007,110.959342,1,0.5,1.83
4225,-0.763007,110.962711,1,0.5,1.83
4226,-0.763007,110.96608,1,0.5,1.83
4227,-0.763007,110.993029,1,0.5,3.1
4228,-0.763007,110.996398,1,0.5,3.1
4229,-0.766375,110.292343,1,0.5,6.62
4230,-0.766375,110.295712,2,0.5,6.62
4231,-0.766375,110.299081,2,0.5,6.62
4232,-0.766375,110.315924,1,0.5,10.05
4233,-0.766375,110.319293,1,0.5,26.25
4234,-0.766375,110.322661,1,0.5,26.25
4235,-0.766375,110.32603,1,0.5,26.25
4236,-0.766375,110.336136,1,0.5,1.8
4237,-0.766375,110.339505,1,0.5,1.8
4238,-0.766375,110.342874,1,0.5,1.8
4239,-0.766375,110.366454,1,0.5,8.48
4240,-0.766375,110.369823,1,0.5,8.48
4241,-0.766375,110.373192,1,0.5,8.48
4242,-0.766375,110.37656,1,0.5,7.98
4243,-0.766375,110.379929,2,0.5,7.98
4244,-0.766375,110.383298,2,0.5,7.98
4245,-0.766375,110.386666,1,0.5,16.49
4246,-0.766375,110.390035,1,0.5,16.49
4247,-0.766375,110.393404,1,0.5,16.49
4248,-0.766375,110.511308,1,0.5,24.17
4249,-0.766375,110.514676,1,0.5,24.17
4250,-0.766375,110.518045,2,0.5,24.17
4251,-0.766375,110.521414,1,0.5,2.75
4252,-0.766375,110.524782,1,0.5,14.19
4253,-0.766375,110.528151,1,0.5,14.19
4254,-0.766375,110.53152,1,0.5,14.19
4255,-0.766375,110.541626,1,0.5,13.37
4256,-0.766375,110.544995,1,0.5,13.37
4257,-0.766375,110.548363,1,0.5,13.37
4258,-0.766375,110.555101,2,0.5,3.89
4259,-0.766375,110.558469,2,0.5,3.89
4260,-0.766375,110.561838,1,0.5,2.55
4261,-0.766375,110.770696,1,0.5,2.58
4262,-0.766375,110.774065,1,0.5,22.48
4263,-0.766375,110.777434,1,0.5,22.48
4264,-0.766375,110.780802,2,0.5,32.84
4265,-0.766375,110.784171,2,0.5,32.84
4266,-0.766375,110.78754,1,1.0,42.94
4267,-0.766375,110.790908,2,1.0,42.94
4268,-0.766375,110.794277,2,1.0,42.94
4269,-0.766375,110.817858,1,0.5,4.24
4270,-0.766375,110.821226,1,0.5,4.24
4271,-0.766375,110.824595,1,0.5,4.24
4272,-0.766375,110.827964,2,0.5,4.31
4273,-0.766375,110.831333,1,0.5,4.31
4274,-0.766375,110.83807,1,0.5,6.4
4275,-0.766375,110.841439,1,0.5,16.22
4276,-0.766375,110.844807,1,0.5,16.22
4277,-0.766375,110.905444,1,0.5,3.95
4278,-0.766375,110.908812,1,0.5,3.95
4279,-0.766375,110.912181,1,0.5,3.95
4280,-0.766375,110.932393,1,0.5,5.51
4281,-0.766375,110.935762,1,0.5,5.51
4282,-0.766375,110.93913,1,0.5,5.51
4283,-0.766375,110.949236,1,0.5,2.48
4284,-0.766375,110.952605,1,0.5,2.48
4285,-0.766375,110.955974,1,0.5,2.48
4286,-0.766375,110.959342,1,0.5,1.83
4287,-0.766375,110.962711,1,0.5,1.83
4288,-0.766375,110.96608,1,0.5,1.83
4289,-0.769744,110.292343,1,0.5,6.62
4290,-0.769744,110.295712,2,0.5,6.62
4291,-0.769744,110.299081,2,0.5,6.62
4292,-0.769744,110.315924,1,0.5,24.23
4293,-0.769744,110.319293,1,0.5,26.25
4294,-0.769744,110.322661,1,0.5,26.25
4295,-0.769744,110.32603,1,0.5,26.25
4296,-0.769744,110.336136,1,0.5,1.8
4297,-0.769744,110.339505,1,0.5,1.8
4298,-0.769744,110.342874,1,0.5,1.8
4299,-0.769744,110.386666,1,0.5,16.49
4300,-0.769744,110.390035,1,0.5,16.49
4301,-0.769744,110.393404,1,0.5,16.49
4302,-0.769744,110.511308,1,0.5,24.17
4303,-0.769744,110.514676,1,0.5,24.17
4304,-0.769744,110.518045,2,0.5,24.17
4305,-0.769744,110.521414,1,0.5,2.75
4306,-0.769744,110.524782,1,0.5,14.19
4307,-0.769744,110.528151,1,0.5,14.19
4308,-0.769744,110.53152,1,0.5,14.19
4309,-0.769744,110.555101,2,0.5,3.89
4310,-0.769744,110.558469,2,0.5,3.89
4311,-0.769744,110.561838,1,0.5,2.55
4312,-0.769744,110.780802,1,0.5,32.84
4313,-0.769744,110.784171,1,0.5,32.84
4314,-0.769744,110.78754,1,1.0,42.94
4315,-0.769744,110.790908,2,1.0,42.94
4316,-0.769744,110.794277,2,1.0,42.94
4317,-0.769744,110.797646,1,0.5,6.56
4318,-0.769744,110.817858,1,0.5,4.24
4319,-0.769744,110.821226,1,0.5,4.24
4320,-0.769744,110.824595,1,0.5,4.24
4321,-0.769744,110.827964,2,0.5,4.31
4322,-0.769744,110.831333,1,0.5,4.31
4323,-0.769744,110.834701,1,0.5,4.31
4324,-0.769744,110.905444,1,0.5,3.95
4325,-0.769744,110.908812,1,0.5,3.95
4326,-0.769744,110.912181,1,0.5,3.95
4327,-0.769744,110.959342,1,0.5,1.83
4328,-0.769744,110.962711,1,0.5,1.83
4329,-0.769744,110.96608,1,0.5,1.83
4330,-0.773113,110.292343,1,0.5,6.62
4331,-0.773113,110.295712,2,0.5,6.62
4332,-0.773113,110.299081,2,0.5,6.62
4333,-0.773113,110.35298,1,0.5,12.09
4334,-0.773113,110.356348,1,0.5,12.09
4335,-0.773113,110.359717,1,0.5,12.09
4336,-0.773113,110.497833,1,0.5,22.18
4337,-0.773113,110.501202,1,0.5,22.18
4338,-0.773113,110.50457,2,0.5,47.59
4339,-0.773113,110.507939,1,0.5,47.59
4340,-0.773113,110.511308,2,0.5,47.59
4341,-0.773113,110.514676,1,0.5,24.17
4342,-0.773113,110.518045,1,0.5,24.17
4343,-0.773113,110.528151,1,0.5,3.93
4344,-0.773113,110.53152,1,0.5,3.93
4345,-0.773113,110.534888,1,0.5,3.93
4346,-0.773113,110.780802,1,0.5,32.84
4347,-0.773113,110.784171,1,0.5,32.84
4348,-0.773113,110.78754,1,1.0,42.94
4349,-0.773113,110.790908,2,1.0,42.94
4350,-0.773113,110.794277,2,1.0,42.94
4351,-0.773113,110.797646,1,0.5,6.56
4352,-0.773113,110.827964,1,0.5,4.31
4353,-0.773113,110.831333,1,0.5,4.31
4354,-0.773113,110.834701,1,0.5,4.31
4355,-0.773113,110.83807,1,0.5,0.6
4356,-0.773113,110.841439,1,0.5,0.6
4357,-0.776481,110.315924,1,0.5,3.16
4358,-0.776481,110.319293,1,0.5,3.16
4359,-0.776481,110.322661,1,0.5,3.16
4360,-0.776481,110.349611,1,0.5,24.7
4361,-0.776481,110.35298,1,0.5,12.09
4362,-0.776481,110.356348,1,0.5,12.09
4363,-0.776481,110.359717,1,0.5,12.09
4364,-0.776481,110.497833,1,0.5,22.18
4365,-0.776481,110.501202,1,0.5,22.18
4366,-0.776481,110.50457,2,0.5,47.59
4367,-0.776481,110.507939,1,0.5,8.59
4368,-0.776481,110.511308,1,0.5,8.59
4369,-0.776481,110.514676,1,0.5,8.59
4370,-0.776481,110.524782,1,0.5,11.92
4371,-0.776481,110.528151,2,0.5,11.92
4372,-0.776481,110.53152,2,0.5,11.92
4373,-0.776481,110.534888,1,0.5,3.93
4374,-0.776481,110.544995,1,0.5,9.78
4375,-0.776481,110.548363,1,0.5,9.78
4376,-0.776481,110.551732,1,0.5,9.78
4377,-0.776481,110.561838,1,0.5,31.8
4378,-0.776481,110.565207,1,0.5,31.8
4379,-0.776481,110.568575,1,0.5,31.8
4380,-0.776481,110.784171,1,0.5,1.76
4381,-0.776481,110.78754,1,0.5,1.76
4382,-0.776481,110.790908,2,0.5,6.56
4383,-0.776481,110.794277,1,0.5,6.56
4384,-0.776481,110.797646,1,0.5,6.56
4385,-0.776481,110.817858,1,0.5,4.05
4386,-0.776481,110.821226,1,0.5,4.05
4387,-0.776481,110.824595,1,0.5,4.05
4388,-0.776481,110.827964,2,0.5,4.31
4389,-0.776481,110.831333,1,0.5,4.31
4390,-0.776481,110.834701,1,0.5,4.31
4391,-0.776481,110.83807,1,0.5,0.6
4392,-0.776481,110.841439,1,0.5,0.6
4393,-0.77985,110.315924,1,0.5,3.16
4394,-0.77985,110.319293,1,0.5,3.16
4395,-0.77985,110.322661,1,0.5,3.16
4396,-0.77985,110.346242,1,0.5,36.37
4397,-0.77985,110.349611,2,0.5,36.37
4398,-0.77985,110.35298,2,0.5,36.37
4399,-0.77985,110.356348,1,0.5,12.09
4400,-0.77985,110.359717,1,0.5,12.09
4401,-0.77985,110.497833,1,0.5,22.18
4402,-0.77985,110.501202,1,0.5,22.18
4403,-0.77985,110.50457,1,0.5,22.18
4404,-0.77985,110.507939,1,0.5,8.59
4405,-0.77985,110.511308,1,0.5,8.59
4406,-0.77985,110.514676,1,0.5,8.59
4407,-0.77985,110.524782,1,0.5,11.92
4408,-0.77985,110.528151,1,0.5,11.92
4409,-0.77985,110.53152,1,0.5,11.92
4410,-0.77985,110.544995,2,0.5,12.81
4411,-0.77985,110.548363,2,0.5,12.81
4412,-0.77985,110.551732,1,0.5,9.78
4413,-0.77985,110.561838,1,0.5,31.8
4414,-0.77985,110.565207,1,0.5,31.8
4415,-0.77985,110.568575,1,0.5,31.8
4416,-0.77985,110.784171,1,0.5,1.76
4417,-0.77985,110.78754,1,0.5,1.76
4418,-0.77985,110.790908,1,0.5,1.76
4419,-0.77985,110.804383,1,0.5,4.87
4420,-0.77985,110.807752,1,0.5,4.87
4421,-0.77985,110.81112,1,0.5,4.87
4422,-0.77985,110.817858,1,0.5,4.05
4423,-0.77985,110.821226,1,0.5,4.05
4424,-0.77985,110.824595,1,0.5,4.05
4425,-0.77985,110.827964,1,0.5,4.05
4426,-0.77985,110.83807,1,0.5,0.6
4427,-0.77985,110.841439,1,0.5,0.6
4428,-0.77985,110.851545,1,0.5,11.63
4429,-0.77985,110.854913,1,0.5,11.63
4430,-0.77985,110.858282,1,0.5,11.63
4431,-0.77985,110.93913,1,0.5,29.4
4432,-0.77985,110.942499,1,0.5,29.4
4433,-0.77985,110.945868,1,0.5,29.4
4434,-0.77985,110.959342,1,0.5,6.04
4435,-0.77985,110.962711,1,0.5,6.04
4436,-0.77985,110.96608,1,0.5,6.04
4437,-0.783219,110.295712,1,0.5,8.2
4438,-0.783219,110.299081,1,0.5,8.2
4439,-0.783219,110.315924,1,0.5,3.16
4440,-0.783219,110.319293,1,0.5,3.16
4441,-0.783219,110.322661,1,0.5,3.16
4442,-0.783219,110.339505,1,0.5,2.85
4443,-0.783219,110.342874,1,0.5,2.85
4444,-0.783219,110.346242,2,0.5,10.37
4445,-0.783219,110.349611,1,0.5,10.37
4446,-0.783219,110.35298,1,0.5,10.37
4447,-0.783219,110.369823,1,0.5,4.8
4448,-0.783219,110.373192,1,0.5,4.8
4449,-0.783219,110.37656,1,0.5,4.8
4450,-0.783219,110.379929,2,0.5,6.0
4451,-0.783219,110.383298,1,0.5,6.0
4452,-0.783219,110.386666,1,0.5,6.0
4453,-0.783219,110.497833,2,0.5,7.03
4454,-0.783219,110.501202,2,0.5,7.03
4455,-0.783219,110.50457,2,0.5,7.03
4456,-0.783219,110.507939,1,0.5,3.13
4457,-0.783219,110.511308,1,0.5,3.13
4458,-0.783219,110.514676,1,0.5,3.13
4459,-0.783219,110.524782,1,0.5,11.92
4460,-0.783219,110.528151,1,0.5,11.92
4461,-0.783219,110.53152,1,0.5,11.92
4462,-0.783219,110.544995,2,0.5,12.81
4463,-0.783219,110.548363,2,0.5,12.81
4464,-0.783219,110.551732,1,0.5,9.78
4465,-0.783219,110.561838,1,0.5,31.8
4466,-0.783219,110.565207,1,0.5,31.8
4467,-0.783219,110.568575,1,0.5,31.8
4468,-0.783219,110.784171,1,0.5,1.76
4469,-0.783219,110.78754,1,0.5,1.76
4470,-0.783219,110.790908,2,0.5,7.11
4471,-0.783219,110.794277,1,0.5,7.11
4472,-0.783219,110.797646,1,0.5,7.11
4473,-0.783219,110.804383,1,0.5,7.96
4474,-0.783219,110.807752,1,0.5,7.96
4475,-0.783219,110.81112,1,0.5,7.96
4476,-0.783219,110.817858,1,0.5,4.05
4477,-0.783219,110.821226,1,0.5,4.05
4478,-0.783219,110.824595,1,0.5,4.05
4479,-0.783219,110.827964,1,0.5,4.05
4480,-0.783219,110.851545,1,0.5,11.7
4481,-0.783219,110.854913,1,0.5,11.7
4482,-0.783219,110.858282,1,0.5,11.7
4483,-0.783219,110.861651,1,0.5,13.75
4484,-0.783219,110.93913,1,0.5,29.4
4485,-0.783219,110.942499,1,0.5,29.4
4486,-0.783219,110.945868,1,0.5,29.4
4487,-0.783219,110.959342,1,0.5,6.04
4488,-0.783219,110.962711,1,0.5,6.04
4489,-0.783219,110.96608,1,0.5,6.04
4490,-0.783219,111.013241,1,0.5,12.93
4491,-0.783219,111.01661,1,0.5,12.93
4492,-0.783219,111.019979,1,0.5,12.93
4493,-0.786587,110.295712,1,0.5,8.2
4494,-0.786587,110.299081,1,0.5,8.2
4495,-0.786587,110.305818,1,0.5,4.9
4496,-0.786587,110.309187,1,0.5,4.9
4497,-0.786587,110.315924,1,0.5,3.16
4498,-0.786587,110.319293,1,0.5,3.16
4499,-0.786587,110.322661,1,0.5,3.16
4500,-0.786587,110.339505,1,0.5,2.85
4501,-0.786587,110.342874,1,0.5,2.85
4502,-0.786587,110.346242,2,0.5,10.37
4503,-0.786587,110.349611,1,0.5,10.37
4504,-0.786587,110.35298,1,0.5,10.37
4505,-0.786587,110.356348,1,1.0,13.25
4506,-0.786587,110.359717,1,1.0,13.25
4507,-0.786587,110.363086,1,1.0,13.25
4508,-0.786587,110.369823,1,0.5,4.8
4509,-0.786587,110.373192,1,0.5,4.8
4510,-0.786587,110.37656,1,0.5,4.8
4511,-0.786587,110.379929,2,0.5,6.0
4512,-0.786587,110.383298,1,0.5,6.0
4513,-0.786587,110.386666,1,0.5,6.0
4514,-0.786587,110.497833,2,0.5,7.03
4515,-0.786587,110.501202,2,0.5,7.03
4516,-0.786587,110.50457,2,0.5,7.03
4517,-0.786587,110.507939,1,0.5,3.13
4518,-0.786587,110.511308,1,0.5,3.13
4519,-0.786587,110.514676,1,0.5,3.13
4520,-0.786587,110.524782,1,0.5,9.29
4521,-0.786587,110.528151,1,0.5,9.29
4522,-0.786587,110.53152,1,0.5,9.29
4523,-0.786587,110.544995,1,0.5,12.81
4524,-0.786587,110.548363,1,0.5,12.81
4525,-0.786587,110.777434,1,0.5,2.54
4526,-0.786587,110.780802,1,0.5,2.54
4527,-0.786587,110.790908,1,0.5,7.11
4528,-0.786587,110.794277,1,0.5,7.11
4529,-0.786587,110.797646,1,0.5,7.11
4530,-0.786587,110.804383,1,0.5,7.96
4531,-0.786587,110.807752,1,0.5,7.96
4532,-0.786587,110.81112,1,0.5,7.96
4533,-0.786587,110.817858,1,0.5,4.05
4534,-0.786587,110.821226,1,0.5,4.05
4535,-0.786587,110.824595,1,0.5,4.05
4536,-0.786587,110.827964,1,0.5,4.05
4537,-0.786587,110.851545,1,0.5,11.7
4538,-0.786587,110.854913,1,0.5,11.7
4539,-0.786587,110.858282,1,0.5,11.7
4540,-0.786587,110.861651,1,0.5,13.75
4541,-0.786587,110.868388,1,0.5,4.76
4542,-0.786587,110.871757,1,0.5,4.76
4543,-0.786587,110.875125,1,0.5,4.76
4544,-0.786587,110.878494,1,0.5,19.23
4545,-0.786587,110.881863,1,0.5,19.23
4546,-0.786587,110.93913,1,0.5,29.4
4547,-0.786587,110.942499,1,0.5,29.4
4548,-0.786587,110.945868,1,0.5,29.4
4549,-0.786587,110.959342,1,0.5,6.04
4550,-0.786587,110.962711,1,0.5,6.04
4551,-0.786587,110.96608,1,0.5,6.04
4552,-0.786587,111.013241,1,0.5,12.93
4553,-0.786587,111.01661,1,0.5,12.93
4554,-0.786587,111.019979,1,0.5,12.93
4555,-0.789956,110.305818,1,0.5,4.9
4556,-0.789956,110.309187,1,0.5,4.9
4557,-0.789956,110.339505,1,0.5,2.85
4558,-0.789956,110.342874,1,0.5,2.85
4559,-0.789956,110.346242,2,0.5,10.37
4560,-0.789956,110.349611,1,0.5,10.37
4561,-0.789956,110.35298,1,0.5,10.37
4562,-0.789956,110.356348,1,1.0,13.25
4563,-0.789956,110.359717,1,1.0,13.25
4564,-0.789956,110.363086,1,1.0,13.25
4565,-0.789956,110.369823,2,0.5,6.01
4566,-0.789956,110.373192,2,0.5,6.01
4567,-0.789956,110.37656,2,0.5,6.01
4568,-0.789956,110.379929,2,0.5,6.0
4569,-0.789956,110.383298,1,0.5,6.0
4570,-0.789956,110.386666,1,0.5,6.0
4571,-0.789956,110.494464,1,0.5,5.57
4572,-0.789956,110.497833,3,0.5,10.78
4573,-0.789956,110.501202,3,0.5,10.78
4574,-0.789956,110.50457,2,0.5,7.03
4575,-0.789956,110.777434,1,0.5,2.54
4576,-0.789956,110.780802,2,0.5,3.9
4577,-0.789956,110.784171,1,0.5,3.9
4578,-0.789956,110.78754,1,0.5,3.9
4579,-0.789956,110.790908,1,0.5,2.27
4580,-0.789956,110.794277,1,0.5,2.27
4581,-0.789956,110.797646,1,0.5,2.27
4582,-0.789956,110.804383,1,0.5,7.96
4583,-0.789956,110.807752,1,0.5,7.96
4584,-0.789956,110.81112,1,0.5,7.96
4585,-0.789956,110.824595,1,0.5,11.71
4586,-0.789956,110.827964,1,0.5,11.71
4587,-0.789956,110.831333,1,0.5,11.71
4588,-0.789956,110.851545,1,0.5,11.7
4589,-0.789956,110.854913,1,0.5,11.7
4590,-0.789956,110.858282,1,0.5,11.7
4591,-0.789956,110.861651,1,0.5,13.75
4592,-0.789956,110.868388,1,0.5,4.76
4593,-0.789956,110.871757,1,0.5,18.65
4594,-0.789956,110.875125,1,0.5,18.65
4595,-0.789956,110.878494,1,0.5,19.23
4596,-0.789956,110.881863,1,0.5,19.23
4597,-0.793325,110.305818,1,0.5,4.9
4598,-0.793325,110.309187,1,0.5,4.9
4599,-0.793325,110.356348,1,1.0,13.25
4600,-0.793325,110.359717,1,1.0,13.25
4601,-0.793325,110.363086,1,1.0,13.25
4602,-0.793325,110.369823,1,0.5,6.01
4603,-0.793325,110.373192,1,0.5,6.01
4604,-0.793325,110.37656,1,0.5,6.01
4605,-0.793325,110.386666,1,0.5,5.09
4606,-0.793325,110.390035,1,0.5,5.09
4607,-0.793325,110.487727,1,0.5,6.46
4608,-0.793325,110.491096,1,0.5,6.46
4609,-0.793325,110.494464,2,0.5,6.46
4610,-0.793325,110.497833,1,0.5,10.78
4611,-0.793325,110.501202,1,0.5,10.78
4612,-0.793325,110.50457,1,0.5,11.96
4613,-0.793325,110.780802,1,0.5,3.9
4614,-0.793325,110.784171,1,0.5,3.9
4615,-0.793325,110.78754,1,0.5,3.9
4616,-0.793325,110.824595,1,0.5,11.71
4617,-0.793325,110.827964,1,0.5,11.71
4618,-0.793325,110.831333,1,0.5,11.71
4619,-0.793325,110.868388,1,0.5,4.76
4620,-0.793325,110.871757,1,0.5,18.65
4621,-0.793325,110.875125,1,0.5,18.65
4622,-0.793325,110.878494,1,0.5,19.23
4623,-0.793325,110.881863,1,0.5,19.23
4624,-0.796693,110.369823,1,0.5,6.01
4625,-0.796693,110.373192,1,0.5,6.01
4626,-0.796693,110.37656,1,0.5,6.01
4627,-0.796693,110.386666,1,0.5,5.09
4628,-0.796693,110.390035,1,0.5,5.09
4629,-0.796693,110.393404,1,0.5,2.08
4630,-0.796693,110.396773,1,0.5,2.08
4631,-0.796693,110.400141,1,0.5,2.08
4632,-0.796693,110.487727,1,0.5,6.46
4633,-0.796693,110.491096,1,0.5,6.46
4634,-0.796693,110.494464,2,0.5,6.46
4635,-0.796693,110.497833,1,0.5,10.78
4636,-0.796693,110.501202,1,0.5,10.78
4637,-0.796693,110.50457,1,0.5,11.96
4638,-0.796693,110.507939,1,0.5,5.35
4639,-0.796693,110.511308,1,0.5,5.35
4640,-0.796693,110.514676,1,0.5,5.35
4641,-0.796693,110.780802,1,0.5,3.9
4642,-0.796693,110.784171,1,0.5,3.9
4643,-0.796693,110.78754,1,0.5,3.9
4644,-0.796693,110.801014,1,0.5,2.56
4645,-0.796693,110.804383,1,0.5,2.56
4646,-0.796693,110.868388,1,0.5,4.25
4647,-0.796693,110.871757,1,0.5,18.65
4648,-0.796693,110.875125,1,0.5,18.65
4649,-0.796693,110.8886,1,0.5,24.28
4650,-0.796693,110.891969,1,0.5,24.28
4651,-0.796693,110.895337,1,0.5,24.28
4652,-0.800062,110.24855,1,0.5,10.08
4653,-0.800062,110.251919,1,0.5,15.24
4654,-0.800062,110.255288,1,0.5,15.24
4655,-0.800062,110.258657,1,0.5,15.24
4656,-0.800062,110.342874,1,0.5,16.33
4657,-0.800062,110.346242,1,0.5,16.33
4658,-0.800062,110.386666,1,0.5,5.09
4659,-0.800062,110.390035,1,0.5,5.09
4660,-0.800062,110.393404,1,0.5,2.08
4661,-0.800062,110.396773,1,0.5,2.08
4662,-0.800062,110.400141,1,0.5,2.08
4663,-0.800062,110.507939,1,0.5,5.35
4664,-0.800062,110.511308,1,0.5,5.35
4665,-0.800062,110.514676,1,0.5,5.35
4666,-0.800062,110.518045,1,0.5,28.58
4667,-0.800062,110.521414,1,0.5,28.58
4668,-0.800062,110.524782,1,0.5,28.58
4669,-0.800062,110.575313,1,0.5,3.19
4670,-0.800062,110.578681,1,0.5,3.19
4671,-0.800062,110.58205,1,0.5,3.19
4672,-0.800062,110.679742,1,0.5,11.04
4673,-0.800062,110.68311,1,0.5,11.04
4674,-0.800062,110.801014,1,0.5,2.56
4675,-0.800062,110.804383,1,0.5,2.56
4676,-0.800062,110.824595,1,0.5,18.33
4677,-0.800062,110.827964,1,0.5,18.33
4678,-0.800062,110.831333,1,0.5,18.33
4679,-0.800062,110.8886,1,0.5,24.28
4680,-0.800062,110.891969,1,0.5,24.28
4681,-0.800062,110.895337,1,0.5,24.28
4682,-0.803431,110.24855,1,0.5,10.08
4683,-0.803431,110.251919,1,0.5,15.24
4684,-0.803431,110.255288,1,0.5,15.24
4685,-0.803431,110.258657,1,0.5,15.24
4686,-0.803431,110.336136,1,0.5,4.02
4687,-0.803431,110.339505,2,0.5,4.02
4688,-0.803431,110.342874,3,0.5,16.33
4689,-0.803431,110.346242,1,0.5,16.33
4690,-0.803431,110.393404,1,0.5,2.08
4691,-0.803431,110.396773,1,0.5,2.08
4692,-0.803431,110.400141,1,0.5,2.08
4693,-0.803431,110.507939,2,0.5,5.35
4694,-0.803431,110.511308,2,0.5,5.35
4695,-0.803431,110.514676,2,0.5,5.35
4696,-0.803431,110.518045,1,0.5,28.58
4697,-0.803431,110.521414,1,0.5,28.58
4698,-0.803431,110.524782,1,0.5,28.58
4699,-0.803431,110.575313,1,0.5,3.19
4700,-0.803431,110.578681,1,0.5,3.19
4701,-0.803431,110.58205,1,0.5,3.19
4702,-0.803431,110.679742,1,0.5,11.04
4703,-0.803431,110.68311,1,0.5,11.04
4704,-0.803431,110.790908,1,0.5,6.53
4705,-0.803431,110.794277,1,0.5,6.53
4706,-0.803431,110.824595,1,0.5,18.33
4707,-0.803431,110.827964,1,0.5,18.33
4708,-0.803431,110.831333,1,0.5,18.33
4709,-0.803431,110.8886,1,0.5,4.19
4710,-0.803431,110.891969,1,0.5,4.19
4711,-0.803431,110.895337,1,0.5,4.19
4712,-0.806799,110.245182,1,0.5,11.69
4713,-0.806799,110.24855,2,0.5,11.69
4714,-0.806799,110.251919,2,0.5,15.24
4715,-0.806799,110.255288,1,0.5,15.24
4716,-0.806799,110.258657,1,0.5,15.24
4717,-0.806799,110.336136,1,0.5,4.02
4718,-0.806799,110.339505,2,0.5,4.02
4719,-0.806799,110.342874,3,0.5,16.33
4720,-0.806799,110.346242,1,0.5,16.33
4721,-0.806799,110.393404,1,0.5,2.08
4722,-0.806799,110.396773,1,0.5,2.08
4723,-0.806799,110.400141,1,0.5,2.08
4724,-0.806799,110.507939,2,0.5,5.35
4725,-0.806799,110.511308,2,0.5,5.35
4726,-0.806799,110.514676,2,0.5,5.35
4727,-0.806799,110.518045,1,0.5,28.58
4728,-0.806799,110.521414,1,0.5,28.58
4729,-0.806799,110.524782,1,0.5,28.58
4730,-0.806799,110.679742,1,0.5,11.04
4731,-0.806799,110.68311,1,0.5,11.04
4732,-0.806799,110.76059,1,0.5,5.17
4733,-0.806799,110.763959,1,0.5,5.17
4734,-0.806799,110.767328,1,0.5,9.11
4735,-0.806799,110.770696,1,0.5,9.11
4736,-0.806799,110.774065,1,0.5,9.11
4737,-0.806799,110.790908,1,0.5,6.53
4738,-0.806799,110.794277,1,0.5,6.53
4739,-0.806799,110.824595,1,0.5,18.33
4740,-0.806799,110.827964,1,0.5,18.33
4741,-0.806799,110.831333,1,0.5,18.33
4742,-0.806799,110.8886,1,0.5,4.19
4743,-0.806799,110.891969,1,0.5,4.19
4744,-0.806799,110.895337,1,0.5,4.19
4745,-0.806799,110.898706,1,0.5,6.51
4746,-0.806799,110.902075,1,0.5,6.51
4747,-0.806799,110.905444,1,0.5,6.51
4748,-0.806799,110.908812,2,0.5,6.51
4749,-0.806799,110.912181,1,0.5,2.8
4750,-0.810168,110.245182,1,0.5,11.69
4751,-0.810168,110.24855,1,0.5,11.69
4752,-0.810168,110.251919,1,0.5,11.69
4753,-0.810168,110.336136,1,0.5,4.02
4754,-0.810168,110.339505,1,0.5,4.02
4755,-0.810168,110.342874,1,0.5,4.02
4756,-0.810168,110.420353,1,0.5,8.75
4757,-0.810168,110.423722,1,0.5,8.75
4758,-0.810168,110.507939,2,0.5,5.35
4759,-0.810168,110.511308,2,0.5,5.35
4760,-0.810168,110.514676,2,0.5,5.35
4761,-0.810168,110.76059,1,0.5,5.17
4762,-0.810168,110.763959,1,0.5,5.17
4763,-0.810168,110.767328,1,0.5,9.11
4764,-0.810168,110.770696,1,0.5,9.11
4765,-0.810168,110.774065,1,0.5,9.11
4766,-0.810168,110.790908,1,0.5,6.53
4767,-0.810168,110.794277,1,0.5,6.53
4768,-0.810168,110.824595,1,0.5,18.33
4769,-0.810168,110.827964,1,0.5,18.33
4770,-0.810168,110.831333,1,0.5,18.33
4771,-0.810168,110.898706,1,0.5,6.51
4772,-0.810168,110.902075,1,0.5,5.64
4773,-0.810168,110.905444,1,0.5,5.64
4774,-0.810168,110.908812,2,0.5,5.64
4775,-0.810168,110.912181,1,0.5,2.8
4776,-0.813537,110.245182,1,0.5,11.69
4777,-0.813537,110.24855,1,0.5,11.69
4778,-0.813537,110.251919,1,0.5,11.69
4779,-0.813537,110.410247,1,1.0,13.43
4780,-0.813537,110.413616,1,1.0,13.43
4781,-0.813537,110.416985,1,1.0,13.43
4782,-0.813537,110.420353,1,1.0,8.75
4783,-0.813537,110.423722,1,0.5,8.75
4784,-0.813537,110.76059,1,0.5,5.17
4785,-0.813537,110.763959,1,0.5,5.17
4786,-0.813537,110.767328,1,0.5,9.11
4787,-0.813537,110.770696,1,0.5,9.11
4788,-0.813537,110.774065,1,0.5,9.11
4789,-0.813537,110.898706,1,0.5,6.51
4790,-0.813537,110.902075,1,0.5,5.64
4791,-0.813537,110.905444,1,0.5,5.64
4792,-0.813537,110.908812,1,0.5,5.64
4793,-0.816905,110.288975,1,0.5,3.06
4794,-0.816905,110.292343,1,0.5,3.06
4795,-0.816905,110.295712,1,0.5,3.06
4796,-0.816905,110.410247,1,1.0,13.43
4797,-0.816905,110.413616,1,1.0,13.43
4798,-0.816905,110.416985,1,1.0,13.43
4799,-0.816905,110.420353,1,1.0,8.75
4800,-0.816905,110.423722,1,0.5,8.75
4801,-0.816905,110.437197,1,0.5,29.57
4802,-0.816905,110.440565,2,0.5,29.57
4803,-0.816905,110.443934,2,0.5,24.05
4804,-0.816905,110.450671,1,1.0,9.3
4805,-0.816905,110.45404,1,1.0,9.3
4806,-0.816905,110.457409,1,1.0,9.3
4807,-0.816905,110.497833,1,0.5,8.71
4808,-0.816905,110.501202,2,0.5,9.11
4809,-0.816905,110.50457,2,0.5,9.11
4810,-0.816905,110.507939,1,0.5,9.11
4811,-0.816905,110.753853,1,0.5,7.31
4812,-0.816905,110.757222,1,0.5,7.31
4813,-0.816905,110.76059,1,0.5,7.31
4814,-0.816905,110.763959,1,0.5,7.31
4815,-0.816905,110.875125,1,0.5,7.95
4816,-0.816905,110.878494,2,0.5,36.07
4817,-0.816905,110.881863,2,0.5,36.07
4818,-0.816905,110.902075,1,0.5,6.51
4819,-0.816905,110.905444,1,0.5,5.64
4820,-0.816905,110.908812,1,0.5,5.64
4821,-0.816905,110.912181,2,0.5,37.09
4822,-0.816905,110.91555,1,0.5,37.09
4823,-0.816905,110.918918,1,0.5,37.09
4824,-0.820274,110.282237,1,0.5,5.01
4825,-0.820274,110.285606,1,0.5,5.01
4826,-0.820274,110.288975,2,0.5,5.01
4827,-0.820274,110.292343,1,0.5,3.06
4828,-0.820274,110.295712,1,0.5,3.06
4829,-0.820274,110.410247,1,1.0,13.43
4830,-0.820274,110.413616,1,1.0,13.43
4831,-0.820274,110.416985,1,1.0,13.43
4832,-0.820274,110.420353,1,1.0,8.75
4833,-0.820274,110.423722,1,0.5,8.75
4834,-0.820274,110.437197,1,0.5,29.57
4835,-0.820274,110.440565,2,0.5,29.57
4836,-0.820274,110.443934,2,0.5,24.05
4837,-0.820274,110.450671,1,1.0,9.3
4838,-0.820274,110.45404,1,1.0,9.3
4839,-0.820274,110.457409,1,1.0,9.3
4840,-0.820274,110.497833,1,0.5,8.71
4841,-0.820274,110.501202,2,0.5,9.11
4842,-0.820274,110.50457,2,0.5,9.11
4843,-0.820274,110.507939,1,0.5,9.11
4844,-0.820274,110.753853,1,0.5,7.31
4845,-0.820274,110.757222,1,0.5,7.31
4846,-0.820274,110.76059,1,0.5,7.31
4847,-0.820274,110.763959,1,0.5,7.31
4848,-0.820274,110.807752,1,0.5,9.8
4849,-0.820274,110.81112,1,0.5,9.8
4850,-0.820274,110.814489,2,0.5,9.8
4851,-0.820274,110.817858,1,0.5,4.07
4852,-0.820274,110.827964,1,0.5,8.73
4853,-0.820274,110.831333,1,0.5,8.73
4854,-0.820274,110.834701,1,0.5,8.73
4855,-0.820274,110.83807,1,0.5,19.83
4856,-0.820274,110.841439,1,0.5,19.83
4857,-0.820274,110.844807,1,0.5,19.83
4858,-0.820274,110.848176,1,0.5,8.83
4859,-0.820274,110.875125,1,0.5,7.95
4860,-0.820274,110.878494,2,0.5,36.07
4861,-0.820274,110.881863,2,0.5,36.07
4862,-0.820274,110.898706,1,0.5,4.07
4863,-0.820274,110.902075,1,0.5,4.07
4864,-0.820274,110.905444,1,0.5,4.07
4865,-0.820274,110.912181,1,0.5,37.09
4866,-0.820274,110.91555,1,0.5,37.09
4867,-0.820274,110.918918,1,0.5,37.09
4868,-0.823643,110.282237,1,0.5,5.01
4869,-0.823643,110.285606,1,0.5,5.01
4870,-0.823643,110.288975,2,0.5,5.01
4871,-0.823643,110.292343,1,0.5,3.06
4872,-0.823643,110.295712,1,0.5,3.06
4873,-0.823643,110.400141,1,0.5,78.0
4874,-0.823643,110.40351,2,0.5,78.0
4875,-0.823643,110.406879,2,0.5,78.0
4876,-0.823643,110.410247,2,0.5,78.0
4877,-0.823643,110.437197,1,0.5,29.57
4878,-0.823643,110.440565,2,0.5,29.57
4879,-0.823643,110.443934,1,0.5,3.78
4880,-0.823643,110.450671,1,1.0,9.3
4881,-0.823643,110.45404,1,1.0,9.3
4882,-0.823643,110.457409,1,1.0,9.3
4883,-0.823643,110.497833,1,0.5,8.71
4884,-0.823643,110.501202,1,0.5,8.71
4885,-0.823643,110.50457,1,0.5,8.71
4886,-0.823643,110.518045,1,0.5,4.66
4887,-0.823643,110.521414,2,0.5,6.62
4888,-0.823643,110.524782,2,0.5,6.62
4889,-0.823643,110.528151,1,0.5,5.78
4890,-0.823643,110.757222,1,0.5,7.31
4891,-0.823643,110.76059,1,0.5,7.31
4892,-0.823643,110.763959,1,0.5,7.31
4893,-0.823643,110.767328,1,0.5,7.31
4894,-0.823643,110.794277,1,0.5,4.48
4895,-0.823643,110.797646,1,0.5,4.48
4896,-0.823643,110.807752,1,0.5,9.8
4897,-0.823643,110.81112,1,0.5,9.8
4898,-0.823643,110.814489,2,0.5,9.8
4899,-0.823643,110.817858,1,0.5,4.07
4900,-0.823643,110.827964,1,0.5,8.73
4901,-0.823643,110.831333,1,0.5,8.73
4902,-0.823643,110.834701,1,0.5,8.73
4903,-0.823643,110.83807,1,0.5,19.83
4904,-0.823643,110.841439,1,0.5,19.83
4905,-0.823643,110.844807,1,0.5,19.83
4906,-0.823643,110.848176,1,0.5,8.83
4907,-0.823643,110.875125,1,0.5,7.95
4908,-0.823643,110.878494,2,0.5,36.07
4909,-0.823643,110.881863,2,0.5,36.07
4910,-0.823643,110.898706,1,0.5,5.28
4911,-0.823643,110.902075,1,0.5,5.28
4912,-0.823643,110.905444,1,0.5,5.28
4913,-0.823643,110.908812,1,0.5,5.28
4914,-0.827012,110.349611,1,0.5,3.44
4915,-0.827012,110.35298,1,0.5,3.44
4916,-0.827012,110.356348,1,0.5,3.44
4917,-0.827012,110.400141,1,0.5,78.0
4918,-0.827012,110.40351,2,0.5,78.0
4919,-0.827012,110.406879,2,0.5,78.0
4920,-0.827012,110.410247,2,0.5,78.0
4921,-0.827012,110.450671,1,1.0,9.3
4922,-0.827012,110.45404,1,1.0,9.3
4923,-0.827012,110.457409,1,1.0,9.3
4924,-0.827012,110.507939,1,0.5,7.2
4925,-0.827012,110.511308,1,0.5,7.2
4926,-0.827012,110.514676,1,0.5,7.2
4927,-0.827012,110.518045,1,0.5,4.66
4928,-0.827012,110.521414,2,0.5,6.62
4929,-0.827012,110.524782,2,0.5,6.62
4930,-0.827012,110.528151,1,0.5,5.78
4931,-0.827012,110.750484,1,0.5,7.09
4932,-0.827012,110.753853,1,0.5,7.09
4933,-0.827012,110.757222,1,0.5,7.09
4934,-0.827012,110.76059,1,0.5,7.31
4935,-0.827012,110.763959,1,0.5,7.31
4936,-0.827012,110.767328,1,0.5,7.31
4937,-0.827012,110.794277,1,0.5,4.48
4938,-0.827012,110.797646,1,0.5,4.48
4939,-0.827012,110.807752,1,0.5,9.8
4940,-0.827012,110.81112,1,0.5,9.8
4941,-0.827012,110.814489,2,0.5,9.8
4942,-0.827012,110.817858,1,0.5,38.41
4943,-0.827012,110.821226,1,0.5,38.41
4944,-0.827012,110.824595,1,0.5,38.41
4945,-0.827012,110.827964,1,0.5,8.73
4946,-0.827012,110.831333,1,0.5,8.73
4947,-0.827012,110.834701,1,0.5,8.73
4948,-0.827012,110.83807,1,0.5,19.83
4949,-0.827012,110.841439,1,0.5,19.83
4950,-0.827012,110.844807,1,0.5,19.83
4951,-0.827012,110.858282,1,0.5,23.33
4952,-0.827012,110.861651,1,0.5,23.33
4953,-0.827012,110.878494,1,0.5,4.86
4954,-0.827012,110.881863,1,0.5,4.86
4955,-0.827012,110.8886,1,0.5,41.36
4956,-0.827012,110.891969,1,0.5,41.36
4957,-0.827012,110.895337,1,0.5,41.36
4958,-0.827012,110.898706,1,0.5,5.28
4959,-0.827012,110.902075,1,0.5,5.28
4960,-0.827012,110.905444,1,0.5,5.28
4961,-0.827012,110.908812,1,0.5,5.28
4962,-0.83038,110.339505,1,0.5,9.99
4963,-0.83038,110.342874,1,0.5,9.99
4964,-0.83038,110.346242,1,0.5,9.99
4965,-0.83038,110.349611,1,0.5,3.44
4966,-0.83038,110.35298,1,0.5,3.44
4967,-0.83038,110.356348,1,0.5,3.44
4968,-0.83038,110.400141,1,0.5,78.0
4969,-0.83038,110.40351,2,0.5,78.0
4970,-0.83038,110.406879,2,0.5,78.0
4971,-0.83038,110.410247,2,0.5,78.0
4972,-0.83038,110.433828,1,0.5,2.98
4973,-0.83038,110.437197,1,0.5,2.98
4974,-0.83038,110.440565,1,0.5,2.98
4975,-0.83038,110.507939,1,0.5,7.2
4976,-0.83038,110.511308,1,0.5,7.2
4977,-0.83038,110.514676,1,0.5,7.2
4978,-0.83038,110.518045,1,0.5,4.66
4979,-0.83038,110.521414,2,0.5,6.62
4980,-0.83038,110.524782,2,0.5,6.62
4981,-0.83038,110.528151,1,0.5,5.78
4982,-0.83038,110.750484,1,0.5,7.09
4983,-0.83038,110.753853,1,0.5,7.09
4984,-0.83038,110.757222,1,0.5,7.09
4985,-0.83038,110.794277,1,0.5,4.48
4986,-0.83038,110.797646,1,0.5,4.48
4987,-0.83038,110.804383,1,0.5,2.36
4988,-0.83038,110.807752,1,0.5,2.36
4989,-0.83038,110.817858,1,0.5,38.41
4990,-0.83038,110.821226,1,0.5,38.41
4991,-0.83038,110.824595,1,0.5,38.41
4992,-0.83038,110.834701,1,0.5,24.8
4993,-0.83038,110.83807,1,0.5,24.8
4994,-0.83038,110.841439,1,0.5,24.8
4995,-0.83038,110.858282,1,0.5,23.33
4996,-0.83038,110.861651,1,0.5,23.33
4997,-0.83038,110.865019,1,0.5,4.37
4998,-0.83038,110.868388,1,0.5,4.37
4999,-0.83038,110.8886,1,0.5,41.36
5000,-0.83038,110.891969,1,0.5,41.36
5001,-0.83038,110.895337,1,0.5,41.36
5002,-0.83038,110.898706,1,0.5,5.28
5003,-0.83038,110.902075,1,0.5,5.28
5004,-0.83038,110.905444,1,0.5,5.28
5005,-0.83038,110.908812,1,0.5,5.28
5006,-0.833749,110.339505,1,0.5,9.99
5007,-0.833749,110.342874,1,0.5,9.99
5008,-0.833749,110.346242,1,0.5,9.99
5009,-0.833749,110.349611,1,0.5,3.44
5010,-0.833749,110.35298,1,0.5,3.44
5011,-0.833749,110.356348,1,0.5,3.44
5012,-0.833749,110.413616,1,0.5,12.36
5013,-0.833749,110.416985,1,0.5,12.36
5014,-0.833749,110.420353,1,0.5,12.36
5015,-0.833749,110.433828,1,0.5,2.98
5016,-0.833749,110.437197,1,0.5,2.98
5017,-0.833749,110.440565,1,0.5,2.98
5018,-0.833749,110.511308,1,0.5,7.2
5019,-0.833749,110.514676,1,0.5,7.2
5020,-0.833749,110.518045,1,0.5,7.2
5021,-0.833749,110.524782,1,0.5,6.62
5022,-0.833749,110.528151,2,0.5,6.62
5023,-0.833749,110.53152,1,0.5,4.79
5024,-0.833749,110.750484,1,0.5,7.09
5025,-0.833749,110.753853,1,0.5,7.09
5026,-0.833749,110.757222,1,0.5,7.09
5027,-0.833749,110.804383,1,0.5,2.36
5028,-0.833749,110.807752,1,0.5,2.36
5029,-0.833749,110.817858,1,0.5,38.41
5030,-0.833749,110.821226,1,0.5,38.41
5031,-0.833749,110.824595,1,0.5,38.41
5032,-0.833749,110.831333,1,0.5,7.91
5033,-0.833749,110.834701,2,0.5,24.8
5034,-0.833749,110.83807,2,0.5,24.8
5035,-0.833749,110.841439,1,0.5,24.8
5036,-0.833749,110.858282,1,0.5,23.33
5037,-0.833749,110.861651,1,0.5,23.33
5038,-0.833749,110.865019,1,0.5,4.37
5039,-0.833749,110.868388,1,0.5,4.37
5040,-0.833749,110.8886,1,0.5,41.36
5041,-0.833749,110.891969,1,0.5,41.36
5042,-0.833749,110.895337,1,0.5,41.36
5043,-0.833749,110.898706,1,0.5,5.28
5044,-0.833749,110.902075,1,0.5,5.28
5045,-0.833749,110.905444,1,0.5,5.28
5046,-0.833749,110.908812,1,0.5,5.28
5047,-0.837118,110.332768,1,0.5,9.99
5048,-0.837118,110.336136,1,0.5,9.99
5049,-0.837118,110.339505,1,0.5,9.99
5050,-0.837118,110.342874,1,0.5,9.99
5051,-0.837118,110.346242,2,0.5,9.99
5052,-0.837118,110.349611,2,0.5,7.56
5053,-0.837118,110.35298,2,0.5,7.56
5054,-0.837118,110.356348,1,0.5,3.44
5055,-0.837118,110.363086,1,0.5,3.71
5056,-0.837118,110.366454,1,0.5,3.71
5057,-0.837118,110.369823,1,0.5,3.71
5058,-0.837118,110.410247,1,0.5,6.71
5059,-0.837118,110.413616,3,0.5,14.65
5060,-0.837118,110.416985,3,0.5,14.65
5061,-0.837118,110.420353,2,0.5,14.65
5062,-0.837118,110.423722,1,0.5,12.36
5063,-0.837118,110.437197,1,0.5,2.98
5064,-0.837118,110.440565,1,0.5,2.98
5065,-0.837118,110.443934,1,0.5,2.98
5066,-0.837118,110.484358,1,0.5,9.35
5067,-0.837118,110.487727,1,0.5,9.35
5068,-0.837118,110.491096,1,0.5,9.35
5069,-0.837118,110.511308,1,0.5,33.95
5070,-0.837118,110.514676,1,0.5,33.95
5071,-0.837118,110.518045,1,0.5,33.95
5072,-0.837118,110.528151,1,0.5,4.79
5073,-0.837118,110.53152,1,0.5,4.79
5074,-0.837118,110.831333,2,0.5,7.91
5075,-0.837118,110.834701,3,0.5,24.8
5076,-0.837118,110.83807,3,0.5,24.8
5077,-0.837118,110.841439,1,0.5,24.8
5078,-0.837118,110.8886,1,0.5,2.93
5079,-0.837118,110.891969,1,0.5,2.93
5080,-0.837118,110.895337,1,0.5,2.93
5081,-0.840486,110.336136,1,0.5,9.99
5082,-0.840486,110.339505,1,0.5,9.99
5083,-0.840486,110.342874,1,0.5,9.99
5084,-0.840486,110.346242,1,0.5,9.99
5085,-0.840486,110.349611,1,0.5,7.56
5086,-0.840486,110.35298,1,0.5,7.56
5087,-0.840486,110.356348,1,0.5,7.56
5088,-0.840486,110.366454,1,0.5,3.71
5089,-0.840486,110.369823,1,0.5,3.71
5090,-0.840486,110.373192,1,0.5,3.71
5091,-0.840486,110.410247,1,0.5,6.71
5092,-0.840486,110.413616,3,0.5,14.65
5093,-0.840486,110.416985,3,0.5,14.65
5094,-0.840486,110.420353,2,0.5,14.65
5095,-0.840486,110.423722,1,0.5,12.36
5096,-0.840486,110.48099,2,0.5,9.16
5097,-0.840486,110.484358,2,0.5,9.16
5098,-0.840486,110.487727,2,0.5,9.16
5099,-0.840486,110.491096,1,0.5,9.35
5100,-0.840486,110.507939,1,0.5,20.5
5101,-0.840486,110.511308,2,0.5,33.95
5102,-0.840486,110.514676,2,0.5,33.95
5103,-0.840486,110.518045,1,0.5,33.95
5104,-0.840486,110.528151,1,0.5,4.79
5105,-0.840486,110.53152,1,0.5,4.79
5106,-0.840486,110.780802,1,0.5,19.93
5107,-0.840486,110.784171,1,0.5,19.93
5108,-0.840486,110.790908,1,0.5,6.24
5109,-0.840486,110.794277,1,0.5,6.24
5110,-0.840486,110.797646,1,0.5,6.24
5111,-0.840486,110.831333,2,0.5,7.91
5112,-0.840486,110.834701,3,0.5,7.91
5113,-0.840486,110.83807,3,0.5,7.91
5114,-0.843855,110.268763,1,0.5,5.92
5115,-0.843855,110.272131,1,0.5,5.92
5116,-0.843855,110.336136,1,0.5,9.99
5117,-0.843855,110.339505,1,0.5,9.99
5118,-0.843855,110.342874,1,0.5,9.99
5119,-0.843855,110.346242,1,0.5,9.99
5120,-0.843855,110.363086,1,0.5,2.79
5121,-0.843855,110.366454,1,0.5,2.79
5122,-0.843855,110.369823,1,0.5,2.79
5123,-0.843855,110.373192,1,0.5,3.71
5124,-0.843855,110.406879,1,0.5,6.97
5125,-0.843855,110.410247,2,0.5,6.97
5126,-0.843855,110.413616,4,0.5,14.65
5127,-0.843855,110.416985,4,0.5,14.65
5128,-0.843855,110.420353,3,0.5,14.65
5129,-0.843855,110.423722,1,0.5,5.49
5130,-0.843855,110.48099,2,0.5,9.16
5131,-0.843855,110.484358,2,0.5,9.16
5132,-0.843855,110.487727,2,0.5,9.16
5133,-0.843855,110.491096,1,0.5,9.35
5134,-0.843855,110.507939,1,0.5,20.5
5135,-0.843855,110.511308,1,0.5,20.5
5136,-0.843855,110.514676,1,0.5,19.36
5137,-0.843855,110.518045,1,0.5,3.71
5138,-0.843855,110.521414,1,0.5,3.71
5139,-0.843855,110.528151,1,0.5,19.1
5140,-0.843855,110.53152,2,0.5,19.1
5141,-0.843855,110.534888,2,0.5,19.1
5142,-0.843855,110.538257,1,0.5,9.26
5143,-0.843855,110.588787,1,0.5,6.43
5144,-0.843855,110.592156,1,0.5,6.43
5145,-0.843855,110.595525,1,0.5,6.43
5146,-0.843855,110.780802,1,0.5,19.93
5147,-0.843855,110.784171,1,0.5,19.93
5148,-0.843855,110.790908,1,0.5,6.24
5149,-0.843855,110.794277,1,0.5,6.24
5150,-0.843855,110.797646,1,0.5,6.24
5151,-0.843855,110.804383,1,0.5,6.31
5152,-0.843855,110.807752,1,0.5,6.31
5153,-0.843855,110.81112,1,0.5,6.31
5154,-0.843855,110.831333,1,0.5,7.91
5155,-0.843855,110.834701,2,0.5,7.91
5156,-0.843855,110.83807,2,0.5,7.91
5157,-0.847224,110.255288,1,0.5,19.11
5158,-0.847224,110.258657,1,0.5,19.11
5159,-0.847224,110.262025,1,0.5,19.11
5160,-0.847224,110.268763,1,0.5,55.49
5161,-0.847224,110.272131,1,0.5,55.49
5162,-0.847224,110.339505,1,0.5,6.36
5163,-0.847224,110.342874,1,0.5,6.36
5164,-0.847224,110.346242,1,0.5,6.36
5165,-0.847224,110.363086,1,0.5,2.79
5166,-0.847224,110.366454,1,0.5,2.79
5167,-0.847224,110.369823,1,0.5,2.79
5168,-0.847224,110.406879,2,0.5,11.02
5169,-0.847224,110.410247,2,0.5,13.14
5170,-0.847224,110.413616,2,0.5,13.14
5171,-0.847224,110.416985,2,0.5,13.14
5172,-0.847224,110.420353,1,0.5,5.49
5173,-0.847224,110.423722,1,0.5,5.49
5174,-0.847224,110.48099,2,0.5,9.16
5175,-0.847224,110.484358,2,0.5,9.16
5176,-0.847224,110.487727,2,0.5,9.16
5177,-0.847224,110.497833,1,1.0,9.14
5178,-0.847224,110.501202,1,1.0,9.14
5179,-0.847224,110.507939,1,0.5,20.5
5180,-0.847224,110.511308,2,0.5,20.5
5181,-0.847224,110.514676,2,0.5,19.36
5182,-0.847224,110.518045,1,0.5,3.71
5183,-0.847224,110.521414,1,0.5,3.71
5184,-0.847224,110.524782,1,0.5,11.12
5185,-0.847224,110.528151,2,0.5,19.1
5186,-0.847224,110.53152,2,0.5,19.1
5187,-0.847224,110.534888,2,0.5,19.1
5188,-0.847224,110.538257,1,0.5,9.26
5189,-0.847224,110.588787,1,0.5,6.43
5190,-0.847224,110.592156,1,0.5,6.43
5191,-0.847224,110.595525,1,0.5,6.43
5192,-0.847224,110.780802,1,0.5,11.0
5193,-0.847224,110.784171,1,0.5,11.0
5194,-0.847224,110.790908,2,0.5,6.24
5195,-0.847224,110.794277,2,0.5,6.24
5196,-0.847224,110.797646,2,0.5,6.24
5197,-0.847224,110.804383,1,0.5,6.31
5198,-0.847224,110.807752,1,0.5,6.31
5199,-0.847224,110.81112,1,0.5,6.31
5200,-0.847224,110.821226,1,0.5,4.6
5201,-0.847224,110.824595,1,0.5,4.6
5202,-0.847224,110.834701,1,0.5,2.65
5203,-0.847224,110.83807,1,0.5,2.65
5204,-0.850592,110.140753,2,0.5,7.0
5205,-0.850592,110.144121,2,0.5,7.0
5206,-0.850592,110.14749,1,0.5,7.0
5207,-0.850592,110.255288,1,0.5,19.11
5208,-0.850592,110.258657,1,0.5,19.11
5209,-0.850592,110.262025,1,0.5,19.11
5210,-0.850592,110.268763,1,0.5,55.49
5211,-0.850592,110.272131,1,0.5,55.49
5212,-0.850592,110.339505,1,0.5,6.36
5213,-0.850592,110.342874,1,0.5,6.36
5214,-0.850592,110.346242,1,0.5,6.36
5215,-0.850592,110.363086,1,0.5,2.79
5216,-0.850592,110.366454,1,0.5,2.79
5217,-0.850592,110.369823,1,0.5,2.79
5218,-0.850592,110.400141,1,0.5,3.11
5219,-0.850592,110.40351,1,0.5,3.11
5220,-0.850592,110.406879,3,0.5,11.02
5221,-0.850592,110.410247,3,0.5,13.14
5222,-0.850592,110.413616,2,0.5,13.14
5223,-0.850592,110.416985,1,0.5,13.14
5224,-0.850592,110.477621,1,0.5,9.34
5225,-0.850592,110.48099,1,0.5,9.34
5226,-0.850592,110.484358,1,0.5,9.34
5227,-0.850592,110.497833,1,1.0,9.14
5228,-0.850592,110.501202,1,1.0,9.14
5229,-0.850592,110.507939,1,0.5,20.5
5230,-0.850592,110.511308,3,0.5,20.5
5231,-0.850592,110.514676,4,0.5,19.36
5232,-0.850592,110.518045,3,0.5,14.83
5233,-0.850592,110.521414,2,0.5,4.36
5234,-0.850592,110.524782,1,0.5,11.12
5235,-0.850592,110.528151,2,0.5,19.1
5236,-0.850592,110.53152,2,0.5,19.1
5237,-0.850592,110.534888,2,0.5,19.1
5238,-0.850592,110.538257,1,0.5,9.26
5239,-0.850592,110.588787,1,0.5,6.43
5240,-0.850592,110.592156,1,0.5,6.43
5241,-0.850592,110.595525,1,0.5,6.43
5242,-0.850592,110.78754,1,0.5,4.05
5243,-0.850592,110.790908,2,0.5,4.05
5244,-0.850592,110.794277,2,0.5,4.05
5245,-0.850592,110.797646,1,0.5,3.18
5246,-0.850592,110.804383,1,0.5,6.31
5247,-0.850592,110.807752,1,0.5,6.31
5248,-0.850592,110.81112,1,0.5,6.31
5249,-0.850592,110.821226,2,0.5,4.6
5250,-0.850592,110.824595,2,0.5,4.6
5251,-0.853961,110.140753,2,0.5,7.0
5252,-0.853961,110.144121,2,0.5,7.0
5253,-0.853961,110.14749,1,0.5,7.0
5254,-0.853961,110.150859,1,0.5,2.47
5255,-0.853961,110.154227,2,0.5,19.87
5256,-0.853961,110.157596,2,0.5,19.87
5257,-0.853961,110.160965,1,0.5,19.87
5258,-0.853961,110.255288,1,0.5,19.11
5259,-0.853961,110.258657,1,0.5,19.11
5260,-0.853961,110.262025,1,0.5,19.11
5261,-0.853961,110.268763,1,0.5,55.49
5262,-0.853961,110.272131,1,0.5,55.49
5263,-0.853961,110.302449,1,0.5,11.22
5264,-0.853961,110.305818,1,0.5,11.22
5265,-0.853961,110.309187,1,0.5,11.22
5266,-0.853961,110.312555,1,0.5,5.85
5267,-0.853961,110.32603,1,1.0,13.34
5268,-0.853961,110.329399,1,1.0,13.34
5269,-0.853961,110.332768,1,1.0,13.34
5270,-0.853961,110.346242,1,0.5,1.87
5271,-0.853961,110.349611,1,0.5,1.87
5272,-0.853961,110.390035,1,0.5,19.51
5273,-0.853961,110.393404,1,0.5,19.51
5274,-0.853961,110.396773,1,0.5,19.51
5275,-0.853961,110.400141,1,0.5,3.11
5276,-0.853961,110.40351,2,0.5,15.7
5277,-0.853961,110.406879,2,0.5,15.7
5278,-0.853961,110.410247,2,0.5,15.7
5279,-0.853961,110.413616,1,0.5,13.14
5280,-0.853961,110.416985,1,0.5,13.14
5281,-0.853961,110.427091,1,0.5,63.81
5282,-0.853961,110.430459,1,0.5,63.81
5283,-0.853961,110.433828,1,0.5,63.81
5284,-0.853961,110.477621,1,0.5,9.34
5285,-0.853961,110.48099,1,0.5,9.34
5286,-0.853961,110.484358,1,0.5,9.34
5287,-0.853961,110.497833,2,0.75,9.14
5288,-0.853961,110.501202,2,0.75,9.14
5289,-0.853961,110.50457,1,0.5,3.85
5290,-0.853961,110.507939,2,0.5,20.5
5291,-0.853961,110.511308,2,0.5,20.5
5292,-0.853961,110.514676,3,0.5,19.36
5293,-0.853961,110.518045,2,0.5,14.83
5294,-0.853961,110.521414,1,0.5,4.36
5295,-0.853961,110.524782,1,0.5,11.12
5296,-0.853961,110.528151,1,0.5,11.12
5297,-0.853961,110.53152,1,0.5,8.31
5298,-0.853961,110.534888,1,0.5,8.31
5299,-0.853961,110.538257,1,0.5,8.31
5300,-0.853961,110.777434,1,0.5,11.76
5301,-0.853961,110.780802,1,0.5,11.76
5302,-0.853961,110.784171,1,0.5,11.76
5303,-0.853961,110.78754,1,0.5,4.05
5304,-0.853961,110.790908,2,0.5,4.05
5305,-0.853961,110.794277,2,0.5,4.05
5306,-0.853961,110.797646,1,0.5,3.18
5307,-0.853961,110.804383,1,0.5,6.31
5308,-0.853961,110.807752,1,0.5,6.31
5309,-0.853961,110.81112,1,0.5,6.31
5310,-0.853961,110.821226,2,0.5,4.6
5311,-0.853961,110.824595,2,0.5,4.6
5312,-0.85733,110.144121,2,0.5,7.0
5313,-0.85733,110.14749,1,0.5,7.0
5314,-0.85733,110.150859,1,0.5,2.47
5315,-0.85733,110.154227,2,0.5,19.87
5316,-0.85733,110.157596,2,0.5,19.87
5317,-0.85733,110.160965,1,0.5,19.87
5318,-0.85733,110.24855,1,1.0,9.68
5319,-0.85733,110.251919,1,1.0,9.68
5320,-0.85733,110.255288,1,1.0,9.68
5321,-0.85733,110.302449,1,0.5,11.22
5322,-0.85733,110.305818,1,0.5,11.22
5323,-0.85733,110.309187,1,0.5,11.22
5324,-0.85733,110.312555,1,0.5,5.85
5325,-0.85733,110.32603,1,1.0,13.34
5326,-0.85733,110.329399,1,1.0,13.34
5327,-0.85733,110.332768,1,1.0,13.34
5328,-0.85733,110.346242,1,0.5,1.87
5329,-0.85733,110.349611,1,0.5,1.87
5330,-0.85733,110.390035,1,0.5,19.51
5331,-0.85733,110.393404,1,0.5,19.51
5332,-0.85733,110.396773,1,0.5,19.51
5333,-0.85733,110.40351,1,0.5,15.7
5334,-0.85733,110.406879,1,0.5,15.7
5335,-0.85733,110.410247,1,0.5,15.7
5336,-0.85733,110.427091,1,0.5,63.81
5337,-0.85733,110.430459,1,0.5,63.81
5338,-0.85733,110.433828,1,0.5,63.81
5339,-0.85733,110.477621,1,0.5,9.34
5340,-0.85733,110.48099,1,0.5,9.34
5341,-0.85733,110.484358,1,0.5,9.34
5342,-0.85733,110.494464,1,0.5,5.48
5343,-0.85733,110.497833,2,0.5,5.48
5344,-0.85733,110.501202,2,0.5,5.48
5345,-0.85733,110.50457,1,0.5,3.85
5346,-0.85733,110.507939,2,0.5,12.32
5347,-0.85733,110.511308,2,0.5,12.32
5348,-0.85733,110.514676,3,0.5,12.32
5349,-0.85733,110.518045,1,0.5,4.36
5350,-0.85733,110.521414,1,0.5,4.36
5351,-0.85733,110.524782,1,0.5,4.87
5352,-0.85733,110.528151,1,0.5,4.87
5353,-0.85733,110.53152,1,0.5,8.31
5354,-0.85733,110.534888,1,0.5,8.31
5355,-0.85733,110.538257,1,0.5,8.31
5356,-0.85733,110.558469,1,0.5,4.44
5357,-0.85733,110.561838,1,0.5,4.44
5358,-0.85733,110.565207,1,0.5,4.44
5359,-0.85733,110.774065,1,0.5,3.31
5360,-0.85733,110.777434,1,0.5,3.31
5361,-0.85733,110.780802,1,0.5,3.31
5362,-0.85733,110.784171,1,0.5,3.31
5363,-0.85733,110.78754,1,0.5,3.86
5364,-0.85733,110.790908,1,0.5,3.86
5365,-0.85733,110.794277,1,0.5,3.86
5366,-0.85733,110.854913,1,0.5,7.67
5367,-0.85733,110.858282,1,0.5,7.67
5368,-0.85733,110.861651,1,0.5,7.67
5369,-0.860698,110.24855,1,1.0,9.68
5370,-0.860698,110.251919,1,1.0,9.68
5371,-0.860698,110.255288,1,1.0,9.68
5372,-0.860698,110.302449,1,0.5,5.85
5373,-0.860698,110.305818,1,0.5,5.85
5374,-0.860698,110.309187,1,0.5,5.85
5375,-0.860698,110.312555,2,0.5,5.85
5376,-0.860698,110.315924,1,0.5,3.48
5377,-0.860698,110.32603,1,1.0,13.34
5378,-0.860698,110.329399,1,1.0,13.34
5379,-0.860698,110.332768,1,1.0,13.34
5380,-0.860698,110.336136,1,0.5,10.76
5381,-0.860698,110.346242,1,0.5,1.87
5382,-0.860698,110.349611,1,0.5,1.87
5383,-0.860698,110.390035,1,0.5,19.51
5384,-0.860698,110.393404,1,0.5,19.51
5385,-0.860698,110.396773,1,0.5,19.51
5386,-0.860698,110.40351,2,0.5,15.7
5387,-0.860698,110.406879,2,0.5,15.7
5388,-0.860698,110.410247,2,0.5,15.7
5389,-0.860698,110.427091,1,0.5,63.81
5390,-0.860698,110.430459,1,0.5,63.81
5391,-0.860698,110.433828,1,0.5,63.81
5392,-0.860698,110.494464,1,0.5,5.48
5393,-0.860698,110.497833,2,0.5,5.48
5394,-0.860698,110.501202,2,0.5,5.48
5395,-0.860698,110.50457,2,0.5,12.32
5396,-0.860698,110.507939,2,0.5,12.32
5397,-0.860698,110.511308,2,0.5,12.32
5398,-0.860698,110.514676,3,0.5,12.32
5399,-0.860698,110.518045,1,0.5,5.43
5400,-0.860698,110.521414,2,0.5,6.36
5401,-0.860698,110.524782,3,0.5,8.53
5402,-0.860698,110.528151,2,0.5,11.98
5403,-0.860698,110.53152,2,0.5,11.98
5404,-0.860698,110.534888,1,0.5,8.31
5405,-0.860698,110.538257,1,0.5,8.31
5406,-0.860698,110.558469,1,0.5,4.44
5407,-0.860698,110.561838,1,0.5,4.44
5408,-0.860698,110.565207,1,0.5,4.44
5409,-0.860698,110.774065,1,0.5,3.31
5410,-0.860698,110.777434,1,0.5,3.31
5411,-0.860698,110.780802,1,0.5,3.31
5412,-0.860698,110.784171,1,0.5,3.31
5413,-0.860698,110.804383,1,0.5,4.74
5414,-0.860698,110.807752,1,0.5,4.74
5415,-0.860698,110.851545,1,0.5,3.44
5416,-0.860698,110.854913,2,0.5,7.67
5417,-0.860698,110.858282,2,0.5,7.67
5418,-0.860698,110.861651,1,0.5,7.67
5419,-0.864067,110.24855,1,1.0,9.68
5420,-0.864067,110.251919,1,1.0,9.68
5421,-0.864067,110.255288,1,1.0,9.68
5422,-0.864067,110.312555,1,0.5,3.48
5423,-0.864067,110.315924,1,0.5,3.48
5424,-0.864067,110.32603,1,1.0,13.34
5425,-0.864067,110.329399,1,1.0,13.34
5426,-0.864067,110.332768,1,1.0,13.34
5427,-0.864067,110.336136,1,0.5,10.76
5428,-0.864067,110.40351,1,0.5,4.88
5429,-0.864067,110.406879,1,0.5,4.88
5430,-0.864067,110.410247,1,0.5,4.88
5431,-0.864067,110.413616,1,0.5,7.49
5432,-0.864067,110.416985,1,0.5,7.49
5433,-0.864067,110.420353,1,0.5,7.49
5434,-0.864067,110.494464,1,0.5,5.48
5435,-0.864067,110.497833,1,0.5,5.48
5436,-0.864067,110.501202,1,0.5,5.48
5437,-0.864067,110.50457,1,0.5,12.32
5438,-0.864067,110.507939,2,0.5,12.32
5439,-0.864067,110.511308,2,0.5,12.32
5440,-0.864067,110.514676,1,0.5,4.62
5441,-0.864067,110.518045,1,0.5,5.43
5442,-0.864067,110.521414,2,0.5,6.36
5443,-0.864067,110.524782,2,0.5,8.53
5444,-0.864067,110.528151,1,0.5,11.98
5445,-0.864067,110.53152,1,0.5,11.98
5446,-0.864067,110.558469,1,0.5,5.73
5447,-0.864067,110.561838,2,0.5,7.13
5448,-0.864067,110.565207,2,0.5,7.13
5449,-0.864067,110.568575,1,0.5,7.13
5450,-0.864067,110.774065,1,0.5,3.31
5451,-0.864067,110.777434,1,0.5,3.31
5452,-0.864067,110.780802,1,0.5,3.31
5453,-0.864067,110.804383,1,0.5,4.74
5454,-0.864067,110.807752,2,0.5,5.07
5455,-0.864067,110.81112,1,0.5,5.07
5456,-0.864067,110.814489,1,0.5,5.07
5457,-0.864067,110.821226,1,0.5,25.19
5458,-0.864067,110.824595,1,0.5,25.19
5459,-0.864067,110.827964,1,0.5,25.19
5460,-0.864067,110.851545,1,0.5,3.44
5461,-0.864067,110.854913,2,0.5,7.67
5462,-0.864067,110.858282,2,0.5,7.67
5463,-0.864067,110.861651,1,0.5,7.67
5464,-0.864067,110.878494,1,0.5,5.67
5465,-0.864067,110.881863,1,0.5,5.67
5466,-0.864067,110.885231,1,0.5,5.67
5467,-0.867436,110.329399,1,0.5,10.76
5468,-0.867436,110.332768,1,0.5,10.76
5469,-0.867436,110.336136,1,0.5,10.76
5470,-0.867436,110.413616,1,0.5,7.49
5471,-0.867436,110.416985,1,0.5,7.49
5472,-0.867436,110.420353,1,0.5,7.49
5473,-0.867436,110.464146,1,0.5,38.15
5474,-0.867436,110.467515,1,0.5,38.15
5475,-0.867436,110.470884,1,0.5,38.15
5476,-0.867436,110.50457,1,0.5,12.32
5477,-0.867436,110.507939,2,0.5,12.32
5478,-0.867436,110.511308,2,0.5,12.32
5479,-0.867436,110.514676,1,0.5,4.62
5480,-0.867436,110.518045,2,0.5,7.32
5481,-0.867436,110.521414,3,0.5,8.53
5482,-0.867436,110.524782,3,0.5,8.53
5483,-0.867436,110.528151,1,0.5,11.98
5484,-0.867436,110.53152,1,0.5,11.98
5485,-0.867436,110.558469,1,0.5,5.73
5486,-0.867436,110.561838,2,0.5,7.13
5487,-0.867436,110.565207,2,0.5,7.13
5488,-0.867436,110.568575,1,0.5,7.13
5489,-0.867436,110.807752,2,0.5,26.84
5490,-0.867436,110.81112,2,0.5,26.84
5491,-0.867436,110.814489,2,0.5,26.84
5492,-0.867436,110.821226,1,0.5,25.19
5493,-0.867436,110.824595,1,0.5,25.19
5494,-0.867436,110.827964,1,0.5,25.19
5495,-0.867436,110.851545,1,0.5,3.44
5496,-0.867436,110.854913,2,0.5,9.18
5497,-0.867436,110.858282,2,0.5,9.18
5498,-0.867436,110.861651,1,0.5,9.18
5499,-0.867436,110.875125,1,0.5,9.17
5500,-0.867436,110.878494,1,0.5,9.17
5501,-0.867436,110.881863,1,0.5,9.17
5502,-0.867436,110.885231,1,0.5,9.17
5503,-0.870804,110.184546,1,0.5,8.47
5504,-0.870804,110.187914,1,0.5,8.47
5505,-0.870804,110.191283,1,0.5,8.47
5506,-0.870804,110.251919,1,0.5,4.7
5507,-0.870804,110.255288,2,0.5,4.7
5508,-0.870804,110.258657,2,0.5,4.7
5509,-0.870804,110.262025,1,0.5,3.18
5510,-0.870804,110.265394,1,0.5,3.33
5511,-0.870804,110.268763,1,0.5,3.33
5512,-0.870804,110.413616,1,0.5,7.49
5513,-0.870804,110.416985,2,0.5,7.49
5514,-0.870804,110.420353,2,0.5,7.49
5515,-0.870804,110.423722,1,0.5,6.28
5516,-0.870804,110.460777,1,0.5,13.61
5517,-0.870804,110.464146,1,0.5,38.15
5518,-0.870804,110.467515,1,0.5,38.15
5519,-0.870804,110.470884,1,0.5,38.15
5520,-0.870804,110.507939,1,0.5,4.62
5521,-0.870804,110.511308,1,0.5,4.62
5522,-0.870804,110.514676,1,0.5,4.62
5523,-0.870804,110.518045,2,0.5,7.32
5524,-0.870804,110.521414,2,0.5,7.32
5525,-0.870804,110.524782,1,0.5,7.32
5526,-0.870804,110.548363,1,0.5,4.07
5527,-0.870804,110.551732,1,0.5,4.07
5528,-0.870804,110.555101,1,0.5,4.07
5529,-0.870804,110.561838,1,0.5,3.45
5530,-0.870804,110.565207,1,0.5,3.45
5531,-0.870804,110.568575,1,0.5,3.45
5532,-0.870804,110.807752,2,0.5,26.84
5533,-0.870804,110.81112,2,0.5,26.84
5534,-0.870804,110.814489,2,0.5,26.84
5535,-0.870804,110.824595,1,0.5,5.54
5536,-0.870804,110.827964,1,0.5,5.54
5537,-0.870804,110.831333,1,0.5,5.54
5538,-0.870804,110.851545,1,0.5,9.23
5539,-0.870804,110.854913,1,0.5,9.23
5540,-0.870804,110.858282,1,0.5,9.23
5541,-0.870804,110.861651,1,0.5,9.18
5542,-0.870804,110.871757,1,0.5,2.63
5543,-0.870804,110.875125,1,0.5,9.17
5544,-0.870804,110.878494,1,0.5,9.17
5545,-0.870804,110.881863,1,0.5,9.17
5546,-0.870804,110.885231,1,0.5,9.17
5547,-0.870804,110.8886,1,0.5,8.08
5548,-0.874173,110.184546,1,0.5,8.47
5549,-0.874173,110.187914,1,0.5,8.47
5550,-0.874173,110.191283,1,0.5,8.47
5551,-0.874173,110.251919,1,0.5,4.7
5552,-0.874173,110.255288,2,0.5,4.7
5553,-0.874173,110.258657,2,0.5,4.7
5554,-0.874173,110.262025,1,0.5,3.18
5555,-0.874173,110.265394,1,0.5,3.33
5556,-0.874173,110.268763,1,0.5,3.33
5557,-0.874173,110.416985,1,0.5,6.28
5558,-0.874173,110.420353,1,0.5,6.28
5559,-0.874173,110.423722,1,0.5,6.28
5560,-0.874173,110.460777,1,0.5,13.61
5561,-0.874173,110.464146,1,0.5,38.15
5562,-0.874173,110.467515,1,0.5,38.15
5563,-0.874173,110.470884,1,0.5,38.15
5564,-0.874173,110.518045,1,0.5,7.32
5565,-0.874173,110.521414,1,0.5,7.32
5566,-0.874173,110.524782,1,0.5,7.32
5567,-0.874173,110.541626,1,0.5,2.64
5568,-0.874173,110.544995,1,0.5,2.64
5569,-0.874173,110.548363,1,0.5,4.07
5570,-0.874173,110.551732,1,0.5,4.07
5571,-0.874173,110.555101,1,0.5,4.07
5572,-0.874173,110.807752,1,0.5,26.84
5573,-0.874173,110.81112,1,0.5,26.84
5574,-0.874173,110.814489,1,0.5,26.84
5575,-0.874173,110.824595,1,0.5,5.54
5576,-0.874173,110.827964,1,0.5,5.54
5577,-0.874173,110.831333,1,0.5,5.54
5578,-0.874173,110.844807,1,0.5,17.59
5579,-0.874173,110.848176,1,0.5,17.59
5580,-0.874173,110.851545,1,0.5,9.23
5581,-0.874173,110.854913,1,0.5,9.23
5582,-0.874173,110.858282,1,0.5,9.23
5583,-0.874173,110.861651,1,0.5,9.18
5584,-0.874173,110.871757,1,0.5,2.63
5585,-0.874173,110.875125,1,0.5,9.17
5586,-0.874173,110.878494,1,0.5,9.17
5587,-0.874173,110.881863,1,0.5,9.17
5588,-0.874173,110.885231,1,0.5,9.17
5589,-0.874173,110.8886,1,0.5,8.08
5590,-0.877542,110.255288,1,0.5,3.18
5591,-0.877542,110.258657,1,0.5,3.18
5592,-0.877542,110.262025,1,0.5,3.18
5593,-0.877542,110.265394,1,0.5,3.33
5594,-0.877542,110.268763,1,0.5,3.33
5595,-0.877542,110.336136,1,0.5,5.82
5596,-0.877542,110.339505,1,0.5,5.82
5597,-0.877542,110.342874,1,0.5,5.82
5598,-0.877542,110.416985,1,0.5,6.28
5599,-0.877542,110.420353,1,0.5,6.28
5600,-0.877542,110.423722,1,0.5,6.28
5601,-0.877542,110.518045,1,0.5,7.32
5602,-0.877542,110.521414,1,0.5,7.32
5603,-0.877542,110.524782,1,0.5,7.32
5604,-0.877542,110.541626,1,0.5,2.64
5605,-0.877542,110.544995,1,0.5,2.64
5606,-0.877542,110.548363,1,0.5,4.07
5607,-0.877542,110.551732,1,0.5,4.07
5608,-0.877542,110.555101,1,0.5,4.07
5609,-0.877542,110.639318,1,0.5,10.18
5610,-0.877542,110.642686,1,0.5,10.18
5611,-0.877542,110.801014,1,0.5,2.0
5612,-0.877542,110.804383,1,0.5,2.0
5613,-0.877542,110.807752,1,0.5,9.08
5614,-0.877542,110.81112,1,0.5,9.08
5615,-0.877542,110.814489,1,0.5,9.08
5616,-0.877542,110.844807,1,0.5,17.59
5617,-0.877542,110.848176,1,0.5,17.59
5618,-0.877542,110.851545,1,0.5,9.23
5619,-0.877542,110.854913,1,0.5,9.23
5620,-0.877542,110.858282,1,0.5,9.23
5621,-0.877542,110.871757,1,0.5,2.63
5622,-0.877542,110.875125,1,0.5,9.17
5623,-0.877542,110.878494,1,0.5,9.17
5624,-0.877542,110.881863,1,0.5,9.17
5625,-0.88091,110.167702,1,0.5,3.37
5626,-0.88091,110.255288,1,0.5,3.18
5627,-0.88091,110.258657,1,0.5,3.18
5628,-0.88091,110.262025,1,0.5,3.18
5629,-0.88091,110.336136,1,0.5,5.82
5630,-0.88091,110.339505,1,0.5,5.82
5631,-0.88091,110.342874,1,0.5,5.82
5632,-0.88091,110.497833,1,0.5,13.48
5633,-0.88091,110.501202,1,0.5,13.48
5634,-0.88091,110.507939,2,0.5,8.29
5635,-0.88091,110.511308,2,0.5,9.26
5636,-0.88091,110.514676,2,0.5,9.26
5637,-0.88091,110.518045,1,0.5,9.26
5638,-0.88091,110.521414,1,0.5,9.26
5639,-0.88091,110.541626,1,0.5,2.64
5640,-0.88091,110.544995,1,0.5,2.64
5641,-0.88091,110.548363,1,0.5,2.64
5642,-0.88091,110.639318,1,0.5,10.18
5643,-0.88091,110.642686,1,0.5,10.18
5644,-0.88091,110.801014,1,0.5,2.0
5645,-0.88091,110.804383,1,0.5,2.0
5646,-0.88091,110.844807,1,0.5,17.59
5647,-0.88091,110.848176,1,0.5,17.59
5648,-0.88091,110.851545,1,0.5,17.59
5649,-0.88091,110.854913,1,0.5,9.23
5650,-0.88091,110.858282,1,0.5,9.23
5651,-0.884279,110.164333,1,0.5,3.37
5652,-0.884279,110.167702,1,0.5,3.37
5653,-0.884279,110.45404,1,0.5,41.37
5654,-0.884279,110.457409,1,0.5,41.37
5655,-0.884279,110.460777,1,0.5,41.37
5656,-0.884279,110.497833,1,0.5,13.48
5657,-0.884279,110.501202,1,0.5,13.48
5658,-0.884279,110.50457,1,0.5,6.43
5659,-0.884279,110.507939,2,0.5,8.29
5660,-0.884279,110.511308,2,0.5,9.29
5661,-0.884279,110.514676,2,0.5,9.29
5662,-0.884279,110.518045,1,0.5,9.29
5663,-0.884279,110.521414,1,0.5,9.29
5664,-0.884279,110.528151,1,0.5,11.34
5665,-0.884279,110.53152,1,0.5,11.34
5666,-0.884279,110.534888,1,0.5,11.34
5667,-0.884279,110.639318,1,0.5,10.18
5668,-0.884279,110.642686,1,0.5,10.18
5669,-0.884279,110.797646,1,0.5,2.85
5670,-0.884279,110.801014,2,0.5,2.85
5671,-0.884279,110.804383,1,0.5,2.0
5672,-0.884279,110.875125,1,0.5,2.88
5673,-0.884279,110.878494,1,0.5,2.88
5674,-0.884279,110.881863,1,0.5,2.88
5675,-0.884279,110.8886,1,0.5,2.63
5676,-0.884279,110.891969,1,0.5,2.63
5677,-0.884279,110.895337,1,0.5,2.63
5678,-0.887648,110.164333,1,0.5,3.37
5679,-0.887648,110.167702,1,0.5,3.37
5680,-0.887648,110.45404,1,0.5,41.37
5681,-0.887648,110.457409,1,0.5,41.37
5682,-0.887648,110.460777,1,0.5,41.37
5683,-0.887648,110.497833,1,0.5,13.48
5684,-0.887648,110.501202,1,0.5,13.48
5685,-0.887648,110.50457,1,0.5,6.43
5686,-0.887648,110.507939,2,0.5,6.76
5687,-0.887648,110.511308,2,0.5,9.29
5688,-0.887648,110.514676,1,0.5,9.29
5689,-0.887648,110.518045,1,0.5,9.29
5690,-0.887648,110.521414,1,0.5,9.29
5691,-0.887648,110.524782,1,0.5,12.53
5692,-0.887648,110.528151,1,0.5,12.53
5693,-0.887648,110.53152,1,0.5,12.53
5694,-0.887648,110.534888,1,0.5,11.34
5695,-0.887648,110.797646,1,0.5,2.85
5696,-0.887648,110.801014,1,0.5,2.85
5697,-0.887648,110.827964,1,0.5,9.18
5698,-0.887648,110.831333,1,0.5,9.18
5699,-0.887648,110.834701,1,0.5,9.18
5700,-0.887648,110.875125,1,0.5,2.88
5701,-0.887648,110.878494,1,0.5,2.88
5702,-0.887648,110.881863,1,0.5,2.88
5703,-0.887648,110.8886,1,0.5,2.63
5704,-0.887648,110.891969,1,0.5,2.63
5705,-0.887648,110.895337,1,0.5,2.63
5706,-0.891016,110.45404,1,0.5,46.12
5707,-0.891016,110.457409,1,0.5,46.12
5708,-0.891016,110.50457,1,0.5,6.43
5709,-0.891016,110.507939,1,0.5,6.43
5710,-0.891016,110.511308,2,0.5,9.29
5711,-0.891016,110.514676,1,0.5,9.29
5712,-0.891016,110.518045,1,0.5,9.29
5713,-0.891016,110.521414,1,0.5,9.29
5714,-0.891016,110.524782,1,0.5,12.53
5715,-0.891016,110.528151,1,0.5,12.53
5716,-0.891016,110.53152,1,0.5,12.53
5717,-0.891016,110.534888,1,0.5,11.34
5718,-0.891016,110.814489,1,0.5,7.17
5719,-0.891016,110.817858,1,0.5,7.17
5720,-0.891016,110.821226,1,0.5,7.17
5721,-0.891016,110.827964,1,0.5,9.18
5722,-0.891016,110.831333,1,0.5,9.18
5723,-0.891016,110.834701,1,0.5,9.18
5724,-0.891016,110.8886,1,0.5,2.63
5725,-0.891016,110.891969,1,0.5,2.63
5726,-0.891016,110.895337,1,0.5,2.63
5727,-0.894385,110.45404,1,0.5,46.12
5728,-0.894385,110.457409,1,0.5,46.12
5729,-0.894385,110.494464,1,0.5,79.97
5730,-0.894385,110.497833,1,0.5,8.51
5731,-0.894385,110.501202,1,0.5,8.51
5732,-0.894385,110.524782,2,0.75,18.98
5733,-0.894385,110.528151,2,0.75,18.98
5734,-0.894385,110.53152,2,0.75,18.98
5735,-0.894385,110.814489,1,0.5,7.17
5736,-0.894385,110.817858,1,0.5,7.17
5737,-0.894385,110.821226,1,0.5,7.17
5738,-0.894385,110.827964,1,0.5,9.18
5739,-0.894385,110.831333,1,0.5,9.18
5740,-0.894385,110.834701,1,0.5,9.18
5741,-0.897754,110.45404,1,0.5,46.12
5742,-0.897754,110.457409,1,0.5,46.12
5743,-0.897754,110.494464,1,0.5,79.97
5744,-0.897754,110.497833,2,0.5,8.51
5745,-0.897754,110.501202,2,0.5,8.51
5746,-0.897754,110.50457,2,0.5,4.97
5747,-0.897754,110.507939,1,0.5,4.97
5748,-0.897754,110.511308,1,0.5,4.97
5749,-0.897754,110.524782,2,0.75,18.98
5750,-0.897754,110.528151,2,0.75,18.98
5751,-0.897754,110.53152,2,0.75,18.98
5752,-0.897754,110.814489,1,0.5,7.17
5753,-0.897754,110.817858,1,0.5,7.17
5754,-0.897754,110.821226,1,0.5,7.17
5755,-0.897754,110.827964,1,0.5,9.18
5756,-0.897754,110.831333,1,0.5,9.18
5757,-0.897754,110.834701,1,0.5,9.18
5758,-0.901123,110.497833,1,0.5,4.72
5759,-0.901123,110.501202,1,0.5,4.72
5760,-0.901123,110.50457,2,0.5,4.97
5761,-0.901123,110.507939,1,0.5,4.97
5762,-0.901123,110.511308,1,0.5,4.97
5763,-0.901123,110.514676,1,0.5,9.33
5764,-0.901123,110.524782,1,1.0,18.98
5765,-0.901123,110.528151,1,1.0,18.98
5766,-0.901123,110.53152,1,1.0,18.98
5767,-0.901123,110.78754,1,0.5,4.6
5768,-0.901123,110.790908,1,0.5,4.6
5769,-0.901123,110.794277,1,0.5,4.6
5770,-0.901123,110.831333,1,0.5,16.6
5771,-0.901123,110.834701,1,0.5,16.6
5772,-0.904491,110.235076,1,0.5,5.64
5773,-0.904491,110.238444,1,0.5,5.64
5774,-0.904491,110.241813,1,0.5,5.64
5775,-0.904491,110.497833,1,0.5,4.72
5776,-0.904491,110.501202,1,0.5,4.72
5777,-0.904491,110.50457,2,0.5,4.97
5778,-0.904491,110.507939,1,0.5,4.97
5779,-0.904491,110.511308,2,0.5,4.97
5780,-0.904491,110.514676,3,0.5,20.58
5781,-0.904491,110.518045,1,0.5,20.58
5782,-0.904491,110.521414,1,0.5,20.58
5783,-0.904491,110.524782,1,1.0,18.98
5784,-0.904491,110.528151,1,1.0,18.98
5785,-0.904491,110.53152,1,1.0,18.98
5786,-0.904491,110.78754,1,0.5,4.6
5787,-0.904491,110.790908,1,0.5,4.6
5788,-0.904491,110.794277,1,0.5,4.6
5789,-0.904491,110.831333,1,0.5,16.6
5790,-0.904491,110.834701,1,0.5,16.6
5791,-0.90786,110.235076,1,0.5,5.64
5792,-0.90786,110.238444,1,0.5,5.64
5793,-0.90786,110.241813,1,0.5,5.64
5794,-0.90786,110.420353,1,0.5,24.49
5795,-0.90786,110.423722,1,0.5,24.49
5796,-0.90786,110.427091,1,0.5,24.49
5797,-0.90786,110.491096,1,0.5,3.42
5798,-0.90786,110.494464,1,0.5,3.42
5799,-0.90786,110.497833,1,0.5,3.42
5800,-0.90786,110.507939,1,0.5,4.97
5801,-0.90786,110.511308,2,0.5,4.97
5802,-0.90786,110.514676,2,0.5,20.58
5803,-0.90786,110.518045,1,0.5,20.58
5804,-0.90786,110.521414,1,0.5,20.58
5805,-0.90786,110.53152,1,0.5,8.92
5806,-0.90786,110.534888,1,0.5,8.92
5807,-0.90786,110.571944,1,0.5,9.63
5808,-0.90786,110.575313,1,0.5,9.63
5809,-0.90786,110.578681,1,0.5,9.63
5810,-0.90786,110.784171,1,0.5,5.59
5811,-0.90786,110.78754,1,0.5,5.59
5812,-0.90786,110.790908,1,0.5,5.59
5813,-0.90786,110.794277,1,0.5,4.6
5814,-0.90786,110.831333,1,0.5,16.6
5815,-0.90786,110.834701,1,0.5,16.6
5816,-0.911229,110.235076,1,0.5,5.64
5817,-0.911229,110.238444,1,0.5,5.64
5818,-0.911229,110.241813,1,0.5,5.64
5819,-0.911229,110.420353,1,0.5,24.49
5820,-0.911229,110.423722,1,0.5,24.49
5821,-0.911229,110.427091,1,0.5,24.49
5822,-0.911229,110.491096,1,0.5,3.42
5823,-0.911229,110.494464,1,0.5,3.42
5824,-0.911229,110.497833,1,0.5,3.42
5825,-0.911229,110.511308,1,0.5,4.43
5826,-0.911229,110.514676,2,0.5,20.58
5827,-0.911229,110.518045,1,0.5,20.58
5828,-0.911229,110.521414,1,0.5,20.58
5829,-0.911229,110.53152,1,0.5,8.92
5830,-0.911229,110.534888,1,0.5,8.92
5831,-0.911229,110.571944,1,0.5,9.63
5832,-0.911229,110.575313,1,0.5,9.63
5833,-0.911229,110.578681,1,0.5,9.63
5834,-0.911229,110.784171,1,0.5,5.59
5835,-0.911229,110.78754,1,0.5,5.59
5836,-0.911229,110.790908,1,0.5,5.59
5837,-0.914597,110.420353,1,0.5,24.49
5838,-0.914597,110.423722,1,0.5,24.49
5839,-0.914597,110.427091,1,0.5,24.49
5840,-0.914597,110.491096,1,0.5,3.42
5841,-0.914597,110.494464,1,0.5,3.42
5842,-0.914597,110.497833,1,0.5,3.42
5843,-0.914597,110.514676,1,0.5,20.58
5844,-0.914597,110.518045,2,0.5,20.58
5845,-0.914597,110.521414,2,0.5,20.58
5846,-0.914597,110.524782,2,0.5,7.99
5847,-0.914597,110.53152,1,0.5,8.92
5848,-0.914597,110.534888,1,0.5,8.92
5849,-0.914597,110.561838,1,0.5,4.03
5850,-0.914597,110.565207,1,0.5,4.03
5851,-0.914597,110.568575,1,0.5,4.03
5852,-0.914597,110.571944,1,0.5,9.63
5853,-0.914597,110.575313,1,0.5,9.63
5854,-0.914597,110.578681,1,0.5,9.63
5855,-0.914597,110.763959,1,0.5,4.77
5856,-0.914597,110.767328,1,0.5,4.77
5857,-0.914597,110.770696,1,0.5,4.77
5858,-0.914597,110.780802,1,0.5,16.67
5859,-0.914597,110.784171,1,0.5,16.67
5860,-0.914597,110.78754,1,0.5,16.67
5861,-0.914597,110.790908,1,0.5,16.67
5862,-0.917966,110.265394,2,0.5,10.54
5863,-0.917966,110.268763,2,0.75,19.7
5864,-0.917966,110.272131,1,1.0,19.7
5865,-0.917966,110.2755,1,1.0,19.7
5866,-0.917966,110.48099,1,0.5,1.48
5867,-0.917966,110.484358,1,0.5,1.48
5868,-0.917966,110.487727,1,0.5,1.48
5869,-0.917966,110.514676,1,0.5,7.99
5870,-0.917966,110.518045,2,0.5,7.99
5871,-0.917966,110.521414,2,0.5,7.99
5872,-0.917966,110.524782,2,0.5,7.99
5873,-0.917966,110.528151,1,0.5,3.46
5874,-0.917966,110.53152,1,0.5,3.46
5875,-0.917966,110.534888,2,0.5,48.49
5876,-0.917966,110.538257,1,0.5,48.49
5877,-0.917966,110.541626,1,0.5,48.49
5878,-0.917966,110.561838,1,0.5,4.03
5879,-0.917966,110.565207,1,0.5,4.03
5880,-0.917966,110.568575,1,0.5,4.03
5881,-0.917966,110.763959,1,0.5,4.77
5882,-0.917966,110.767328,1,0.5,4.77
5883,-0.917966,110.770696,1,0.5,4.77
5884,-0.917966,110.780802,1,0.5,16.67
5885,-0.917966,110.784171,1,0.5,16.67
5886,-0.917966,110.78754,1,0.5,16.67
5887,-0.917966,110.790908,1,0.5,16.67
5888,-0.921335,110.265394,2,0.5,10.54
5889,-0.921335,110.268763,2,0.75,19.7
5890,-0.921335,110.272131,1,1.0,19.7
5891,-0.921335,110.2755,1,1.0,19.7
5892,-0.921335,110.48099,1,0.5,1.48
5893,-0.921335,110.484358,1,0.5,1.48
5894,-0.921335,110.487727,1,0.5,1.48
5895,-0.921335,110.514676,1,0.5,7.99
5896,-0.921335,110.518045,2,0.5,7.99
5897,-0.921335,110.521414,2,0.5,7.99
5898,-0.921335,110.524782,2,0.5,7.99
5899,-0.921335,110.528151,1,0.5,51.92
5900,-0.921335,110.53152,2,0.5,48.49
5901,-0.921335,110.534888,2,0.5,48.49
5902,-0.921335,110.538257,1,0.5,48.49
5903,-0.921335,110.541626,1,0.5,48.49
5904,-0.921335,110.561838,1,0.5,4.03
5905,-0.921335,110.565207,1,0.5,4.03
5906,-0.921335,110.568575,1,0.5,4.03
5907,-0.921335,110.763959,1,0.5,4.77
5908,-0.921335,110.767328,1,0.5,4.77
5909,-0.921335,110.770696,1,0.5,4.77
5910,-0.921335,110.780802,1,0.5,16.67
5911,-0.921335,110.784171,1,0.5,16.67
5912,-0.921335,110.78754,1,0.5,16.67
5913,-0.921335,110.790908,1,0.5,16.67
5914,-0.924703,110.265394,2,0.5,10.54
5915,-0.924703,110.268763,2,0.75,19.7
5916,-0.924703,110.272131,1,1.0,19.7
5917,-0.924703,110.2755,1,1.0,19.7
5918,-0.924703,110.410247,1,0.5,2.41
5919,-0.924703,110.413616,1,0.5,2.41
5920,-0.924703,110.416985,1,0.5,2.41
5921,-0.924703,110.450671,1,0.5,9.12
5922,-0.924703,110.45404,1,0.5,9.12
5923,-0.924703,110.474252,2,0.5,13.18
5924,-0.924703,110.477621,2,0.5,13.62
5925,-0.924703,110.48099,2,0.5,13.62
5926,-0.924703,110.484358,1,0.5,13.62
5927,-0.924703,110.491096,1,0.5,16.99
5928,-0.924703,110.494464,1,0.5,16.99
5929,-0.924703,110.497833,2,0.5,16.99
5930,-0.924703,110.501202,1,0.5,8.95
5931,-0.924703,110.50457,1,0.5,8.95
5932,-0.924703,110.507939,1,0.5,13.8
5933,-0.924703,110.511308,1,0.5,13.8
5934,-0.924703,110.528151,1,0.5,51.92
5935,-0.924703,110.53152,2,0.5,48.49
5936,-0.924703,110.534888,2,0.5,48.49
5937,-0.924703,110.538257,1,0.5,48.49
5938,-0.924703,110.541626,1,0.5,48.49
5939,-0.924703,110.763959,1,0.5,4.77
5940,-0.924703,110.767328,1,0.5,4.77
5941,-0.924703,110.770696,1,0.5,4.77
5942,-0.924703,110.78754,1,0.5,16.67
5943,-0.924703,110.790908,1,0.5,16.67
5944,-0.928072,110.265394,1,0.5,10.54
5945,-0.928072,110.268763,1,0.5,10.54
5946,-0.928072,110.272131,1,0.5,10.54
5947,-0.928072,110.410247,1,0.5,2.41
5948,-0.928072,110.413616,1,0.5,2.41
5949,-0.928072,110.416985,1,0.5,2.41
5950,-0.928072,110.450671,1,0.5,9.12
5951,-0.928072,110.45404,1,0.5,9.12
5952,-0.928072,110.467515,1,0.5,4.77
5953,-0.928072,110.470884,1,0.5,4.77
5954,-0.928072,110.474252,4,0.5,13.18
5955,-0.928072,110.477621,3,0.5,13.62
5956,-0.928072,110.48099,2,0.5,13.62
5957,-0.928072,110.484358,1,0.5,13.62
5958,-0.928072,110.491096,1,0.5,16.99
5959,-0.928072,110.494464,1,0.5,16.99
5960,-0.928072,110.497833,2,0.5,16.99
5961,-0.928072,110.501202,1,0.5,8.95
5962,-0.928072,110.50457,1,0.5,8.95
5963,-0.928072,110.507939,1,0.5,13.8
5964,-0.928072,110.511308,1,0.5,13.8
5965,-0.928072,110.541626,1,0.5,6.4
5966,-0.928072,110.544995,1,0.5,6.4
5967,-0.928072,110.565207,1,0.5,3.5
5968,-0.928072,110.568575,2,0.5,7.57
5969,-0.928072,110.571944,2,0.5,7.57
5970,-0.928072,110.575313,2,0.5,7.57
5971,-0.928072,110.578681,1,0.5,5.78
5972,-0.928072,110.58205,1,0.5,5.78
5973,-0.931441,110.295712,1,0.5,39.09
5974,-0.931441,110.299081,1,0.5,39.09
5975,-0.931441,110.302449,1,0.5,39.09
5976,-0.931441,110.305818,1,0.5,39.09
5977,-0.931441,110.410247,1,0.5,2.41
5978,-0.931441,110.413616,1,0.5,2.41
5979,-0.931441,110.416985,1,0.5,2.41
5980,-0.931441,110.467515,1,0.5,4.77
5981,-0.931441,110.470884,1,0.5,4.77
5982,-0.931441,110.474252,4,0.5,13.18
5983,-0.931441,110.477621,3,0.5,13.62
5984,-0.931441,110.48099,2,0.5,13.62
5985,-0.931441,110.484358,1,0.5,13.62
5986,-0.931441,110.487727,1,0.5,16.95
5987,-0.931441,110.491096,1,0.5,16.99
5988,-0.931441,110.494464,1,0.5,16.99
5989,-0.931441,110.497833,2,0.5,16.99
5990,-0.931441,110.501202,1,0.5,8.95
5991,-0.931441,110.50457,1,0.5,8.95
5992,-0.931441,110.507939,1,0.5,13.8
5993,-0.931441,110.511308,1,0.5,13.8
5994,-0.931441,110.541626,1,0.5,5.19
5995,-0.931441,110.544995,1,0.5,5.19
5996,-0.931441,110.565207,1,0.5,3.5
5997,-0.931441,110.568575,2,0.5,7.57
5998,-0.931441,110.571944,2,0.5,7.57
5999,-0.931441,110.575313,2,0.5,7.57
6000,-0.931441,110.578681,1,0.5,5.78
6001,-0.931441,110.58205,1,0.5,5.78
6002,-0.934809,110.295712,1,0.5,39.09
6003,-0.934809,110.299081,1,0.5,39.09
6004,-0.934809,110.302449,1,0.5,39.09
6005,-0.934809,110.305818,1,0.5,39.09
6006,-0.934809,110.467515,1,0.5,4.77
6007,-0.934809,110.470884,1,0.5,4.77
6008,-0.934809,110.474252,2,0.5,5.43
6009,-0.934809,110.477621,1,0.5,5.43
6010,-0.934809,110.487727,1,0.5,16.95
6011,-0.934809,110.491096,1,0.5,16.95
6012,-0.934809,110.494464,1,0.5,16.95
6013,-0.934809,110.518045,1,0.5,19.1
6014,-0.934809,110.521414,1,0.5,26.25
6015,-0.934809,110.524782,1,0.5,26.25
6016,-0.934809,110.528151,1,0.5,26.25
6017,-0.934809,110.534888,1,0.5,6.03
6018,-0.934809,110.538257,1,0.5,6.03
6019,-0.934809,110.541626,1,0.5,6.4
6020,-0.934809,110.544995,1,0.5,6.4
6021,-0.934809,110.568575,2,0.5,7.57
6022,-0.934809,110.571944,2,0.5,7.57
6023,-0.934809,110.575313,2,0.5,7.57
6024,-0.934809,110.578681,1,0.5,5.78
6025,-0.934809,110.58205,1,0.5,5.78
6026,-0.938178,110.295712,1,0.5,39.09
6027,-0.938178,110.299081,1,0.5,39.09
6028,-0.938178,110.302449,1,0.5,39.09
6029,-0.938178,110.305818,1,0.5,39.09
6030,-0.938178,110.450671,1,0.5,6.5
6031,-0.938178,110.45404,1,0.5,6.5
6032,-0.938178,110.457409,1,0.5,6.5
6033,-0.938178,110.467515,1,0.5,2.1
6034,-0.938178,110.470884,1,0.5,2.1
6035,-0.938178,110.474252,1,0.5,2.1
6036,-0.938178,110.484358,1,0.5,10.27
6037,-0.938178,110.487727,1,0.5,10.27
6038,-0.938178,110.491096,1,0.5,10.27
6039,-0.938178,110.494464,1,0.5,10.27
6040,-0.938178,110.497833,1,0.5,10.27
6041,-0.938178,110.501202,1,0.5,3.47
6042,-0.938178,110.50457,1,0.5,3.47
6043,-0.938178,110.518045,1,0.5,19.1
6044,-0.938178,110.521414,1,0.5,26.25
6045,-0.938178,110.524782,1,0.5,26.25
6046,-0.938178,110.528151,1,0.5,26.25
6047,-0.938178,110.53152,1,0.5,9.02
6048,-0.938178,110.534888,1,0.5,6.03
6049,-0.938178,110.538257,1,0.5,6.03
6050,-0.938178,110.541626,1,0.5,6.4
6051,-0.938178,110.544995,1,0.5,6.4
6052,-0.938178,110.568575,2,0.5,7.57
6053,-0.938178,110.571944,2,0.5,7.57
6054,-0.938178,110.575313,1,0.5,7.57
6055,-0.938178,110.578681,1,0.5,5.78
6056,-0.938178,110.58205,1,0.5,5.78
6057,-0.938178,110.794277,1,0.5,4.96
6058,-0.938178,110.797646,1,0.5,4.96
6059,-0.938178,110.801014,1,0.5,4.96
6060,-0.941547,110.295712,1,0.5,39.09
6061,-0.941547,110.299081,1,0.5,39.09
6062,-0.941547,110.302449,1,0.5,39.09
6063,-0.941547,110.305818,1,0.5,39.09
6064,-0.941547,110.416985,1,0.5,5.32
6065,-0.941547,110.420353,1,0.5,5.32
6066,-0.941547,110.423722,1,0.5,5.32
6067,-0.941547,110.450671,1,0.5,6.5
6068,-0.941547,110.45404,1,0.5,6.5
6069,-0.941547,110.457409,1,0.5,6.5
6070,-0.941547,110.467515,1,0.5,2.1
6071,-0.941547,110.470884,1,0.5,2.1
6072,-0.941547,110.474252,1,0.5,2.1
6073,-0.941547,110.484358,1,0.5,10.27
6074,-0.941547,110.487727,1,0.5,10.27
6075,-0.941547,110.491096,1,0.5,10.27
6076,-0.941547,110.494464,1,0.5,10.27
6077,-0.941547,110.497833,1,0.5,10.27
6078,-0.941547,110.501202,1,0.5,3.47
6079,-0.941547,110.50457,1,0.5,3.47
6080,-0.941547,110.518045,1,0.5,19.1
6081,-0.941547,110.521414,1,0.5,19.1
6082,-0.941547,110.524782,1,0.5,9.02
6083,-0.941547,110.528151,1,0.5,9.02
6084,-0.941547,110.53152,1,0.5,9.02
6085,-0.941547,110.534888,1,0.5,6.03
6086,-0.941547,110.538257,1,0.5,13.29
6087,-0.941547,110.541626,1,0.5,13.29
6088,-0.941547,110.544995,1,0.5,13.29
6089,-0.941547,110.568575,1,0.5,4.5
6090,-0.941547,110.571944,1,0.5,4.5
6091,-0.941547,110.740378,1,0.5,19.23
6092,-0.941547,110.743747,1,0.5,19.23
6093,-0.941547,110.747115,1,0.5,19.23
6094,-0.941547,110.78754,1,0.5,3.96
6095,-0.941547,110.790908,1,0.5,3.96
6096,-0.941547,110.794277,1,0.5,3.96
6097,-0.941547,110.797646,1,0.5,4.96
6098,-0.941547,110.801014,1,0.5,4.96
6099,-0.944915,110.295712,1,0.5,39.09
6100,-0.944915,110.299081,1,0.5,39.09
6101,-0.944915,110.302449,1,0.5,39.09
6102,-0.944915,110.305818,1,0.5,39.09
6103,-0.944915,110.416985,1,0.5,5.32
6104,-0.944915,110.420353,1,0.5,5.32
6105,-0.944915,110.423722,1,0.5,5.32
6106,-0.944915,110.450671,1,0.5,6.5
6107,-0.944915,110.45404,1,0.5,6.5
6108,-0.944915,110.457409,1,0.5,6.5
6109,-0.944915,110.467515,1,0.5,2.1
6110,-0.944915,110.470884,1,0.5,2.1
6111,-0.944915,110.474252,1,0.5,2.1
6112,-0.944915,110.484358,1,0.5,10.27
6113,-0.944915,110.487727,1,0.5,10.27
6114,-0.944915,110.491096,1,0.5,10.27
6115,-0.944915,110.494464,1,0.5,10.27
6116,-0.944915,110.497833,1,0.5,10.27
6117,-0.944915,110.501202,1,0.5,3.47
6118,-0.944915,110.50457,1,0.5,3.47
6119,-0.944915,110.507939,1,0.5,3.47
6120,-0.944915,110.521414,1,0.5,19.1
6121,-0.944915,110.524782,1,0.5,19.1
6122,-0.944915,110.528151,1,0.5,9.02
6123,-0.944915,110.53152,1,0.5,9.02
6124,-0.944915,110.534888,1,0.5,9.02
6125,-0.944915,110.538257,1,0.5,6.03
6126,-0.944915,110.541626,1,0.5,13.29
6127,-0.944915,110.544995,1,0.5,13.29
6128,-0.944915,110.548363,1,0.5,13.29
6129,-0.944915,110.571944,1,0.5,4.5
6130,-0.944915,110.575313,1,0.5,4.5
6131,-0.944915,110.740378,1,0.5,19.23
6132,-0.944915,110.743747,1,0.5,19.23
6133,-0.944915,110.747115,1,0.5,19.23
6134,-0.944915,110.78754,1,0.5,3.96
6135,-0.944915,110.790908,1,0.5,3.96
6136,-0.944915,110.794277,1,0.5,3.96
6137,-0.944915,110.797646,1,0.5,4.96
6138,-0.944915,110.801014,1,0.5,4.96
6139,-0.948284,110.258657,1,0.5,11.22
6140,-0.948284,110.262025,1,0.5,11.22
6141,-0.948284,110.265394,1,0.5,11.22
6142,-0.948284,110.416985,1,0.5,5.32
6143,-0.948284,110.420353,1,0.5,5.32
6144,-0.948284,110.423722,1,0.5,5.32
6145,-0.948284,110.427091,1,0.5,5.32
6146,-0.948284,110.487727,1,0.5,10.27
6147,-0.948284,110.491096,1,0.5,10.27
6148,-0.948284,110.494464,2,0.5,13.1
6149,-0.948284,110.497833,2,0.5,13.1
6150,-0.948284,110.501202,2,0.5,13.1
6151,-0.948284,110.50457,1,0.5,3.47
6152,-0.948284,110.507939,1,0.5,3.47
6153,-0.948284,110.518045,1,0.5,39.56
6154,-0.948284,110.521414,1,0.5,39.56
6155,-0.948284,110.524782,1,0.5,39.56
6156,-0.948284,110.528151,1,0.5,9.02
6157,-0.948284,110.53152,1,0.5,9.02
6158,-0.948284,110.534888,1,0.5,9.02
6159,-0.948284,110.541626,1,0.5,13.29
6160,-0.948284,110.544995,1,0.5,13.29
6161,-0.948284,110.548363,1,0.5,13.29
6162,-0.948284,110.740378,1,0.5,19.23
6163,-0.948284,110.743747,1,0.5,19.23
6164,-0.948284,110.747115,1,0.5,19.23
6165,-0.948284,110.78754,1,0.5,3.96
6166,-0.948284,110.790908,1,0.5,3.96
6167,-0.948284,110.794277,1,0.5,3.96
6168,-0.948284,110.797646,1,0.5,4.96
6169,-0.948284,110.801014,1,0.5,4.96
6170,-0.951653,110.258657,1,0.5,11.22
6171,-0.951653,110.262025,1,0.5,11.22
6172,-0.951653,110.265394,1,0.5,11.22
6173,-0.951653,110.346242,1,0.5,14.67
6174,-0.951653,110.349611,1,0.5,14.67
6175,-0.951653,110.420353,1,0.5,5.32
6176,-0.951653,110.423722,1,0.5,5.32
6177,-0.951653,110.427091,1,0.5,5.32
6178,-0.951653,110.460777,1,0.5,10.17
6179,-0.951653,110.464146,1,0.5,10.17
6180,-0.951653,110.467515,1,0.5,10.17
6181,-0.951653,110.494464,1,0.5,13.1
6182,-0.951653,110.497833,2,0.5,13.1
6183,-0.951653,110.501202,2,0.5,13.1
6184,-0.951653,110.50457,1,0.5,1.34
6185,-0.951653,110.518045,1,0.5,39.56
6186,-0.951653,110.521414,1,0.5,39.56
6187,-0.951653,110.524782,1,0.5,39.56
6188,-0.951653,110.541626,1,0.5,13.29
6189,-0.951653,110.544995,1,0.5,13.29
6190,-0.951653,110.548363,1,0.5,13.29
6191,-0.951653,110.696585,1,0.5,11.28
6192,-0.951653,110.699954,1,0.5,11.28
6193,-0.951653,110.703323,1,0.5,11.28
6194,-0.951653,110.740378,1,0.5,19.23
6195,-0.951653,110.743747,1,0.5,19.23
6196,-0.951653,110.747115,1,0.5,19.23
6197,-0.951653,110.770696,1,0.5,14.6
6198,-0.951653,110.774065,1,0.5,14.6
6199,-0.951653,110.777434,1,0.5,14.6
6200,-0.951653,110.780802,1,0.5,14.6
6201,-0.951653,110.78754,1,0.5,3.96
6202,-0.951653,110.790908,1,0.5,3.96
6203,-0.951653,110.794277,1,0.5,3.96
6204,-0.955021,110.262025,1,0.5,11.22
6205,-0.955021,110.265394,1,0.5,11.22
6206,-0.955021,110.268763,1,0.5,11.22
6207,-0.955021,110.312555,1,0.5,4.87
6208,-0.955021,110.315924,1,0.5,4.87
6209,-0.955021,110.319293,1,0.5,4.87
6210,-0.955021,110.346242,1,0.5,14.67
6211,-0.955021,110.349611,1,0.5,14.67
6212,-0.955021,110.406879,1,0.5,7.55
6213,-0.955021,110.410247,1,0.5,7.55
6214,-0.955021,110.413616,1,0.5,7.55
6215,-0.955021,110.416985,1,0.5,3.78
6216,-0.955021,110.420353,1,0.5,3.78
6217,-0.955021,110.423722,1,0.5,3.78
6218,-0.955021,110.443934,1,0.5,7.46
6219,-0.955021,110.447303,1,0.5,7.46
6220,-0.955021,110.450671,1,0.5,7.46
6221,-0.955021,110.460777,1,0.5,10.17
6222,-0.955021,110.464146,1,0.5,10.17
6223,-0.955021,110.467515,1,0.5,10.17
6224,-0.955021,110.494464,1,0.5,13.1
6225,-0.955021,110.497833,2,0.5,13.1
6226,-0.955021,110.501202,2,0.5,13.1
6227,-0.955021,110.50457,1,0.5,1.34
6228,-0.955021,110.518045,1,0.5,39.56
6229,-0.955021,110.521414,1,0.5,39.56
6230,-0.955021,110.524782,1,0.5,39.56
6231,-0.955021,110.544995,1,0.5,40.44
6232,-0.955021,110.548363,1,0.5,40.44
6233,-0.955021,110.551732,1,0.5,40.44
6234,-0.955021,110.646055,1,0.5,3.57
6235,-0.955021,110.649424,1,0.5,3.57
6236,-0.955021,110.652792,2,0.5,3.57
6237,-0.955021,110.656161,1,0.5,1.94
6238,-0.955021,110.65953,1,0.5,1.94
6239,-0.955021,110.696585,1,0.5,11.28
6240,-0.955021,110.699954,1,0.5,11.28
6241,-0.955021,110.703323,1,0.5,11.28
6242,-0.955021,110.740378,1,0.5,19.23
6243,-0.955021,110.743747,1,0.5,19.23
6244,-0.955021,110.747115,1,0.5,19.23
6245,-0.955021,110.767328,1,0.5,36.17
6246,-0.955021,110.770696,2,0.5,36.17
6247,-0.955021,110.774065,2,0.75,36.17
6248,-0.955021,110.777434,2,0.75,36.17
6249,-0.955021,110.780802,1,1.0,36.17
6250,-0.955021,110.784171,1,1.0,36.17
6251,-0.955021,110.790908,1,0.5,13.55
6252,-0.955021,110.794277,1,0.5,13.55
6253,-0.955021,110.797646,1,0.5,13.55
6254,-0.95839,110.288975,1,1.0,7.01
6255,-0.95839,110.292343,1,1.0,7.01
6256,-0.95839,110.295712,1,1.0,7.01
6257,-0.95839,110.302449,1,0.5,6.79
6258,-0.95839,110.305818,1,0.5,6.79
6259,-0.95839,110.309187,1,0.5,6.79
6260,-0.95839,110.312555,1,0.5,4.87
6261,-0.95839,110.315924,1,0.5,4.87
6262,-0.95839,110.319293,1,0.5,4.87
6263,-0.95839,110.346242,2,0.5,14.67
6264,-0.95839,110.349611,2,0.5,14.67
6265,-0.95839,110.373192,1,0.5,4.13
6266,-0.95839,110.37656,1,0.5,4.13
6267,-0.95839,110.379929,1,0.5,4.13
6268,-0.95839,110.406879,1,0.5,7.55
6269,-0.95839,110.410247,1,0.5,7.55
6270,-0.95839,110.413616,1,0.5,7.55
6271,-0.95839,110.416985,1,0.5,3.78
6272,-0.95839,110.420353,1,0.5,3.78
6273,-0.95839,110.423722,1,0.5,3.78
6274,-0.95839,110.443934,1,0.5,7.46
6275,-0.95839,110.447303,1,0.5,7.46
6276,-0.95839,110.450671,1,0.5,7.46
6277,-0.95839,110.460777,1,0.5,10.17
6278,-0.95839,110.464146,2,0.5,26.1
6279,-0.95839,110.467515,2,0.5,26.1
6280,-0.95839,110.470884,1,0.5,26.1
6281,-0.95839,110.474252,1,0.5,26.1
6282,-0.95839,110.497833,2,0.5,11.07
6283,-0.95839,110.501202,2,0.5,11.07
6284,-0.95839,110.50457,3,0.5,11.54
6285,-0.95839,110.507939,2,0.5,11.54
6286,-0.95839,110.511308,2,0.5,11.54
6287,-0.95839,110.544995,1,0.5,40.44
6288,-0.95839,110.548363,1,0.5,40.44
6289,-0.95839,110.551732,1,0.5,40.44
6290,-0.95839,110.568575,1,0.5,5.52
6291,-0.95839,110.571944,1,0.5,5.52
6292,-0.95839,110.575313,1,0.5,5.52
6293,-0.95839,110.578681,1,0.5,6.05
6294,-0.95839,110.58205,1,0.5,6.05
6295,-0.95839,110.585419,2,0.5,6.05
6296,-0.95839,110.588787,1,0.5,4.32
6297,-0.95839,110.646055,1,0.5,3.57
6298,-0.95839,110.649424,1,0.5,3.57
6299,-0.95839,110.652792,2,0.5,3.57
6300,-0.95839,110.656161,1,0.5,1.94
6301,-0.95839,110.65953,1,0.5,1.94
6302,-0.95839,110.767328,1,0.5,36.17
6303,-0.95839,110.770696,3,0.5,36.17
6304,-0.95839,110.774065,3,0.67,36.17
6305,-0.95839,110.777434,3,0.67,36.17
6306,-0.95839,110.780802,1,1.0,36.17
6307,-0.95839,110.784171,1,1.0,36.17
6308,-0.95839,110.790908,1,0.5,13.55
6309,-0.95839,110.794277,1,0.5,13.55
6310,-0.95839,110.797646,1,0.5,13.55
6311,-0.961759,110.288975,2,0.75,14.89
6312,-0.961759,110.292343,2,0.75,14.89
6313,-0.961759,110.295712,2,0.75,14.89
6314,-0.961759,110.302449,1,0.5,6.79
6315,-0.961759,110.305818,1,0.5,6.79
6316,-0.961759,110.309187,1,0.5,6.79
6317,-0.961759,110.342874,1,0.5,5.16
6318,-0.961759,110.346242,2,0.5,5.16
6319,-0.961759,110.349611,2,0.5,5.16
6320,-0.961759,110.35298,1,0.5,5.79
6321,-0.961759,110.356348,1,0.5,5.79
6322,-0.961759,110.359717,1,0.5,5.79
6323,-0.961759,110.373192,1,0.5,4.13
6324,-0.961759,110.37656,1,0.5,4.13
6325,-0.961759,110.379929,1,0.5,4.13
6326,-0.961759,110.406879,1,0.5,7.55
6327,-0.961759,110.410247,1,0.5,7.55
6328,-0.961759,110.413616,1,0.5,7.55
6329,-0.961759,110.416985,1,0.5,3.78
6330,-0.961759,110.420353,1,0.5,3.78
6331,-0.961759,110.423722,1,0.5,3.78
6332,-0.961759,110.443934,1,0.5,7.46
6333,-0.961759,110.447303,1,0.5,7.46
6334,-0.961759,110.450671,2,0.5,7.46
6335,-0.961759,110.45404,1,0.5,6.87
6336,-0.961759,110.464146,1,0.5,26.1
6337,-0.961759,110.467515,1,0.5,26.1
6338,-0.961759,110.470884,1,0.5,26.1
6339,-0.961759,110.474252,1,0.5,26.1
6340,-0.961759,110.497833,1,0.5,11.07
6341,-0.961759,110.501202,1,0.5,11.07
6342,-0.961759,110.50457,3,0.5,11.54
6343,-0.961759,110.507939,3,0.5,11.54
6344,-0.961759,110.511308,2,0.5,11.54
6345,-0.961759,110.544995,1,0.5,40.44
6346,-0.961759,110.548363,1,0.5,40.44
6347,-0.961759,110.551732,1,0.5,40.44
6348,-0.961759,110.568575,1,0.5,5.52
6349,-0.961759,110.571944,1,0.5,5.52
6350,-0.961759,110.575313,1,0.5,5.52
6351,-0.961759,110.578681,1,0.5,6.05
6352,-0.961759,110.58205,1,0.5,6.05
6353,-0.961759,110.585419,2,0.5,6.05
6354,-0.961759,110.588787,1,0.5,17.51
6355,-0.961759,110.592156,1,0.5,17.51
6356,-0.961759,110.595525,1,0.5,17.51
6357,-0.961759,110.646055,1,0.5,3.57
6358,-0.961759,110.649424,1,0.5,3.57
6359,-0.961759,110.652792,3,0.5,7.26
6360,-0.961759,110.656161,2,0.5,7.26
6361,-0.961759,110.65953,2,0.5,7.26
6362,-0.961759,110.767328,1,0.5,36.17
6363,-0.961759,110.770696,3,0.5,36.17
6364,-0.961759,110.774065,4,0.62,36.17
6365,-0.961759,110.777434,4,0.62,36.17
6366,-0.961759,110.780802,2,0.75,36.17
6367,-0.961759,110.784171,1,1.0,36.17
6368,-0.961759,110.790908,1,0.5,13.55
6369,-0.961759,110.794277,1,0.5,13.55
6370,-0.961759,110.797646,1,0.5,13.55
6371,-0.965127,110.288975,2,0.75,14.89
6372,-0.965127,110.292343,2,0.75,14.89
6373,-0.965127,110.295712,2,0.75,14.89
6374,-0.965127,110.302449,1,0.5,6.79
6375,-0.965127,110.305818,1,0.5,6.79
6376,-0.965127,110.309187,1,0.5,6.79
6377,-0.965127,110.342874,1,0.5,5.16
6378,-0.965127,110.346242,2,0.5,5.16
6379,-0.965127,110.349611,2,0.5,5.16
6380,-0.965127,110.35298,1,0.5,5.79
6381,-0.965127,110.356348,1,0.5,5.79
6382,-0.965127,110.359717,1,0.5,5.79
6383,-0.965127,110.373192,1,0.5,4.13
6384,-0.965127,110.37656,1,0.5,4.13
6385,-0.965127,110.379929,1,0.5,4.13
6386,-0.965127,110.383298,1,0.5,3.52
6387,-0.965127,110.386666,1,0.5,7.69
6388,-0.965127,110.390035,1,0.5,7.69
6389,-0.965127,110.420353,1,0.5,5.61
6390,-0.965127,110.423722,1,0.5,5.61
6391,-0.965127,110.427091,1,0.5,5.61
6392,-0.965127,110.433828,1,0.5,8.59
6393,-0.965127,110.437197,1,0.5,8.59
6394,-0.965127,110.440565,1,0.5,8.59
6395,-0.965127,110.450671,2,0.5,7.49
6396,-0.965127,110.45404,2,0.5,7.49
6397,-0.965127,110.457409,1,0.5,7.49
6398,-0.965127,110.460777,1,0.5,29.2
6399,-0.965127,110.464146,3,0.5,29.2
6400,-0.965127,110.467515,3,0.5,29.2
6401,-0.965127,110.470884,2,0.5,26.1
6402,-0.965127,110.474252,1,0.5,26.1
6403,-0.965127,110.487727,1,0.5,6.85
6404,-0.965127,110.491096,1,0.5,6.85
6405,-0.965127,110.494464,1,0.5,6.85
6406,-0.965127,110.497833,1,0.5,11.07
6407,-0.965127,110.501202,1,0.5,11.07
6408,-0.965127,110.50457,2,0.5,11.07
6409,-0.965127,110.507939,3,0.5,9.71
6410,-0.965127,110.511308,2,0.5,9.71
6411,-0.965127,110.548363,1,0.5,41.95
6412,-0.965127,110.551732,1,0.5,41.95
6413,-0.965127,110.568575,1,0.5,5.52
6414,-0.965127,110.571944,1,0.5,5.52
6415,-0.965127,110.575313,1,0.5,5.52
6416,-0.965127,110.578681,1,0.5,6.05
6417,-0.965127,110.58205,1,0.5,6.05
6418,-0.965127,110.585419,2,0.5,6.05
6419,-0.965127,110.588787,1,0.5,17.51
6420,-0.965127,110.592156,1,0.5,17.51
6421,-0.965127,110.595525,1,0.5,17.51
6422,-0.965127,110.652792,1,0.5,7.26
6423,-0.965127,110.656161,1,0.5,7.26
6424,-0.965127,110.65953,1,0.5,7.26
6425,-0.965127,110.767328,1,0.5,36.17
6426,-0.965127,110.770696,2,0.5,36.17
6427,-0.965127,110.774065,3,0.67,37.67
6428,-0.965127,110.777434,3,0.67,37.67
6429,-0.965127,110.780802,2,0.75,37.67
6430,-0.965127,110.804383,1,0.5,7.33
6431,-0.965127,110.807752,1,0.5,7.33
6432,-0.965127,110.81112,1,0.5,7.33
6433,-0.968496,110.288975,2,0.75,14.89
6434,-0.968496,110.292343,2,0.75,14.89
6435,-0.968496,110.295712,2,0.75,14.89
6436,-0.968496,110.342874,1,0.5,5.16
6437,-0.968496,110.346242,2,0.5,5.16
6438,-0.968496,110.349611,2,0.5,5.16
6439,-0.968496,110.35298,1,0.5,5.79
6440,-0.968496,110.356348,1,0.5,5.79
6441,-0.968496,110.359717,1,0.5,5.79
6442,-0.968496,110.369823,1,0.5,9.06
6443,-0.968496,110.373192,1,0.5,9.06
6444,-0.968496,110.37656,1,0.5,9.06
6445,-0.968496,110.383298,1,0.5,3.52
6446,-0.968496,110.386666,1,0.5,7.69
6447,-0.968496,110.390035,1,0.5,7.69
6448,-0.968496,110.420353,1,0.5,5.61
6449,-0.968496,110.423722,1,0.5,5.61
6450,-0.968496,110.427091,1,0.5,5.61
6451,-0.968496,110.433828,1,0.5,8.59
6452,-0.968496,110.437197,1,0.5,8.59
6453,-0.968496,110.440565,1,0.5,8.59
6454,-0.968496,110.450671,2,0.5,7.49
6455,-0.968496,110.45404,2,0.5,7.49
6456,-0.968496,110.457409,1,0.5,7.49
6457,-0.968496,110.460777,1,0.5,29.2
6458,-0.968496,110.464146,2,0.5,29.2
6459,-0.968496,110.467515,2,0.5,29.2
6460,-0.968496,110.470884,1,0.5,23.23
6461,-0.968496,110.474252,1,0.5,22.0
6462,-0.968496,110.477621,1,0.5,22.0
6463,-0.968496,110.48099,1,0.5,22.0
6464,-0.968496,110.487727,1,0.5,6.85
6465,-0.968496,110.491096,1,0.5,6.85
6466,-0.968496,110.494464,1,0.5,6.85
6467,-0.968496,110.50457,1,0.5,3.19
6468,-0.968496,110.507939,2,0.5,4.02
6469,-0.968496,110.511308,1,0.5,4.02
6470,-0.968496,110.528151,1,0.5,21.55
6471,-0.968496,110.53152,1,0.5,21.55
6472,-0.968496,110.534888,1,0.5,21.55
6473,-0.968496,110.588787,1,0.5,17.51
6474,-0.968496,110.592156,1,0.5,17.51
6475,-0.968496,110.595525,1,0.5,17.51
6476,-0.968496,110.652792,1,0.5,7.26
6477,-0.968496,110.656161,1,0.5,7.26
6478,-0.968496,110.65953,1,0.5,7.26
6479,-0.968496,110.774065,2,0.75,37.67
6480,-0.968496,110.777434,2,0.75,37.67
6481,-0.968496,110.780802,2,0.75,37.67
6482,-0.968496,110.804383,1,0.5,7.33
6483,-0.968496,110.807752,1,0.5,7.33
6484,-0.968496,110.81112,1,0.5,7.33
6485,-0.968496,110.834701,1,0.5,10.53
6486,-0.968496,110.83807,1,0.5,10.53
6487,-0.971865,110.369823,1,0.5,9.06
6488,-0.971865,110.373192,1,0.5,9.06
6489,-0.971865,110.37656,1,0.5,9.06
6490,-0.971865,110.383298,1,0.5,3.52
6491,-0.971865,110.386666,1,0.5,7.69
6492,-0.971865,110.390035,1,0.5,7.69
6493,-0.971865,110.433828,1,0.5,8.59
6494,-0.971865,110.437197,1,0.5,8.59
6495,-0.971865,110.440565,1,0.5,8.59
6496,-0.971865,110.450671,1,0.5,7.49
6497,-0.971865,110.45404,1,0.5,7.49
6498,-0.971865,110.457409,1,0.5,7.49
6499,-0.971865,110.460777,1,0.5,29.2
6500,-0.971865,110.464146,2,0.5,29.2
6501,-0.971865,110.467515,2,0.5,29.2
6502,-0.971865,110.470884,1,0.5,23.23
6503,-0.971865,110.474252,1,0.5,22.0
6504,-0.971865,110.477621,1,0.5,10.14
6505,-0.971865,110.48099,1,0.5,10.14
6506,-0.971865,110.487727,1,0.5,6.85
6507,-0.971865,110.491096,1,0.5,6.85
6508,-0.971865,110.494464,2,0.5,6.85
6509,-0.971865,110.497833,1,0.5,2.61
6510,-0.971865,110.501202,1,0.5,2.61
6511,-0.971865,110.50457,1,0.5,4.5
6512,-0.971865,110.507939,2,0.5,4.5
6513,-0.971865,110.511308,2,0.5,4.5
6514,-0.971865,110.528151,1,0.5,21.55
6515,-0.971865,110.53152,1,0.5,21.55
6516,-0.971865,110.534888,1,0.5,21.55
6517,-0.971865,110.588787,1,0.5,17.51
6518,-0.971865,110.592156,1,0.5,17.51
6519,-0.971865,110.595525,1,0.5,17.51
6520,-0.971865,110.770696,1,0.5,4.85
6521,-0.971865,110.774065,1,0.5,4.85
6522,-0.971865,110.777434,1,0.5,4.85
6523,-0.971865,110.834701,1,0.5,10.53
6524,-0.971865,110.83807,1,0.5,10.53
6525,-0.975234,110.366454,1,0.5,9.9
6526,-0.975234,110.369823,1,0.5,9.9
6527,-0.975234,110.373192,2,0.5,9.9
6528,-0.975234,110.37656,2,0.5,9.06
6529,-0.975234,110.379929,1,0.5,6.24
6530,-0.975234,110.383298,1,0.5,6.24
6531,-0.975234,110.386666,1,0.5,2.46
6532,-0.975234,110.390035,1,0.5,2.46
6533,-0.975234,110.450671,1,0.5,7.49
6534,-0.975234,110.45404,1,0.5,7.49
6535,-0.975234,110.457409,1,0.5,7.49
6536,-0.975234,110.474252,2,0.5,25.25
6537,-0.975234,110.477621,3,0.5,93.16
6538,-0.975234,110.48099,3,0.5,93.16
6539,-0.975234,110.484358,1,0.5,93.16
6540,-0.975234,110.494464,1,0.5,2.61
6541,-0.975234,110.497833,1,0.5,11.31
6542,-0.975234,110.501202,1,0.5,11.31
6543,-0.975234,110.50457,1,0.5,4.5
6544,-0.975234,110.507939,1,0.5,4.5
6545,-0.975234,110.511308,1,0.5,4.5
6546,-0.975234,110.528151,1,0.5,21.55
6547,-0.975234,110.53152,2,0.5,21.55
6548,-0.975234,110.534888,2,0.5,21.55
6549,-0.975234,110.538257,1,0.5,6.05
6550,-0.975234,110.541626,1,0.5,6.05
6551,-0.975234,110.544995,1,0.5,6.05
6552,-0.975234,110.743747,1,0.5,14.22
6553,-0.975234,110.747115,1,0.5,14.22
6554,-0.975234,110.750484,1,0.5,14.22
6555,-0.975234,110.770696,1,0.5,4.85
6556,-0.975234,110.774065,1,0.5,4.85
6557,-0.975234,110.777434,1,0.5,4.85
6558,-0.975234,110.834701,1,0.5,10.53
6559,-0.975234,110.83807,1,0.5,10.53
6560,-0.978602,110.366454,1,0.5,9.9
6561,-0.978602,110.369823,1,0.5,9.9
6562,-0.978602,110.373192,2,0.5,9.9
6563,-0.978602,110.37656,2,0.5,9.06
6564,-0.978602,110.379929,1,0.5,6.24
6565,-0.978602,110.383298,1,0.5,6.24
6566,-0.978602,110.474252,1,0.5,25.25
6567,-0.978602,110.477621,3,0.5,25.25
6568,-0.978602,110.48099,3,0.5,25.25
6569,-0.978602,110.484358,1,0.5,16.0
6570,-0.978602,110.494464,1,0.5,2.61
6571,-0.978602,110.497833,1,0.5,11.31
6572,-0.978602,110.501202,1,0.5,11.31
6573,-0.978602,110.50457,1,0.5,4.5
6574,-0.978602,110.507939,1,0.5,4.5
6575,-0.978602,110.511308,2,0.5,4.85
6576,-0.978602,110.514676,1,0.5,4.85
6577,-0.978602,110.53152,1,0.5,4.59
6578,-0.978602,110.534888,1,0.5,4.59
6579,-0.978602,110.538257,1,0.5,6.05
6580,-0.978602,110.541626,1,0.5,6.05
6581,-0.978602,110.544995,1,0.5,6.05
6582,-0.978602,110.622474,1,0.5,4.61
6583,-0.978602,110.625843,1,0.5,4.61
6584,-0.978602,110.743747,1,0.5,14.22
6585,-0.978602,110.747115,1,0.5,14.22
6586,-0.978602,110.750484,1,0.5,14.22
6587,-0.978602,110.767328,1,0.5,18.56
6588,-0.978602,110.770696,1,0.5,18.56
6589,-0.978602,110.774065,1,0.5,18.56
6590,-0.978602,110.777434,1,0.5,4.85
6591,-0.981971,110.359717,1,0.5,4.17
6592,-0.981971,110.363086,1,0.5,4.17
6593,-0.981971,110.366454,2,0.5,9.9
6594,-0.981971,110.369823,1,0.5,9.9
6595,-0.981971,110.373192,2,0.5,9.9
6596,-0.981971,110.37656,2,0.5,6.24
6597,-0.981971,110.379929,1,0.5,6.24
6598,-0.981971,110.383298,1,0.5,6.24
6599,-0.981971,110.40351,1,0.5,5.54
6600,-0.981971,110.406879,1,0.5,5.54
6601,-0.981971,110.410247,1,0.5,5.54
6602,-0.981971,110.450671,2,0.5,103.81
6603,-0.981971,110.45404,2,0.5,103.81
6604,-0.981971,110.457409,2,0.5,103.81
6605,-0.981971,110.460777,1,0.5,10.57
6606,-0.981971,110.474252,1,0.5,25.25
6607,-0.981971,110.477621,2,0.5,25.25
6608,-0.981971,110.48099,2,0.5,25.25
6609,-0.981971,110.484358,1,0.5,16.0
6610,-0.981971,110.497833,1,0.5,11.31
6611,-0.981971,110.501202,1,0.5,11.31
6612,-0.981971,110.507939,1,0.5,2.1
6613,-0.981971,110.511308,1,0.5,4.85
6614,-0.981971,110.514676,1,0.5,4.85
6615,-0.981971,110.53152,1,0.5,4.59
6616,-0.981971,110.534888,1,0.5,4.59
6617,-0.981971,110.538257,1,0.5,6.05
6618,-0.981971,110.541626,1,0.5,6.05
6619,-0.981971,110.544995,1,0.5,6.05
6620,-0.981971,110.561838,1,0.5,8.12
6621,-0.981971,110.565207,1,0.5,8.12
6622,-0.981971,110.612368,1,0.5,3.12
6623,-0.981971,110.615737,1,0.5,3.12
6624,-0.981971,110.622474,1,0.5,4.61
6625,-0.981971,110.625843,1,0.5,4.61
6626,-0.981971,110.743747,1,0.5,14.22
6627,-0.981971,110.747115,1,0.5,14.22
6628,-0.981971,110.750484,1,0.5,14.22
6629,-0.981971,110.767328,1,0.5,18.56
6630,-0.981971,110.770696,1,0.5,18.56
6631,-0.981971,110.774065,1,0.5,18.56
6632,-0.981971,110.777434,1,0.5,28.72
6633,-0.98534,110.278869,1,0.5,1.52
6634,-0.98534,110.359717,1,0.5,4.17
6635,-0.98534,110.363086,1,0.5,4.17
6636,-0.98534,110.366454,1,0.5,4.17
6637,-0.98534,110.369823,1,0.5,3.64
6638,-0.98534,110.373192,2,0.5,6.37
6639,-0.98534,110.37656,2,0.5,6.37
6640,-0.98534,110.379929,1,0.5,6.37
6641,-0.98534,110.383298,1,0.5,6.37
6642,-0.98534,110.40351,1,0.5,5.54
6643,-0.98534,110.406879,1,0.5,5.54
6644,-0.98534,110.410247,1,0.5,5.54
6645,-0.98534,110.447303,1,0.5,103.81
6646,-0.98534,110.450671,3,0.5,103.81
6647,-0.98534,110.45404,3,0.5,103.81
6648,-0.98534,110.457409,3,0.5,103.81
6649,-0.98534,110.460777,2,0.5,10.57
6650,-0.98534,110.507939,2,0.5,8.86
6651,-0.98534,110.511308,2,0.5,8.86
6652,-0.98534,110.514676,2,0.5,8.86
6653,-0.98534,110.518045,1,0.5,8.86
6654,-0.98534,110.561838,1,0.5,8.12
6655,-0.98534,110.565207,1,0.5,8.12
6656,-0.98534,110.598893,1,0.5,5.88
6657,-0.98534,110.602262,1,0.5,5.88
6658,-0.98534,110.605631,1,0.5,8.8
6659,-0.98534,110.612368,1,0.5,3.12
6660,-0.98534,110.615737,1,0.5,3.12
6661,-0.98534,110.619106,1,0.5,7.46
6662,-0.98534,110.767328,1,0.5,18.56
6663,-0.98534,110.770696,1,0.5,18.56
6664,-0.98534,110.774065,1,0.5,18.56
6665,-0.98534,110.777434,1,0.5,28.72
6666,-0.988708,110.272131,1,0.5,1.52
6667,-0.988708,110.2755,1,0.5,1.52
6668,-0.988708,110.278869,1,0.5,1.52
6669,-0.988708,110.346242,1,0.5,3.42
6670,-0.988708,110.349611,1,0.5,3.42
6671,-0.988708,110.35298,1,0.5,3.42
6672,-0.988708,110.359717,1,0.5,4.17
6673,-0.988708,110.363086,1,0.5,4.17
6674,-0.988708,110.366454,1,0.5,4.17
6675,-0.988708,110.393404,1,0.5,25.33
6676,-0.988708,110.396773,1,0.5,25.33
6677,-0.988708,110.400141,1,0.5,25.33
6678,-0.988708,110.40351,1,0.5,5.54
6679,-0.988708,110.406879,1,0.5,5.54
6680,-0.988708,110.410247,1,0.5,5.54
6681,-0.988708,110.447303,1,0.5,103.81
6682,-0.988708,110.450671,3,0.5,103.81
6683,-0.988708,110.45404,3,0.5,103.81
6684,-0.988708,110.457409,3,0.5,103.81
6685,-0.988708,110.460777,2,0.5,10.57
6686,-0.988708,110.464146,1,0.5,6.01
6687,-0.988708,110.467515,1,0.5,6.01
6688,-0.988708,110.470884,1,0.5,6.01
6689,-0.988708,110.507939,2,0.5,8.86
6690,-0.988708,110.511308,2,0.5,8.86
6691,-0.988708,110.514676,1,0.5,8.86
6692,-0.988708,110.518045,1,0.5,8.86
6693,-0.988708,110.561838,1,0.5,8.12
6694,-0.988708,110.565207,1,0.5,8.12
6695,-0.988708,110.568575,1,0.5,11.53
6696,-0.988708,110.571944,1,0.5,11.53
6697,-0.988708,110.575313,1,0.5,11.53
6698,-0.988708,110.592156,1,0.5,8.81
6699,-0.988708,110.595525,1,0.5,8.81
6700,-0.988708,110.598893,2,0.5,8.81
6701,-0.988708,110.602262,1,0.5,5.88
6702,-0.988708,110.605631,1,0.5,6.57
6703,-0.988708,110.608999,1,0.5,6.57
6704,-0.988708,110.612368,1,0.5,3.12
6705,-0.988708,110.615737,1,0.5,3.12
6706,-0.988708,110.619106,1,0.5,7.46
6707,-0.988708,110.76059,1,0.5,3.26
6708,-0.988708,110.763959,1,0.5,3.26
6709,-0.988708,110.767328,1,0.5,3.26
6710,-0.988708,110.807752,1,0.5,13.45
6711,-0.988708,110.81112,1,0.5,13.45
6712,-0.988708,110.814489,1,0.5,13.45
6713,-0.992077,110.272131,1,0.5,1.52
6714,-0.992077,110.2755,1,0.5,1.52
6715,-0.992077,110.278869,1,0.5,1.52
6716,-0.992077,110.346242,1,0.5,3.42
6717,-0.992077,110.349611,1,0.5,3.42
6718,-0.992077,110.35298,1,0.5,3.42
6719,-0.992077,110.390035,1,0.5,30.91
6720,-0.992077,110.393404,1,0.5,25.33
6721,-0.992077,110.396773,1,0.5,25.33
6722,-0.992077,110.400141,1,0.5,25.33
6723,-0.992077,110.40351,1,0.5,5.54
6724,-0.992077,110.406879,1,0.5,5.54
6725,-0.992077,110.410247,1,0.5,5.54
6726,-0.992077,110.447303,1,0.5,10.69
6727,-0.992077,110.450671,1,0.5,10.69
6728,-0.992077,110.45404,1,0.5,10.69
6729,-0.992077,110.457409,1,0.5,8.68
6730,-0.992077,110.460777,1,0.5,6.01
6731,-0.992077,110.464146,1,0.5,6.01
6732,-0.992077,110.467515,1,0.5,6.01
6733,-0.992077,110.470884,1,0.5,6.01
6734,-0.992077,110.491096,1,0.5,20.57
6735,-0.992077,110.494464,1,0.5,20.57
6736,-0.992077,110.497833,1,0.5,20.57
6737,-0.992077,110.507939,1,0.5,6.09
6738,-0.992077,110.511308,1,0.5,6.09
6739,-0.992077,110.514676,1,0.5,6.09
6740,-0.992077,110.518045,1,0.5,6.09
6741,-0.992077,110.568575,1,0.5,11.53
6742,-0.992077,110.571944,1,0.5,11.53
6743,-0.992077,110.575313,1,0.5,11.53
6744,-0.992077,110.585419,1,0.5,6.08
6745,-0.992077,110.588787,1,0.5,6.08
6746,-0.992077,110.592156,1,0.5,7.37
6747,-0.992077,110.595525,1,0.5,8.81
6748,-0.992077,110.598893,1,0.5,8.81
6749,-0.992077,110.602262,1,0.5,6.57
6750,-0.992077,110.605631,1,0.5,6.57
6751,-0.992077,110.608999,1,0.5,6.57
6752,-0.992077,110.612368,1,0.5,7.46
6753,-0.992077,110.615737,1,0.5,7.46
6754,-0.992077,110.619106,1,0.5,7.46
6755,-0.992077,110.733641,1,0.5,8.98
6756,-0.992077,110.737009,2,0.5,9.68
6757,-0.992077,110.740378,2,0.5,9.68
6758,-0.992077,110.743747,1,0.5,9.68
6759,-0.992077,110.76059,1,0.5,3.26
6760,-0.992077,110.763959,1,0.5,3.26
6761,-0.992077,110.767328,1,0.5,35.22
6762,-0.992077,110.770696,1,0.5,35.22
6763,-0.992077,110.801014,1,0.5,5.37
6764,-0.992077,110.804383,1,0.5,5.37
6765,-0.992077,110.807752,1,0.5,13.45
6766,-0.992077,110.81112,1,0.5,13.45
6767,-0.992077,110.814489,1,0.5,13.45
6768,-0.995446,110.346242,1,0.5,3.42
6769,-0.995446,110.349611,1,0.5,3.42
6770,-0.995446,110.35298,1,0.5,3.42
6771,-0.995446,110.390035,1,0.5,30.91
6772,-0.995446,110.393404,2,0.5,25.33
6773,-0.995446,110.396773,2,0.5,25.33
6774,-0.995446,110.400141,2,0.5,25.33
6775,-0.995446,110.40351,1,0.5,20.84
6776,-0.995446,110.440565,1,0.5,24.89
6777,-0.995446,110.443934,1,0.5,24.89
6778,-0.995446,110.447303,1,0.5,10.69
6779,-0.995446,110.450671,1,0.5,10.69
6780,-0.995446,110.45404,1,0.5,10.69
6781,-0.995446,110.460777,1,0.5,6.01
6782,-0.995446,110.464146,1,0.5,6.01
6783,-0.995446,110.467515,1,0.5,6.01
6784,-0.995446,110.470884,1,0.5,6.01
6785,-0.995446,110.491096,1,0.5,20.57
6786,-0.995446,110.494464,1,0.5,20.57
6787,-0.995446,110.497833,1,0.5,20.57
6788,-0.995446,110.544995,1,0.5,29.19
6789,-0.995446,110.548363,1,0.5,29.19
6790,-0.995446,110.551732,1,0.5,29.19
6791,-0.995446,110.555101,1,0.5,4.22
6792,-0.995446,110.558469,1,0.5,4.22
6793,-0.995446,110.561838,1,0.5,4.22
6794,-0.995446,110.568575,1,0.5,11.53
6795,-0.995446,110.571944,1,0.5,11.53
6796,-0.995446,110.575313,1,0.5,11.53
6797,-0.995446,110.585419,1,0.5,6.08
6798,-0.995446,110.588787,1,0.5,6.08
6799,-0.995446,110.592156,1,0.5,7.37
6800,-0.995446,110.595525,1,0.5,8.81
6801,-0.995446,110.598893,1,0.5,8.81
6802,-0.995446,110.669636,1,0.5,3.54
6803,-0.995446,110.673004,1,0.5,3.54
6804,-0.995446,110.676373,1,0.5,3.54
6805,-0.995446,110.733641,1,0.5,8.98
6806,-0.995446,110.737009,2,0.5,9.68
6807,-0.995446,110.740378,2,0.5,9.68
6808,-0.995446,110.743747,1,0.5,9.68
6809,-0.995446,110.753853,1,0.5,6.88
6810,-0.995446,110.757222,1,0.5,6.88
6811,-0.995446,110.76059,1,0.5,6.88
6812,-0.995446,110.767328,1,0.5,35.22
6813,-0.995446,110.770696,1,0.5,35.22
6814,-0.995446,110.794277,1,0.5,5.97
6815,-0.995446,110.797646,1,0.5,5.97
6816,-0.995446,110.801014,2,0.5,5.97
6817,-0.995446,110.804383,1,0.5,5.37
6818,-0.995446,110.807752,1,0.5,13.45
6819,-0.995446,110.81112,1,0.5,13.45
6820,-0.995446,110.814489,1,0.5,13.45
6821,-0.998814,110.393404,1,0.5,20.84
6822,-0.998814,110.396773,1,0.5,20.84
6823,-0.998814,110.400141,1,0.5,20.84
6824,-0.998814,110.40351,1,0.5,20.84
6825,-0.998814,110.440565,1,0.5,24.89
6826,-0.998814,110.443934,1,0.5,24.89
6827,-0.998814,110.447303,2,0.5,10.69
6828,-0.998814,110.450671,1,0.5,10.69
6829,-0.998814,110.477621,1,0.5,4.49
6830,-0.998814,110.48099,1,0.5,4.49
6831,-0.998814,110.484358,1,0.5,4.49
6832,-0.998814,110.491096,1,0.5,20.57
6833,-0.998814,110.494464,1,0.5,20.57
6834,-0.998814,110.497833,1,0.5,20.57
6835,-0.998814,110.511308,1,0.5,12.83
6836,-0.998814,110.514676,1,0.5,12.83
6837,-0.998814,110.518045,1,0.5,12.83
6838,-0.998814,110.544995,1,0.5,29.19
6839,-0.998814,110.548363,1,0.5,29.19
6840,-0.998814,110.551732,1,0.5,29.19
6841,-0.998814,110.555101,1,0.5,4.22
6842,-0.998814,110.558469,1,0.5,4.22
6843,-0.998814,110.561838,1,0.5,4.22
6844,-0.998814,110.568575,2,0.5,11.53
6845,-0.998814,110.571944,2,0.5,11.53
6846,-0.998814,110.575313,2,0.5,11.53
6847,-0.998814,110.585419,1,0.5,6.08
6848,-0.998814,110.588787,1,0.5,6.08
6849,-0.998814,110.592156,1,0.5,7.37
6850,-0.998814,110.649424,1,0.5,10.98
6851,-0.998814,110.652792,1,0.5,10.98
6852,-0.998814,110.669636,1,0.5,3.54
6853,-0.998814,110.673004,1,0.5,3.54
6854,-0.998814,110.676373,1,0.5,5.38
6855,-0.998814,110.679742,1,0.5,5.61
6856,-0.998814,110.68311,1,0.5,5.61
6857,-0.998814,110.686479,1,0.5,5.61
6858,-0.998814,110.737009,1,0.5,9.68
6859,-0.998814,110.740378,1,0.5,9.68
6860,-0.998814,110.743747,1,0.5,9.68
6861,-0.998814,110.753853,1,0.5,6.88
6862,-0.998814,110.757222,1,0.5,6.88
6863,-0.998814,110.76059,1,0.5,6.88
6864,-0.998814,110.767328,1,0.5,35.22
6865,-0.998814,110.770696,1,0.5,35.22
6866,-0.998814,110.794277,1,0.5,5.97
6867,-0.998814,110.797646,1,0.5,5.97
6868,-0.998814,110.801014,1,0.5,5.97
6869,-1.002183,110.393404,1,0.5,20.84
6870,-1.002183,110.396773,1,0.5,20.84
6871,-1.002183,110.400141,1,0.5,20.84
6872,-1.002183,110.440565,1,0.5,24.89
6873,-1.002183,110.443934,1,0.5,24.89
6874,-1.002183,110.447303,1,0.5,2.32
6875,-1.002183,110.450671,1,0.5,11.78
6876,-1.002183,110.45404,1,0.5,11.78
6877,-1.002183,110.457409,1,0.5,11.78
6878,-1.002183,110.477621,1,0.5,4.49
6879,-1.002183,110.48099,1,0.5,4.49
6880,-1.002183,110.484358,1,0.5,4.49
6881,-1.002183,110.491096,1,0.5,20.57
6882,-1.002183,110.494464,1,0.5,20.57
6883,-1.002183,110.497833,1,0.5,20.57
6884,-1.002183,110.511308,1,0.5,12.83
6885,-1.002183,110.514676,1,0.5,12.83
6886,-1.002183,110.518045,1,0.5,12.83
6887,-1.002183,110.53152,1,0.5,4.68
6888,-1.002183,110.534888,1,0.5,4.68
6889,-1.002183,110.544995,1,0.5,29.19
6890,-1.002183,110.548363,1,0.5,29.19
6891,-1.002183,110.551732,1,0.5,29.19
6892,-1.002183,110.568575,1,0.5,3.44
6893,-1.002183,110.571944,1,0.5,3.44
6894,-1.002183,110.575313,1,0.5,3.44
6895,-1.002183,110.578681,1,0.5,2.86
6896,-1.002183,110.58205,1,0.5,2.86
6897,-1.002183,110.585419,1,0.5,2.86
6898,-1.002183,110.649424,1,0.5,10.98
6899,-1.002183,110.652792,1,0.5,10.98
6900,-1.002183,110.666267,1,0.5,4.92
6901,-1.002183,110.669636,2,0.5,4.92
6902,-1.002183,110.673004,2,0.5,4.92
6903,-1.002183,110.676373,1,0.5,5.38
6904,-1.002183,110.679742,1,0.5,5.61
6905,-1.002183,110.68311,1,0.5,5.61
6906,-1.002183,110.686479,1,0.5,5.61
6907,-1.002183,110.76059,2,0.5,20.36
6908,-1.002183,110.763959,2,0.5,20.36
6909,-1.002183,110.767328,2,0.5,7.28
6910,-1.002183,110.770696,1,0.5,5.56
6911,-1.002183,110.794277,1,0.5,5.97
6912,-1.002183,110.797646,1,0.5,5.97
6913,-1.002183,110.801014,1,0.5,5.97
6914,-1.005552,110.37656,1,0.5,6.91
6915,-1.005552,110.379929,1,0.5,6.91
6916,-1.005552,110.383298,1,0.5,6.91
6917,-1.005552,110.440565,1,0.5,2.32
6918,-1.005552,110.443934,1,0.5,2.32
6919,-1.005552,110.447303,1,0.5,2.32
6920,-1.005552,110.450671,1,0.5,11.78
6921,-1.005552,110.45404,1,0.5,11.78
6922,-1.005552,110.457409,1,0.5,11.78
6923,-1.005552,110.477621,1,0.5,4.49
6924,-1.005552,110.48099,1,0.5,4.49
6925,-1.005552,110.484358,1,0.5,4.49
6926,-1.005552,110.53152,1,0.5,4.68
6927,-1.005552,110.534888,1,0.5,4.68
6928,-1.005552,110.538257,1,0.5,12.25
6929,-1.005552,110.541626,1,0.5,12.25
6930,-1.005552,110.544995,1,0.5,12.25
6931,-1.005552,110.568575,1,0.5,3.44
6932,-1.005552,110.571944,1,0.5,3.44
6933,-1.005552,110.575313,1,0.5,3.44
6934,-1.005552,110.578681,1,0.5,2.86
6935,-1.005552,110.58205,1,0.5,2.86
6936,-1.005552,110.585419,1,0.5,2.86
6937,-1.005552,110.666267,1,0.5,4.92
6938,-1.005552,110.669636,1,0.5,4.92
6939,-1.005552,110.673004,1,0.5,4.92
6940,-1.005552,110.679742,1,0.5,5.61
6941,-1.005552,110.68311,1,0.5,5.61
6942,-1.005552,110.686479,1,0.5,5.61
6943,-1.005552,110.76059,2,0.5,20.36
6944,-1.005552,110.763959,2,0.5,20.36
6945,-1.005552,110.767328,2,0.5,20.36
6946,-1.005552,110.794277,1,0.5,5.97
6947,-1.005552,110.797646,1,0.5,5.97
6948,-1.005552,110.801014,1,0.5,5.97
6949,-1.00892,110.37656,1,0.5,6.91
6950,-1.00892,110.379929,1,0.5,6.91
6951,-1.00892,110.383298,1,0.5,6.91
6952,-1.00892,110.413616,1,0.5,2.34
6953,-1.00892,110.416985,1,0.5,2.34
6954,-1.00892,110.420353,1,0.5,2.34
6955,-1.00892,110.450671,1,0.5,11.78
6956,-1.00892,110.45404,1,0.5,11.78
6957,-1.00892,110.457409,1,0.5,11.78
6958,-1.00892,110.538257,1,0.5,12.25
6959,-1.00892,110.541626,1,0.5,12.25
6960,-1.00892,110.544995,1,0.5,12.25
6961,-1.00892,110.551732,1,0.5,3.63
6962,-1.00892,110.555101,1,0.5,3.63
6963,-1.00892,110.558469,1,0.5,3.63
6964,-1.00892,110.578681,1,0.5,2.86
6965,-1.00892,110.58205,1,0.5,2.86
6966,-1.00892,110.585419,1,0.5,2.86
6967,-1.00892,110.666267,1,0.5,4.92
6968,-1.00892,110.669636,1,0.5,4.92
6969,-1.00892,110.673004,1,0.5,4.92
6970,-1.00892,110.76059,2,0.5,20.36
6971,-1.00892,110.763959,2,0.5,20.36
6972,-1.00892,110.767328,2,0.5,20.36
6973,-1.012289,110.35298,1,0.5,5.41
6974,-1.012289,110.356348,1,0.5,5.41
6975,-1.012289,110.359717,1,0.5,5.41
6976,-1.012289,110.37656,1,0.5,6.91
6977,-1.012289,110.379929,1,0.5,6.91
6978,-1.012289,110.383298,1,0.5,6.91
6979,-1.012289,110.413616,1,0.5,2.34
6980,-1.012289,110.416985,1,0.5,2.34
6981,-1.012289,110.420353,1,0.5,23.82
6982,-1.012289,110.423722,1,0.5,23.82
6983,-1.012289,110.427091,1,0.5,23.82
6984,-1.012289,110.430459,1,0.5,23.82
6985,-1.012289,110.497833,1,0.5,2.69
6986,-1.012289,110.501202,1,0.5,2.69
6987,-1.012289,110.50457,1,0.5,2.69
6988,-1.012289,110.538257,1,0.5,12.25
6989,-1.012289,110.541626,1,0.5,12.25
6990,-1.012289,110.544995,1,0.5,12.25
6991,-1.012289,110.551732,1,0.5,3.63
6992,-1.012289,110.555101,1,0.5,3.63
6993,-1.012289,110.558469,1,0.5,3.63
6994,-1.012289,110.76059,2,0.5,20.36
6995,-1.012289,110.763959,2,0.5,20.36
6996,-1.012289,110.767328,2,0.5,20.36
6997,-1.012289,110.807752,1,0.5,8.01
6998,-1.012289,110.81112,1,0.5,8.01
6999,-1.012289,110.814489,1,0.5,8.01
7000,-1.015658,110.35298,1,0.5,5.41
7001,-1.015658,110.356348,1,0.5,5.41
7002,-1.015658,110.359717,1,0.5,5.41
7003,-1.015658,110.413616,1,0.5,2.34
7004,-1.015658,110.416985,1,0.5,2.34
7005,-1.015658,110.420353,1,0.5,23.82
7006,-1.015658,110.423722,1,0.5,23.82
7007,-1.015658,110.427091,1,0.5,23.82
7008,-1.015658,110.430459,1,0.5,23.82
7009,-1.015658,110.487727,1,0.5,3.34
7010,-1.015658,110.491096,1,0.5,3.34
7011,-1.015658,110.497833,1,0.5,2.69
7012,-1.015658,110.501202,1,0.5,2.69
7013,-1.015658,110.50457,1,0.5,2.69
7014,-1.015658,110.507939,1,0.5,2.43
7015,-1.015658,110.511308,1,0.5,2.43
7016,-1.015658,110.551732,1,0.5,3.63
7017,-1.015658,110.555101,1,0.5,3.63
7018,-1.015658,110.558469,1,0.5,3.63
7019,-1.015658,110.625843,1,0.5,4.88
7020,-1.015658,110.629212,1,0.5,4.88
7021,-1.015658,110.63258,1,0.5,4.88
7022,-1.015658,110.656161,1,0.5,27.08
7023,-1.015658,110.65953,1,0.5,23.74
7024,-1.015658,110.662898,2,0.5,23.74
7025,-1.015658,110.666267,1,0.5,11.0
7026,-1.015658,110.669636,1,0.5,11.0
7027,-1.015658,110.763959,1,0.5,3.18
7028,-1.015658,110.767328,1,0.5,3.18
7029,-1.015658,110.780802,1,0.5,3.12
7030,-1.015658,110.784171,1,0.5,3.12
7031,-1.015658,110.807752,1,0.5,8.01
7032,-1.015658,110.81112,1,0.5,8.01
7033,-1.015658,110.814489,1,0.5,8.01
7034,-1.019026,110.35298,1,0.5,5.41
7035,-1.019026,110.356348,1,0.5,5.41
7036,-1.019026,110.359717,1,0.5,5.41
7037,-1.019026,110.423722,1,0.5,3.3
7038,-1.019026,110.427091,1,0.5,3.3
7039,-1.019026,110.430459,1,0.5,3.3
7040,-1.019026,110.487727,1,0.5,3.34
7041,-1.019026,110.491096,1,0.5,3.34
7042,-1.019026,110.497833,1,0.5,2.69
7043,-1.019026,110.501202,1,0.5,2.69
7044,-1.019026,110.50457,1,0.5,2.69
7045,-1.019026,110.507939,1,0.5,2.43
7046,-1.019026,110.511308,1,0.5,2.43
7047,-1.019026,110.514676,1,0.5,3.44
7048,-1.019026,110.518045,1,0.5,3.44
7049,-1.019026,110.521414,1,0.5,3.44
7050,-1.019026,110.528151,1,0.5,3.48
7051,-1.019026,110.53152,1,0.5,3.48
7052,-1.019026,110.534888,1,0.5,20.71
7053,-1.019026,110.538257,1,0.5,20.71
7054,-1.019026,110.541626,1,0.5,20.71
7055,-1.019026,110.625843,1,0.5,4.88
7056,-1.019026,110.629212,1,0.5,4.88
7057,-1.019026,110.63258,1,0.5,4.88
7058,-1.019026,110.656161,1,0.5,27.08
7059,-1.019026,110.65953,1,0.5,23.74
7060,-1.019026,110.662898,2,0.5,23.74
7061,-1.019026,110.666267,1,0.5,11.0
7062,-1.019026,110.669636,1,0.5,11.0
7063,-1.019026,110.763959,1,0.5,4.16
7064,-1.019026,110.767328,1,0.5,4.16
7065,-1.019026,110.770696,1,0.5,4.01
7066,-1.019026,110.780802,1,0.5,3.12
7067,-1.019026,110.784171,1,0.5,3.12
7068,-1.019026,110.807752,1,0.5,8.01
7069,-1.019026,110.81112,1,0.5,8.01
7070,-1.019026,110.814489,1,0.5,8.01
7071,-1.022395,110.423722,1,0.5,3.3
7072,-1.022395,110.427091,1,0.5,3.3
7073,-1.022395,110.430459,1,0.5,3.3
7074,-1.022395,110.433828,1,0.5,4.88
7075,-1.022395,110.437197,1,0.5,4.88
7076,-1.022395,110.440565,1,0.5,4.88
7077,-1.022395,110.487727,1,0.5,3.34
7078,-1.022395,110.491096,1,0.5,3.34
7079,-1.022395,110.50457,1,0.5,2.43
7080,-1.022395,110.507939,1,0.5,2.43
7081,-1.022395,110.511308,1,0.5,2.43
7082,-1.022395,110.514676,1,0.5,3.44
7083,-1.022395,110.518045,1,0.5,3.44
7084,-1.022395,110.521414,1,0.5,3.44
7085,-1.022395,110.528151,1,0.5,3.48
7086,-1.022395,110.53152,1,0.5,3.48
7087,-1.022395,110.534888,1,0.5,20.71
7088,-1.022395,110.538257,1,0.5,20.71
7089,-1.022395,110.541626,2,0.5,20.71
7090,-1.022395,110.544995,1,0.5,8.81
7091,-1.022395,110.555101,1,0.5,5.23
7092,-1.022395,110.558469,1,0.5,5.23
7093,-1.022395,110.561838,1,0.5,5.23
7094,-1.022395,110.625843,1,0.5,4.88
7095,-1.022395,110.629212,1,0.5,4.88
7096,-1.022395,110.63258,1,0.5,4.88
7097,-1.022395,110.763959,1,0.5,4.16
7098,-1.022395,110.767328,2,0.5,20.85
7099,-1.022395,110.770696,2,0.5,20.85
7100,-1.025764,110.40351,1,0.5,7.84
7101,-1.025764,110.406879,1,0.5,7.84
7102,-1.025764,110.423722,1,0.5,3.3
7103,-1.025764,110.427091,1,0.5,3.3
7104,-1.025764,110.430459,1,0.5,3.3
7105,-1.025764,110.433828,1,0.5,4.88
7106,-1.025764,110.437197,1,0.5,4.88
7107,-1.025764,110.440565,1,0.5,4.88
7108,-1.025764,110.514676,1,0.5,3.44
7109,-1.025764,110.518045,1,0.5,3.44
7110,-1.025764,110.521414,1,0.5,3.44
7111,-1.025764,110.528151,1,0.5,3.48
7112,-1.025764,110.53152,1,0.5,3.48
7113,-1.025764,110.534888,2,0.5,10.67
7114,-1.025764,110.538257,2,0.5,10.67
7115,-1.025764,110.541626,3,0.5,10.67
7116,-1.025764,110.544995,2,0.5,8.81
7117,-1.025764,110.555101,1,0.5,5.23
7118,-1.025764,110.558469,1,0.5,5.23
7119,-1.025764,110.561838,1,0.5,5.23
7120,-1.025764,110.629212,1,0.5,4.88
7121,-1.025764,110.63258,1,0.5,4.88
7122,-1.025764,110.639318,1,0.5,4.53
7123,-1.025764,110.642686,1,0.5,4.53
7124,-1.025764,110.646055,1,0.5,4.53
7125,-1.025764,110.649424,1,0.5,3.73
7126,-1.025764,110.763959,1,0.5,4.01
7127,-1.025764,110.767328,2,0.5,20.85
7128,-1.025764,110.770696,2,0.5,20.85
7129,-1.029132,110.40351,1,0.5,7.84
7130,-1.029132,110.406879,1,0.5,7.84
7131,-1.029132,110.410247,1,0.5,8.47
7132,-1.029132,110.433828,1,0.5,4.88
7133,-1.029132,110.437197,1,0.5,4.88
7134,-1.029132,110.440565,1,0.5,4.88
7135,-1.029132,110.534888,1,0.5,10.67
7136,-1.029132,110.538257,2,0.5,10.67
7137,-1.029132,110.541626,2,0.5,10.67
7138,-1.029132,110.544995,1,0.5,6.39
7139,-1.029132,110.555101,1,0.5,5.23
7140,-1.029132,110.558469,1,0.5,5.23
7141,-1.029132,110.561838,1,0.5,5.23
7142,-1.029132,110.639318,1,0.5,4.53
7143,-1.029132,110.642686,2,0.5,4.53
7144,-1.029132,110.646055,2,0.5,4.53
7145,-1.029132,110.649424,2,0.5,3.73
7146,-1.029132,110.763959,1,0.5,4.01
7147,-1.029132,110.767328,2,0.5,20.85
7148,-1.029132,110.770696,2,0.5,20.85
7149,-1.032501,110.40351,1,0.5,7.84
7150,-1.032501,110.406879,1,0.5,7.84
7151,-1.032501,110.410247,1,0.5,8.47
7152,-1.032501,110.45404,1,0.5,105.85
7153,-1.032501,110.457409,1,0.5,105.85
7154,-1.032501,110.460777,1,0.5,105.85
7155,-1.032501,110.534888,1,0.5,10.67
7156,-1.032501,110.538257,2,0.5,10.67
7157,-1.032501,110.541626,2,0.5,10.67
7158,-1.032501,110.544995,1,0.5,6.39
7159,-1.032501,110.555101,1,0.5,9.85
7160,-1.032501,110.558469,1,0.5,9.85
7161,-1.032501,110.588787,1,0.5,7.87
7162,-1.032501,110.592156,1,0.5,7.87
7163,-1.032501,110.595525,1,0.5,7.87
7164,-1.032501,110.639318,1,0.5,4.53
7165,-1.032501,110.642686,2,0.5,4.53
7166,-1.032501,110.646055,2,0.5,4.53
7167,-1.032501,110.649424,2,0.5,3.73
7168,-1.032501,110.753853,1,0.5,12.05
7169,-1.032501,110.757222,2,0.5,12.05
7170,-1.032501,110.76059,1,0.5,6.15
7171,-1.032501,110.763959,1,0.5,6.15
7172,-1.032501,110.767328,1,0.5,4.01
7173,-1.032501,110.770696,1,0.5,4.01
7174,-1.032501,110.784171,1,0.5,2.25
7175,-1.032501,110.78754,1,0.5,2.25
7176,-1.032501,110.790908,1,0.5,7.6
7177,-1.03587,110.40351,1,0.5,8.47
7178,-1.03587,110.406879,1,0.5,8.47
7179,-1.03587,110.410247,1,0.5,8.47
7180,-1.03587,110.423722,1,0.5,2.77
7181,-1.03587,110.427091,1,0.5,2.77
7182,-1.03587,110.430459,1,0.5,2.77
7183,-1.03587,110.45404,1,0.5,105.85
7184,-1.03587,110.457409,1,0.5,105.85
7185,-1.03587,110.460777,1,0.5,105.85
7186,-1.03587,110.555101,1,0.5,9.85
7187,-1.03587,110.558469,1,0.5,9.85
7188,-1.03587,110.588787,1,0.5,7.87
7189,-1.03587,110.592156,1,0.5,7.87
7190,-1.03587,110.595525,1,0.5,7.87
7191,-1.03587,110.625843,1,0.5,29.3
7192,-1.03587,110.629212,1,0.5,29.3
7193,-1.03587,110.63258,1,0.5,29.3
7194,-1.03587,110.635949,1,0.5,1.73
7195,-1.03587,110.639318,1,0.5,1.73
7196,-1.03587,110.642686,1,0.5,2.96
7197,-1.03587,110.646055,1,0.5,2.96
7198,-1.03587,110.649424,1,0.5,2.96
7199,-1.03587,110.753853,1,0.5,12.05
7200,-1.03587,110.757222,2,0.5,12.05
7201,-1.03587,110.76059,2,0.5,12.05
7202,-1.03587,110.763959,1,0.5,6.15
7203,-1.03587,110.78754,1,0.5,2.25
7204,-1.03587,110.790908,1,0.5,2.25
7205,-1.03587,110.794277,1,0.5,7.6
7206,-1.039238,110.423722,1,0.5,2.77
7207,-1.039238,110.427091,1,0.5,2.77
7208,-1.039238,110.430459,1,0.5,2.77
7209,-1.039238,110.433828,1,1.0,11.04
7210,-1.039238,110.437197,1,1.0,11.04
7211,-1.039238,110.440565,1,1.0,11.04
7212,-1.039238,110.45404,2,0.5,105.85
7213,-1.039238,110.457409,2,0.5,105.85
7214,-1.039238,110.460777,1,0.5,105.85
7215,-1.039238,110.588787,1,0.5,7.87
7216,-1.039238,110.592156,1,0.5,7.87
7217,-1.039238,110.595525,1,0.5,7.87
7218,-1.039238,110.625843,1,0.5,29.3
7219,-1.039238,110.629212,1,0.5,29.3
7220,-1.039238,110.63258,1,0.5,29.3
7221,-1.039238,110.635949,1,0.5,1.73
7222,-1.039238,110.639318,1,0.5,1.73
7223,-1.039238,110.662898,1,0.5,5.99
7224,-1.039238,110.666267,2,0.5,5.99
7225,-1.039238,110.669636,2,0.5,5.99
7226,-1.039238,110.673004,1,0.5,5.99
7227,-1.039238,110.757222,1,0.5,12.05
7228,-1.039238,110.76059,2,0.5,12.05
7229,-1.039238,110.763959,2,0.5,12.05
7230,-1.039238,110.767328,1,0.5,6.15
7231,-1.039238,110.784171,1,0.5,3.49
7232,-1.039238,110.78754,1,0.5,3.49
7233,-1.039238,110.790908,1,0.5,3.49
7234,-1.039238,110.794277,1,0.5,7.6
7235,-1.042607,110.423722,1,0.5,2.77
7236,-1.042607,110.427091,1,0.5,2.77
7237,-1.042607,110.430459,1,0.5,2.77
7238,-1.042607,110.433828,1,1.0,11.04
7239,-1.042607,110.437197,1,1.0,11.04
7240,-1.042607,110.440565,1,1.0,11.04
7241,-1.042607,110.45404,2,0.5,11.38
7242,-1.042607,110.457409,2,0.5,11.38
7243,-1.042607,110.460777,1,0.5,6.39
7244,-1.042607,110.578681,1,0.5,5.02
7245,-1.042607,110.58205,1,0.5,5.02
7246,-1.042607,110.585419,1,0.5,5.02
7247,-1.042607,110.629212,1,0.5,29.3
7248,-1.042607,110.63258,1,0.5,29.3
7249,-1.042607,110.635949,1,0.5,29.3
7250,-1.042607,110.639318,1,0.5,1.73
7251,-1.042607,110.642686,1,0.5,1.73
7252,-1.042607,110.652792,1,0.5,14.68
7253,-1.042607,110.656161,1,0.5,14.68
7254,-1.042607,110.666267,1,0.5,5.99
7255,-1.042607,110.669636,2,0.5,5.99
7256,-1.042607,110.673004,2,0.5,5.99
7257,-1.042607,110.676373,1,0.5,5.99
7258,-1.042607,110.740378,1,0.5,3.13
7259,-1.042607,110.743747,1,0.5,3.13
7260,-1.042607,110.76059,1,0.5,6.4
7261,-1.042607,110.763959,1,0.5,6.4
7262,-1.042607,110.784171,1,0.5,3.49
7263,-1.042607,110.78754,1,0.5,3.49
7264,-1.042607,110.790908,1,0.5,3.49
7265,-1.045976,110.430459,1,0.5,30.66
7266,-1.045976,110.433828,2,0.75,11.04
7267,-1.045976,110.437197,2,0.75,11.04
7268,-1.045976,110.440565,1,1.0,11.04
7269,-1.045976,110.45404,1,0.5,11.38
7270,-1.045976,110.457409,1,0.5,11.38
7271,-1.045976,110.558469,1,0.5,5.35
7272,-1.045976,110.561838,1,0.5,5.35
7273,-1.045976,110.565207,1,0.5,5.35
7274,-1.045976,110.58205,2,0.5,5.02
7275,-1.045976,110.585419,2,0.5,5.02
7276,-1.045976,110.588787,1,0.5,5.02
7277,-1.045976,110.592156,1,0.5,5.02
7278,-1.045976,110.612368,1,1.0,19.99
7279,-1.045976,110.615737,1,1.0,14.99
7280,-1.045976,110.619106,1,1.0,14.99
7281,-1.045976,110.622474,1,1.0,14.99
7282,-1.045976,110.639318,1,0.5,7.81
7283,-1.045976,110.642686,1,0.5,7.81
7284,-1.045976,110.652792,1,0.5,14.68
7285,-1.045976,110.656161,1,0.5,14.68
7286,-1.045976,110.666267,1,0.5,5.99
7287,-1.045976,110.669636,2,0.5,5.99
7288,-1.045976,110.673004,2,0.5,5.99
7289,-1.045976,110.676373,1,0.5,5.99
7290,-1.045976,110.740378,1,0.5,3.13
7291,-1.045976,110.743747,1,0.5,3.13
7292,-1.045976,110.747115,1,0.5,3.13
7293,-1.049345,110.433828,1,0.5,30.66
7294,-1.049345,110.437197,2,0.75,11.04
7295,-1.049345,110.440565,2,0.75,11.04
7296,-1.049345,110.443934,1,1.0,11.04
7297,-1.049345,110.467515,1,0.5,70.36
7298,-1.049345,110.470884,1,0.5,70.36
7299,-1.049345,110.474252,1,0.5,70.36
7300,-1.049345,110.558469,1,0.5,5.35
7301,-1.049345,110.561838,1,0.5,5.35
7302,-1.049345,110.565207,1,0.5,5.35
7303,-1.049345,110.58205,2,0.5,22.56
7304,-1.049345,110.585419,2,0.5,22.56
7305,-1.049345,110.588787,1,0.5,22.56
7306,-1.049345,110.592156,1,0.5,5.02
7307,-1.049345,110.612368,1,1.0,19.99
7308,-1.049345,110.615737,1,1.0,14.99
7309,-1.049345,110.619106,1,1.0,14.99
7310,-1.049345,110.622474,1,1.0,14.99
7311,-1.049345,110.639318,2,0.5,7.81
7312,-1.049345,110.642686,2,0.5,7.81
7313,-1.049345,110.652792,1,0.5,14.68
7314,-1.049345,110.656161,1,0.5,14.68
7315,-1.049345,110.740378,1,0.5,3.13
7316,-1.049345,110.743747,1,0.5,3.13
7317,-1.049345,110.747115,1,0.5,3.13
7318,-1.052713,110.433828,1,0.5,30.66
7319,-1.052713,110.437197,1,0.5,5.43
7320,-1.052713,110.440565,1,0.5,5.43
7321,-1.052713,110.467515,1,0.5,70.36
7322,-1.052713,110.470884,1,0.5,70.36
7323,-1.052713,110.474252,1,0.5,70.36
7324,-1.052713,110.558469,1,0.5,3.01
7325,-1.052713,110.561838,1,0.5,3.01
7326,-1.052713,110.565207,1,0.5,3.01
7327,-1.052713,110.58205,1,0.5,22.56
7328,-1.052713,110.585419,1,0.5,22.56
7329,-1.052713,110.588787,1,0.5,22.56
7330,-1.052713,110.592156,2,0.5,5.49
7331,-1.052713,110.595525,1,0.5,5.49
7332,-1.052713,110.598893,1,0.5,5.49
7333,-1.052713,110.612368,1,1.0,19.99
7334,-1.052713,110.615737,1,1.0,14.99
7335,-1.052713,110.619106,1,1.0,14.99
7336,-1.052713,110.622474,1,1.0,14.99
7337,-1.052713,110.629212,1,0.5,21.27
7338,-1.052713,110.63258,1,0.5,21.27
7339,-1.052713,110.635949,1,0.5,21.27
7340,-1.052713,110.639318,1,0.5,6.46
7341,-1.052713,110.642686,1,0.5,6.46
7342,-1.052713,110.794277,1,0.5,4.09
7343,-1.052713,110.797646,1,0.5,4.09
7344,-1.052713,110.801014,1,0.5,4.09
7345,-1.056082,110.437197,1,0.5,5.43
7346,-1.056082,110.440565,1,0.5,5.43
7347,-1.056082,110.467515,1,0.5,70.36
7348,-1.056082,110.470884,1,0.5,70.36
7349,-1.056082,110.474252,1,0.5,70.36
7350,-1.056082,110.58205,1,0.5,22.56
7351,-1.056082,110.585419,3,0.5,26.7
7352,-1.056082,110.588787,3,0.67,90.54
7353,-1.056082,110.592156,2,0.75,90.54
7354,-1.056082,110.595525,2,0.75,90.54
7355,-1.056082,110.598893,1,0.5,5.49
7356,-1.056082,110.629212,2,0.5,21.27
7357,-1.056082,110.63258,2,0.5,21.27
7358,-1.056082,110.635949,1,0.5,21.27
7359,-1.056082,110.639318,1,0.5,6.46
7360,-1.056082,110.642686,1,0.5,6.46
7361,-1.056082,110.669636,1,0.5,16.78
7362,-1.056082,110.673004,1,0.5,16.78
7363,-1.056082,110.676373,1,0.5,16.78
7364,-1.056082,110.794277,1,0.5,4.09
7365,-1.056082,110.797646,1,0.5,4.09
7366,-1.056082,110.801014,1,0.5,4.09
7367,-1.059451,110.521414,1,0.5,8.51
7368,-1.059451,110.524782,1,0.5,8.51
7369,-1.059451,110.528151,1,0.5,8.51
7370,-1.059451,110.585419,2,0.5,26.7
7371,-1.059451,110.588787,2,0.75,90.54
7372,-1.059451,110.592156,2,0.75,90.54
7373,-1.059451,110.595525,2,0.75,90.54
7374,-1.059451,110.598893,1,0.5,5.49
7375,-1.059451,110.629212,2,0.5,21.27
7376,-1.059451,110.63258,2,0.5,21.27
7377,-1.059451,110.635949,1,0.5,21.27
7378,-1.059451,110.639318,1,0.5,6.46
7379,-1.059451,110.642686,1,0.5,6.46
7380,-1.059451,110.669636,1,0.5,16.78
7381,-1.059451,110.673004,2,0.5,44.99
7382,-1.059451,110.676373,2,0.5,44.99
7383,-1.059451,110.679742,1,0.5,44.99
7384,-1.059451,110.750484,1,0.5,8.75
7385,-1.059451,110.753853,1,0.5,8.75
7386,-1.059451,110.757222,1,0.5,8.75
7387,-1.059451,110.76059,1,0.5,4.56
7388,-1.059451,110.794277,1,0.5,4.09
7389,-1.059451,110.797646,1,0.5,4.09
7390,-1.059451,110.801014,1,0.5,4.09
7391,-1.062819,110.521414,1,0.5,8.51
7392,-1.062819,110.524782,1,0.5,8.51
7393,-1.062819,110.528151,1,0.5,8.51
7394,-1.062819,110.538257,1,0.5,7.13
7395,-1.062819,110.541626,1,0.5,7.13
7396,-1.062819,110.544995,1,0.5,7.13
7397,-1.062819,110.585419,1,0.5,26.7
7398,-1.062819,110.588787,1,1.0,90.54
7399,-1.062819,110.592156,1,1.0,90.54
7400,-1.062819,110.595525,1,1.0,90.54
7401,-1.062819,110.602262,1,0.5,3.73
7402,-1.062819,110.605631,1,0.5,3.73
7403,-1.062819,110.629212,1,0.5,1.8
7404,-1.062819,110.63258,1,0.5,1.8
7405,-1.062819,110.669636,2,0.5,43.96
7406,-1.062819,110.673004,2,0.5,43.96
7407,-1.062819,110.676373,2,0.5,43.96
7408,-1.062819,110.679742,1,0.5,44.99
7409,-1.062819,110.750484,1,0.5,8.75
7410,-1.062819,110.753853,1,0.5,8.75
7411,-1.062819,110.757222,1,0.5,8.75
7412,-1.062819,110.76059,1,0.5,4.56
7413,-1.066188,110.363086,2,0.5,4.21
7414,-1.066188,110.366454,3,0.5,15.74
7415,-1.066188,110.369823,3,0.5,15.74
7416,-1.066188,110.373192,2,0.5,15.74
7417,-1.066188,110.521414,1,0.5,8.51
7418,-1.066188,110.524782,1,0.5,8.51
7419,-1.066188,110.528151,1,0.5,8.51
7420,-1.066188,110.538257,1,0.5,7.13
7421,-1.066188,110.541626,1,0.5,7.13
7422,-1.066188,110.544995,1,0.5,7.13
7423,-1.066188,110.585419,1,0.5,26.7
7424,-1.066188,110.588787,1,0.5,26.7
7425,-1.066188,110.592156,1,0.5,47.79
7426,-1.066188,110.595525,1,0.5,47.79
7427,-1.066188,110.602262,1,0.5,3.73
7428,-1.066188,110.605631,1,0.5,3.73
7429,-1.066188,110.669636,1,0.5,43.96
7430,-1.066188,110.673004,1,0.5,43.96
7431,-1.066188,110.676373,1,0.5,43.96
7432,-1.066188,110.679742,1,0.5,44.99
7433,-1.066188,110.750484,1,0.5,8.75
7434,-1.066188,110.753853,1,0.5,8.75
7435,-1.066188,110.757222,2,0.5,8.75
7436,-1.066188,110.76059,1,0.5,4.29
7437,-1.066188,110.763959,1,0.5,4.29
7438,-1.069557,110.363086,2,0.5,4.21
7439,-1.069557,110.366454,3,0.5,15.74
7440,-1.069557,110.369823,3,0.5,15.74
7441,-1.069557,110.373192,2,0.5,15.74
7442,-1.069557,110.595525,1,0.5,2.6
7443,-1.069557,110.598893,1,0.5,2.6
7444,-1.069557,110.602262,2,0.5,3.73
7445,-1.069557,110.605631,1,0.5,3.73
7446,-1.069557,110.612368,1,0.5,5.53
7447,-1.069557,110.615737,1,0.5,5.53
7448,-1.069557,110.619106,1,0.5,5.53
7449,-1.069557,110.686479,1,0.5,2.89
7450,-1.069557,110.689848,1,0.5,2.89
7451,-1.069557,110.693217,1,0.5,2.89
7452,-1.069557,110.740378,1,0.5,6.13
7453,-1.069557,110.743747,1,0.5,6.13
7454,-1.069557,110.753853,1,0.5,8.75
7455,-1.069557,110.757222,2,0.5,8.75
7456,-1.069557,110.76059,1,0.5,4.29
7457,-1.069557,110.763959,1,0.5,4.29
7458,-1.072925,110.342874,1,0.5,3.96
7459,-1.072925,110.346242,1,0.5,3.96
7460,-1.072925,110.349611,2,0.5,3.96
7461,-1.072925,110.35298,2,0.5,5.33
7462,-1.072925,110.356348,1,0.5,0.91
7463,-1.072925,110.363086,2,0.5,4.21
7464,-1.072925,110.366454,2,0.5,15.74
7465,-1.072925,110.369823,2,0.5,15.74
7466,-1.072925,110.373192,1,0.5,15.74
7467,-1.072925,110.571944,1,0.5,4.05
7468,-1.072925,110.575313,1,0.5,4.05
7469,-1.072925,110.578681,1,0.5,4.05
7470,-1.072925,110.595525,1,0.5,2.6
7471,-1.072925,110.598893,1,0.5,2.6
7472,-1.072925,110.602262,1,0.5,2.6
7473,-1.072925,110.612368,1,0.5,5.53
7474,-1.072925,110.615737,1,0.5,5.53
7475,-1.072925,110.619106,1,0.5,5.53
7476,-1.072925,110.642686,1,0.5,20.4
7477,-1.072925,110.646055,1,0.5,20.4
7478,-1.072925,110.686479,1,0.5,2.89
7479,-1.072925,110.689848,1,0.5,2.89
7480,-1.072925,110.693217,1,0.5,2.89
7481,-1.072925,110.740378,1,0.5,6.13
7482,-1.072925,110.743747,1,0.5,6.13
7483,-1.072925,110.757222,1,0.5,4.29
7484,-1.072925,110.76059,1,0.5,4.29
7485,-1.072925,110.763959,1,0.5,4.29
7486,-1.072925,110.777434,1,0.5,10.73
7487,-1.072925,110.780802,1,0.5,10.73
7488,-1.072925,110.784171,1,0.5,10.73
7489,-1.072925,110.78754,1,0.5,10.73
7490,-1.076294,110.571944,1,0.5,4.05
7491,-1.076294,110.575313,1,0.5,4.05
7492,-1.076294,110.578681,1,0.5,4.05
7493,-1.076294,110.58205,1,0.5,6.11
7494,-1.076294,110.585419,1,0.5,6.11
7495,-1.076294,110.588787,1,0.5,6.11
7496,-1.076294,110.592156,1,0.5,8.09
7497,-1.076294,110.595525,1,0.5,8.09
7498,-1.076294,110.598893,1,0.5,3.2
7499,-1.076294,110.602262,1,0.5,3.2
7500,-1.076294,110.605631,1,0.5,3.2
7501,-1.076294,110.642686,1,0.5,20.4
7502,-1.076294,110.646055,1,0.5,20.4
7503,-1.076294,110.686479,1,0.5,2.89
7504,-1.076294,110.689848,1,0.5,2.89
7505,-1.076294,110.693217,1,0.5,2.89
7506,-1.076294,110.740378,1,0.5,25.84
7507,-1.076294,110.743747,1,0.5,25.84
7508,-1.076294,110.757222,1,0.5,4.29
7509,-1.076294,110.76059,1,0.5,4.29
7510,-1.076294,110.763959,1,0.5,4.29
7511,-1.076294,110.777434,1,0.5,10.73
7512,-1.076294,110.780802,1,0.5,10.73
7513,-1.076294,110.784171,1,0.5,10.73
7514,-1.076294,110.78754,1,0.5,10.73
7515,-1.079663,110.524782,1,0.5,4.4
7516,-1.079663,110.528151,1,0.5,4.4
7517,-1.079663,110.53152,1,0.5,4.4
7518,-1.079663,110.571944,1,0.5,4.05
7519,-1.079663,110.575313,1,0.5,4.05
7520,-1.079663,110.578681,1,0.5,15.58
7521,-1.079663,110.58205,2,0.5,15.58
7522,-1.079663,110.585419,1,0.5,6.11
7523,-1.079663,110.588787,1,0.5,6.11
7524,-1.079663,110.592156,1,0.5,8.09
7525,-1.079663,110.595525,1,0.5,8.09
7526,-1.079663,110.598893,1,0.5,3.2
7527,-1.079663,110.602262,1,0.5,3.2
7528,-1.079663,110.605631,1,0.5,3.2
7529,-1.079663,110.642686,1,0.5,20.4
7530,-1.079663,110.646055,1,0.5,20.4
7531,-1.079663,110.652792,1,0.5,22.1
7532,-1.079663,110.656161,1,0.5,22.1
7533,-1.079663,110.740378,1,0.5,25.84
7534,-1.079663,110.743747,1,0.5,25.84
7535,-1.083031,110.393404,1,0.5,4.5
7536,-1.083031,110.396773,1,0.5,4.5
7537,-1.083031,110.400141,1,0.5,4.5
7538,-1.083031,110.524782,1,0.5,4.4
7539,-1.083031,110.528151,1,0.5,4.4
7540,-1.083031,110.53152,1,0.5,4.4
7541,-1.083031,110.578681,1,0.5,15.58
7542,-1.083031,110.58205,2,0.5,15.58
7543,-1.083031,110.585419,1,0.5,6.11
7544,-1.083031,110.588787,1,0.5,6.11
7545,-1.083031,110.592156,1,0.5,8.09
7546,-1.083031,110.595525,1,0.5,8.09
7547,-1.083031,110.598893,1,0.5,3.2
7548,-1.083031,110.602262,1,0.5,3.2
7549,-1.083031,110.605631,1,0.5,3.2
7550,-1.083031,110.608999,1,0.5,2.33
7551,-1.083031,110.612368,1,0.5,2.33
7552,-1.083031,110.615737,2,0.5,4.98
7553,-1.083031,110.619106,1,0.5,4.98
7554,-1.083031,110.622474,1,0.5,4.98
7555,-1.083031,110.652792,1,0.5,22.1
7556,-1.083031,110.656161,1,0.5,22.1
7557,-1.083031,110.740378,1,0.5,25.84
7558,-1.083031,110.743747,1,0.5,25.84
7559,-1.0864,110.393404,1,0.5,4.5
7560,-1.0864,110.396773,1,0.5,4.5
7561,-1.0864,110.400141,1,0.5,4.5
7562,-1.0864,110.524782,1,0.5,4.4
7563,-1.0864,110.528151,1,0.5,4.4
7564,-1.0864,110.53152,1,0.5,4.4
7565,-1.0864,110.538257,1,0.5,19.44
7566,-1.0864,110.541626,1,0.5,19.44
7567,-1.0864,110.544995,1,0.5,19.44
7568,-1.0864,110.608999,1,0.5,2.33
7569,-1.0864,110.612368,1,0.5,2.33
7570,-1.0864,110.615737,2,0.5,4.98
7571,-1.0864,110.619106,1,0.5,4.98
7572,-1.0864,110.622474,1,0.5,4.98
7573,-1.0864,110.625843,1,0.5,38.16
7574,-1.0864,110.629212,1,0.5,38.16
7575,-1.089769,110.393404,1,0.5,4.5
7576,-1.089769,110.396773,1,0.5,4.5
7577,-1.089769,110.400141,1,0.5,4.5
7578,-1.089769,110.406879,1,0.5,7.76
7579,-1.089769,110.410247,1,0.5,7.76
7580,-1.089769,110.413616,1,0.5,7.76
7581,-1.089769,110.534888,1,0.5,45.45
7582,-1.089769,110.538257,1,0.5,19.44
7583,-1.089769,110.541626,1,0.5,19.44
7584,-1.089769,110.544995,1,0.5,19.44
7585,-1.089769,110.565207,1,0.5,5.24
7586,-1.089769,110.568575,1,0.5,5.24
7587,-1.089769,110.571944,1,0.5,5.24
7588,-1.089769,110.575313,1,0.5,5.24
7589,-1.089769,110.578681,1,0.5,4.07
7590,-1.089769,110.58205,1,0.5,4.07
7591,-1.089769,110.585419,1,0.5,4.07
7592,-1.089769,110.608999,1,0.5,2.33
7593,-1.089769,110.612368,1,0.5,2.33
7594,-1.089769,110.615737,1,0.5,2.33
7595,-1.089769,110.625843,1,0.5,38.16
7596,-1.089769,110.629212,1,0.5,38.16
7597,-1.089769,110.639318,1,0.5,3.78
7598,-1.089769,110.642686,1,0.5,3.78
7599,-1.089769,110.646055,1,0.5,3.78
7600,-1.093137,110.406879,1,0.5,7.76
7601,-1.093137,110.410247,1,0.5,122.1
7602,-1.093137,110.413616,1,0.5,122.1
7603,-1.093137,110.534888,1,0.5,45.45
7604,-1.093137,110.538257,1,0.5,45.45
7605,-1.093137,110.541626,1,0.5,45.45
7606,-1.093137,110.544995,1,0.5,19.44
7607,-1.093137,110.548363,1,0.5,9.67
7608,-1.093137,110.551732,1,0.5,9.67
7609,-1.093137,110.565207,2,0.5,6.74
7610,-1.093137,110.568575,2,0.5,6.74
7611,-1.093137,110.571944,2,0.5,6.74
7612,-1.093137,110.575313,1,0.5,5.24
7613,-1.093137,110.578681,1,0.5,4.07
7614,-1.093137,110.58205,1,0.5,4.07
7615,-1.093137,110.585419,1,0.5,4.07
7616,-1.093137,110.588787,1,0.5,55.06
7617,-1.093137,110.592156,1,0.5,55.06
7618,-1.093137,110.595525,1,0.5,55.06
7619,-1.093137,110.622474,1,0.5,28.65
7620,-1.093137,110.625843,1,0.5,38.16
7621,-1.093137,110.629212,1,0.5,38.16
7622,-1.093137,110.639318,1,0.5,3.78
7623,-1.093137,110.642686,1,0.5,3.78
7624,-1.093137,110.646055,1,0.5,3.78
7625,-1.093137,110.686479,1,0.5,2.84
7626,-1.093137,110.689848,1,0.5,2.84
7627,-1.093137,110.699954,1,0.5,10.86
7628,-1.093137,110.703323,1,0.5,10.86
7629,-1.093137,110.706691,1,0.5,10.86
7630,-1.093137,110.716797,1,0.5,6.97
7631,-1.093137,110.720166,1,0.5,6.97
7632,-1.093137,110.723535,1,0.5,6.97
7633,-1.096506,110.390035,1,0.5,7.72
7634,-1.096506,110.393404,1,0.5,7.72
7635,-1.096506,110.396773,1,0.5,7.72
7636,-1.096506,110.548363,1,0.5,9.67
7637,-1.096506,110.551732,1,0.5,9.67
7638,-1.096506,110.561838,1,0.5,6.74
7639,-1.096506,110.565207,1,0.5,6.74
7640,-1.096506,110.568575,1,0.5,6.74
7641,-1.096506,110.571944,1,0.5,6.74
7642,-1.096506,110.575313,1,0.5,6.81
7643,-1.096506,110.578681,2,0.5,6.81
7644,-1.096506,110.58205,2,0.5,6.81
7645,-1.096506,110.585419,1,0.5,5.95
7646,-1.096506,110.588787,1,0.5,55.06
7647,-1.096506,110.592156,1,0.5,55.06
7648,-1.096506,110.595525,1,0.5,55.06
7649,-1.096506,110.622474,1,0.5,28.65
7650,-1.096506,110.625843,1,0.5,28.65
7651,-1.096506,110.639318,1,0.5,3.78
7652,-1.096506,110.642686,1,0.5,3.78
7653,-1.096506,110.646055,1,0.5,3.78
7654,-1.096506,110.686479,1,0.5,2.84
7655,-1.096506,110.689848,1,0.5,2.84
7656,-1.096506,110.699954,1,0.5,10.86
7657,-1.096506,110.703323,1,0.5,10.86
7658,-1.096506,110.706691,1,0.5,10.86
7659,-1.096506,110.716797,1,0.5,6.97
7660,-1.096506,110.720166,1,0.5,6.97
7661,-1.096506,110.723535,1,0.5,6.97
7662,-1.099875,110.390035,1,0.5,7.72
7663,-1.099875,110.393404,1,0.5,7.72
7664,-1.099875,110.396773,2,0.5,7.72
7665,-1.099875,110.400141,1,0.5,3.7
7666,-1.099875,110.40351,1,0.5,3.7
7667,-1.099875,110.416985,1,0.5,4.67
7668,-1.099875,110.420353,2,0.5,4.67
7669,-1.099875,110.423722,2,0.5,4.67
7670,-1.099875,110.427091,1,0.5,3.42
7671,-1.099875,110.548363,1,0.5,9.67
7672,-1.099875,110.551732,1,0.5,9.67
7673,-1.099875,110.561838,1,0.5,6.74
7674,-1.099875,110.565207,1,0.5,6.74
7675,-1.099875,110.568575,2,0.5,6.74
7676,-1.099875,110.571944,2,0.5,6.74
7677,-1.099875,110.575313,1,0.5,6.81
7678,-1.099875,110.578681,1,0.5,6.81
7679,-1.099875,110.58205,1,0.5,6.81
7680,-1.099875,110.585419,1,0.5,1.99
7681,-1.099875,110.588787,2,0.5,55.06
7682,-1.099875,110.592156,2,0.5,55.06
7683,-1.099875,110.595525,1,0.5,55.06
7684,-1.099875,110.686479,1,0.5,2.84
7685,-1.099875,110.689848,1,0.5,2.84
7686,-1.099875,110.699954,1,0.5,10.86
7687,-1.099875,110.703323,1,0.5,10.86
7688,-1.099875,110.706691,1,0.5,10.86
7689,-1.099875,110.71006,1,0.5,2.18
7690,-1.099875,110.713429,1,0.5,2.18
7691,-1.099875,110.716797,1,0.5,2.18
7692,-1.103243,110.390035,1,0.5,7.72
7693,-1.103243,110.393404,1,0.5,7.72
7694,-1.103243,110.396773,2,0.5,7.72
7695,-1.103243,110.400141,1,0.5,3.7
7696,-1.103243,110.40351,1,0.5,3.7
7697,-1.103243,110.416985,1,0.5,4.67
7698,-1.103243,110.420353,2,0.5,4.67
7699,-1.103243,110.423722,2,0.5,4.67
7700,-1.103243,110.427091,1,0.5,3.42
7701,-1.103243,110.568575,1,0.5,3.85
7702,-1.103243,110.571944,1,0.5,3.85
7703,-1.103243,110.585419,1,0.5,1.99
7704,-1.103243,110.588787,1,0.5,1.99
7705,-1.103243,110.592156,1,0.5,1.99
7706,-1.103243,110.649424,1,0.5,31.62
7707,-1.103243,110.652792,1,0.5,31.62
7708,-1.103243,110.656161,1,0.5,31.62
7709,-1.103243,110.71006,1,0.5,2.18
7710,-1.103243,110.713429,1,0.5,2.18
7711,-1.103243,110.716797,1,0.5,2.18
7712,-1.103243,110.83807,1,0.5,4.62
7713,-1.103243,110.841439,1,0.5,4.62
7714,-1.103243,110.844807,1,0.5,4.62
7715,-1.106612,110.416985,1,0.5,4.67
7716,-1.106612,110.420353,2,0.5,4.67
7717,-1.106612,110.423722,2,0.5,4.67
7718,-1.106612,110.427091,1,0.5,3.42
7719,-1.106612,110.551732,1,0.5,1.63
7720,-1.106612,110.555101,1,0.5,1.63
7721,-1.106612,110.558469,1,0.5,1.63
7722,-1.106612,110.568575,1,0.5,3.85
7723,-1.106612,110.571944,1,0.5,10.06
7724,-1.106612,110.575313,1,0.5,10.06
7725,-1.106612,110.578681,1,0.5,10.06
7726,-1.106612,110.58205,1,0.5,11.94
7727,-1.106612,110.585419,2,0.5,11.94
7728,-1.106612,110.588787,1,0.5,1.99
7729,-1.106612,110.592156,1,0.5,1.99
7730,-1.106612,110.646055,1,0.5,14.42
7731,-1.106612,110.649424,2,0.5,31.62
7732,-1.106612,110.652792,2,0.5,31.62
7733,-1.106612,110.656161,1,0.5,31.62
7734,-1.106612,110.71006,1,0.5,2.18
7735,-1.106612,110.713429,1,0.5,2.18
7736,-1.106612,110.716797,1,0.5,2.18
7737,-1.106612,110.723535,1,0.5,20.18
7738,-1.106612,110.726903,1,0.5,20.18
7739,-1.106612,110.83807,1,0.5,4.62
7740,-1.106612,110.841439,1,0.5,4.62
7741,-1.106612,110.844807,1,0.5,4.62
7742,-1.109981,110.541626,1,0.5,7.9
7743,-1.109981,110.544995,1,0.5,7.9
7744,-1.109981,110.548363,1,0.5,7.9
7745,-1.109981,110.551732,1,0.5,1.63
7746,-1.109981,110.555101,1,0.5,1.63
7747,-1.109981,110.558469,1,0.5,1.63
7748,-1.109981,110.571944,1,1.0,12.44
7749,-1.109981,110.575313,1,1.0,12.44
7750,-1.109981,110.578681,1,1.0,12.44
7751,-1.109981,110.58205,1,0.5,11.94
7752,-1.109981,110.585419,1,0.5,11.94
7753,-1.109981,110.646055,1,0.5,14.42
7754,-1.109981,110.649424,1,0.5,14.42
7755,-1.109981,110.652792,1,0.5,14.42
7756,-1.109981,110.723535,1,0.5,9.51
7757,-1.109981,110.726903,1,0.5,9.51
7758,-1.109981,110.730272,1,0.5,9.51
7759,-1.109981,110.83807,1,0.5,4.62
7760,-1.109981,110.841439,1,0.5,4.62
7761,-1.109981,110.844807,1,0.5,4.62
7762,-1.11335,110.541626,1,0.5,7.9
7763,-1.11335,110.544995,1,0.5,7.9
7764,-1.11335,110.548363,1,0.5,7.9
7765,-1.11335,110.551732,1,0.5,1.63
7766,-1.11335,110.555101,1,0.5,1.63
7767,-1.11335,110.558469,1,0.5,1.63
7768,-1.11335,110.571944,1,1.0,12.44
7769,-1.11335,110.575313,1,1.0,12.44
7770,-1.11335,110.578681,1,1.0,12.44
7771,-1.11335,110.58205,1,0.5,11.94
7772,-1.11335,110.585419,1,0.5,11.94
7773,-1.11335,110.612368,1,0.5,8.9
7774,-1.11335,110.615737,1,0.5,8.9
7775,-1.11335,110.619106,1,0.5,8.9
7776,-1.11335,110.646055,1,0.5,14.42
7777,-1.11335,110.649424,1,0.5,14.42
7778,-1.11335,110.652792,1,0.5,14.42
7779,-1.11335,110.723535,1,0.5,9.51
7780,-1.11335,110.726903,1,0.5,9.51
7781,-1.11335,110.730272,1,0.5,9.51
7782,-1.116718,110.541626,2,0.5,7.97
7783,-1.116718,110.544995,2,0.5,7.97
7784,-1.116718,110.548363,2,0.5,7.97
7785,-1.116718,110.571944,1,1.0,12.44
7786,-1.116718,110.575313,1,1.0,12.44
7787,-1.116718,110.578681,1,1.0,12.44
7788,-1.116718,110.58205,1,0.5,11.94
7789,-1.116718,110.585419,1,0.5,11.94
7790,-1.116718,110.612368,1,0.5,8.9
7791,-1.116718,110.615737,1,0.5,8.9
7792,-1.116718,110.619106,1,0.5,8.9
7793,-1.116718,110.723535,1,0.5,9.51
7794,-1.116718,110.726903,1,0.5,9.51
7795,-1.116718,110.730272,1,0.5,9.51
7796,-1.116718,110.834701,1,0.5,1.47
7797,-1.116718,110.83807,1,0.5,1.47
7798,-1.120087,110.541626,1,0.5,7.97
7799,-1.120087,110.544995,1,0.5,7.97
7800,-1.120087,110.548363,1,0.5,7.97
7801,-1.120087,110.558469,1,0.5,4.09
7802,-1.120087,110.561838,1,0.5,4.09
7803,-1.120087,110.565207,1,0.5,4.09
7804,-1.120087,110.575313,2,0.5,5.24
7805,-1.120087,110.578681,2,0.5,5.24
7806,-1.120087,110.598893,1,0.5,7.4
7807,-1.120087,110.602262,1,0.5,7.4
7808,-1.120087,110.605631,1,0.5,7.4
7809,-1.120087,110.612368,1,0.5,8.9
7810,-1.120087,110.615737,1,0.5,8.9
7811,-1.120087,110.619106,1,0.5,8.9
7812,-1.120087,110.723535,1,0.5,2.05
7813,-1.120087,110.726903,1,0.5,2.05
7814,-1.120087,110.834701,1,0.5,1.47
7815,-1.120087,110.83807,1,0.5,1.47
7816,-1.123456,110.558469,1,0.5,4.09
7817,-1.123456,110.561838,1,0.5,4.09
7818,-1.123456,110.565207,1,0.5,4.09
7819,-1.123456,110.575313,2,0.5,5.24
7820,-1.123456,110.578681,2,0.5,5.24
7821,-1.123456,110.598893,1,0.5,7.4
7822,-1.123456,110.602262,1,0.5,7.4
7823,-1.123456,110.605631,1,0.5,7.4
7824,-1.123456,110.716797,1,0.5,29.93
7825,-1.123456,110.720166,1,0.5,29.93
7826,-1.123456,110.723535,2,0.5,29.93
7827,-1.123456,110.726903,1,0.5,2.05
7828,-1.123456,110.81112,1,0.5,5.38
7829,-1.123456,110.814489,1,0.5,5.38
7830,-1.123456,110.817858,1,0.5,5.38
7831,-1.123456,110.821226,1,0.5,5.38
7832,-1.123456,110.831333,1,0.5,26.83
7833,-1.123456,110.834701,2,0.5,26.83
7834,-1.123456,110.83807,2,0.5,26.83
7835,-1.126824,110.558469,1,0.5,4.09
7836,-1.126824,110.561838,1,0.5,4.09
7837,-1.126824,110.565207,1,0.5,4.09
7838,-1.126824,110.575313,2,0.5,5.24
7839,-1.126824,110.578681,2,0.5,5.24
7840,-1.126824,110.598893,1,0.5,7.4
7841,-1.126824,110.602262,1,0.5,7.4
7842,-1.126824,110.605631,1,0.5,7.4
7843,-1.126824,110.716797,1,0.5,29.93
7844,-1.126824,110.720166,1,0.5,29.93
7845,-1.126824,110.723535,1,0.5,29.93
7846,-1.126824,110.814489,1,0.5,5.38
7847,-1.126824,110.817858,1,0.5,5.38
7848,-1.126824,110.821226,1,0.5,5.38
7849,-1.126824,110.824595,1,0.5,5.38
7850,-1.126824,110.834701,1,0.5,26.83
7851,-1.126824,110.83807,1,0.5,26.83
7852,-1.126824,110.841439,1,0.5,26.83
7853,-1.130193,110.602262,1,0.5,2.71
7854,-1.130193,110.605631,1,0.5,2.71
7855,-1.130193,110.625843,1,0.5,6.35
7856,-1.130193,110.629212,1,0.5,5.78
7857,-1.130193,110.63258,1,0.5,5.78
7858,-1.130193,110.720166,1,0.5,29.93
7859,-1.130193,110.723535,1,0.5,29.93
7860,-1.130193,110.726903,1,0.5,29.93
7861,-1.130193,110.801014,1,0.5,4.69
7862,-1.130193,110.804383,1,0.5,4.69
7863,-1.130193,110.814489,1,0.5,5.38
7864,-1.130193,110.817858,1,0.5,5.38
7865,-1.130193,110.821226,1,0.5,5.38
7866,-1.130193,110.824595,1,0.5,5.38
7867,-1.130193,110.834701,1,0.5,26.83
7868,-1.130193,110.83807,1,0.5,26.83
7869,-1.130193,110.841439,1,0.5,26.83
7870,-1.133562,110.629212,1,0.5,5.78
7871,-1.133562,110.63258,1,0.5,5.78
7872,-1.133562,110.635949,1,0.5,5.78
7873,-1.133562,110.716797,1,0.5,11.31
7874,-1.133562,110.720166,1,0.5,11.31
7875,-1.133562,110.723535,1,0.5,11.31
7876,-1.133562,110.730272,1,0.5,4.81
7877,-1.133562,110.733641,1,0.5,4.81
7878,-1.133562,110.737009,1,0.5,4.81
7879,-1.133562,110.801014,1,0.5,4.69
7880,-1.133562,110.804383,1,0.5,4.69
7881,-1.133562,110.821226,1,0.5,9.29
7882,-1.133562,110.824595,1,0.5,9.29
7883,-1.133562,110.827964,1,0.5,9.29
7884,-1.13693,110.524782,1,0.5,9.7
7885,-1.13693,110.528151,1,0.5,9.7
7886,-1.13693,110.53152,1,0.5,9.7
7887,-1.13693,110.629212,1,0.5,5.78
7888,-1.13693,110.63258,1,0.5,5.78
7889,-1.13693,110.635949,1,0.5,5.78
7890,-1.13693,110.639318,1,0.5,16.9
7891,-1.13693,110.642686,1,0.5,16.9
7892,-1.13693,110.646055,1,0.5,16.9
7893,-1.13693,110.689848,1,0.5,4.57
7894,-1.13693,110.693217,1,0.5,4.57
7895,-1.13693,110.696585,1,0.5,4.57
7896,-1.13693,110.716797,2,0.5,11.31
7897,-1.13693,110.720166,2,0.5,11.31
7898,-1.13693,110.723535,2,0.5,11.31
7899,-1.13693,110.730272,1,0.5,4.81
7900,-1.13693,110.733641,1,0.5,4.81
7901,-1.13693,110.737009,1,0.5,4.81
7902,-1.13693,110.821226,1,0.5,9.29
7903,-1.13693,110.824595,1,0.5,9.29
7904,-1.13693,110.827964,1,0.5,9.29
7905,-1.140299,110.521414,1,0.5,9.7
7906,-1.140299,110.524782,1,0.5,9.7
7907,-1.140299,110.528151,1,0.5,9.7
7908,-1.140299,110.53152,1,0.5,9.7
7909,-1.140299,110.558469,1,0.5,3.8
7910,-1.140299,110.561838,1,0.5,3.8
7911,-1.140299,110.565207,1,0.5,3.8
7912,-1.140299,110.592156,1,0.5,10.75
7913,-1.140299,110.595525,1,0.5,10.75
7914,-1.140299,110.598893,1,0.5,10.75
7915,-1.140299,110.639318,1,0.5,16.9
7916,-1.140299,110.642686,1,0.5,16.9
7917,-1.140299,110.646055,1,0.5,16.9
7918,-1.140299,110.689848,1,0.5,4.57
7919,-1.140299,110.693217,1,0.5,4.57
7920,-1.140299,110.696585,1,0.5,4.57
7921,-1.140299,110.716797,2,0.5,11.31
7922,-1.140299,110.720166,2,0.5,11.31
7923,-1.140299,110.723535,2,0.5,11.31
7924,-1.140299,110.730272,1,0.5,4.81
7925,-1.140299,110.733641,1,0.5,4.81
7926,-1.140299,110.737009,1,0.5,4.81
7927,-1.143668,110.521414,1,0.5,9.7
7928,-1.143668,110.524782,1,0.5,9.7
7929,-1.143668,110.528151,1,0.5,9.7
7930,-1.143668,110.53152,1,0.5,9.7
7931,-1.143668,110.558469,1,0.5,3.8
7932,-1.143668,110.561838,1,0.5,3.8
7933,-1.143668,110.565207,1,0.5,3.8
7934,-1.143668,110.592156,1,0.5,26.81
7935,-1.143668,110.595525,1,0.5,26.81
7936,-1.143668,110.598893,1,0.5,26.81
7937,-1.143668,110.625843,1,0.5,3.19
7938,-1.143668,110.629212,1,0.5,3.19
7939,-1.143668,110.63258,1,0.5,3.43
7940,-1.143668,110.639318,1,0.5,16.9
7941,-1.143668,110.642686,1,0.5,16.9
7942,-1.143668,110.646055,1,0.5,16.9
7943,-1.143668,110.696585,1,0.5,5.12
7944,-1.143668,110.699954,1,0.5,5.12
7945,-1.143668,110.703323,1,0.5,5.12
7946,-1.143668,110.706691,1,0.5,10.86
7947,-1.143668,110.71006,2,0.5,10.86
7948,-1.143668,110.713429,1,0.5,4.65
7949,-1.143668,110.716797,1,0.5,4.09
7950,-1.143668,110.720166,1,0.5,4.09
7951,-1.143668,110.723535,1,0.5,4.09
7952,-1.143668,110.801014,1,0.5,11.78
7953,-1.143668,110.804383,1,0.5,11.78
7954,-1.147036,110.588787,1,0.5,26.81
7955,-1.147036,110.592156,1,0.5,26.81
7956,-1.147036,110.595525,1,0.5,26.81
7957,-1.147036,110.598893,1,0.5,26.81
7958,-1.147036,110.625843,1,0.5,3.19
7959,-1.147036,110.629212,1,0.5,3.19
7960,-1.147036,110.63258,1,0.5,3.43
7961,-1.147036,110.696585,1,0.5,5.12
7962,-1.147036,110.699954,2,0.5,5.99
7963,-1.147036,110.703323,3,0.67,5.99
7964,-1.147036,110.706691,3,0.67,10.86
7965,-1.147036,110.71006,2,0.5,10.86
7966,-1.147036,110.713429,1,0.5,4.65
7967,-1.147036,110.801014,1,0.5,11.78
7968,-1.147036,110.804383,1,0.5,11.78
7969,-1.150405,110.588787,1,0.5,26.81
7970,-1.150405,110.592156,1,0.5,26.81
7971,-1.150405,110.595525,1,0.5,26.81
7972,-1.150405,110.625843,1,0.5,3.19
7973,-1.150405,110.629212,1,0.5,3.19
7974,-1.150405,110.63258,2,0.5,6.43
7975,-1.150405,110.635949,1,0.5,6.43
7976,-1.150405,110.639318,1,0.5,5.93
7977,-1.150405,110.642686,1,0.5,5.93
7978,-1.150405,110.646055,1,0.5,5.93
7979,-1.150405,110.696585,1,0.5,5.12
7980,-1.150405,110.699954,3,0.5,7.65
7981,-1.150405,110.703323,5,0.6,14.91
7982,-1.150405,110.706691,4,0.62,14.91
7983,-1.150405,110.71006,2,0.5,14.91
7984,-1.150405,110.713429,2,0.5,14.91
7985,-1.150405,110.797646,1,0.5,12.78
7986,-1.150405,110.801014,1,1.0,11.78
7987,-1.150405,110.804383,1,1.0,11.78
7988,-1.150405,110.807752,1,1.0,11.78
7989,-1.153774,110.423722,1,0.5,9.34
7990,-1.153774,110.427091,1,0.5,9.34
7991,-1.153774,110.629212,1,0.5,5.34
7992,-1.153774,110.63258,1,0.5,5.34
7993,-1.153774,110.635949,1,0.5,6.43
7994,-1.153774,110.639318,1,0.5,5.93
7995,-1.153774,110.642686,1,0.5,5.93
7996,-1.153774,110.646055,1,0.5,5.93
7997,-1.153774,110.693217,1,0.5,24.13
7998,-1.153774,110.696585,1,0.5,24.13
7999,-1.153774,110.699954,3,0.5,24.13
8000,-1.153774,110.703323,4,0.62,14.91
8001,-1.153774,110.706691,4,0.62,14.91
8002,-1.153774,110.71006,1,0.5,14.91
8003,-1.153774,110.713429,1,0.5,14.91
8004,-1.153774,110.797646,1,0.5,12.78
8005,-1.153774,110.801014,1,1.0,11.78
8006,-1.153774,110.804383,1,1.0,11.78
8007,-1.153774,110.807752,1,1.0,11.78
8008,-1.157142,110.423722,1,0.5,9.34
8009,-1.157142,110.427091,1,0.5,9.34
8010,-1.157142,110.571944,1,0.5,2.14
8011,-1.157142,110.575313,1,0.5,2.14
8012,-1.157142,110.578681,1,0.5,2.14
8013,-1.157142,110.629212,1,0.5,5.34
8014,-1.157142,110.63258,1,0.5,5.34
8015,-1.157142,110.635949,1,0.5,6.43
8016,-1.157142,110.639318,1,0.5,5.93
8017,-1.157142,110.642686,1,0.5,5.93
8018,-1.157142,110.646055,1,0.5,5.93
8019,-1.157142,110.693217,1,0.5,24.13
8020,-1.157142,110.696585,1,0.5,24.13
8021,-1.157142,110.699954,3,0.5,24.13
8022,-1.157142,110.703323,2,0.5,7.65
8023,-1.157142,110.706691,2,0.5,7.65
8024,-1.157142,110.763959,1,0.5,7.58
8025,-1.157142,110.767328,1,0.5,7.58
8026,-1.157142,110.770696,1,0.5,7.58
8027,-1.157142,110.797646,1,0.5,12.78
8028,-1.157142,110.801014,1,1.0,11.78
8029,-1.157142,110.804383,1,1.0,11.78
8030,-1.157142,110.807752,1,1.0,11.78
8031,-1.160511,110.423722,1,0.5,9.34
8032,-1.160511,110.427091,1,0.5,9.34
8033,-1.160511,110.571944,1,0.5,2.14
8034,-1.160511,110.575313,1,0.5,2.14
8035,-1.160511,110.578681,1,0.5,2.14
8036,-1.160511,110.629212,1,0.5,5.34
8037,-1.160511,110.63258,1,0.5,5.34
8038,-1.160511,110.635949,1,0.5,6.43
8039,-1.160511,110.693217,1,0.5,24.13
8040,-1.160511,110.696585,1,0.5,24.13
8041,-1.160511,110.699954,1,0.5,24.13
8042,-1.160511,110.703323,1,0.5,2.59
8043,-1.160511,110.706691,1,0.5,2.59
8044,-1.160511,110.763959,1,0.5,7.58
8045,-1.160511,110.767328,1,0.5,7.58
8046,-1.160511,110.770696,1,0.5,7.58
8047,-1.160511,110.797646,1,0.5,12.78
8048,-1.160511,110.801014,1,0.5,12.78
8049,-1.16388,110.460777,1,0.5,7.52
8050,-1.16388,110.464146,1,0.5,7.52
8051,-1.16388,110.467515,1,0.5,7.52
8052,-1.16388,110.474252,1,0.5,4.51
8053,-1.16388,110.477621,1,0.5,4.51
8054,-1.16388,110.48099,1,0.5,4.51
8055,-1.16388,110.571944,1,0.5,2.14
8056,-1.16388,110.575313,1,0.5,2.14
8057,-1.16388,110.578681,1,0.5,2.14
8058,-1.16388,110.666267,1,0.5,2.68
8059,-1.16388,110.669636,1,0.5,2.68
8060,-1.16388,110.676373,1,0.5,7.26
8061,-1.16388,110.679742,1,0.5,7.26
8062,-1.16388,110.68311,1,0.5,7.26
8063,-1.16388,110.703323,1,0.5,2.59
8064,-1.16388,110.706691,1,0.5,2.59
8065,-1.16388,110.763959,1,0.5,7.58
8066,-1.16388,110.767328,1,0.5,7.58
8067,-1.16388,110.770696,1,0.5,7.58
8068,-1.16388,110.807752,1,0.5,2.57
8069,-1.16388,110.81112,1,0.5,2.57
8070,-1.16388,110.814489,1,0.5,2.57
8071,-1.167248,110.457409,1,0.5,9.52
8072,-1.167248,110.460777,1,0.5,9.52
8073,-1.167248,110.464146,1,0.5,9.52
8074,-1.167248,110.467515,1,0.5,7.52
8075,-1.167248,110.474252,1,0.5,4.51
8076,-1.167248,110.477621,1,0.5,4.51
8077,-1.167248,110.48099,1,0.5,4.51
8078,-1.167248,110.555101,1,0.5,19.9
8079,-1.167248,110.558469,1,0.5,19.9
8080,-1.167248,110.561838,1,0.5,19.9
8081,-1.167248,110.622474,1,0.5,2.01
8082,-1.167248,110.625843,1,0.5,2.01
8083,-1.167248,110.629212,1,0.5,2.01
8084,-1.167248,110.666267,1,0.5,2.68
8085,-1.167248,110.669636,1,0.5,2.68
8086,-1.167248,110.676373,1,0.5,7.26
8087,-1.167248,110.679742,2,0.5,18.53
8088,-1.167248,110.68311,2,0.5,18.53
8089,-1.167248,110.686479,1,0.5,18.53
8090,-1.167248,110.737009,1,0.5,6.23
8091,-1.167248,110.740378,1,0.5,6.23
8092,-1.167248,110.743747,1,0.5,6.23
8093,-1.167248,110.750484,1,0.5,6.75
8094,-1.167248,110.753853,1,0.5,6.75
8095,-1.167248,110.807752,1,0.5,2.57
8096,-1.167248,110.81112,1,0.5,2.57
8097,-1.167248,110.814489,1,0.5,2.57
8098,-1.167248,110.824595,2,0.5,16.02
8099,-1.167248,110.827964,2,0.5,16.02
8100,-1.167248,110.831333,2,0.5,16.02
8101,-1.170617,110.457409,1,0.5,9.52
8102,-1.170617,110.460777,1,0.5,9.52
8103,-1.170617,110.464146,1,0.5,9.52
8104,-1.170617,110.467515,1,0.5,7.52
8105,-1.170617,110.474252,1,0.5,4.51
8106,-1.170617,110.477621,1,0.5,4.51
8107,-1.170617,110.48099,1,0.5,4.51
8108,-1.170617,110.555101,1,0.5,19.9
8109,-1.170617,110.558469,1,0.5,19.9
8110,-1.170617,110.561838,1,0.5,22.37
8111,-1.170617,110.565207,1,0.5,22.37
8112,-1.170617,110.622474,1,0.5,2.01
8113,-1.170617,110.625843,1,0.5,2.01
8114,-1.170617,110.629212,1,0.5,2.01
8115,-1.170617,110.666267,1,0.5,7.27
8116,-1.170617,110.669636,1,0.5,7.27
8117,-1.170617,110.673004,1,0.5,7.27
8118,-1.170617,110.676373,1,0.5,7.26
8119,-1.170617,110.679742,2,0.5,18.53
8120,-1.170617,110.68311,2,0.5,18.53
8121,-1.170617,110.686479,1,0.5,18.53
8122,-1.170617,110.737009,1,0.5,6.23
8123,-1.170617,110.740378,1,0.5,6.23
8124,-1.170617,110.743747,1,0.5,6.23
8125,-1.170617,110.750484,2,0.5,43.06
8126,-1.170617,110.753853,2,0.5,43.06
8127,-1.170617,110.757222,1,0.5,43.06
8128,-1.170617,110.78754,1,0.5,3.93
8129,-1.170617,110.790908,1,0.5,3.93
8130,-1.170617,110.794277,1,0.5,3.93
8131,-1.170617,110.824595,2,0.5,16.02
8132,-1.170617,110.827964,2,0.5,16.02
8133,-1.170617,110.831333,2,0.5,16.02
8134,-1.173986,110.400141,1,0.5,4.5
8135,-1.173986,110.40351,1,0.5,4.5
8136,-1.173986,110.406879,1,0.5,4.5
8137,-1.173986,110.555101,1,0.5,19.9
8138,-1.173986,110.558469,1,0.5,19.9
8139,-1.173986,110.561838,1,0.5,22.37
8140,-1.173986,110.565207,1,0.5,22.37
8141,-1.173986,110.619106,1,0.5,3.42
8142,-1.173986,110.622474,1,0.5,3.42
8143,-1.173986,110.625843,2,0.5,20.44
8144,-1.173986,110.629212,1,0.5,20.44
8145,-1.173986,110.63258,1,0.5,20.44
8146,-1.173986,110.656161,1,0.5,48.51
8147,-1.173986,110.65953,1,0.5,48.51
8148,-1.173986,110.662898,1,0.5,48.51
8149,-1.173986,110.666267,1,0.5,7.27
8150,-1.173986,110.669636,1,0.5,7.27
8151,-1.173986,110.673004,1,0.5,7.27
8152,-1.173986,110.679742,1,0.5,18.53
8153,-1.173986,110.68311,1,0.5,18.53
8154,-1.173986,110.686479,1,0.5,18.53
8155,-1.173986,110.750484,2,0.5,43.06
8156,-1.173986,110.753853,2,0.5,43.06
8157,-1.173986,110.757222,1,0.5,43.06
8158,-1.173986,110.78754,1,0.5,3.93
8159,-1.173986,110.790908,1,0.5,3.93
8160,-1.173986,110.794277,1,0.5,3.93
8161,-1.173986,110.824595,1,0.5,3.58
8162,-1.173986,110.827964,1,0.5,3.58
8163,-1.173986,110.831333,1,0.5,3.58
8164,-1.177354,110.393404,1,0.5,6.38
8165,-1.177354,110.396773,1,0.5,6.38
8166,-1.177354,110.400141,2,0.5,4.57
8167,-1.177354,110.40351,2,0.5,4.57
8168,-1.177354,110.406879,2,0.5,5.17
8169,-1.177354,110.410247,2,0.5,5.74
8170,-1.177354,110.413616,1,0.5,5.74
8171,-1.177354,110.474252,1,0.5,78.9
8172,-1.177354,110.477621,1,0.5,78.9
8173,-1.177354,110.48099,1,0.5,78.9
8174,-1.177354,110.555101,1,1.0,51.29
8175,-1.177354,110.558469,1,1.0,51.29
8176,-1.177354,110.561838,2,0.75,51.29
8177,-1.177354,110.565207,2,0.5,40.42
8178,-1.177354,110.595525,1,0.5,7.61
8179,-1.177354,110.598893,1,0.5,7.61
8180,-1.177354,110.602262,1,0.5,7.61
8181,-1.177354,110.619106,1,0.5,3.42
8182,-1.177354,110.622474,1,0.5,3.42
8183,-1.177354,110.625843,2,0.5,20.44
8184,-1.177354,110.629212,1,0.5,20.44
8185,-1.177354,110.63258,1,0.5,20.44
8186,-1.177354,110.656161,1,0.5,48.51
8187,-1.177354,110.65953,1,0.5,48.51
8188,-1.177354,110.662898,2,0.5,48.51
8189,-1.177354,110.666267,1,0.5,5.58
8190,-1.177354,110.669636,1,0.5,5.58
8191,-1.177354,110.673004,1,0.5,5.58
8192,-1.177354,110.686479,1,0.5,2.11
8193,-1.177354,110.689848,1,0.5,2.11
8194,-1.177354,110.693217,1,0.5,2.11
8195,-1.177354,110.733641,1,0.5,6.78
8196,-1.177354,110.737009,1,0.5,6.78
8197,-1.177354,110.740378,1,0.5,6.78
8198,-1.177354,110.750484,1,0.5,43.06
8199,-1.177354,110.753853,1,0.5,43.06
8200,-1.177354,110.757222,1,0.5,43.06
8201,-1.177354,110.780802,1,0.5,8.26
8202,-1.177354,110.784171,1,0.5,8.26
8203,-1.177354,110.78754,1,0.5,3.93
8204,-1.177354,110.790908,1,0.5,3.93
8205,-1.177354,110.794277,1,0.5,3.93
8206,-1.180723,110.393404,1,0.5,6.38
8207,-1.180723,110.396773,1,0.5,6.38
8208,-1.180723,110.400141,2,0.5,4.57
8209,-1.180723,110.40351,2,0.5,4.57
8210,-1.180723,110.406879,3,0.5,5.17
8211,-1.180723,110.410247,2,0.5,5.17
8212,-1.180723,110.413616,1,0.5,4.9
8213,-1.180723,110.430459,1,0.5,6.6
8214,-1.180723,110.433828,1,0.5,6.6
8215,-1.180723,110.464146,1,0.5,22.32
8216,-1.180723,110.467515,1,0.5,22.32
8217,-1.180723,110.474252,1,0.5,78.9
8218,-1.180723,110.477621,1,0.5,22.77
8219,-1.180723,110.48099,1,0.5,22.77
8220,-1.180723,110.484358,1,0.5,22.77
8221,-1.180723,110.548363,2,0.5,39.28
8222,-1.180723,110.551732,2,0.5,39.28
8223,-1.180723,110.555101,3,0.67,51.29
8224,-1.180723,110.558469,2,0.75,51.29
8225,-1.180723,110.561838,1,1.0,51.29
8226,-1.180723,110.565207,1,0.5,40.42
8227,-1.180723,110.568575,1,0.5,4.9
8228,-1.180723,110.571944,1,0.5,4.9
8229,-1.180723,110.575313,3,0.5,7.39
8230,-1.180723,110.578681,3,0.5,7.39
8231,-1.180723,110.58205,2,0.5,7.39
8232,-1.180723,110.585419,2,0.5,8.31
8233,-1.180723,110.588787,1,0.5,2.8
8234,-1.180723,110.592156,1,0.5,2.8
8235,-1.180723,110.595525,1,0.5,7.61
8236,-1.180723,110.598893,1,0.5,7.61
8237,-1.180723,110.602262,1,0.5,7.61
8238,-1.180723,110.619106,1,0.5,3.42
8239,-1.180723,110.622474,1,0.5,3.42
8240,-1.180723,110.625843,2,0.5,20.44
8241,-1.180723,110.629212,1,0.5,20.44
8242,-1.180723,110.63258,1,0.5,20.44
8243,-1.180723,110.662898,1,0.5,5.58
8244,-1.180723,110.666267,1,0.5,5.58
8245,-1.180723,110.669636,1,0.5,5.58
8246,-1.180723,110.673004,1,0.5,4.99
8247,-1.180723,110.686479,1,0.5,2.11
8248,-1.180723,110.689848,1,0.5,2.11
8249,-1.180723,110.693217,1,0.5,2.11
8250,-1.180723,110.733641,1,0.5,6.78
8251,-1.180723,110.737009,1,0.5,6.78
8252,-1.180723,110.740378,1,0.5,6.78
8253,-1.180723,110.780802,1,0.5,8.26
8254,-1.180723,110.784171,1,0.5,8.26
8255,-1.180723,110.78754,1,0.5,8.26
8256,-1.180723,110.790908,1,0.5,8.26
8257,-1.184092,110.400141,1,0.5,4.57
8258,-1.184092,110.40351,1,0.5,4.57
8259,-1.184092,110.406879,2,0.5,5.17
8260,-1.184092,110.410247,2,0.5,5.17
8261,-1.184092,110.413616,1,0.5,4.9
8262,-1.184092,110.430459,1,0.5,6.6
8263,-1.184092,110.433828,1,0.5,6.6
8264,-1.184092,110.464146,1,0.5,22.32
8265,-1.184092,110.467515,1,0.5,22.32
8266,-1.184092,110.474252,1,0.5,78.9
8267,-1.184092,110.477621,1,0.5,22.77
8268,-1.184092,110.48099,1,0.5,22.77
8269,-1.184092,110.484358,1,0.5,22.77
8270,-1.184092,110.548363,2,0.5,39.28
8271,-1.184092,110.551732,2,0.5,39.28
8272,-1.184092,110.555101,3,0.67,51.29
8273,-1.184092,110.558469,2,0.75,51.29
8274,-1.184092,110.561838,2,0.75,51.29
8275,-1.184092,110.565207,1,0.5,40.42
8276,-1.184092,110.568575,1,0.5,4.9
8277,-1.184092,110.571944,1,0.5,4.9
8278,-1.184092,110.575313,3,0.5,7.39
8279,-1.184092,110.578681,3,0.5,7.39
8280,-1.184092,110.58205,4,0.5,7.39
8281,-1.184092,110.585419,4,0.5,8.31
8282,-1.184092,110.588787,3,0.5,5.35
8283,-1.184092,110.592156,1,0.5,2.8
8284,-1.184092,110.595525,1,0.5,7.61
8285,-1.184092,110.598893,1,0.5,7.61
8286,-1.184092,110.602262,1,0.5,7.61
8287,-1.184092,110.625843,1,0.5,3.7
8288,-1.184092,110.629212,1,0.5,3.7
8289,-1.184092,110.63258,2,0.5,18.09
8290,-1.184092,110.635949,1,0.5,18.09
8291,-1.184092,110.639318,1,0.5,18.09
8292,-1.184092,110.642686,1,0.5,18.09
8293,-1.184092,110.656161,1,0.5,3.49
8294,-1.184092,110.65953,1,0.5,3.49
8295,-1.184092,110.662898,2,0.5,5.58
8296,-1.184092,110.666267,1,0.5,5.58
8297,-1.184092,110.669636,1,0.5,5.58
8298,-1.184092,110.673004,1,0.5,4.99
8299,-1.184092,110.706691,1,0.5,2.41
8300,-1.184092,110.71006,1,0.5,2.41
8301,-1.184092,110.713429,1,0.5,2.41
8302,-1.184092,110.733641,1,0.5,6.78
8303,-1.184092,110.737009,1,0.5,6.78
8304,-1.184092,110.740378,1,0.5,6.78
8305,-1.184092,110.780802,1,0.5,8.26
8306,-1.184092,110.784171,1,0.5,8.26
8307,-1.184092,110.78754,1,0.5,8.26
8308,-1.184092,110.790908,1,0.5,8.26
8309,-1.187461,110.406879,1,0.5,4.9
8310,-1.187461,110.410247,1,0.5,4.9
8311,-1.187461,110.413616,1,0.5,4.9
8312,-1.187461,110.430459,1,0.5,26.23
8313,-1.187461,110.433828,1,0.5,26.23
8314,-1.187461,110.437197,1,0.5,26.23
8315,-1.187461,110.447303,1,0.5,4.07
8316,-1.187461,110.450671,1,0.5,4.07
8317,-1.187461,110.45404,1,0.5,4.07
8318,-1.187461,110.474252,1,0.5,18.68
8319,-1.187461,110.477621,1,0.5,22.77
8320,-1.187461,110.48099,1,0.5,22.77
8321,-1.187461,110.484358,1,0.5,22.77
8322,-1.187461,110.538257,1,0.5,10.89
8323,-1.187461,110.541626,1,0.5,10.89
8324,-1.187461,110.544995,1,0.5,10.89
8325,-1.187461,110.548363,2,0.5,39.28
8326,-1.187461,110.551732,2,0.5,39.28
8327,-1.187461,110.555101,3,0.67,51.29
8328,-1.187461,110.558469,2,0.75,51.29
8329,-1.187461,110.561838,2,0.75,51.29
8330,-1.187461,110.565207,1,0.5,40.42
8331,-1.187461,110.568575,1,0.5,4.9
8332,-1.187461,110.571944,2,0.5,4.9
8333,-1.187461,110.575313,3,0.5,7.39
8334,-1.187461,110.578681,2,0.5,7.39
8335,-1.187461,110.58205,6,0.5,20.25
8336,-1.187461,110.585419,7,0.5,20.25
8337,-1.187461,110.588787,6,0.5,20.25
8338,-1.187461,110.592156,2,0.5,9.38
8339,-1.187461,110.595525,1,0.5,7.61
8340,-1.187461,110.598893,1,0.5,7.61
8341,-1.187461,110.602262,1,0.5,7.61
8342,-1.187461,110.63258,1,0.5,18.09
8343,-1.187461,110.635949,1,0.5,18.09
8344,-1.187461,110.639318,1,0.5,18.09
8345,-1.187461,110.642686,1,0.5,18.09
8346,-1.187461,110.656161,1,0.5,3.49
8347,-1.187461,110.65953,1,0.5,3.49
8348,-1.187461,110.662898,2,0.5,4.99
8349,-1.187461,110.666267,1,0.5,4.99
8350,-1.187461,110.669636,1,0.5,4.99
8351,-1.187461,110.673004,1,0.5,4.99
8352,-1.187461,110.706691,1,0.5,2.41
8353,-1.187461,110.71006,1,0.5,2.41
8354,-1.187461,110.713429,1,0.5,2.41
8355,-1.187461,110.733641,1,0.5,6.78
8356,-1.187461,110.737009,1,0.5,6.78
8357,-1.187461,110.740378,1,0.5,6.78
8358,-1.187461,110.81112,1,0.5,7.88
8359,-1.187461,110.814489,1,0.5,7.88
8360,-1.190829,110.430459,1,0.5,26.23
8361,-1.190829,110.433828,1,0.5,26.23
8362,-1.190829,110.437197,1,0.5,26.23
8363,-1.190829,110.447303,1,0.5,4.07
8364,-1.190829,110.450671,1,0.5,4.07
8365,-1.190829,110.45404,1,0.5,4.07
8366,-1.190829,110.50457,1,0.5,5.72
8367,-1.190829,110.507939,1,0.5,5.72
8368,-1.190829,110.511308,1,0.5,5.72
8369,-1.190829,110.538257,1,0.5,10.89
8370,-1.190829,110.541626,1,0.5,10.89
8371,-1.190829,110.544995,1,0.5,10.89
8372,-1.190829,110.565207,1,0.5,2.31
8373,-1.190829,110.568575,2,0.5,3.98
8374,-1.190829,110.571944,3,0.5,3.98
8375,-1.190829,110.575313,2,0.5,3.98
8376,-1.190829,110.578681,1,0.5,3.98
8377,-1.190829,110.58205,5,0.5,20.25
8378,-1.190829,110.585419,5,0.5,20.25
8379,-1.190829,110.588787,5,0.5,20.25
8380,-1.190829,110.592156,1,0.5,9.38
8381,-1.190829,110.619106,1,0.5,29.99
8382,-1.190829,110.622474,1,0.5,29.99
8383,-1.190829,110.625843,1,0.5,29.99
8384,-1.190829,110.63258,1,0.5,18.09
8385,-1.190829,110.635949,2,0.5,18.09
8386,-1.190829,110.639318,2,0.5,18.09
8387,-1.190829,110.642686,2,0.5,18.09
8388,-1.190829,110.656161,1,0.5,3.49
8389,-1.190829,110.65953,1,0.5,3.49
8390,-1.190829,110.662898,1,0.5,3.49
8391,-1.190829,110.696585,1,0.5,6.05
8392,-1.190829,110.699954,1,0.5,6.05
8393,-1.190829,110.703323,1,0.5,6.05
8394,-1.190829,110.81112,1,0.5,7.88
8395,-1.190829,110.814489,1,0.5,7.88
8396,-1.194198,110.430459,1,0.5,26.23
8397,-1.194198,110.433828,1,0.5,26.23
8398,-1.194198,110.437197,1,0.5,26.23
8399,-1.194198,110.447303,1,0.5,4.07
8400,-1.194198,110.450671,1,0.5,4.07
8401,-1.194198,110.45404,1,0.5,4.07
8402,-1.194198,110.50457,1,0.5,5.72
8403,-1.194198,110.507939,1,0.5,5.72
8404,-1.194198,110.511308,1,0.5,5.72
8405,-1.194198,110.524782,1,0.5,2.11
8406,-1.194198,110.528151,1,0.5,2.11
8407,-1.194198,110.53152,1,0.5,2.11
8408,-1.194198,110.538257,1,0.5,10.89
8409,-1.194198,110.541626,1,0.5,10.89
8410,-1.194198,110.544995,1,0.5,10.89
8411,-1.194198,110.565207,1,0.5,2.31
8412,-1.194198,110.568575,2,0.5,3.98
8413,-1.194198,110.571944,3,0.5,23.85
8414,-1.194198,110.575313,3,0.5,23.85
8415,-1.194198,110.578681,2,0.5,23.85
8416,-1.194198,110.58205,3,0.5,7.23
8417,-1.194198,110.585419,4,0.5,9.38
8418,-1.194198,110.588787,4,0.5,9.38
8419,-1.194198,110.592156,1,0.5,9.38
8420,-1.194198,110.619106,1,0.5,15.39
8421,-1.194198,110.622474,1,0.5,15.39
8422,-1.194198,110.625843,1,0.5,15.39
8423,-1.194198,110.635949,1,0.5,6.65
8424,-1.194198,110.639318,1,0.5,6.65
8425,-1.194198,110.642686,1,0.5,6.65
8426,-1.194198,110.646055,1,0.5,7.82
8427,-1.194198,110.662898,1,0.5,4.18
8428,-1.194198,110.666267,1,0.5,4.18
8429,-1.194198,110.696585,1,0.5,6.05
8430,-1.194198,110.699954,1,0.5,6.05
8431,-1.194198,110.703323,1,0.5,6.05
8432,-1.194198,110.81112,1,0.5,7.88
8433,-1.194198,110.814489,1,0.5,7.88
8434,-1.194198,111.006504,1,1.0,7.82
8435,-1.194198,111.009873,1,1.0,7.82
8436,-1.194198,111.013241,1,0.5,8.3
8437,-1.197567,110.393404,1,0.5,18.42
8438,-1.197567,110.396773,1,0.5,18.42
8439,-1.197567,110.497833,1,0.5,19.55
8440,-1.197567,110.501202,1,0.5,19.55
8441,-1.197567,110.50457,2,0.5,19.55
8442,-1.197567,110.507939,1,0.5,5.72
8443,-1.197567,110.511308,1,0.5,5.72
8444,-1.197567,110.524782,1,0.5,2.11
8445,-1.197567,110.528151,1,0.5,2.11
8446,-1.197567,110.53152,1,0.5,2.11
8447,-1.197567,110.565207,1,0.5,2.31
8448,-1.197567,110.568575,2,0.5,3.98
8449,-1.197567,110.571944,3,0.5,23.85
8450,-1.197567,110.575313,3,0.5,23.85
8451,-1.197567,110.578681,2,0.5,23.85
8452,-1.197567,110.585419,1,0.5,9.38
8453,-1.197567,110.588787,1,0.5,9.38
8454,-1.197567,110.592156,1,0.5,9.38
8455,-1.197567,110.619106,1,0.5,15.39
8456,-1.197567,110.622474,2,0.5,22.31
8457,-1.197567,110.625843,2,0.5,22.31
8458,-1.197567,110.629212,1,0.5,22.31
8459,-1.197567,110.639318,1,0.5,7.82
8460,-1.197567,110.642686,1,0.5,7.82
8461,-1.197567,110.646055,1,0.5,7.82
8462,-1.197567,110.656161,1,0.5,6.04
8463,-1.197567,110.65953,1,0.5,6.04
8464,-1.197567,110.662898,1,0.5,4.18
8465,-1.197567,110.666267,1,0.5,4.18
8466,-1.197567,111.003135,1,0.5,6.05
8467,-1.197567,111.006504,1,1.0,7.82
8468,-1.197567,111.009873,1,1.0,7.82
8469,-1.197567,111.013241,2,0.5,8.3
8470,-1.197567,111.01661,1,0.5,2.38
8471,-1.200935,110.393404,1,0.5,18.42
8472,-1.200935,110.396773,1,0.5,18.42
8473,-1.200935,110.423722,1,0.5,5.89
8474,-1.200935,110.427091,1,0.5,5.89
8475,-1.200935,110.430459,1,0.5,5.89
8476,-1.200935,110.433828,1,0.5,11.99
8477,-1.200935,110.497833,1,0.5,19.55
8478,-1.200935,110.501202,1,0.5,19.55
8479,-1.200935,110.50457,2,0.5,19.55
8480,-1.200935,110.507939,1,0.5,5.72
8481,-1.200935,110.511308,1,0.5,5.72
8482,-1.200935,110.524782,1,0.5,2.11
8483,-1.200935,110.528151,2,0.5,41.16
8484,-1.200935,110.53152,2,0.5,41.16
8485,-1.200935,110.534888,1,0.5,41.16
8486,-1.200935,110.571944,1,0.5,23.85
8487,-1.200935,110.575313,2,0.5,23.85
8488,-1.200935,110.578681,2,0.5,23.85
8489,-1.200935,110.622474,1,0.5,22.31
8490,-1.200935,110.625843,1,0.5,22.31
8491,-1.200935,110.629212,1,0.5,22.31
8492,-1.200935,110.656161,1,0.5,6.04
8493,-1.200935,110.65953,1,0.5,6.04
8494,-1.200935,110.662898,1,0.5,4.18
8495,-1.200935,110.666267,1,0.5,4.18
8496,-1.200935,111.003135,1,0.5,6.05
8497,-1.200935,111.006504,1,1.0,7.82
8498,-1.200935,111.009873,1,1.0,7.82
8499,-1.200935,111.013241,2,0.5,8.3
8500,-1.200935,111.01661,1,0.5,2.38
8501,-1.204304,110.423722,1,0.5,5.89
8502,-1.204304,110.427091,1,0.5,5.89
8503,-1.204304,110.430459,1,0.5,5.89
8504,-1.204304,110.433828,1,0.5,11.99
8505,-1.204304,110.45404,1,0.5,21.06
8506,-1.204304,110.457409,1,0.5,21.06
8507,-1.204304,110.460777,1,0.5,21.06
8508,-1.204304,110.497833,1,0.5,19.55
8509,-1.204304,110.501202,1,0.5,19.55
8510,-1.204304,110.50457,1,0.5,19.55
8511,-1.204304,110.528151,1,0.5,41.16
8512,-1.204304,110.53152,1,0.5,41.16
8513,-1.204304,110.534888,1,0.5,41.16
8514,-1.204304,110.656161,1,0.5,6.04
8515,-1.204304,110.65953,1,0.5,6.04
8516,-1.204304,110.662898,1,0.5,18.66
8517,-1.204304,110.666267,1,0.5,18.66
8518,-1.204304,110.669636,1,0.5,18.66
8519,-1.204304,110.676373,1,0.5,13.22
8520,-1.204304,110.679742,1,0.5,13.22
8521,-1.204304,110.68311,1,0.5,13.22
8522,-1.204304,110.730272,1,0.5,8.04
8523,-1.204304,110.733641,2,0.5,8.04
8524,-1.204304,110.737009,2,0.5,8.04
8525,-1.204304,111.003135,1,0.5,6.05
8526,-1.204304,111.006504,1,0.5,8.3
8527,-1.204304,111.009873,1,0.5,8.3
8528,-1.204304,111.013241,2,0.5,8.3
8529,-1.204304,111.01661,1,0.5,2.38
8530,-1.207673,110.423722,1,0.5,5.89
8531,-1.207673,110.427091,1,0.5,5.89
8532,-1.207673,110.430459,1,0.5,5.89
8533,-1.207673,110.433828,1,0.5,11.99
8534,-1.207673,110.45404,1,0.5,21.06
8535,-1.207673,110.457409,1,0.5,21.06
8536,-1.207673,110.460777,1,0.5,21.06
8537,-1.207673,110.528151,1,0.5,41.16
8538,-1.207673,110.53152,1,0.5,41.16
8539,-1.207673,110.534888,1,0.5,41.16
8540,-1.207673,110.646055,1,0.5,3.01
8541,-1.207673,110.649424,1,0.5,3.01
8542,-1.207673,110.652792,1,0.5,3.01
8543,-1.207673,110.662898,1,0.5,18.66
8544,-1.207673,110.666267,1,0.5,18.66
8545,-1.207673,110.669636,1,0.5,18.66
8546,-1.207673,110.676373,1,0.5,13.22
8547,-1.207673,110.679742,1,0.5,13.22
8548,-1.207673,110.68311,1,0.5,13.22
8549,-1.207673,110.726903,1,0.5,19.68
8550,-1.207673,110.730272,2,0.5,19.68
8551,-1.207673,110.733641,3,0.5,19.68
8552,-1.207673,110.737009,2,0.5,8.04
8553,-1.211041,110.45404,1,0.5,21.06
8554,-1.211041,110.457409,2,0.5,21.06
8555,-1.211041,110.460777,2,0.5,21.06
8556,-1.211041,110.464146,1,0.5,7.45
8557,-1.211041,110.612368,1,0.5,38.18
8558,-1.211041,110.615737,1,0.5,38.18
8559,-1.211041,110.619106,1,0.5,38.18
8560,-1.211041,110.646055,1,0.5,3.01
8561,-1.211041,110.649424,1,0.5,3.01
8562,-1.211041,110.652792,1,0.5,3.01
8563,-1.211041,110.662898,1,0.5,18.66
8564,-1.211041,110.666267,1,0.5,18.66
8565,-1.211041,110.669636,1,0.5,18.66
8566,-1.211041,110.676373,1,0.5,13.22
8567,-1.211041,110.679742,1,0.5,13.22
8568,-1.211041,110.68311,1,0.5,13.22
8569,-1.211041,110.726903,1,0.5,19.68
8570,-1.211041,110.730272,2,0.5,19.68
8571,-1.211041,110.733641,2,0.5,19.68
8572,-1.211041,110.737009,1,0.5,8.04
8573,-1.21441,110.457409,1,0.5,7.45
8574,-1.21441,110.460777,1,0.5,7.45
8575,-1.21441,110.464146,1,0.5,7.45
8576,-1.21441,110.534888,1,0.5,5.02
8577,-1.21441,110.538257,1,0.5,5.02
8578,-1.21441,110.541626,1,0.5,5.02
8579,-1.21441,110.558469,1,0.5,6.28
8580,-1.21441,110.561838,1,0.5,6.28
8581,-1.21441,110.612368,1,0.5,38.18
8582,-1.21441,110.615737,1,0.5,38.18
8583,-1.21441,110.619106,1,0.5,38.18
8584,-1.21441,110.646055,1,0.5,3.01
8585,-1.21441,110.649424,1,0.5,3.01
8586,-1.21441,110.652792,1,0.5,3.01
8587,-1.21441,110.703323,1,0.5,3.38
8588,-1.21441,110.706691,1,0.5,3.38
8589,-1.21441,110.71006,1,0.5,3.38
8590,-1.21441,110.726903,1,0.5,19.68
8591,-1.21441,110.730272,1,0.5,19.68
8592,-1.21441,110.733641,1,0.5,19.68
8593,-1.217779,110.457409,1,0.5,7.45
8594,-1.217779,110.460777,1,0.5,7.45
8595,-1.217779,110.464146,1,0.5,7.45
8596,-1.217779,110.534888,1,0.5,5.02
8597,-1.217779,110.538257,1,0.5,5.02
8598,-1.217779,110.541626,1,0.5,5.02
8599,-1.217779,110.558469,1,0.5,6.28
8600,-1.217779,110.561838,1,0.5,6.28
8601,-1.217779,110.592156,1,0.5,18.81
8602,-1.217779,110.595525,1,0.5,18.81
8603,-1.217779,110.598893,1,0.5,18.81
8604,-1.217779,110.612368,1,0.5,38.18
8605,-1.217779,110.615737,1,0.5,38.18
8606,-1.217779,110.619106,1,0.5,38.18
8607,-1.217779,110.706691,1,0.5,3.38
8608,-1.217779,110.71006,1,0.5,3.38
8609,-1.217779,110.713429,1,0.5,3.38
8610,-1.221147,110.592156,1,0.5,18.81
8611,-1.221147,110.595525,1,0.5,18.81
8612,-1.221147,110.598893,1,0.5,18.81
8613,-1.221147,110.602262,1,0.5,18.81
8614,-1.221147,110.699954,1,0.5,4.61
8615,-1.221147,110.703323,1,0.5,4.61
8616,-1.221147,110.706691,2,0.5,4.61
8617,-1.221147,110.71006,1,0.5,3.38
8618,-1.221147,110.713429,1,0.5,3.38
8619,-1.224516,110.592156,1,0.5,18.81
8620,-1.224516,110.595525,1,0.5,18.81
8621,-1.224516,110.598893,1,0.5,18.81
8622,-1.224516,110.602262,1,0.5,18.81
8623,-1.224516,110.699954,1,0.5,4.61
8624,-1.224516,110.703323,1,0.5,4.61
8625,-1.224516,110.706691,2,0.5,4.61
8626,-1.224516,110.71006,1,0.5,3.38
8627,-1.224516,110.713429,1,0.5,3.38
8628,-1.224516,110.993029,1,0.5,18.47
8629,-1.224516,110.996398,1,0.5,18.47
8630,-1.224516,110.999767,1,0.5,18.47
8631,-1.227885,110.699954,1,0.5,4.61
8632,-1.227885,110.703323,1,0.5,4.61
8633,-1.227885,110.706691,1,0.5,4.61
8634,-1.227885,110.804383,1,0.5,13.06
8635,-1.227885,110.807752,1,0.5,13.06
8636,-1.227885,110.81112,1,0.5,13.06
8637,-1.227885,110.865019,1,0.5,7.97
8638,-1.227885,110.868388,1,0.5,7.97
8639,-1.227885,110.871757,1,0.5,7.97
8640,-1.227885,110.875125,1,0.5,9.84
8641,-1.227885,110.969448,1,0.5,18.08
8642,-1.227885,110.972817,1,0.5,18.08
8643,-1.227885,110.976186,1,0.5,18.08
8644,-1.227885,110.993029,1,0.5,19.51
8645,-1.227885,110.996398,1,0.5,19.51
8646,-1.227885,110.999767,1,0.5,18.47
8647,-1.231253,110.790908,1,0.5,2.65
8648,-1.231253,110.794277,1,0.5,2.65
8649,-1.231253,110.797646,1,0.5,2.65
8650,-1.231253,110.804383,1,0.5,13.06
8651,-1.231253,110.807752,1,0.5,13.06
8652,-1.231253,110.81112,1,0.5,13.06
8653,-1.231253,110.865019,1,0.5,7.97
8654,-1.231253,110.868388,1,0.5,7.97
8655,-1.231253,110.871757,1,0.5,7.97
8656,-1.231253,110.875125,1,0.5,9.84
8657,-1.231253,110.969448,1,0.5,18.08
8658,-1.231253,110.972817,1,0.5,18.08
8659,-1.231253,110.976186,1,0.5,18.08
8660,-1.231253,110.993029,1,0.5,19.51
8661,-1.231253,110.996398,1,0.5,19.51
8662,-1.231253,110.999767,1,0.5,18.47
8663,-1.234622,110.464146,1,0.5,4.81
8664,-1.234622,110.467515,1,0.5,4.81
8665,-1.234622,110.484358,1,0.5,25.46
8666,-1.234622,110.487727,1,0.5,25.46
8667,-1.234622,110.491096,1,0.5,8.29
8668,-1.234622,110.494464,1,0.5,8.29
8669,-1.234622,110.497833,1,0.5,47.54
8670,-1.234622,110.501202,1,0.5,47.54
8671,-1.234622,110.50457,1,0.5,47.54
8672,-1.234622,110.558469,1,0.5,5.44
8673,-1.234622,110.561838,1,0.5,5.44
8674,-1.234622,110.565207,1,0.5,5.44
8675,-1.234622,110.790908,1,0.5,2.65
8676,-1.234622,110.794277,1,0.5,2.65
8677,-1.234622,110.797646,1,0.5,2.65
8678,-1.234622,110.804383,1,0.5,13.06
8679,-1.234622,110.807752,1,0.5,13.06
8680,-1.234622,110.81112,2,0.5,13.06
8681,-1.234622,110.814489,1,0.5,4.93
8682,-1.234622,110.817858,2,0.5,4.93
8683,-1.234622,110.821226,1,0.5,3.44
8684,-1.234622,110.865019,1,0.5,7.97
8685,-1.234622,110.868388,1,0.5,7.97
8686,-1.234622,110.871757,1,0.5,7.97
8687,-1.234622,110.875125,1,0.5,9.84
8688,-1.234622,110.996398,1,0.5,19.51
8689,-1.234622,110.999767,1,0.5,3.23
8690,-1.234622,111.003135,1,0.5,3.23
8691,-1.237991,110.464146,1,0.5,4.81
8692,-1.237991,110.467515,1,0.5,4.81
8693,-1.237991,110.484358,1,0.5,25.46
8694,-1.237991,110.487727,1,0.5,25.46
8695,-1.237991,110.491096,1,0.5,14.49
8696,-1.237991,110.494464,1,0.5,8.29
8697,-1.237991,110.497833,2,0.5,47.54
8698,-1.237991,110.501202,2,0.5,47.54
8699,-1.237991,110.50457,2,0.5,47.54
8700,-1.237991,110.551732,1,0.5,21.05
8701,-1.237991,110.555101,1,0.5,21.05
8702,-1.237991,110.558469,2,0.5,21.05
8703,-1.237991,110.561838,1,0.5,5.44
8704,-1.237991,110.565207,1,0.5,5.44
8705,-1.237991,110.65953,1,0.5,18.86
8706,-1.237991,110.662898,1,0.5,18.86
8707,-1.237991,110.666267,1,0.5,18.86
8708,-1.237991,110.790908,1,0.5,2.65
8709,-1.237991,110.794277,1,0.5,2.65
8710,-1.237991,110.797646,1,0.5,2.65
8711,-1.237991,110.81112,1,0.5,4.93
8712,-1.237991,110.814489,1,0.5,4.93
8713,-1.237991,110.817858,2,0.5,4.93
8714,-1.237991,110.821226,1,0.5,3.44
8715,-1.237991,110.865019,1,0.5,7.97
8716,-1.237991,110.868388,1,0.5,7.97
8717,-1.237991,110.871757,1,0.5,7.97
8718,-1.237991,110.875125,1,0.5,9.84
8719,-1.237991,110.996398,1,0.5,3.23
8720,-1.237991,110.999767,1,0.5,3.23
8721,-1.237991,111.003135,1,0.5,3.23
8722,-1.241359,110.464146,1,0.5,4.81
8723,-1.241359,110.467515,1,0.5,4.81
8724,-1.241359,110.484358,1,0.5,25.46
8725,-1.241359,110.487727,1,0.5,25.46
8726,-1.241359,110.491096,2,0.5,14.49
8727,-1.241359,110.494464,2,0.5,8.29
8728,-1.241359,110.497833,1,0.5,6.91
8729,-1.241359,110.501202,1,0.5,6.91
8730,-1.241359,110.50457,1,0.5,6.91
8731,-1.241359,110.538257,1,0.5,4.79
8732,-1.241359,110.541626,1,0.5,4.79
8733,-1.241359,110.551732,1,0.5,21.05
8734,-1.241359,110.555101,1,0.5,21.05
8735,-1.241359,110.558469,2,0.5,21.05
8736,-1.241359,110.561838,1,0.5,5.44
8737,-1.241359,110.565207,1,0.5,5.44
8738,-1.241359,110.65953,1,0.5,18.86
8739,-1.241359,110.662898,1,0.5,18.86
8740,-1.241359,110.666267,1,0.5,18.86
8741,-1.241359,110.757222,1,0.5,16.49
8742,-1.241359,110.76059,1,0.5,16.49
8743,-1.241359,110.763959,1,0.5,16.49
8744,-1.241359,110.784171,1,0.5,10.22
8745,-1.241359,110.78754,1,0.5,10.22
8746,-1.241359,110.790908,1,0.5,10.22
8747,-1.241359,110.81112,1,0.5,4.93
8748,-1.241359,110.814489,1,0.5,4.93
8749,-1.241359,110.817858,2,0.5,4.93
8750,-1.241359,110.821226,1,0.5,3.44
8751,-1.241359,110.996398,1,0.5,3.23
8752,-1.241359,110.999767,1,0.5,3.23
8753,-1.241359,111.003135,1,0.5,3.23
8754,-1.244728,110.437197,1,1.0,20.31
8755,-1.244728,110.440565,2,0.75,20.31
8756,-1.244728,110.443934,2,0.75,20.31
8757,-1.244728,110.484358,1,0.5,14.49
8758,-1.244728,110.487727,1,0.5,14.49
8759,-1.244728,110.491096,2,0.5,14.49
8760,-1.244728,110.494464,1,0.5,4.19
8761,-1.244728,110.497833,1,0.5,6.91
8762,-1.244728,110.501202,1,0.5,6.91
8763,-1.244728,110.50457,1,0.5,6.91
8764,-1.244728,110.538257,1,0.5,4.79
8765,-1.244728,110.541626,1,0.5,4.79
8766,-1.244728,110.551732,1,0.5,21.05
8767,-1.244728,110.555101,1,0.5,21.05
8768,-1.244728,110.558469,1,0.5,21.05
8769,-1.244728,110.757222,1,0.5,16.49
8770,-1.244728,110.76059,1,0.5,16.49
8771,-1.244728,110.763959,1,0.5,16.49
8772,-1.244728,110.784171,1,0.5,10.22
8773,-1.244728,110.78754,1,0.5,10.22
8774,-1.244728,110.790908,1,0.5,10.22
8775,-1.244728,110.996398,1,0.5,3.23
8776,-1.244728,110.999767,1,0.5,3.23
8777,-1.244728,111.003135,1,0.5,3.23
8778,-1.248097,110.437197,1,1.0,20.31
8779,-1.248097,110.440565,2,0.75,20.31
8780,-1.248097,110.443934,2,0.75,20.31
8781,-1.248097,110.497833,1,0.5,6.91
8782,-1.248097,110.501202,1,0.5,6.91
8783,-1.248097,110.50457,1,0.5,6.91
8784,-1.248097,110.757222,1,0.5,16.49
8785,-1.248097,110.76059,1,0.5,16.49
8786,-1.248097,110.763959,1,0.5,16.49
8787,-1.248097,110.784171,1,0.5,10.22
8788,-1.248097,110.78754,1,0.5,10.22
8789,-1.248097,110.790908,1,0.5,10.22
8790,-1.248097,111.01661,1,0.5,11.15
8791,-1.248097,111.019979,1,0.5,11.15
8792,-1.251465,110.437197,1,1.0,20.31
8793,-1.251465,110.440565,2,0.75,20.31
8794,-1.251465,110.443934,2,0.75,20.31
8795,-1.251465,110.484358,1,0.5,9.11
8796,-1.251465,110.487727,1,0.5,9.11
8797,-1.251465,110.491096,1,0.5,9.11
8798,-1.251465,110.494464,1,0.5,3.42
8799,-1.251465,110.497833,1,0.5,3.42
8800,-1.251465,110.501202,1,0.5,3.42
8801,-1.251465,110.50457,1,0.5,3.42
8802,-1.251465,110.528151,1,0.5,2.83
8803,-1.251465,110.53152,1,0.5,2.83
8804,-1.251465,110.76059,1,0.5,2.22
8805,-1.251465,110.763959,2,0.5,7.48
8806,-1.251465,110.767328,1,0.5,7.48
8807,-1.251465,110.770696,1,0.5,7.48
8808,-1.251465,110.831333,1,0.5,7.97
8809,-1.251465,110.834701,1,0.5,7.97
8810,-1.251465,110.83807,1,0.5,7.97
8811,-1.251465,110.959342,1,0.5,10.32
8812,-1.251465,110.962711,1,0.5,10.32
8813,-1.251465,110.96608,1,0.5,10.32
8814,-1.251465,111.01661,1,0.5,11.15
8815,-1.251465,111.019979,1,0.5,11.15
8816,-1.254834,110.484358,1,0.5,9.11
8817,-1.254834,110.487727,1,0.5,9.11
8818,-1.254834,110.491096,1,0.5,9.11
8819,-1.254834,110.494464,1,0.5,3.42
8820,-1.254834,110.497833,1,0.5,3.42
8821,-1.254834,110.501202,1,0.5,3.42
8822,-1.254834,110.50457,1,0.5,3.42
8823,-1.254834,110.528151,1,0.5,2.83
8824,-1.254834,110.53152,1,0.5,2.83
8825,-1.254834,110.565207,1,0.5,4.52
8826,-1.254834,110.568575,1,0.5,4.52
8827,-1.254834,110.571944,1,0.5,4.52
8828,-1.254834,110.763959,1,0.5,7.48
8829,-1.254834,110.767328,1,0.5,7.48
8830,-1.254834,110.770696,2,0.5,7.48
8831,-1.254834,110.774065,1,0.5,3.82
8832,-1.254834,110.777434,1,0.5,3.82
8833,-1.254834,110.821226,1,0.5,4.37
8834,-1.254834,110.824595,2,0.5,4.37
8835,-1.254834,110.827964,1,0.5,2.96
8836,-1.254834,110.831333,1,0.5,7.97
8837,-1.254834,110.834701,1,0.5,7.97
8838,-1.254834,110.83807,1,0.5,7.97
8839,-1.254834,110.959342,1,0.5,10.32
8840,-1.254834,110.962711,1,0.5,10.32
8841,-1.254834,110.96608,1,0.5,10.32
8842,-1.254834,111.01661,1,0.5,11.15
8843,-1.254834,111.019979,1,0.5,11.15
8844,-1.254834,111.023347,1,0.5,8.04
8845,-1.258203,110.363086,1,0.5,9.66
8846,-1.258203,110.366454,1,0.5,9.66
8847,-1.258203,110.369823,1,0.5,9.66
8848,-1.258203,110.484358,1,0.5,9.11
8849,-1.258203,110.487727,1,0.5,9.11
8850,-1.258203,110.491096,1,0.5,9.11
8851,-1.258203,110.524782,2,0.75,6.32
8852,-1.258203,110.528151,2,0.75,6.32
8853,-1.258203,110.53152,2,0.75,6.32
8854,-1.258203,110.534888,1,0.5,3.31
8855,-1.258203,110.538257,1,0.5,3.31
8856,-1.258203,110.541626,1,0.5,3.31
8857,-1.258203,110.548363,2,0.75,11.67
8858,-1.258203,110.551732,2,0.75,11.67
8859,-1.258203,110.555101,1,1.0,11.67
8860,-1.258203,110.565207,1,0.5,4.52
8861,-1.258203,110.568575,1,0.5,4.52
8862,-1.258203,110.571944,1,0.5,4.52
8863,-1.258203,110.595525,1,0.5,7.83
8864,-1.258203,110.598893,1,0.5,7.83
8865,-1.258203,110.602262,1,0.5,7.83
8866,-1.258203,110.76059,1,0.5,7.4
8867,-1.258203,110.763959,2,0.5,7.48
8868,-1.258203,110.767328,2,0.5,7.48
8869,-1.258203,110.770696,2,0.5,7.48
8870,-1.258203,110.774065,1,0.5,3.82
8871,-1.258203,110.777434,1,0.5,3.82
8872,-1.258203,110.821226,1,0.5,4.37
8873,-1.258203,110.824595,2,0.5,4.37
8874,-1.258203,110.827964,2,0.5,6.19
8875,-1.258203,110.831333,1,0.5,7.97
8876,-1.258203,110.834701,1,0.5,7.97
8877,-1.258203,110.83807,1,0.5,7.97
8878,-1.258203,110.868388,1,0.5,3.76
8879,-1.258203,110.871757,1,0.5,3.76
8880,-1.258203,110.875125,1,0.5,3.76
8881,-1.258203,111.01661,1,0.5,8.04
8882,-1.258203,111.019979,1,0.5,8.04
8883,-1.258203,111.023347,1,0.5,8.04
8884,-1.261572,110.363086,1,0.5,9.66
8885,-1.261572,110.366454,1,0.5,9.66
8886,-1.261572,110.369823,1,0.5,9.66
8887,-1.261572,110.474252,1,0.5,5.39
8888,-1.261572,110.477621,1,0.5,5.39
8889,-1.261572,110.48099,1,0.5,5.39
8890,-1.261572,110.524782,2,0.75,6.32
8891,-1.261572,110.528151,3,0.67,6.32
8892,-1.261572,110.53152,3,0.67,6.32
8893,-1.261572,110.534888,2,0.5,3.98
8894,-1.261572,110.538257,1,0.5,3.31
8895,-1.261572,110.541626,1,0.5,3.31
8896,-1.261572,110.548363,2,0.75,11.67
8897,-1.261572,110.551732,2,0.75,11.67
8898,-1.261572,110.555101,1,1.0,11.67
8899,-1.261572,110.565207,1,0.5,4.52
8900,-1.261572,110.568575,1,0.5,4.52
8901,-1.261572,110.571944,1,0.5,4.52
8902,-1.261572,110.595525,1,0.5,7.83
8903,-1.261572,110.598893,1,0.5,7.83
8904,-1.261572,110.602262,1,0.5,7.83
8905,-1.261572,110.605631,1,0.5,7.83
8906,-1.261572,110.612368,1,0.5,2.11
8907,-1.261572,110.615737,1,0.5,2.11
8908,-1.261572,110.619106,1,0.5,2.11
8909,-1.261572,110.76059,2,0.5,12.72
8910,-1.261572,110.763959,2,0.5,18.03
8911,-1.261572,110.767328,2,0.5,18.03
8912,-1.261572,110.770696,1,0.5,18.03
8913,-1.261572,110.797646,1,0.5,4.82
8914,-1.261572,110.801014,1,0.5,4.82
8915,-1.261572,110.804383,1,0.5,4.82
8916,-1.261572,110.821226,1,0.5,6.19
8917,-1.261572,110.824595,2,0.5,15.97
8918,-1.261572,110.827964,3,0.5,15.97
8919,-1.261572,110.831333,2,0.5,15.97
8920,-1.261572,110.834701,2,0.5,14.86
8921,-1.261572,110.83807,1,0.5,14.86
8922,-1.261572,110.868388,1,0.5,3.76
8923,-1.261572,110.871757,1,0.5,3.76
8924,-1.261572,110.875125,1,0.5,3.76
8925,-1.261572,111.009873,1,0.5,4.6
8926,-1.261572,111.013241,1,0.5,8.04
8927,-1.261572,111.01661,2,0.5,8.04
8928,-1.261572,111.019979,1,0.5,8.04
8929,-1.261572,111.023347,1,0.5,8.04
8930,-1.26494,110.363086,1,0.5,9.66
8931,-1.26494,110.366454,1,0.5,9.66
8932,-1.26494,110.369823,1,0.5,9.66
8933,-1.26494,110.386666,1,0.5,2.18
8934,-1.26494,110.390035,1,0.5,2.18
8935,-1.26494,110.393404,1,0.5,2.18
8936,-1.26494,110.474252,1,0.5,5.39
8937,-1.26494,110.477621,1,0.5,5.39
8938,-1.26494,110.48099,1,0.5,5.39
8939,-1.26494,110.524782,2,0.75,6.32
8940,-1.26494,110.528151,3,0.67,6.32
8941,-1.26494,110.53152,3,0.67,6.32
8942,-1.26494,110.534888,2,0.5,3.98
8943,-1.26494,110.538257,1,0.5,3.31
8944,-1.26494,110.541626,1,0.5,3.31
8945,-1.26494,110.544995,1,0.5,4.55
8946,-1.26494,110.548363,3,0.67,11.67
8947,-1.26494,110.551732,3,0.67,11.67
8948,-1.26494,110.555101,1,1.0,11.67
8949,-1.26494,110.568575,1,0.5,3.48
8950,-1.26494,110.571944,1,0.5,3.48
8951,-1.26494,110.598893,1,0.5,7.83
8952,-1.26494,110.602262,1,0.5,7.83
8953,-1.26494,110.605631,1,0.5,7.83
8954,-1.26494,110.612368,1,0.5,1.64
8955,-1.26494,110.615737,1,0.5,1.64
8956,-1.26494,110.619106,1,0.5,1.64
8957,-1.26494,110.76059,2,0.5,12.72
8958,-1.26494,110.763959,2,0.5,18.03
8959,-1.26494,110.767328,2,0.5,18.03
8960,-1.26494,110.770696,2,0.5,18.03
8961,-1.26494,110.774065,1,0.5,8.49
8962,-1.26494,110.777434,1,0.5,8.49
8963,-1.26494,110.797646,1,0.5,4.82
8964,-1.26494,110.801014,1,0.5,4.82
8965,-1.26494,110.804383,1,0.5,4.82
8966,-1.26494,110.817858,1,0.5,5.07
8967,-1.26494,110.821226,1,0.5,5.07
8968,-1.26494,110.824595,2,0.5,15.97
8969,-1.26494,110.827964,3,0.5,15.97
8970,-1.26494,110.831333,3,0.5,15.97
8971,-1.26494,110.834701,2,0.5,14.86
8972,-1.26494,110.83807,1,0.5,14.86
8973,-1.26494,110.868388,1,0.5,3.76
8974,-1.26494,110.871757,1,0.5,3.76
8975,-1.26494,110.875125,1,0.5,3.76
8976,-1.26494,111.009873,1,0.5,4.6
8977,-1.26494,111.013241,1,0.5,8.04
8978,-1.26494,111.01661,1,0.5,8.04
8979,-1.268309,110.386666,1,0.5,2.18
8980,-1.268309,110.390035,1,0.5,2.18
8981,-1.268309,110.393404,1,0.5,2.18
8982,-1.268309,110.474252,1,0.5,5.39
8983,-1.268309,110.477621,1,0.5,5.39
8984,-1.268309,110.48099,1,0.5,5.39
8985,-1.268309,110.514676,1,0.5,6.33
8986,-1.268309,110.518045,2,0.5,6.33
8987,-1.268309,110.521414,1,0.5,4.06
8988,-1.268309,110.524782,3,0.67,6.32
8989,-1.268309,110.528151,3,0.67,6.32
8990,-1.268309,110.53152,4,0.62,11.94
8991,-1.268309,110.534888,2,0.5,11.94
8992,-1.268309,110.538257,1,0.5,11.94
8993,-1.268309,110.544995,1,0.5,4.55
8994,-1.268309,110.548363,1,0.5,4.55
8995,-1.268309,110.551732,1,0.5,4.55
8996,-1.268309,110.568575,1,0.5,3.48
8997,-1.268309,110.571944,1,0.5,3.48
8998,-1.268309,110.612368,1,0.5,1.64
8999,-1.268309,110.615737,1,0.5,1.64
9000,-1.268309,110.619106,1,0.5,1.64
9001,-1.268309,110.76059,1,0.5,12.72
9002,-1.268309,110.763959,1,0.5,18.03
9003,-1.268309,110.767328,1,0.5,18.03
9004,-1.268309,110.770696,2,0.5,18.03
9005,-1.268309,110.774065,1,0.5,8.49
9006,-1.268309,110.777434,1,0.5,8.49
9007,-1.268309,110.817858,1,0.5,5.07
9008,-1.268309,110.821226,1,0.5,5.07
9009,-1.268309,110.824595,2,0.5,15.97
9010,-1.268309,110.827964,2,0.5,15.97
9011,-1.268309,110.831333,2,0.5,15.97
9012,-1.268309,110.834701,1,0.5,14.86
9013,-1.268309,110.83807,1,0.5,14.86
9014,-1.271678,110.386666,1,0.5,2.18
9015,-1.271678,110.390035,2,0.5,5.78
9016,-1.271678,110.393404,2,0.5,5.78
9017,-1.271678,110.396773,1,0.5,5.78
9018,-1.271678,110.477621,1,0.5,5.39
9019,-1.271678,110.48099,1,0.5,5.39
9020,-1.271678,110.514676,1,0.5,6.33
9021,-1.271678,110.518045,2,0.5,6.33
9022,-1.271678,110.521414,1,0.5,4.06
9023,-1.271678,110.524782,2,0.5,6.32
9024,-1.271678,110.528151,1,0.5,6.47
9025,-1.271678,110.53152,2,0.5,11.94
9026,-1.271678,110.534888,1,0.5,11.94
9027,-1.271678,110.538257,1,0.5,11.94
9028,-1.271678,110.541626,1,0.5,5.98
9029,-1.271678,110.544995,2,0.5,5.98
9030,-1.271678,110.548363,1,0.5,4.55
9031,-1.271678,110.551732,1,0.5,4.55
9032,-1.271678,110.568575,1,0.5,3.48
9033,-1.271678,110.571944,1,0.5,3.48
9034,-1.271678,110.612368,1,0.5,1.64
9035,-1.271678,110.615737,1,0.5,1.64
9036,-1.271678,110.619106,1,0.5,1.64
9037,-1.271678,110.770696,1,0.5,7.16
9038,-1.271678,110.774065,1,0.5,8.49
9039,-1.271678,110.777434,1,0.5,8.49
9040,-1.271678,110.824595,1,0.5,15.97
9041,-1.271678,110.827964,2,0.5,15.97
9042,-1.271678,110.831333,2,0.5,15.97
9043,-1.271678,110.834701,1,0.5,19.67
9044,-1.271678,110.83807,1,0.5,19.67
9045,-1.275046,110.356348,1,0.5,13.67
9046,-1.275046,110.359717,1,0.5,13.67
9047,-1.275046,110.383298,1,0.5,9.79
9048,-1.275046,110.386666,1,0.5,27.72
9049,-1.275046,110.390035,2,0.5,27.72
9050,-1.275046,110.393404,2,0.5,27.72
9051,-1.275046,110.396773,1,0.5,5.78
9052,-1.275046,110.514676,1,0.5,6.33
9053,-1.275046,110.518045,2,0.5,6.33
9054,-1.275046,110.521414,1,0.5,4.06
9055,-1.275046,110.524782,1,0.5,4.06
9056,-1.275046,110.528151,1,0.5,6.47
9057,-1.275046,110.53152,2,0.5,11.94
9058,-1.275046,110.534888,1,0.5,11.94
9059,-1.275046,110.538257,1,0.5,11.94
9060,-1.275046,110.541626,1,0.5,5.98
9061,-1.275046,110.544995,1,0.5,5.98
9062,-1.275046,110.568575,1,0.5,3.48
9063,-1.275046,110.571944,1,0.5,3.48
9064,-1.275046,110.592156,1,0.5,4.21
9065,-1.275046,110.595525,1,0.5,4.21
9066,-1.278415,110.356348,1,0.5,13.67
9067,-1.278415,110.359717,1,0.5,13.67
9068,-1.278415,110.383298,1,0.5,9.79
9069,-1.278415,110.386666,1,0.5,27.72
9070,-1.278415,110.390035,2,0.5,27.72
9071,-1.278415,110.393404,2,0.5,27.72
9072,-1.278415,110.396773,1,0.5,5.78
9073,-1.278415,110.433828,1,0.5,2.36
9074,-1.278415,110.437197,1,0.5,2.36
9075,-1.278415,110.440565,1,0.5,2.36
9076,-1.278415,110.538257,1,0.5,5.05
9077,-1.278415,110.541626,2,0.5,5.98
9078,-1.278415,110.544995,2,0.5,5.98
9079,-1.278415,110.592156,1,0.5,4.21
9080,-1.278415,110.595525,1,0.5,4.21
9081,-1.278415,110.656161,1,0.5,3.19
9082,-1.278415,110.65953,1,0.5,3.19
9083,-1.278415,110.662898,1,0.5,3.19
9084,-1.278415,110.885231,1,0.5,2.32
9085,-1.278415,110.8886,1,0.5,2.32
9086,-1.278415,110.891969,1,0.5,2.32
9087,-1.278415,111.137883,1,0.5,8.68
9088,-1.278415,111.141251,2,0.75,25.27
9089,-1.278415,111.14462,2,0.75,25.27
9090,-1.278415,111.147989,2,0.75,25.27
9091,-1.278415,111.151357,1,0.5,7.0
9092,-1.281784,110.356348,1,0.5,13.67
9093,-1.281784,110.359717,1,0.5,13.67
9094,-1.281784,110.383298,1,0.5,9.79
9095,-1.281784,110.386666,1,0.5,27.72
9096,-1.281784,110.390035,1,0.5,27.72
9097,-1.281784,110.393404,1,0.5,27.72
9098,-1.281784,110.433828,1,0.5,2.36
9099,-1.281784,110.437197,1,0.5,2.36
9100,-1.281784,110.440565,1,0.5,2.36
9101,-1.281784,110.538257,1,0.5,5.05
9102,-1.281784,110.541626,1,0.5,5.05
9103,-1.281784,110.544995,1,0.5,5.05
9104,-1.281784,110.602262,1,0.5,3.44
9105,-1.281784,110.605631,1,0.5,3.44
9106,-1.281784,110.608999,1,0.5,3.44
9107,-1.281784,110.656161,1,0.5,3.19
9108,-1.281784,110.65953,1,0.5,3.19
9109,-1.281784,110.662898,1,0.5,3.19
9110,-1.281784,110.885231,2,0.5,13.43
9111,-1.281784,110.8886,2,0.5,13.43
9112,-1.281784,110.891969,2,0.5,13.43
9113,-1.281784,110.912181,1,0.5,7.67
9114,-1.281784,110.91555,1,0.5,7.67
9115,-1.281784,110.918918,1,0.5,7.67
9116,-1.281784,111.141251,1,0.5,8.68
9117,-1.281784,111.14462,2,0.75,25.27
9118,-1.281784,111.147989,2,0.75,25.27
9119,-1.281784,111.151357,2,0.75,25.27
9120,-1.281784,111.154726,1,0.5,7.0
9121,-1.285152,110.359717,1,0.5,3.5
9122,-1.285152,110.363086,1,0.5,3.5
9123,-1.285152,110.366454,1,0.5,3.5
9124,-1.285152,110.379929,1,0.5,11.59
9125,-1.285152,110.383298,1,0.5,16.67
9126,-1.285152,110.386666,1,0.5,16.67
9127,-1.285152,110.390035,1,0.5,16.67
9128,-1.285152,110.393404,1,0.5,11.59
9129,-1.285152,110.433828,1,0.5,2.36
9130,-1.285152,110.437197,1,0.5,2.36
9131,-1.285152,110.440565,1,0.5,2.36
9132,-1.285152,110.585419,1,0.5,11.67
9133,-1.285152,110.588787,1,0.5,11.67
9134,-1.285152,110.592156,1,0.5,11.67
9135,-1.285152,110.602262,1,0.5,3.44
9136,-1.285152,110.605631,1,0.5,3.44
9137,-1.285152,110.608999,1,0.5,3.44
9138,-1.285152,110.656161,1,0.5,3.19
9139,-1.285152,110.65953,1,0.5,3.19
9140,-1.285152,110.662898,1,0.5,3.19
9141,-1.285152,110.763959,1,0.5,3.59
9142,-1.285152,110.767328,1,0.5,3.59
9143,-1.285152,110.770696,1,0.5,3.59
9144,-1.285152,110.878494,1,0.5,8.25
9145,-1.285152,110.881863,1,0.5,8.25
9146,-1.285152,110.885231,2,0.5,13.43
9147,-1.285152,110.8886,2,0.5,13.43
9148,-1.285152,110.891969,2,0.5,13.43
9149,-1.285152,110.895337,1,0.5,7.88
9150,-1.285152,110.898706,1,0.5,7.88
9151,-1.285152,110.902075,1,0.5,7.88
9152,-1.285152,110.912181,1,0.5,7.67
9153,-1.285152,110.91555,1,0.5,7.67
9154,-1.285152,110.918918,1,0.5,7.67
9155,-1.285152,111.141251,1,0.5,8.68
9156,-1.285152,111.14462,2,0.75,25.27
9157,-1.285152,111.147989,2,0.75,25.27
9158,-1.285152,111.151357,2,0.75,25.27
9159,-1.285152,111.154726,1,0.5,7.0
9160,-1.288521,110.359717,1,0.5,3.5
9161,-1.288521,110.363086,1,0.5,3.5
9162,-1.288521,110.366454,1,0.5,3.5
9163,-1.288521,110.379929,1,0.5,11.59
9164,-1.288521,110.383298,1,0.5,16.67
9165,-1.288521,110.386666,1,0.5,16.67
9166,-1.288521,110.390035,1,0.5,16.67
9167,-1.288521,110.393404,1,0.5,11.59
9168,-1.288521,110.433828,1,0.5,2.36
9169,-1.288521,110.437197,1,0.5,2.36
9170,-1.288521,110.440565,1,0.5,2.36
9171,-1.288521,110.568575,1,0.5,16.1
9172,-1.288521,110.571944,2,0.75,16.1
9173,-1.288521,110.575313,2,0.75,16.1
9174,-1.288521,110.578681,1,1.0,10.81
9175,-1.288521,110.585419,1,0.5,11.67
9176,-1.288521,110.588787,1,0.5,11.67
9177,-1.288521,110.592156,1,0.5,11.67
9178,-1.288521,110.602262,1,0.5,3.44
9179,-1.288521,110.605631,1,0.5,3.44
9180,-1.288521,110.608999,1,0.5,3.44
9181,-1.288521,110.763959,1,0.5,3.59
9182,-1.288521,110.767328,1,0.5,3.59
9183,-1.288521,110.770696,1,0.5,3.59
9184,-1.288521,110.794277,1,0.5,2.47
9185,-1.288521,110.797646,1,0.5,2.47
9186,-1.288521,110.878494,1,0.5,8.25
9187,-1.288521,110.881863,1,0.5,8.25
9188,-1.288521,110.885231,1,0.5,13.43
9189,-1.288521,110.8886,1,0.5,13.43
9190,-1.288521,110.891969,1,0.5,13.43
9191,-1.288521,110.895337,1,0.5,7.88
9192,-1.288521,110.898706,1,0.5,7.88
9193,-1.288521,110.902075,1,0.5,7.88
9194,-1.288521,110.908812,1,0.5,13.17
9195,-1.288521,110.912181,1,0.5,7.67
9196,-1.288521,110.91555,1,0.5,7.67
9197,-1.288521,110.918918,1,0.5,7.67
9198,-1.288521,110.922287,1,0.5,7.67
9199,-1.288521,111.14462,1,0.5,8.68
9200,-1.288521,111.147989,1,0.5,8.68
9201,-1.29189,110.359717,1,0.5,3.5
9202,-1.29189,110.363086,1,0.5,3.5
9203,-1.29189,110.366454,1,0.5,3.5
9204,-1.29189,110.379929,1,0.5,11.59
9205,-1.29189,110.383298,1,0.5,16.67
9206,-1.29189,110.386666,1,0.5,16.67
9207,-1.29189,110.390035,1,0.5,16.67
9208,-1.29189,110.393404,1,0.5,11.59
9209,-1.29189,110.534888,1,0.5,6.87
9210,-1.29189,110.538257,1,0.5,6.87
9211,-1.29189,110.541626,1,0.5,6.87
9212,-1.29189,110.544995,2,0.5,22.51
9213,-1.29189,110.548363,2,0.5,23.38
9214,-1.29189,110.551732,2,0.5,23.38
9215,-1.29189,110.555101,1,0.5,23.38
9216,-1.29189,110.568575,1,0.5,16.1
9217,-1.29189,110.571944,2,0.75,16.1
9218,-1.29189,110.575313,2,0.75,16.1
9219,-1.29189,110.578681,1,1.0,10.81
9220,-1.29189,110.585419,1,0.5,11.67
9221,-1.29189,110.588787,1,0.5,11.67
9222,-1.29189,110.592156,1,0.5,11.67
9223,-1.29189,110.619106,1,0.5,13.09
9224,-1.29189,110.622474,1,0.5,13.09
9225,-1.29189,110.625843,1,0.5,13.09
9226,-1.29189,110.794277,1,0.5,2.47
9227,-1.29189,110.797646,1,0.5,2.47
9228,-1.29189,110.898706,1,0.5,7.88
9229,-1.29189,110.902075,1,0.5,7.88
9230,-1.29189,110.905444,1,0.5,7.88
9231,-1.29189,110.912181,1,0.5,13.17
9232,-1.29189,110.91555,1,0.5,13.17
9233,-1.29189,110.918918,1,0.5,13.17
9234,-1.295258,110.457409,1,0.5,25.58
9235,-1.295258,110.460777,1,0.5,25.58
9236,-1.295258,110.464146,1,0.5,21.02
9237,-1.295258,110.467515,1,0.5,21.02
9238,-1.295258,110.470884,1,0.5,21.02
9239,-1.295258,110.53152,1,0.5,3.75
9240,-1.295258,110.534888,2,0.5,6.87
9241,-1.295258,110.538257,2,0.5,6.87
9242,-1.295258,110.541626,1,0.5,6.87
9243,-1.295258,110.544995,2,0.5,22.51
9244,-1.295258,110.548363,2,0.5,23.38
9245,-1.295258,110.551732,2,0.5,23.38
9246,-1.295258,110.555101,1,0.5,23.38
9247,-1.295258,110.568575,1,0.5,16.65
9248,-1.295258,110.571944,2,0.75,16.65
9249,-1.295258,110.575313,2,0.75,16.65
9250,-1.295258,110.578681,1,1.0,10.81
9251,-1.295258,110.619106,1,0.5,13.09
9252,-1.295258,110.622474,1,0.5,13.09
9253,-1.295258,110.625843,1,0.5,13.09
9254,-1.295258,110.797646,1,0.5,2.47
9255,-1.295258,110.801014,1,0.5,2.47
9256,-1.298627,110.457409,1,0.5,25.58
9257,-1.298627,110.460777,1,0.5,25.58
9258,-1.298627,110.464146,1,0.5,21.02
9259,-1.298627,110.467515,1,0.5,21.02
9260,-1.298627,110.470884,1,0.5,21.02
9261,-1.298627,110.53152,1,0.5,3.75
9262,-1.298627,110.534888,3,0.5,6.87
9263,-1.298627,110.538257,3,0.5,6.87
9264,-1.298627,110.541626,2,0.5,6.87
9265,-1.298627,110.544995,1,0.5,2.64
9266,-1.298627,110.548363,1,0.5,2.64
9267,-1.298627,110.551732,1,0.5,2.64
9268,-1.298627,110.622474,1,0.5,13.49
9269,-1.298627,110.625843,1,0.5,13.09
9270,-1.298627,110.629212,1,0.5,13.09
9271,-1.298627,110.63258,1,0.5,13.49
9272,-1.301996,110.37656,1,0.5,2.51
9273,-1.301996,110.379929,1,0.5,2.51
9274,-1.301996,110.383298,1,0.5,2.51
9275,-1.301996,110.457409,2,0.5,25.58
9276,-1.301996,110.460777,2,0.5,25.58
9277,-1.301996,110.464146,1,0.5,21.02
9278,-1.301996,110.467515,1,0.5,21.02
9279,-1.301996,110.470884,1,0.5,21.02
9280,-1.301996,110.514676,1,0.5,24.46
9281,-1.301996,110.518045,1,0.5,24.46
9282,-1.301996,110.521414,1,0.5,24.46
9283,-1.301996,110.534888,1,0.5,3.75
9284,-1.301996,110.538257,2,0.5,4.37
9285,-1.301996,110.541626,2,0.5,4.37
9286,-1.301996,110.544995,1,0.5,4.37
9287,-1.301996,110.622474,1,0.5,13.49
9288,-1.301996,110.625843,1,0.5,13.09
9289,-1.301996,110.629212,1,0.5,13.09
9290,-1.301996,110.63258,1,0.5,13.49
9291,-1.305364,110.37656,1,0.5,2.51
9292,-1.305364,110.379929,1,0.5,2.51
9293,-1.305364,110.383298,1,0.5,2.51
9294,-1.305364,110.460777,2,0.5,25.58
9295,-1.305364,110.464146,2,0.5,25.58
9296,-1.305364,110.514676,1,0.5,24.46
9297,-1.305364,110.518045,1,0.5,24.46
9298,-1.305364,110.521414,1,0.5,24.46
9299,-1.305364,110.538257,1,0.5,4.09
9300,-1.305364,110.541626,2,0.5,4.19
9301,-1.305364,110.544995,2,0.5,4.19
9302,-1.305364,110.548363,1,0.5,4.19
9303,-1.305364,110.622474,1,0.5,13.49
9304,-1.305364,110.625843,1,0.5,13.09
9305,-1.305364,110.629212,1,0.5,13.09
9306,-1.305364,110.63258,1,0.5,13.49
9307,-1.308733,110.379929,1,0.5,2.51
9308,-1.308733,110.383298,1,0.5,2.51
9309,-1.308733,110.386666,1,0.5,2.51
9310,-1.308733,110.460777,2,0.5,11.13
9311,-1.308733,110.464146,2,0.5,11.13
9312,-1.308733,110.467515,1,0.5,3.87
9313,-1.308733,110.514676,1,0.5,24.46
9314,-1.308733,110.518045,1,0.5,24.46
9315,-1.308733,110.521414,1,0.5,24.46
9316,-1.308733,110.538257,1,0.5,4.09
9317,-1.308733,110.541626,2,0.5,4.19
9318,-1.308733,110.544995,2,0.5,4.19
9319,-1.308733,110.548363,1,0.5,4.19
9320,-1.308733,110.555101,1,0.5,3.51
9321,-1.308733,110.558469,1,0.5,3.51
9322,-1.308733,110.561838,1,0.5,3.51
9323,-1.308733,111.077246,1,0.5,2.24
9324,-1.308733,111.080615,1,0.5,2.24
9325,-1.308733,111.083984,1,0.5,2.24
9326,-1.312102,110.460777,1,0.5,3.87
9327,-1.312102,110.464146,1,0.5,3.87
9328,-1.312102,110.467515,1,0.5,3.87
9329,-1.312102,110.477621,1,0.5,20.25
9330,-1.312102,110.48099,1,0.5,20.25
9331,-1.312102,110.487727,1,0.5,11.86
9332,-1.312102,110.491096,1,0.5,11.86
9333,-1.312102,110.494464,1,0.5,11.86
9334,-1.312102,110.497833,1,0.5,11.86
9335,-1.312102,110.538257,1,0.5,4.09
9336,-1.312102,110.541626,1,0.5,4.09
9337,-1.312102,110.544995,1,0.5,4.09
9338,-1.312102,110.555101,1,0.5,3.51
9339,-1.312102,110.558469,1,0.5,3.51
9340,-1.312102,110.561838,1,0.5,3.51
9341,-1.312102,111.077246,1,0.5,2.24
9342,-1.312102,111.080615,1,0.5,2.24
9343,-1.312102,111.083984,1,0.5,2.24
9344,-1.312102,111.134514,2,0.5,3.66
9345,-1.312102,111.137883,2,0.5,3.66
9346,-1.312102,111.141251,1,0.5,3.66
9347,-1.31547,110.460777,1,0.5,3.87
9348,-1.31547,110.464146,1,0.5,3.87
9349,-1.31547,110.467515,1,0.5,3.87
9350,-1.31547,110.477621,1,0.5,20.25
9351,-1.31547,110.48099,2,0.5,20.25
9352,-1.31547,110.484358,1,0.5,9.57
9353,-1.31547,110.487727,2,0.5,11.86
9354,-1.31547,110.491096,1,0.5,11.86
9355,-1.31547,110.494464,1,0.5,11.86
9356,-1.31547,110.497833,1,0.5,11.86
9357,-1.31547,111.077246,1,0.5,2.24
9358,-1.31547,111.080615,1,0.5,2.24
9359,-1.31547,111.083984,1,0.5,2.24
9360,-1.31547,111.134514,2,0.5,3.66
9361,-1.31547,111.137883,2,0.5,3.66
9362,-1.31547,111.141251,1,0.5,3.66
9363,-1.318839,110.410247,1,0.5,19.17
9364,-1.318839,110.413616,1,0.5,19.17
9365,-1.318839,110.416985,1,0.5,114.52
9366,-1.318839,110.420353,1,0.5,114.52
9367,-1.318839,110.423722,1,0.5,114.52
9368,-1.318839,110.460777,1,0.5,7.37
9369,-1.318839,110.464146,1,0.5,7.37
9370,-1.318839,110.467515,1,0.5,7.37
9371,-1.318839,110.477621,2,0.5,20.25
9372,-1.318839,110.48099,3,0.5,20.25
9373,-1.318839,110.484358,2,0.5,9.57
9374,-1.318839,110.487727,2,0.5,11.86
9375,-1.318839,110.491096,1,0.5,11.86
9376,-1.318839,110.494464,1,0.5,11.86
9377,-1.318839,110.497833,1,0.5,11.86
9378,-1.318839,111.060403,1,0.5,22.3
9379,-1.318839,111.063772,1,0.5,22.3
9380,-1.318839,111.06714,1,0.5,22.3
9381,-1.318839,111.134514,2,0.5,3.66
9382,-1.318839,111.137883,2,0.5,3.66
9383,-1.318839,111.141251,1,0.5,3.66
9384,-1.322208,110.410247,1,0.5,19.17
9385,-1.322208,110.413616,1,0.5,19.17
9386,-1.322208,110.416985,1,0.5,114.52
9387,-1.322208,110.420353,1,0.5,114.52
9388,-1.322208,110.423722,1,0.5,114.52
9389,-1.322208,110.450671,1,0.5,7.19
9390,-1.322208,110.45404,1,0.5,7.19
9391,-1.322208,110.457409,1,0.5,7.19
9392,-1.322208,110.460777,1,0.5,7.37
9393,-1.322208,110.464146,1,0.5,7.37
9394,-1.322208,110.467515,1,0.5,7.37
9395,-1.322208,110.474252,1,0.5,35.71
9396,-1.322208,110.477621,2,0.5,35.71
9397,-1.322208,110.48099,3,0.5,35.71
9398,-1.322208,110.484358,2,0.5,9.57
9399,-1.322208,110.487727,1,0.5,9.57
9400,-1.322208,110.501202,1,0.5,9.53
9401,-1.322208,110.50457,1,0.5,9.53
9402,-1.322208,110.507939,1,0.5,9.53
9403,-1.322208,111.060403,1,0.5,22.3
9404,-1.322208,111.063772,1,0.5,22.3
9405,-1.322208,111.06714,1,0.5,22.3
9406,-1.325576,110.410247,1,0.5,19.17
9407,-1.325576,110.413616,1,0.5,19.17
9408,-1.325576,110.416985,1,0.5,114.52
9409,-1.325576,110.420353,1,0.5,114.52
9410,-1.325576,110.423722,1,0.5,114.52
9411,-1.325576,110.450671,1,0.5,7.19
9412,-1.325576,110.45404,1,0.5,7.19
9413,-1.325576,110.457409,1,0.5,7.19
9414,-1.325576,110.460777,1,0.5,7.37
9415,-1.325576,110.464146,1,0.5,7.37
9416,-1.325576,110.467515,1,0.5,7.37
9417,-1.325576,110.474252,1,0.5,35.71
9418,-1.325576,110.477621,2,0.5,35.71
9419,-1.325576,110.48099,2,0.5,35.71
9420,-1.325576,110.484358,1,0.5,3.31
9421,-1.325576,110.501202,1,0.5,9.53
9422,-1.325576,110.50457,1,0.5,9.53
9423,-1.325576,110.507939,2,0.5,9.53
9424,-1.325576,110.511308,1,0.5,4.0
9425,-1.325576,110.58205,1,0.5,1.83
9426,-1.325576,110.585419,1,0.5,1.83
9427,-1.325576,110.588787,1,0.5,1.83
9428,-1.325576,110.726903,1,0.5,5.54
9429,-1.325576,110.730272,1,0.5,5.54
9430,-1.325576,110.733641,1,0.5,5.54
9431,-1.325576,111.057034,1,0.5,7.02
9432,-1.325576,111.060403,2,0.5,22.3
9433,-1.325576,111.063772,2,0.5,22.3
9434,-1.325576,111.06714,1,0.5,22.3
9435,-1.328945,110.474252,1,0.5,35.71
9436,-1.328945,110.477621,1,0.5,35.71
9437,-1.328945,110.48099,1,0.5,35.71
9438,-1.328945,110.494464,1,0.5,28.69
9439,-1.328945,110.497833,1,0.5,28.69
9440,-1.328945,110.501202,1,0.5,28.69
9441,-1.328945,110.507939,1,0.5,4.0
9442,-1.328945,110.511308,1,0.5,4.0
9443,-1.328945,110.565207,1,0.5,2.79
9444,-1.328945,110.568575,1,0.5,2.79
9445,-1.328945,110.58205,1,0.5,1.83
9446,-1.328945,110.585419,1,0.5,1.83
9447,-1.328945,110.588787,1,0.5,1.83
9448,-1.328945,110.726903,1,0.5,5.54
9449,-1.328945,110.730272,1,0.5,5.54
9450,-1.328945,110.733641,1,0.5,5.54
9451,-1.328945,111.057034,1,0.5,7.02
9452,-1.328945,111.060403,1,0.5,7.02
9453,-1.328945,111.063772,1,0.5,7.02
9454,-1.328945,111.134514,1,0.5,5.02
9455,-1.328945,111.137883,1,0.5,5.02
9456,-1.328945,111.141251,1,0.5,5.02
9457,-1.332314,110.433828,1,0.5,4.77
9458,-1.332314,110.437197,1,0.5,4.77
9459,-1.332314,110.440565,1,0.5,4.77
9460,-1.332314,110.443934,1,0.5,68.05
9461,-1.332314,110.447303,1,0.5,68.05
9462,-1.332314,110.450671,1,0.5,68.05
9463,-1.332314,110.494464,1,0.5,28.69
9464,-1.332314,110.497833,1,0.5,28.69
9465,-1.332314,110.501202,1,0.5,28.69
9466,-1.332314,110.507939,1,0.5,4.0
9467,-1.332314,110.511308,1,0.5,4.0
9468,-1.332314,110.565207,1,0.5,2.79
9469,-1.332314,110.568575,1,0.5,2.79
9470,-1.332314,110.58205,1,0.5,1.83
9471,-1.332314,110.585419,1,0.5,1.83
9472,-1.332314,110.588787,1,0.5,1.83
9473,-1.332314,110.726903,1,0.5,5.54
9474,-1.332314,110.730272,1,0.5,5.54
9475,-1.332314,110.733641,1,0.5,5.54
9476,-1.332314,111.057034,2,0.5,8.43
9477,-1.332314,111.060403,2,0.5,8.43
9478,-1.332314,111.063772,2,0.5,8.43
9479,-1.332314,111.134514,1,0.5,5.02
9480,-1.332314,111.137883,1,0.5,5.02
9481,-1.332314,111.141251,1,0.5,5.02
9482,-1.335683,110.369823,1,0.5,3.72
9483,-1.335683,110.373192,1,0.5,3.72
9484,-1.335683,110.37656,1,0.5,3.72
9485,-1.335683,110.433828,1,0.5,4.77
9486,-1.335683,110.437197,1,0.5,4.77
9487,-1.335683,110.440565,1,0.5,4.77
9488,-1.335683,110.443934,1,0.5,68.05
9489,-1.335683,110.447303,1,0.5,68.05
9490,-1.335683,110.450671,1,0.5,68.05
9491,-1.335683,110.518045,2,0.5,14.96
9492,-1.335683,110.521414,2,0.5,14.96
9493,-1.335683,110.524782,2,0.5,14.96
9494,-1.335683,110.528151,1,0.5,7.09
9495,-1.335683,110.565207,1,0.5,2.79
9496,-1.335683,110.568575,1,0.5,2.79
9497,-1.335683,111.057034,1,0.5,8.43
9498,-1.335683,111.060403,1,0.5,8.43
9499,-1.335683,111.063772,1,0.5,8.43
9500,-1.339051,110.369823,1,0.5,3.72
9501,-1.339051,110.373192,1,0.5,3.72
9502,-1.339051,110.37656,1,0.5,3.72
9503,-1.339051,110.413616,1,0.5,17.71
9504,-1.339051,110.416985,1,0.5,17.71
9505,-1.339051,110.420353,1,0.5,17.71
9506,-1.339051,110.423722,1,0.5,17.71
9507,-1.339051,110.433828,1,0.5,4.77
9508,-1.339051,110.437197,1,0.5,4.77
9509,-1.339051,110.440565,1,0.5,4.77
9510,-1.339051,110.518045,2,0.5,14.96
9511,-1.339051,110.521414,2,0.5,14.96
9512,-1.339051,110.524782,2,0.5,14.96
9513,-1.339051,110.528151,1,0.5,7.09
9514,-1.34242,110.369823,1,0.5,3.72
9515,-1.34242,110.373192,1,0.5,3.72
9516,-1.34242,110.37656,1,0.5,3.72
9517,-1.34242,110.413616,1,0.5,17.71
9518,-1.34242,110.416985,1,0.5,17.71
9519,-1.34242,110.420353,1,0.5,17.71
9520,-1.34242,110.423722,1,0.5,17.71
9521,-1.34242,110.433828,1,0.5,4.77
9522,-1.34242,110.437197,1,0.5,4.77
9523,-1.34242,110.440565,1,0.5,4.77
9524,-1.34242,110.511308,1,0.5,6.36
9525,-1.34242,110.514676,1,0.5,6.36
9526,-1.34242,110.518045,2,0.5,14.96
9527,-1.34242,110.521414,2,0.5,22.06
9528,-1.34242,110.524782,2,0.5,22.06
9529,-1.34242,110.528151,1,0.5,22.06
9530,-1.34242,110.53152,1,0.5,17.99
9531,-1.34242,110.534888,1,0.5,17.99
9532,-1.34242,110.538257,1,0.5,17.99
9533,-1.34242,110.575313,1,0.5,4.9
9534,-1.34242,110.578681,1,0.5,4.9
9535,-1.34242,110.58205,1,0.5,4.9
9536,-1.34242,110.585419,1,0.5,4.9
9537,-1.34242,110.703323,1,0.5,3.25
9538,-1.34242,110.706691,1,0.5,3.25
9539,-1.34242,110.720166,1,0.5,45.13
9540,-1.34242,110.723535,1,0.5,45.13
9541,-1.34242,110.726903,1,0.5,45.13
9542,-1.345789,110.413616,1,0.5,17.71
9543,-1.345789,110.416985,1,0.5,17.71
9544,-1.345789,110.420353,1,0.5,17.71
9545,-1.345789,110.423722,1,0.5,17.71
9546,-1.345789,110.511308,1,0.5,6.36
9547,-1.345789,110.514676,1,0.5,6.36
9548,-1.345789,110.518045,1,0.5,6.36
9549,-1.345789,110.521414,1,0.5,22.06
9550,-1.345789,110.524782,1,0.5,22.06
9551,-1.345789,110.528151,1,0.5,22.06
9552,-1.345789,110.53152,1,0.5,17.99
9553,-1.345789,110.534888,1,0.5,17.99
9554,-1.345789,110.538257,1,0.5,17.99
9555,-1.345789,110.575313,1,0.5,4.9
9556,-1.345789,110.578681,1,0.5,4.9
9557,-1.345789,110.58205,1,0.5,4.9
9558,-1.345789,110.585419,1,0.5,4.9
9559,-1.345789,110.699954,1,0.5,2.57
9560,-1.345789,110.703323,1,0.5,2.57
9561,-1.345789,110.706691,1,0.5,2.57
9562,-1.345789,110.720166,1,0.5,45.13
9563,-1.345789,110.723535,1,0.5,45.13
9564,-1.345789,110.726903,1,0.5,45.13
9565,-1.345789,111.023347,1,0.5,12.27
9566,-1.345789,111.026716,1,0.5,12.27
9567,-1.345789,111.030085,1,0.5,12.27
9568,-1.349157,110.359717,1,0.5,3.46
9569,-1.349157,110.363086,2,0.5,3.94
9570,-1.349157,110.366454,2,0.5,3.94
9571,-1.349157,110.369823,1,0.5,3.94
9572,-1.349157,110.406879,1,0.5,5.72
9573,-1.349157,110.410247,1,0.5,7.64
9574,-1.349157,110.413616,1,0.5,7.64
9575,-1.349157,110.416985,1,0.5,7.64
9576,-1.349157,110.511308,1,0.5,6.36
9577,-1.349157,110.514676,1,0.5,6.36
9578,-1.349157,110.518045,1,0.5,6.36
9579,-1.349157,110.528151,1,0.5,17.99
9580,-1.349157,110.53152,1,0.5,17.99
9581,-1.349157,110.534888,1,0.5,17.99
9582,-1.349157,110.538257,1,0.5,17.99
9583,-1.349157,110.575313,1,0.5,4.9
9584,-1.349157,110.578681,1,0.5,4.9
9585,-1.349157,110.58205,1,0.5,4.9
9586,-1.349157,110.585419,1,0.5,4.9
9587,-1.349157,110.699954,1,0.5,2.57
9588,-1.349157,110.703323,1,0.5,2.57
9589,-1.349157,110.706691,1,0.5,2.57
9590,-1.349157,110.720166,1,0.5,45.13
9591,-1.349157,110.723535,1,0.5,45.13
9592,-1.349157,110.726903,1,0.5,45.13
9593,-1.349157,111.023347,1,0.5,12.27
9594,-1.349157,111.026716,1,0.5,12.27
9595,-1.349157,111.030085,1,0.5,12.27
9596,-1.352526,110.265394,1,0.5,5.38
9597,-1.352526,110.268763,1,0.5,5.38
9598,-1.352526,110.272131,1,0.5,5.38
9599,-1.352526,110.359717,1,0.5,4.22
9600,-1.352526,110.363086,2,0.5,4.22
9601,-1.352526,110.366454,2,0.5,4.22
9602,-1.352526,110.369823,1,0.5,3.94
9603,-1.352526,110.406879,1,0.5,5.72
9604,-1.352526,110.410247,1,0.5,5.78
9605,-1.352526,110.413616,1,0.5,5.78
9606,-1.352526,110.416985,1,0.5,5.78
9607,-1.352526,110.437197,1,0.5,2.84
9608,-1.352526,110.440565,1,0.5,2.84
9609,-1.352526,110.443934,1,0.5,2.84
9610,-1.352526,110.578681,1,0.5,5.05
9611,-1.352526,110.58205,1,0.5,5.05
9612,-1.352526,110.585419,1,0.5,5.05
9613,-1.352526,110.602262,1,0.5,5.94
9614,-1.352526,110.605631,1,0.5,5.94
9615,-1.352526,110.699954,1,0.5,2.57
9616,-1.352526,110.703323,1,0.5,2.57
9617,-1.352526,110.706691,1,0.5,2.57
9618,-1.352526,111.023347,1,0.5,12.27
9619,-1.352526,111.026716,1,0.5,12.27
9620,-1.352526,111.030085,1,0.5,12.27
9621,-1.355895,110.265394,1,0.5,5.38
9622,-1.355895,110.268763,1,0.5,5.38
9623,-1.355895,110.272131,1,0.5,5.38
9624,-1.355895,110.359717,1,0.5,4.22
9625,-1.355895,110.363086,2,0.5,4.22
9626,-1.355895,110.366454,2,0.5,4.22
9627,-1.355895,110.369823,1,0.5,3.94
9628,-1.355895,110.406879,1,0.5,5.72
9629,-1.355895,110.410247,1,0.5,5.78
9630,-1.355895,110.413616,1,0.5,5.78
9631,-1.355895,110.416985,1,0.5,5.78
9632,-1.355895,110.437197,1,0.5,2.84
9633,-1.355895,110.440565,1,0.5,2.84
9634,-1.355895,110.443934,1,0.5,2.84
9635,-1.355895,110.602262,1,0.5,5.94
9636,-1.355895,110.605631,1,0.5,5.94
9637,-1.359263,110.265394,1,0.5,5.38
9638,-1.359263,110.268763,1,0.5,5.38
9639,-1.359263,110.272131,1,0.5,5.38
9640,-1.359263,110.406879,1,0.5,5.72
9641,-1.359263,110.410247,1,0.5,5.78
9642,-1.359263,110.413616,1,0.5,5.78
9643,-1.359263,110.416985,1,0.5,5.78
9644,-1.359263,110.437197,1,0.5,2.84
9645,-1.359263,110.440565,1,0.5,2.84
9646,-1.359263,110.443934,2,0.5,21.21
9647,-1.359263,110.447303,1,0.5,21.21
9648,-1.359263,110.450671,1,0.5,21.21
9649,-1.359263,110.45404,1,0.5,21.21
9650,-1.359263,110.457409,1,0.5,24.11
9651,-1.359263,110.592156,1,0.5,84.56
9652,-1.359263,110.595525,1,0.5,84.56
9653,-1.359263,110.598893,1,0.5,84.56
9654,-1.359263,110.602262,1,0.5,5.94
9655,-1.359263,110.605631,1,0.5,5.94
9656,-1.359263,110.743747,1,0.5,3.65
9657,-1.359263,110.747115,1,0.5,3.65
9658,-1.359263,110.750484,1,0.5,3.65
9659,-1.362632,110.262025,1,0.5,4.34
9660,-1.362632,110.265394,1,0.5,4.34
9661,-1.362632,110.443934,1,0.5,21.21
9662,-1.362632,110.447303,1,0.5,21.21
9663,-1.362632,110.450671,1,0.5,21.21
9664,-1.362632,110.45404,1,0.5,21.21
9665,-1.362632,110.457409,1,0.5,24.11
9666,-1.362632,110.58205,1,0.5,3.35
9667,-1.362632,110.585419,1,0.5,3.35
9668,-1.362632,110.588787,1,0.5,30.86
9669,-1.362632,110.592156,1,0.5,84.56
9670,-1.362632,110.595525,1,0.5,84.56
9671,-1.362632,110.598893,1,0.5,84.56
9672,-1.362632,110.68311,1,0.5,3.89
9673,-1.362632,110.686479,1,0.5,3.89
9674,-1.362632,110.689848,1,0.5,3.89
9675,-1.362632,110.743747,1,0.5,3.65
9676,-1.362632,110.747115,1,0.5,3.65
9677,-1.362632,110.750484,1,0.5,3.65
9678,-1.366001,110.258657,1,0.5,4.34
9679,-1.366001,110.262025,1,0.5,4.34
9680,-1.366001,110.265394,1,0.5,4.34
9681,-1.366001,110.443934,1,0.5,21.21
9682,-1.366001,110.447303,1,0.5,21.21
9683,-1.366001,110.450671,1,0.5,21.21
9684,-1.366001,110.45404,1,0.5,21.21
9685,-1.366001,110.58205,1,0.5,2.34
9686,-1.366001,110.585419,1,0.5,2.34
9687,-1.366001,110.588787,1,0.5,30.86
9688,-1.366001,110.592156,1,0.5,84.56
9689,-1.366001,110.595525,1,0.5,84.56
9690,-1.366001,110.598893,1,0.5,84.56
9691,-1.366001,110.676373,1,0.5,10.47
9692,-1.366001,110.679742,1,0.5,10.47
9693,-1.366001,110.68311,2,0.5,10.47
9694,-1.366001,110.686479,1,0.5,3.89
9695,-1.366001,110.689848,1,0.5,3.89
9696,-1.366001,110.743747,1,0.5,3.65
9697,-1.366001,110.747115,1,0.5,3.65
9698,-1.366001,110.750484,1,0.5,3.65
9699,-1.369369,110.194652,1,0.5,3.03
9700,-1.369369,110.19802,1,0.5,3.03
9701,-1.369369,110.258657,1,0.5,11.34
9702,-1.369369,110.262025,1,0.5,11.34
9703,-1.369369,110.265394,1,0.5,11.34
9704,-1.369369,110.443934,1,0.5,21.21
9705,-1.369369,110.447303,1,0.5,21.21
9706,-1.369369,110.450671,1,0.5,21.21
9707,-1.369369,110.45404,1,0.5,21.21
9708,-1.369369,110.58205,1,0.5,2.34
9709,-1.369369,110.585419,1,0.5,2.34
9710,-1.369369,110.588787,1,0.5,30.86
9711,-1.369369,110.592156,1,0.5,84.56
9712,-1.369369,110.595525,1,0.5,84.56
9713,-1.369369,110.598893,1,0.5,84.56
9714,-1.369369,110.602262,1,0.5,15.37
9715,-1.369369,110.673004,1,0.5,9.47
9716,-1.369369,110.676373,1,0.5,9.47
9717,-1.369369,110.679742,1,0.5,9.47
9718,-1.369369,110.68311,1,0.5,10.47
9719,-1.369369,110.726903,1,0.5,13.1
9720,-1.369369,110.730272,1,0.5,13.1
9721,-1.369369,110.733641,1,0.5,13.1
9722,-1.372738,110.086854,1,0.5,8.18
9723,-1.372738,110.090222,1,0.5,8.18
9724,-1.372738,110.093591,1,0.5,8.18
9725,-1.372738,110.194652,1,0.5,3.03
9726,-1.372738,110.19802,1,0.5,3.03
9727,-1.372738,110.251919,1,0.5,2.54
9728,-1.372738,110.255288,1,0.5,2.54
9729,-1.372738,110.258657,1,0.5,11.34
9730,-1.372738,110.262025,1,0.5,11.34
9731,-1.372738,110.265394,2,0.5,11.34
9732,-1.372738,110.268763,1,0.5,7.31
9733,-1.372738,110.272131,1,0.5,7.31
9734,-1.372738,110.561838,1,0.5,1.5
9735,-1.372738,110.565207,1,0.5,1.5
9736,-1.372738,110.568575,1,0.5,1.5
9737,-1.372738,110.58205,1,0.5,2.34
9738,-1.372738,110.585419,1,0.5,2.34
9739,-1.372738,110.595525,1,0.5,15.37
9740,-1.372738,110.598893,1,0.5,15.37
9741,-1.372738,110.602262,1,0.5,15.37
9742,-1.372738,110.676373,1,0.5,9.47
9743,-1.372738,110.679742,1,0.5,9.47
9744,-1.372738,110.68311,1,0.5,9.47
9745,-1.372738,110.686479,2,0.5,10.47
9746,-1.372738,110.689848,1,0.5,5.17
9747,-1.372738,110.693217,1,0.5,5.17
9748,-1.372738,110.726903,1,0.5,15.17
9749,-1.372738,110.730272,1,0.5,15.17
9750,-1.372738,110.733641,1,0.5,15.17
9751,-1.372738,110.737009,1,0.5,15.17
9752,-1.376107,110.086854,1,0.5,8.18
9753,-1.376107,110.090222,1,0.5,8.18
9754,-1.376107,110.093591,1,0.5,8.18
9755,-1.376107,110.194652,1,0.5,3.03
9756,-1.376107,110.19802,1,0.5,3.03
9757,-1.376107,110.251919,1,0.5,2.54
9758,-1.376107,110.255288,1,0.5,2.54
9759,-1.376107,110.258657,1,0.5,11.34
9760,-1.376107,110.262025,1,0.5,11.34
9761,-1.376107,110.265394,2,0.5,11.34
9762,-1.376107,110.268763,1,0.5,7.31
9763,-1.376107,110.272131,1,0.5,7.31
9764,-1.376107,110.565207,1,0.5,1.5
9765,-1.376107,110.568575,1,0.5,1.5
9766,-1.376107,110.571944,1,0.5,1.5
9767,-1.376107,110.598893,1,0.5,15.37
9768,-1.376107,110.602262,1,0.5,15.37
9769,-1.376107,110.605631,1,0.5,15.37
9770,-1.376107,110.676373,1,0.5,9.47
9771,-1.376107,110.679742,1,0.5,9.47
9772,-1.376107,110.68311,1,0.5,9.47
9773,-1.376107,110.686479,1,0.5,5.17
9774,-1.376107,110.689848,1,0.5,5.17
9775,-1.376107,110.693217,1,0.5,5.17
9776,-1.376107,110.726903,1,0.5,15.17
9777,-1.376107,110.730272,1,0.5,15.17
9778,-1.376107,110.733641,1,0.5,15.17
9779,-1.376107,110.737009,1,0.5,15.17
9780,-1.379475,110.086854,1,0.5,8.18
9781,-1.379475,110.090222,1,0.5,8.18
9782,-1.379475,110.093591,1,0.5,8.18
9783,-1.379475,110.265394,1,0.5,7.31
9784,-1.379475,110.268763,3,0.5,14.68
9785,-1.379475,110.272131,3,0.5,14.68
9786,-1.379475,110.2755,3,0.5,14.68
9787,-1.379475,110.278869,2,0.5,13.99
9788,-1.379475,110.565207,1,0.5,1.5
9789,-1.379475,110.568575,1,0.5,1.5
9790,-1.379475,110.571944,1,0.5,1.5
9791,-1.379475,110.588787,2,0.5,8.19
9792,-1.379475,110.592156,2,0.5,8.19
9793,-1.379475,110.595525,2,0.5,8.19
9794,-1.379475,110.686479,1,0.5,5.17
9795,-1.379475,110.689848,1,0.5,5.17
9796,-1.379475,110.693217,1,0.5,5.17
9797,-1.379475,110.726903,1,0.5,15.17
9798,-1.379475,110.730272,1,0.5,15.17
9799,-1.379475,110.733641,1,0.5,15.17
9800,-1.379475,110.737009,1,0.5,15.17
9801,-1.382844,110.262025,1,0.5,29.3
9802,-1.382844,110.265394,2,0.5,29.3
9803,-1.382844,110.268763,3,0.5,14.68
9804,-1.382844,110.272131,2,0.5,14.68
9805,-1.382844,110.2755,3,0.5,14.68
9806,-1.382844,110.278869,2,0.5,13.99
9807,-1.382844,110.379929,1,0.5,1.81
9808,-1.382844,110.383298,2,0.5,3.94
9809,-1.382844,110.386666,2,0.5,3.94
9810,-1.382844,110.390035,1,0.5,3.94
9811,-1.382844,110.578681,1,0.5,4.54
9812,-1.382844,110.58205,1,0.5,4.54
9813,-1.382844,110.585419,1,0.5,4.54
9814,-1.382844,110.588787,2,0.5,8.19
9815,-1.382844,110.592156,2,0.5,8.19
9816,-1.382844,110.595525,2,0.5,8.19
9817,-1.382844,110.726903,1,0.5,15.17
9818,-1.382844,110.730272,1,0.5,15.17
9819,-1.382844,110.733641,1,0.5,15.17
9820,-1.382844,110.737009,1,0.5,15.17
9821,-1.382844,110.747115,1,0.5,3.03
9822,-1.382844,110.750484,1,0.5,3.03
9823,-1.386213,110.265394,1,0.5,29.3
9824,-1.386213,110.268763,2,0.5,29.3
9825,-1.386213,110.272131,2,0.5,14.68
9826,-1.386213,110.2755,1,0.5,14.68
9827,-1.386213,110.278869,2,0.5,14.68
9828,-1.386213,110.282237,1,0.5,13.99
9829,-1.386213,110.379929,1,0.5,1.81
9830,-1.386213,110.383298,2,0.5,3.94
9831,-1.386213,110.386666,2,0.5,3.94
9832,-1.386213,110.390035,1,0.5,3.94
9833,-1.386213,110.578681,1,0.5,4.54
9834,-1.386213,110.58205,1,0.5,4.54
9835,-1.386213,110.585419,1,0.5,4.54
9836,-1.386213,110.588787,2,0.5,8.19
9837,-1.386213,110.592156,2,0.5,8.19
9838,-1.386213,110.595525,2,0.5,8.19
9839,-1.386213,110.649424,1,0.5,1.06
9840,-1.386213,110.652792,1,0.5,1.06
9841,-1.386213,110.656161,1,0.5,1.06
9842,-1.386213,110.65953,1,0.5,0.96
9843,-1.386213,110.747115,1,0.5,3.03
9844,-1.386213,110.750484,1,0.5,3.03
9845,-1.389581,110.177808,1,0.5,6.92
9846,-1.389581,110.181177,1,0.5,6.92
9847,-1.389581,110.184546,1,0.5,6.92
9848,-1.389581,110.265394,1,0.5,29.3
9849,-1.389581,110.268763,2,0.5,29.3
9850,-1.389581,110.272131,2,0.5,29.3
9851,-1.389581,110.379929,1,0.5,1.81
9852,-1.389581,110.383298,2,0.5,3.94
9853,-1.389581,110.386666,2,0.5,3.94
9854,-1.389581,110.390035,1,0.5,3.94
9855,-1.389581,110.558469,1,0.5,2.41
9856,-1.389581,110.561838,1,0.5,2.41
9857,-1.389581,110.565207,1,0.5,2.41
9858,-1.389581,110.578681,1,0.5,4.54
9859,-1.389581,110.58205,1,0.5,4.54
9860,-1.389581,110.585419,1,0.5,4.54
9861,-1.389581,110.649424,1,0.5,1.06
9862,-1.389581,110.652792,1,0.5,1.06
9863,-1.389581,110.656161,1,0.5,1.06
9864,-1.389581,110.65953,1,0.5,0.96
9865,-1.389581,110.747115,1,0.5,3.03
9866,-1.389581,110.750484,1,0.5,3.03
9867,-1.39295,110.154227,1,0.5,26.24
9868,-1.39295,110.157596,1,0.5,26.24
9869,-1.39295,110.160965,1,0.5,26.24
9870,-1.39295,110.177808,1,0.5,6.92
9871,-1.39295,110.181177,1,0.5,6.92
9872,-1.39295,110.184546,1,0.5,6.92
9873,-1.39295,110.268763,2,0.5,2.76
9874,-1.39295,110.272131,2,0.5,2.76
9875,-1.39295,110.383298,1,0.5,13.67
9876,-1.39295,110.386666,1,0.5,13.67
9877,-1.39295,110.390035,1,0.5,13.67
9878,-1.39295,110.558469,1,0.5,2.41
9879,-1.39295,110.561838,1,0.5,2.41
9880,-1.39295,110.565207,1,0.5,2.41
9881,-1.39295,110.578681,1,0.5,5.14
9882,-1.39295,110.58205,1,0.5,5.14
9883,-1.39295,110.585419,1,0.5,5.14
9884,-1.39295,110.649424,1,0.5,1.06
9885,-1.39295,110.652792,1,0.5,1.06
9886,-1.39295,110.656161,1,0.5,1.06
9887,-1.39295,110.65953,1,0.5,0.96
9888,-1.396319,110.083485,1,0.5,3.38
9889,-1.396319,110.086854,1,0.5,3.38
9890,-1.396319,110.090222,1,0.5,3.38
9891,-1.396319,110.154227,1,0.5,26.24
9892,-1.396319,110.157596,1,0.5,26.24
9893,-1.396319,110.160965,1,0.5,26.24
9894,-1.396319,110.177808,1,0.5,6.92
9895,-1.396319,110.181177,1,0.5,6.92
9896,-1.396319,110.184546,1,0.5,6.92
9897,-1.396319,110.383298,1,0.5,13.67
9898,-1.396319,110.386666,1,0.5,13.67
9899,-1.396319,110.390035,1,0.5,13.67
9900,-1.396319,110.558469,1,0.5,2.41
9901,-1.396319,110.561838,1,0.5,2.41
9902,-1.396319,110.565207,1,0.5,2.41
9903,-1.396319,110.716797,1,0.5,3.41
9904,-1.396319,110.720166,1,0.5,3.41
9905,-1.396319,110.723535,1,0.5,3.41
9906,-1.396319,110.750484,1,0.5,8.06
9907,-1.396319,110.753853,1,0.5,8.06
9908,-1.396319,110.757222,1,0.5,8.06
9909,-1.399688,110.083485,1,0.5,3.38
9910,-1.399688,110.086854,1,0.5,3.38
9911,-1.399688,110.090222,1,0.5,3.38
9912,-1.399688,110.154227,1,0.5,26.24
9913,-1.399688,110.157596,1,0.5,26.24
9914,-1.399688,110.160965,1,0.5,26.24
9915,-1.399688,110.383298,1,0.5,13.67
9916,-1.399688,110.386666,1,0.5,13.67
9917,-1.399688,110.390035,1,0.5,13.67
9918,-1.399688,110.406879,1,0.5,3.67
9919,-1.399688,110.410247,1,0.5,3.67
9920,-1.399688,110.413616,1,0.5,3.67
9921,-1.399688,110.716797,1,0.5,3.41
9922,-1.399688,110.720166,1,0.5,3.41
9923,-1.399688,110.723535,1,0.5,3.41
9924,-1.399688,110.750484,1,0.5,8.06
9925,-1.399688,110.753853,1,0.5,8.06
9926,-1.399688,110.757222,1,0.5,8.06
9927,-1.403056,110.083485,1,0.5,3.38
9928,-1.403056,110.086854,1,0.5,3.38
9929,-1.403056,110.090222,1,0.5,3.38
9930,-1.403056,110.154227,1,0.5,26.24
9931,-1.403056,110.157596,1,0.5,26.24
9932,-1.403056,110.160965,1,0.5,26.24
9933,-1.403056,110.406879,1,0.5,3.67
9934,-1.403056,110.410247,1,0.5,3.67
9935,-1.403056,110.413616,1,0.5,3.67
9936,-1.403056,110.447303,1,0.5,6.42
9937,-1.403056,110.450671,1,0.5,6.42
9938,-1.403056,110.45404,1,0.5,6.42
9939,-1.403056,110.716797,1,0.5,3.41
9940,-1.403056,110.720166,1,0.5,3.41
9941,-1.403056,110.723535,1,0.5,3.41
9942,-1.403056,110.750484,1,0.5,8.06
9943,-1.403056,110.753853,1,0.5,8.06
9944,-1.403056,110.757222,1,0.5,8.06
9945,-1.406425,110.406879,1,0.5,3.67
9946,-1.406425,110.410247,1,0.5,3.67
9947,-1.406425,110.413616,1,0.5,3.67
9948,-1.406425,110.447303,1,0.5,6.42
9949,-1.406425,110.450671,1,0.5,6.42
9950,-1.406425,110.45404,1,0.5,6.42
9951,-1.409794,110.113803,1,0.5,6.7
9952,-1.409794,110.117172,2,0.5,6.7
9953,-1.409794,110.120541,2,0.5,6.7
9954,-1.409794,110.123909,2,0.5,6.59
9955,-1.409794,110.447303,1,0.5,6.42
9956,-1.409794,110.450671,1,0.5,6.42
9957,-1.409794,110.45404,1,0.5,6.42
9958,-1.409794,110.578681,1,0.5,3.73
9959,-1.409794,110.58205,1,0.5,3.73
9960,-1.409794,110.585419,1,0.5,3.73
9961,-1.413162,110.113803,1,0.5,6.7
9962,-1.413162,110.117172,2,0.5,6.7
9963,-1.413162,110.120541,2,0.5,6.7
9964,-1.413162,110.123909,2,0.5,6.59
9965,-1.413162,110.578681,1,0.5,3.73
9966,-1.413162,110.58205,1,0.5,3.73
9967,-1.413162,110.585419,1,0.5,3.73
9968,-1.413162,110.713429,1,1.0,10.53
9969,-1.413162,110.716797,1,1.0,10.53
9970,-1.416531,110.113803,1,0.5,9.13
9971,-1.416531,110.117172,2,0.5,9.13
9972,-1.416531,110.120541,2,0.5,9.13
9973,-1.416531,110.123909,2,0.5,9.13
9974,-1.416531,110.204758,1,0.5,5.84
9975,-1.416531,110.208126,1,0.5,5.84
9976,-1.416531,110.211495,1,0.5,5.84
9977,-1.416531,110.420353,1,0.5,2.7
9978,-1.416531,110.423722,1,0.5,2.7
9979,-1.416531,110.45404,1,0.5,4.74
9980,-1.416531,110.457409,1,0.5,4.74
9981,-1.416531,110.578681,1,0.5,3.73
9982,-1.416531,110.58205,1,0.5,3.73
9983,-1.416531,110.585419,1,0.5,3.73
9984,-1.416531,110.666267,1,0.5,2.84
9985,-1.416531,110.669636,1,0.5,2.84
9986,-1.416531,110.713429,1,1.0,10.53
9987,-1.416531,110.716797,1,1.0,10.53
9988,-1.4199,110.110435,1,0.5,3.0
9989,-1.4199,110.113803,2,0.5,9.13
9990,-1.4199,110.117172,3,0.5,9.13
9991,-1.4199,110.120541,3,0.5,9.13
9992,-1.4199,110.123909,2,0.5,9.13
9993,-1.4199,110.204758,1,0.5,5.84
9994,-1.4199,110.208126,1,0.5,5.84
9995,-1.4199,110.211495,1,0.5,5.84
9996,-1.4199,110.420353,1,0.5,2.7
9997,-1.4199,110.423722,1,0.5,2.7
9998,-1.4199,110.45404,1,0.5,4.74
9999,-1.4199,110.457409,1,0.5,4.74
10000,-1.4199,110.477621,1,0.5,8.06
10001,-1.4199,110.48099,1,1.0,13.92
10002,-1.4199,110.484358,1,1.0,13.92
10003,-1.4199,110.487727,1,1.0,13.92
10004,-1.4199,110.666267,1,0.5,2.84
10005,-1.4199,110.669636,1,0.5,2.84
10006,-1.4199,110.673004,1,0.5,2.85
10007,-1.4199,110.713429,1,1.0,10.53
10008,-1.4199,110.716797,1,1.0,10.53
10009,-1.423268,110.110435,1,0.5,3.0
10010,-1.423268,110.113803,2,0.5,9.13
10011,-1.423268,110.117172,2,0.5,9.13
10012,-1.423268,110.120541,2,0.5,9.13
10013,-1.423268,110.123909,1,0.5,9.13
10014,-1.423268,110.204758,1,0.5,5.84
10015,-1.423268,110.208126,1,0.5,5.84
10016,-1.423268,110.211495,1,0.5,5.84
10017,-1.423268,110.356348,1,0.5,1.5
10018,-1.423268,110.359717,1,0.5,1.5
10019,-1.423268,110.420353,1,0.5,2.7
10020,-1.423268,110.423722,1,0.5,2.7
10021,-1.423268,110.437197,1,0.5,6.44
10022,-1.423268,110.440565,1,0.5,6.44
10023,-1.423268,110.443934,1,0.5,6.44
10024,-1.423268,110.45404,1,0.5,4.74
10025,-1.423268,110.457409,1,0.5,4.74
10026,-1.423268,110.477621,1,0.5,8.06
10027,-1.423268,110.48099,1,1.0,13.92
10028,-1.423268,110.484358,1,1.0,13.92
10029,-1.423268,110.487727,1,1.0,13.92
10030,-1.423268,110.666267,1,0.5,2.84
10031,-1.423268,110.669636,1,0.5,2.84
10032,-1.423268,110.673004,1,0.5,2.85
10033,-1.426637,110.110435,1,0.5,3.0
10034,-1.426637,110.113803,2,0.5,9.13
10035,-1.426637,110.117172,2,0.5,9.13
10036,-1.426637,110.120541,2,0.5,9.13
10037,-1.426637,110.123909,1,0.5,9.13
10038,-1.426637,110.356348,1,0.5,1.5
10039,-1.426637,110.359717,1,0.5,1.5
10040,-1.426637,110.437197,1,0.5,6.44
10041,-1.426637,110.440565,1,0.5,6.44
10042,-1.426637,110.443934,1,0.5,6.44
10043,-1.426637,110.460777,1,0.5,5.59
10044,-1.426637,110.464146,1,0.5,5.59
10045,-1.426637,110.467515,1,0.5,5.59
10046,-1.426637,110.477621,1,0.5,8.06
10047,-1.426637,110.48099,1,1.0,13.92
10048,-1.426637,110.484358,1,1.0,13.92
10049,-1.426637,110.487727,1,1.0,13.92
10050,-1.426637,110.666267,1,0.5,2.85
10051,-1.426637,110.669636,1,0.5,2.85
10052,-1.426637,110.673004,1,0.5,2.85
10053,-1.426637,111.121039,1,0.5,3.17
10054,-1.426637,111.124408,1,0.5,3.17
10055,-1.430006,110.356348,1,0.5,1.5
10056,-1.430006,110.359717,1,0.5,1.5
10057,-1.430006,110.379929,1,0.5,4.94
10058,-1.430006,110.383298,1,0.5,4.94
10059,-1.430006,110.386666,1,0.5,4.94
10060,-1.430006,110.437197,1,0.5,6.44
10061,-1.430006,110.440565,1,0.5,6.44
10062,-1.430006,110.443934,1,0.5,6.44
10063,-1.430006,110.460777,1,0.5,5.59
10064,-1.430006,110.464146,1,0.5,5.59
10065,-1.430006,110.467515,1,0.5,5.59
10066,-1.430006,110.585419,1,0.5,2.55
10067,-1.430006,110.588787,1,0.5,2.55
10068,-1.430006,111.124408,1,0.5,3.17
10069,-1.430006,111.127777,1,0.5,3.17
10070,-1.433374,110.295712,1,0.5,4.55
10071,-1.433374,110.299081,1,0.5,4.55
10072,-1.433374,110.302449,1,0.5,4.55
10073,-1.433374,110.379929,1,0.5,4.94
10074,-1.433374,110.383298,1,0.5,4.94
10075,-1.433374,110.386666,1,0.5,4.94
10076,-1.433374,110.460777,1,0.5,5.59
10077,-1.433374,110.464146,1,0.5,5.59
10078,-1.433374,110.467515,1,0.5,5.59
10079,-1.433374,110.585419,1,0.5,2.55
10080,-1.433374,110.588787,1,0.5,2.55
10081,-1.433374,111.124408,1,0.5,3.17
10082,-1.433374,111.127777,1,0.5,3.17
10083,-1.436743,110.295712,1,0.5,4.55
10084,-1.436743,110.299081,1,0.5,4.55
10085,-1.436743,110.302449,1,0.5,4.55
10086,-1.436743,110.379929,1,0.5,4.94
10087,-1.436743,110.383298,1,0.5,4.94
10088,-1.436743,110.386666,1,0.5,4.94
10089,-1.436743,110.656161,1,0.5,4.5
10090,-1.436743,110.65953,1,0.5,4.5
10091,-1.436743,110.662898,1,0.5,4.5
10092,-1.440112,110.295712,1,0.5,4.55
10093,-1.440112,110.299081,1,0.5,4.55
10094,-1.440112,110.302449,1,0.5,4.55
10095,-1.440112,110.639318,1,0.5,4.33
10096,-1.440112,110.642686,1,0.5,4.33
10097,-1.440112,110.646055,1,0.5,4.33
10098,-1.440112,110.656161,1,0.5,4.5
10099,-1.440112,110.65953,1,0.5,4.5
10100,-1.440112,110.662898,1,0.5,4.5
10101,-1.44348,110.642686,1,0.5,4.33
10102,-1.44348,110.646055,1,0.5,4.33
10103,-1.44348,110.649424,1,0.5,4.33
10104,-1.44348,110.65953,1,0.5,4.5
10105,-1.44348,110.662898,1,0.5,4.5
10106,-1.44348,110.666267,1,0.5,4.5
10107,-1.446849,110.309187,1,0.5,5.64
10108,-1.446849,110.312555,1,0.5,5.64
10109,-1.446849,110.315924,1,0.5,8.3
10110,-1.446849,110.319293,1,0.5,8.3
10111,-1.446849,110.524782,1,0.5,6.58
10112,-1.446849,110.528151,1,0.5,6.58
10113,-1.446849,110.53152,1,0.5,6.58
10114,-1.446849,110.534888,1,0.5,6.58
10115,-1.446849,110.558469,1,0.5,4.52
10116,-1.446849,110.561838,1,0.5,4.52
10117,-1.446849,110.642686,1,0.5,4.33
10118,-1.446849,110.646055,1,0.5,4.33
10119,-1.446849,110.649424,1,0.5,4.33
10120,-1.446849,110.65953,1,0.5,4.5
10121,-1.446849,110.662898,1,0.5,4.5
10122,-1.446849,110.666267,1,0.5,4.5
10123,-1.450218,110.309187,1,0.5,5.64
10124,-1.450218,110.312555,1,0.5,5.64
10125,-1.450218,110.315924,1,0.5,8.3
10126,-1.450218,110.319293,1,0.5,8.3
10127,-1.450218,110.528151,1,0.5,6.58
10128,-1.450218,110.53152,1,0.5,6.58
10129,-1.450218,110.534888,1,0.5,6.58
10130,-1.450218,110.558469,1,0.5,4.52
10131,-1.450218,110.561838,1,0.5,4.52
10132,-1.450218,110.565207,1,0.5,4.75
10133,-1.450218,110.568575,1,0.5,4.75
10134,-1.450218,110.571944,1,0.5,6.89
10135,-1.450218,110.575313,1,0.5,6.89
10136,-1.450218,110.578681,1,0.5,6.89
10137,-1.453586,110.272131,1,0.5,4.64
10138,-1.453586,110.2755,1,0.5,4.64
10139,-1.453586,110.278869,1,0.5,4.64
10140,-1.453586,110.312555,1,0.5,5.64
10141,-1.453586,110.315924,1,0.5,5.64
10142,-1.453586,110.319293,2,0.5,8.3
10143,-1.453586,110.322661,2,0.5,8.3
10144,-1.453586,110.32603,1,0.5,3.47
10145,-1.453586,110.440565,1,0.5,6.22
10146,-1.453586,110.443934,1,0.5,6.22
10147,-1.453586,110.447303,1,0.5,6.22
10148,-1.453586,110.528151,1,0.5,6.58
10149,-1.453586,110.53152,1,0.5,6.58
10150,-1.453586,110.534888,1,0.5,6.58
10151,-1.453586,110.558469,1,0.5,4.52
10152,-1.453586,110.561838,1,0.5,4.52
10153,-1.453586,110.565207,1,0.5,4.75
10154,-1.453586,110.568575,1,0.5,4.75
10155,-1.453586,110.571944,1,0.5,6.89
10156,-1.453586,110.575313,1,0.5,6.89
10157,-1.453586,110.578681,1,0.5,6.89
10158,-1.456955,110.2755,1,0.5,4.64
10159,-1.456955,110.278869,1,0.5,4.64
10160,-1.456955,110.282237,1,0.5,4.64
10161,-1.456955,110.319293,1,0.5,3.47
10162,-1.456955,110.322661,1,0.5,3.47
10163,-1.456955,110.32603,1,0.5,3.47
10164,-1.456955,110.332768,1,0.5,8.16
10165,-1.456955,110.336136,1,0.5,8.16
10166,-1.456955,110.440565,1,0.5,6.22
10167,-1.456955,110.443934,1,0.5,6.22
10168,-1.456955,110.447303,1,0.5,6.22
10169,-1.456955,110.565207,1,0.5,4.75
10170,-1.456955,110.568575,1,0.5,4.75
10171,-1.456955,110.571944,1,0.5,6.89
10172,-1.456955,110.575313,1,0.5,6.89
10173,-1.456955,110.578681,1,0.5,6.89
10174,-1.460324,110.2755,1,0.5,4.64
10175,-1.460324,110.278869,1,0.5,4.64
10176,-1.460324,110.282237,1,0.5,4.64
10177,-1.460324,110.319293,1,0.5,3.47
10178,-1.460324,110.322661,1,0.5,3.47
10179,-1.460324,110.32603,1,0.5,3.47
10180,-1.460324,110.332768,1,0.5,8.16
10181,-1.460324,110.336136,1,0.5,8.16
10182,-1.460324,110.440565,1,0.5,6.22
10183,-1.460324,110.443934,1,0.5,6.22
10184,-1.460324,110.447303,1,0.5,6.22
10185,-1.467061,110.561838,1,0.5,2.15
10186,-1.467061,110.565207,1,0.5,2.15
10187,-1.47043,110.117172,1,0.5,4.06
10188,-1.47043,110.120541,1,0.5,4.06
10189,-1.47043,110.123909,1,0.5,4.06
10190,-1.47043,110.561838,1,0.5,2.57
10191,-1.47043,110.565207,1,0.5,2.57
10192,-1.47043,110.568575,1,0.5,2.57
10193,-1.473799,110.117172,2,0.5,16.52
10194,-1.473799,110.120541,2,0.5,16.52
10195,-1.473799,110.123909,2,0.5,16.52
10196,-1.473799,110.127278,1,0.5,15.97
10197,-1.473799,110.393404,1,0.5,4.54
10198,-1.473799,110.396773,1,0.5,4.54
10199,-1.473799,110.400141,1,0.5,4.54
10200,-1.473799,110.561838,1,0.5,2.57
10201,-1.473799,110.565207,1,0.5,2.57
10202,-1.473799,110.568575,1,0.5,2.57
10203,-1.473799,110.575313,1,1.0,9.47
10204,-1.473799,110.578681,1,1.0,9.47
10205,-1.473799,110.58205,1,1.0,9.08
10206,-1.477167,110.107066,1,0.5,10.66
10207,-1.477167,110.110435,1,0.5,10.66
10208,-1.477167,110.113803,1,0.5,10.66
10209,-1.477167,110.117172,6,0.5,16.52
10210,-1.477167,110.120541,6,0.58,16.52
10211,-1.477167,110.123909,6,0.58,16.52
10212,-1.477167,110.127278,4,0.62,12.24
10213,-1.477167,110.140753,1,0.5,87.71
10214,-1.477167,110.144121,1,0.5,87.71
10215,-1.477167,110.14749,1,0.5,40.4
10216,-1.477167,110.150859,1,0.5,40.4
10217,-1.477167,110.393404,1,0.5,4.54
10218,-1.477167,110.396773,1,0.5,4.54
10219,-1.477167,110.400141,1,0.5,4.54
10220,-1.477167,110.561838,1,0.5,2.57
10221,-1.477167,110.565207,1,0.5,2.57
10222,-1.477167,110.568575,1,0.5,2.57
10223,-1.477167,110.575313,1,1.0,9.47
10224,-1.477167,110.578681,1,1.0,9.47
10225,-1.477167,110.58205,1,1.0,9.08
10226,-1.477167,110.642686,1,0.5,3.0
10227,-1.477167,110.646055,1,0.5,3.0
10228,-1.477167,110.649424,1,0.5,3.0
10229,-1.480536,110.107066,1,0.5,10.66
10230,-1.480536,110.110435,1,0.5,33.46
10231,-1.480536,110.113803,1,0.5,33.46
10232,-1.480536,110.117172,6,0.5,33.46
10233,-1.480536,110.120541,6,0.58,16.52
10234,-1.480536,110.123909,6,0.58,16.52
10235,-1.480536,110.127278,4,0.62,12.24
10236,-1.480536,110.130647,2,0.5,10.8
10237,-1.480536,110.134015,1,0.5,15.97
10238,-1.480536,110.137384,1,0.5,87.71
10239,-1.480536,110.140753,2,0.5,87.71
10240,-1.480536,110.144121,1,0.5,87.71
10241,-1.480536,110.14749,1,0.5,40.4
10242,-1.480536,110.150859,1,0.5,40.4
10243,-1.480536,110.393404,1,0.5,4.54
10244,-1.480536,110.396773,1,0.5,4.54
10245,-1.480536,110.400141,1,0.5,4.54
10246,-1.480536,110.575313,1,1.0,9.47
10247,-1.480536,110.578681,1,1.0,9.47
10248,-1.480536,110.58205,1,1.0,9.08
10249,-1.480536,110.642686,1,0.5,3.0
10250,-1.480536,110.646055,1,0.5,3.0
10251,-1.480536,110.649424,1,0.5,3.0
10252,-1.483905,110.107066,1,0.5,10.66
10253,-1.483905,110.110435,1,0.5,33.46
10254,-1.483905,110.113803,2,0.5,33.46
10255,-1.483905,110.117172,4,0.5,33.46
10256,-1.483905,110.120541,4,0.5,12.24
10257,-1.483905,110.123909,4,0.5,12.24
10258,-1.483905,110.127278,4,0.5,12.24
10259,-1.483905,110.130647,3,0.67,11.55
10260,-1.483905,110.134015,1,1.0,23.6
10261,-1.483905,110.137384,1,1.0,87.71
10262,-1.483905,110.140753,2,0.5,87.71
10263,-1.483905,110.144121,1,0.5,87.71
10264,-1.483905,110.14749,1,0.5,40.4
10265,-1.483905,110.150859,1,0.5,40.4
10266,-1.483905,110.154227,1,0.5,40.4
10267,-1.483905,110.157596,1,0.5,9.18
10268,-1.483905,110.575313,1,1.0,9.47
10269,-1.483905,110.578681,1,1.0,9.47
10270,-1.483905,110.58205,2,0.75,9.08
10271,-1.483905,110.585419,1,0.5,2.67
10272,-1.483905,110.588787,1,0.5,2.67
10273,-1.483905,110.642686,1,0.5,3.0
10274,-1.483905,110.646055,1,0.5,3.0
10275,-1.483905,110.649424,1,0.5,3.0
10276,-1.487273,110.090222,1,0.5,9.2
10277,-1.487273,110.093591,1,0.5,9.2
10278,-1.487273,110.09696,1,0.5,9.2
10279,-1.487273,110.113803,1,0.5,1.22
10280,-1.487273,110.117172,3,0.5,5.68
10281,-1.487273,110.120541,4,0.5,12.24
10282,-1.487273,110.123909,4,0.5,12.24
10283,-1.487273,110.127278,4,0.5,12.24
10284,-1.487273,110.130647,4,0.62,23.6
10285,-1.487273,110.134015,3,0.67,23.6
10286,-1.487273,110.137384,2,0.75,87.71
10287,-1.487273,110.140753,2,0.5,87.71
10288,-1.487273,110.144121,2,0.5,87.71
10289,-1.487273,110.14749,1,0.5,40.4
10290,-1.487273,110.150859,1,0.5,40.4
10291,-1.487273,110.154227,1,0.5,40.4
10292,-1.487273,110.157596,1,0.5,39.3
10293,-1.487273,110.329399,1,0.5,11.61
10294,-1.487273,110.332768,1,0.5,11.61
10295,-1.487273,110.336136,1,0.5,11.61
10296,-1.487273,110.339505,1,0.5,11.61
10297,-1.487273,110.342874,1,0.5,11.61
10298,-1.487273,110.443934,1,0.5,4.78
10299,-1.487273,110.447303,1,0.5,4.78
10300,-1.487273,110.58205,1,0.5,2.67
10301,-1.487273,110.585419,1,0.5,2.67
10302,-1.487273,110.588787,1,0.5,2.67
10303,-1.487273,110.662898,1,0.5,6.53
10304,-1.487273,110.666267,1,0.5,6.53
10305,-1.490642,110.090222,1,0.5,9.2
10306,-1.490642,110.093591,1,0.5,9.2
10307,-1.490642,110.09696,1,0.5,9.2
10308,-1.490642,110.117172,2,0.5,5.68
10309,-1.490642,110.120541,4,0.5,9.16
10310,-1.490642,110.123909,5,0.5,9.16
10311,-1.490642,110.127278,4,0.5,11.55
10312,-1.490642,110.130647,4,0.62,23.6
10313,-1.490642,110.134015,4,0.62,23.6
10314,-1.490642,110.137384,4,0.62,184.01
10315,-1.490642,110.140753,2,0.5,184.01
10316,-1.490642,110.144121,2,0.5,184.01
10317,-1.490642,110.14749,2,0.5,40.4
10318,-1.490642,110.150859,1,0.5,40.4
10319,-1.490642,110.154227,1,0.5,40.4
10320,-1.490642,110.157596,1,0.5,39.3
10321,-1.490642,110.329399,1,0.5,11.61
10322,-1.490642,110.332768,1,0.5,11.61
10323,-1.490642,110.336136,1,0.5,11.61
10324,-1.490642,110.339505,1,0.5,11.61
10325,-1.490642,110.342874,1,0.5,11.61
10326,-1.490642,110.443934,1,0.5,4.78
10327,-1.490642,110.447303,1,0.5,4.78
10328,-1.490642,110.58205,2,0.75,8.81
10329,-1.490642,110.585419,2,0.75,8.81
10330,-1.490642,110.588787,1,0.5,2.67
10331,-1.490642,110.662898,1,0.5,6.53
10332,-1.490642,110.666267,1,0.5,6.53
10333,-1.494011,110.090222,2,0.5,9.2
10334,-1.494011,110.093591,2,0.5,9.2
10335,-1.494011,110.09696,1,0.5,9.2
10336,-1.494011,110.117172,1,0.5,1.41
10337,-1.494011,110.120541,3,0.5,7.58
10338,-1.494011,110.123909,3,0.5,7.58
10339,-1.494011,110.127278,2,0.5,11.55
10340,-1.494011,110.130647,4,0.5,23.6
10341,-1.494011,110.134015,4,0.5,23.6
10342,-1.494011,110.137384,4,0.5,184.01
10343,-1.494011,110.140753,3,0.5,184.01
10344,-1.494011,110.144121,3,0.5,79.93
10345,-1.494011,110.14749,3,0.5,79.93
10346,-1.494011,110.150859,1,0.5,79.93
10347,-1.494011,110.154227,1,0.5,39.3
10348,-1.494011,110.157596,1,0.5,39.3
10349,-1.494011,110.329399,1,0.5,11.61
10350,-1.494011,110.332768,1,0.5,11.61
10351,-1.494011,110.336136,1,0.5,11.61
10352,-1.494011,110.339505,1,0.5,11.61
10353,-1.494011,110.342874,1,0.5,11.61
10354,-1.494011,110.443934,1,0.5,4.78
10355,-1.494011,110.447303,1,0.5,4.78
10356,-1.494011,110.555101,1,0.5,4.31
10357,-1.494011,110.558469,1,0.5,4.31
10358,-1.494011,110.561838,1,0.5,4.31
10359,-1.494011,110.565207,1,0.5,4.31
10360,-1.494011,110.58205,1,1.0,8.81
10361,-1.494011,110.585419,2,0.75,8.81
10362,-1.494011,110.588787,1,0.5,4.9
10363,-1.494011,110.592156,1,0.5,4.9
10364,-1.494011,110.662898,1,0.5,6.53
10365,-1.494011,110.666267,1,0.5,6.53
10366,-1.497379,110.090222,1,0.5,8.05
10367,-1.497379,110.093591,1,0.5,8.05
10368,-1.497379,110.09696,1,0.5,8.05
10369,-1.497379,110.120541,2,0.5,7.58
10370,-1.497379,110.123909,2,0.5,7.58
10371,-1.497379,110.127278,1,0.5,8.98
10372,-1.497379,110.130647,3,0.5,14.65
10373,-1.497379,110.134015,3,0.5,14.65
10374,-1.497379,110.137384,3,0.5,184.01
10375,-1.497379,110.140753,3,0.5,184.01
10376,-1.497379,110.144121,3,0.5,79.93
10377,-1.497379,110.14749,3,0.5,79.93
10378,-1.497379,110.150859,2,0.5,79.93
10379,-1.497379,110.154227,1,0.5,79.93
10380,-1.497379,110.191283,1,0.5,2.25
10381,-1.497379,110.194652,1,0.5,2.25
10382,-1.497379,110.555101,1,0.5,4.31
10383,-1.497379,110.558469,1,0.5,4.31
10384,-1.497379,110.561838,1,0.5,4.31
10385,-1.497379,110.565207,2,0.5,4.31
10386,-1.497379,110.568575,1,0.5,1.56
10387,-1.497379,110.571944,1,0.5,1.56
10388,-1.497379,110.58205,1,1.0,8.81
10389,-1.497379,110.585419,2,0.75,8.81
10390,-1.497379,110.588787,1,0.5,4.9
10391,-1.497379,110.592156,1,0.5,4.9
10392,-1.500748,110.080116,1,1.0,6.03
10393,-1.500748,110.083485,1,1.0,6.03
10394,-1.500748,110.090222,1,0.5,8.05
10395,-1.500748,110.093591,1,0.5,8.05
10396,-1.500748,110.09696,1,0.5,8.05
10397,-1.500748,110.103697,1,0.5,4.77
10398,-1.500748,110.107066,1,0.5,4.77
10399,-1.500748,110.110435,2,0.5,28.36
10400,-1.500748,110.113803,1,0.5,28.36
10401,-1.500748,110.117172,1,0.5,28.36
10402,-1.500748,110.120541,1,0.5,6.88
10403,-1.500748,110.123909,1,0.5,6.88
10404,-1.500748,110.140753,1,0.5,7.35
10405,-1.500748,110.144121,2,0.5,79.93
10406,-1.500748,110.14749,2,0.5,79.93
10407,-1.500748,110.150859,2,0.5,79.93
10408,-1.500748,110.154227,1,0.5,79.93
10409,-1.500748,110.191283,1,0.5,2.25
10410,-1.500748,110.194652,1,0.5,2.25
10411,-1.500748,110.450671,1,0.5,10.23
10412,-1.500748,110.45404,1,0.5,10.23
10413,-1.500748,110.457409,1,0.5,10.23
10414,-1.500748,110.555101,1,0.5,4.31
10415,-1.500748,110.558469,1,0.5,4.31
10416,-1.500748,110.561838,1,0.5,4.31
10417,-1.500748,110.565207,2,0.5,4.31
10418,-1.500748,110.568575,1,0.5,1.56
10419,-1.500748,110.571944,1,0.5,1.56
10420,-1.500748,110.58205,1,1.0,8.81
10421,-1.500748,110.585419,2,0.75,8.81
10422,-1.500748,110.588787,1,0.5,4.9
10423,-1.500748,110.592156,1,0.5,4.9
10424,-1.504117,110.073379,1,0.5,6.03
10425,-1.504117,110.076748,2,0.5,22.39
10426,-1.504117,110.080116,2,0.75,22.39
10427,-1.504117,110.083485,2,0.75,22.39
10428,-1.504117,110.090222,1,0.5,8.05
10429,-1.504117,110.093591,1,0.5,8.05
10430,-1.504117,110.09696,1,0.5,8.05
10431,-1.504117,110.103697,1,0.5,4.77
10432,-1.504117,110.107066,1,0.5,4.77
10433,-1.504117,110.110435,2,0.5,28.36
10434,-1.504117,110.113803,1,0.5,28.36
10435,-1.504117,110.117172,1,0.5,28.36
10436,-1.504117,110.140753,1,0.5,7.35
10437,-1.504117,110.144121,1,0.5,7.35
10438,-1.504117,110.14749,1,0.5,7.35
10439,-1.504117,110.150859,1,0.5,7.35
10440,-1.504117,110.154227,1,0.5,15.68
10441,-1.504117,110.366454,1,0.5,0.52
10442,-1.504117,110.369823,1,0.5,0.52
10443,-1.504117,110.373192,1,0.5,0.52
10444,-1.504117,110.450671,1,0.5,10.23
10445,-1.504117,110.45404,1,0.5,10.23
10446,-1.504117,110.457409,1,0.5,10.23
10447,-1.504117,110.565207,1,0.5,1.56
10448,-1.504117,110.568575,1,0.5,1.56
10449,-1.504117,110.571944,1,0.5,1.56
10450,-1.504117,110.602262,1,0.5,3.07
10451,-1.504117,110.605631,1,0.5,3.07
10452,-1.507485,110.07001,1,0.5,22.39
10453,-1.507485,110.073379,3,0.5,22.39
10454,-1.507485,110.076748,3,0.5,22.39
10455,-1.507485,110.080116,3,0.67,22.39
10456,-1.507485,110.083485,3,0.67,22.39
10457,-1.507485,110.100328,1,0.5,0.59
10458,-1.507485,110.103697,2,0.5,4.77
10459,-1.507485,110.107066,2,0.5,4.77
10460,-1.507485,110.110435,2,0.5,28.36
10461,-1.507485,110.113803,1,0.5,28.36
10462,-1.507485,110.117172,1,0.5,28.36
10463,-1.507485,110.140753,1,0.5,7.35
10464,-1.507485,110.144121,1,0.5,7.35
10465,-1.507485,110.14749,1,0.5,7.35
10466,-1.507485,110.366454,1,0.5,0.52
10467,-1.507485,110.369823,1,0.5,0.52
10468,-1.507485,110.373192,1,0.5,0.52
10469,-1.507485,110.602262,1,0.5,3.07
10470,-1.507485,110.605631,1,0.5,3.07
10471,-1.510854,110.066642,1,0.5,9.22
10472,-1.510854,110.07001,2,0.5,22.39
10473,-1.510854,110.073379,3,0.5,22.39
10474,-1.510854,110.076748,3,0.5,22.39
10475,-1.510854,110.080116,3,0.67,22.39
10476,-1.510854,110.083485,3,0.67,22.39
10477,-1.510854,110.09696,1,0.5,1.3
10478,-1.510854,110.100328,1,0.5,1.3
10479,-1.510854,110.103697,1,0.5,1.3
10480,-1.510854,110.107066,1,0.5,0.59
10481,-1.510854,110.110435,1,0.5,3.3
10482,-1.510854,110.113803,1,0.5,3.3
10483,-1.510854,110.117172,1,0.5,3.3
10484,-1.510854,110.366454,1,0.5,0.52
10485,-1.510854,110.369823,1,0.5,0.52
10486,-1.510854,110.373192,1,0.5,0.52
10487,-1.510854,110.602262,1,0.5,3.07
10488,-1.510854,110.605631,1,0.5,3.07
10489,-1.514223,110.066642,1,0.5,9.22
10490,-1.514223,110.07001,1,0.5,9.22
10491,-1.514223,110.073379,1,0.5,6.55
10492,-1.514223,110.076748,1,0.5,6.55
10493,-1.514223,110.080116,1,0.5,6.55
10494,-1.514223,110.083485,1,0.5,5.75
10495,-1.514223,110.09696,1,0.5,1.3
10496,-1.514223,110.100328,1,0.5,1.3
10497,-1.514223,110.103697,1,0.5,1.3
10498,-1.514223,110.107066,1,0.5,0.59
10499,-1.514223,110.541626,1,0.5,3.74
10500,-1.514223,110.544995,1,0.5,3.74
10501,-1.514223,110.548363,1,0.5,3.74
10502,-1.517591,110.063273,1,0.5,0.44
10503,-1.517591,110.066642,2,0.5,9.22
10504,-1.517591,110.07001,2,0.5,9.22
10505,-1.517591,110.076748,1,0.5,2.83
10506,-1.517591,110.080116,1,0.5,2.83
10507,-1.517591,110.083485,1,0.5,2.83
10508,-1.517591,110.09696,1,0.5,1.3
10509,-1.517591,110.100328,1,0.5,1.3
10510,-1.517591,110.103697,1,0.5,1.3
10511,-1.517591,110.107066,1,0.5,0.59
10512,-1.517591,110.541626,1,0.5,3.74
10513,-1.517591,110.544995,1,0.5,3.74
10514,-1.517591,110.548363,1,0.5,3.74
10515,-1.517591,110.622474,1,0.5,19.02
10516,-1.517591,110.625843,1,0.5,19.02
10517,-1.517591,110.629212,1,0.5,19.02
10518,-1.52096,110.063273,1,0.5,0.44
10519,-1.52096,110.066642,1,0.5,0.44
10520,-1.52096,110.07001,1,0.5,0.44
10521,-1.52096,110.541626,1,0.5,3.74
10522,-1.52096,110.544995,1,0.5,3.74
10523,-1.52096,110.548363,1,0.5,3.74
10524,-1.52096,110.622474,1,0.5,19.02
10525,-1.52096,110.625843,1,0.5,19.02
10526,-1.52096,110.629212,2,0.5,19.02
10527,-1.52096,110.63258,1,0.5,12.81
10528,-1.52096,110.635949,1,0.5,12.81
10529,-1.524329,110.063273,1,0.5,0.44
10530,-1.524329,110.066642,1,0.5,0.44
10531,-1.524329,110.07001,1,0.5,0.44
10532,-1.524329,110.622474,1,0.5,19.02
10533,-1.524329,110.625843,2,0.5,19.02
10534,-1.524329,110.629212,3,0.5,19.02
10535,-1.524329,110.63258,2,0.5,12.81
10536,-1.524329,110.635949,1,0.5,12.81
10537,-1.527697,110.622474,1,0.5,19.02
10538,-1.527697,110.625843,2,0.5,19.02
10539,-1.527697,110.629212,3,0.5,19.02
10540,-1.527697,110.63258,2,0.5,12.81
10541,-1.527697,110.635949,1,0.5,12.81
10542,-1.527697,110.652792,1,0.5,4.76
10543,-1.527697,110.656161,1,0.5,4.76
10544,-1.527697,110.65953,1,0.5,4.76
10545,-1.531066,110.652792,1,0.5,4.76
10546,-1.531066,110.656161,1,0.5,4.76
10547,-1.531066,110.65953,1,0.5,4.76
10548,-1.534435,110.571944,1,0.5,8.49
10549,-1.534435,110.575313,1,0.5,8.49
10550,-1.537803,110.571944,1,0.5,8.49
10551,-1.537803,110.575313,1,0.5,8.49
10552,-1.541172,110.396773,1,0.5,2.85
10553,-1.541172,110.400141,1,0.5,2.85
10554,-1.541172,110.40351,1,0.5,2.85
10555,-1.541172,110.565207,1,0.5,3.24
10556,-1.541172,110.568575,1,0.5,3.24
10557,-1.541172,110.571944,2,0.5,8.49
10558,-1.541172,110.575313,1,0.5,8.49
10559,-1.544541,110.396773,1,0.5,2.85
10560,-1.544541,110.400141,1,0.5,2.85
10561,-1.544541,110.40351,1,0.5,2.85
10562,-1.544541,110.565207,1,0.5,3.24
10563,-1.544541,110.568575,1,0.5,3.24
10564,-1.544541,110.571944,1,0.5,3.24
10565,-1.544541,110.639318,1,0.5,4.84
10566,-1.544541,110.642686,1,0.5,4.84
10567,-1.544541,110.646055,1,0.5,4.84
10568,-1.54791,110.059904,1,0.5,4.38
10569,-1.54791,110.063273,1,0.5,4.38
10570,-1.54791,110.066642,1,0.5,4.38
10571,-1.54791,110.507939,1,0.5,2.03
10572,-1.54791,110.511308,1,0.5,2.03
10573,-1.54791,110.538257,1,0.5,14.76
10574,-1.54791,110.541626,1,0.5,14.76
10575,-1.54791,110.565207,1,0.5,3.24
10576,-1.54791,110.568575,1,0.5,3.24
10577,-1.54791,110.571944,1,0.5,3.24
10578,-1.54791,110.639318,1,0.5,4.84
10579,-1.54791,110.642686,1,0.5,4.84
10580,-1.54791,110.646055,1,0.5,4.84
10581,-1.54791,110.720166,1,0.5,0.56
10582,-1.54791,110.723535,1,0.5,0.56
10583,-1.54791,110.726903,1,0.5,0.56
10584,-1.551278,110.059904,1,0.5,4.38
10585,-1.551278,110.063273,1,0.5,4.38
10586,-1.551278,110.066642,1,0.5,4.38
10587,-1.551278,110.507939,1,0.5,2.03
10588,-1.551278,110.511308,1,0.5,2.03
10589,-1.551278,110.538257,1,0.5,14.76
10590,-1.551278,110.541626,1,0.5,14.76
10591,-1.551278,110.575313,1,0.5,2.74
10592,-1.551278,110.578681,1,0.5,2.74
10593,-1.551278,110.58205,1,0.5,2.74
10594,-1.551278,110.639318,1,0.5,4.84
10595,-1.551278,110.642686,1,0.5,4.84
10596,-1.551278,110.646055,1,0.5,4.84
10597,-1.551278,110.720166,1,0.5,0.56
10598,-1.551278,110.723535,1,0.5,0.56
10599,-1.551278,110.726903,2,0.5,5.55
10600,-1.551278,110.730272,1,0.5,5.55
10601,-1.551278,110.733641,1,0.5,5.55
10602,-1.551278,110.740378,1,0.5,13.51
10603,-1.551278,110.743747,1,0.5,13.51
10604,-1.551278,110.81112,1,0.5,12.75
10605,-1.551278,110.814489,1,0.5,12.75
10606,-1.554647,110.059904,1,0.5,4.38
10607,-1.554647,110.063273,1,0.5,4.38
10608,-1.554647,110.066642,1,0.5,4.38
10609,-1.554647,110.507939,1,0.5,2.03
10610,-1.554647,110.511308,1,0.5,2.03
10611,-1.554647,110.538257,1,0.5,14.76
10612,-1.554647,110.541626,1,0.5,14.76
10613,-1.554647,110.568575,1,0.5,9.84
10614,-1.554647,110.571944,1,0.5,9.84
10615,-1.554647,110.575313,2,0.5,9.84
10616,-1.554647,110.578681,1,0.5,2.74
10617,-1.554647,110.58205,1,0.5,2.74
10618,-1.554647,110.676373,1,0.5,5.08
10619,-1.554647,110.679742,1,0.5,5.08
10620,-1.554647,110.68311,1,0.5,5.08
10621,-1.554647,110.726903,1,0.5,5.55
10622,-1.554647,110.730272,1,0.5,5.55
10623,-1.554647,110.733641,1,0.5,5.55
10624,-1.554647,110.740378,1,0.5,13.51
10625,-1.554647,110.743747,1,0.5,13.51
10626,-1.554647,110.81112,1,0.5,12.75
10627,-1.554647,110.814489,1,0.5,12.75
10628,-1.554647,110.817858,1,0.5,1.71
10629,-1.554647,110.821226,1,0.5,11.18
10630,-1.554647,110.824595,2,0.5,11.18
10631,-1.554647,110.827964,2,0.5,5.77
10632,-1.554647,110.831333,1,0.5,5.77
10633,-1.558016,110.538257,1,0.5,14.76
10634,-1.558016,110.541626,1,0.5,14.76
10635,-1.558016,110.568575,1,0.5,9.84
10636,-1.558016,110.571944,1,0.5,9.84
10637,-1.558016,110.575313,2,0.5,9.84
10638,-1.558016,110.578681,1,0.5,2.74
10639,-1.558016,110.58205,1,0.5,2.74
10640,-1.558016,110.676373,1,0.5,5.08
10641,-1.558016,110.679742,1,0.5,5.08
10642,-1.558016,110.68311,1,0.5,5.08
10643,-1.558016,110.726903,1,0.5,5.55
10644,-1.558016,110.730272,1,0.5,5.55
10645,-1.558016,110.733641,1,0.5,5.55
10646,-1.558016,110.740378,1,0.5,13.51
10647,-1.558016,110.743747,1,0.5,13.51
10648,-1.558016,110.797646,1,0.5,1.86
10649,-1.558016,110.801014,2,0.5,9.87
10650,-1.558016,110.804383,1,0.5,9.39
10651,-1.558016,110.807752,2,0.5,16.48
10652,-1.558016,110.81112,2,0.5,13.0
10653,-1.558016,110.814489,1,0.5,13.0
10654,-1.558016,110.817858,2,0.5,13.0
10655,-1.558016,110.821226,2,0.75,17.76
10656,-1.558016,110.824595,3,0.67,17.76
10657,-1.558016,110.827964,3,0.67,17.76
10658,-1.558016,110.831333,1,0.5,5.77
10659,-1.561384,110.568575,1,0.5,9.84
10660,-1.561384,110.571944,1,0.5,9.84
10661,-1.561384,110.575313,1,0.5,9.84
10662,-1.561384,110.740378,1,0.5,13.51
10663,-1.561384,110.743747,1,0.5,13.51
10664,-1.561384,110.797646,1,0.5,3.62
10665,-1.561384,110.801014,2,0.5,9.87
10666,-1.561384,110.804383,1,0.5,9.39
10667,-1.561384,110.807752,2,0.5,16.48
10668,-1.561384,110.81112,2,0.5,13.0
10669,-1.561384,110.814489,1,0.5,13.0
10670,-1.561384,110.817858,2,0.5,13.0
10671,-1.561384,110.821226,2,0.75,17.76
10672,-1.561384,110.824595,2,0.75,17.76
10673,-1.561384,110.827964,2,0.75,17.76
10674,-1.564753,110.578681,1,0.5,4.44
10675,-1.564753,110.58205,1,0.5,4.44
10676,-1.564753,110.797646,1,0.5,3.62
10677,-1.564753,110.801014,2,0.5,9.87
10678,-1.564753,110.804383,1,0.5,9.39
10679,-1.564753,110.807752,2,0.5,16.48
10680,-1.564753,110.81112,2,0.5,13.0
10681,-1.564753,110.814489,1,0.5,13.0
10682,-1.564753,110.817858,1,0.5,13.0
10683,-1.564753,110.821226,1,1.0,17.76
10684,-1.564753,110.824595,1,1.0,17.76
10685,-1.564753,110.827964,1,1.0,17.76
10686,-1.568122,110.511308,1,0.5,16.29
10687,-1.568122,110.514676,1,0.5,16.29
10688,-1.568122,110.518045,1,0.5,16.29
10689,-1.568122,110.578681,1,0.5,4.44
10690,-1.568122,110.58205,1,0.5,4.44
10691,-1.568122,110.602262,1,0.5,7.78
10692,-1.568122,110.605631,1,0.5,7.78
10693,-1.568122,110.608999,1,0.5,7.78
10694,-1.568122,110.743747,1,0.5,9.47
10695,-1.568122,110.747115,1,0.5,9.47
10696,-1.568122,110.750484,1,0.5,9.47
10697,-1.568122,110.797646,1,0.5,1.86
10698,-1.568122,110.801014,1,0.5,1.86
10699,-1.568122,110.821226,1,1.0,17.76
10700,-1.568122,110.824595,1,1.0,17.76
10701,-1.568122,110.827964,2,0.75,17.76
10702,-1.568122,110.831333,1,0.5,4.22
10703,-1.568122,110.834701,1,0.5,4.22
10704,-1.57149,110.396773,1,0.5,2.85
10705,-1.57149,110.400141,1,0.5,2.85
10706,-1.57149,110.511308,1,0.5,16.29
10707,-1.57149,110.514676,1,0.5,16.29
10708,-1.57149,110.518045,1,0.5,16.29
10709,-1.57149,110.555101,1,0.5,5.44
10710,-1.57149,110.558469,1,0.5,5.44
10711,-1.57149,110.561838,1,0.5,5.44
10712,-1.57149,110.578681,1,0.5,4.44
10713,-1.57149,110.58205,1,0.5,4.44
10714,-1.57149,110.602262,1,0.5,7.78
10715,-1.57149,110.605631,2,0.5,7.78
10716,-1.57149,110.608999,2,0.5,7.78
10717,-1.57149,110.733641,1,0.5,8.02
10718,-1.57149,110.737009,1,0.5,8.02
10719,-1.57149,110.743747,1,0.5,9.47
10720,-1.57149,110.747115,1,0.5,9.47
10721,-1.57149,110.750484,1,0.5,9.47
10722,-1.57149,110.774065,1,0.5,4.86
10723,-1.57149,110.777434,1,0.5,4.86
10724,-1.57149,110.797646,1,0.5,5.98
10725,-1.57149,110.801014,1,0.5,5.98
10726,-1.57149,110.804383,1,0.5,5.98
10727,-1.57149,110.807752,1,0.5,5.98
10728,-1.57149,110.814489,1,0.5,10.61
10729,-1.57149,110.817858,1,0.5,10.61
10730,-1.57149,110.821226,1,0.5,10.61
10731,-1.57149,110.831333,1,0.5,4.22
10732,-1.57149,110.834701,1,0.5,4.22
10733,-1.57149,110.83807,1,0.5,4.22
10734,-1.57149,110.871757,1,0.5,12.32
10735,-1.57149,110.875125,1,0.5,12.32
10736,-1.57149,110.878494,1,0.5,12.32
10737,-1.57149,110.925656,1,0.5,9.75
10738,-1.57149,110.929024,1,0.5,9.75
10739,-1.574859,110.07001,1,0.5,10.71
10740,-1.574859,110.073379,1,0.5,10.71
10741,-1.574859,110.076748,1,0.5,28.62
10742,-1.574859,110.080116,1,0.5,28.62
10743,-1.574859,110.083485,1,0.5,28.62
10744,-1.574859,110.396773,1,0.5,2.85
10745,-1.574859,110.400141,1,0.5,2.85
10746,-1.574859,110.511308,1,0.5,16.29
10747,-1.574859,110.514676,1,0.5,16.29
10748,-1.574859,110.518045,1,0.5,16.29
10749,-1.574859,110.555101,1,0.5,3.48
10750,-1.574859,110.558469,1,0.5,3.48
10751,-1.574859,110.561838,1,0.5,3.48
10752,-1.574859,110.568575,1,0.5,4.42
10753,-1.574859,110.571944,1,0.5,4.42
10754,-1.574859,110.575313,1,0.5,4.42
10755,-1.574859,110.602262,1,0.5,7.78
10756,-1.574859,110.605631,2,0.5,7.78
10757,-1.574859,110.608999,2,0.5,7.78
10758,-1.574859,110.737009,1,0.5,8.02
10759,-1.574859,110.740378,1,0.5,8.02
10760,-1.574859,110.743747,1,0.5,4.03
10761,-1.574859,110.747115,2,0.5,9.47
10762,-1.574859,110.750484,3,0.5,9.47
10763,-1.574859,110.753853,2,0.5,9.47
10764,-1.574859,110.777434,1,0.5,4.86
10765,-1.574859,110.780802,1,0.5,4.86
10766,-1.574859,110.801014,1,0.5,7.55
10767,-1.574859,110.804383,1,0.5,7.55
10768,-1.574859,110.807752,1,0.5,7.55
10769,-1.574859,110.814489,1,0.5,10.61
10770,-1.574859,110.817858,1,0.5,10.61
10771,-1.574859,110.821226,1,0.5,10.61
10772,-1.574859,110.831333,1,0.5,4.22
10773,-1.574859,110.834701,1,0.5,4.22
10774,-1.574859,110.83807,1,0.5,4.22
10775,-1.574859,110.844807,1,0.5,3.65
10776,-1.574859,110.848176,1,0.5,3.65
10777,-1.574859,110.871757,1,0.5,12.32
10778,-1.574859,110.875125,1,0.5,12.32
10779,-1.574859,110.878494,1,0.5,12.32
10780,-1.578228,110.066642,1,0.5,4.7
10781,-1.578228,110.07001,2,0.5,10.71
10782,-1.578228,110.073379,2,0.5,10.71
10783,-1.578228,110.076748,1,0.5,28.62
10784,-1.578228,110.080116,1,0.5,28.62
10785,-1.578228,110.083485,1,0.5,28.62
10786,-1.578228,110.396773,1,0.5,2.85
10787,-1.578228,110.400141,1,0.5,2.85
10788,-1.578228,110.555101,1,0.5,3.48
10789,-1.578228,110.558469,1,0.5,3.48
10790,-1.578228,110.561838,1,0.5,3.48
10791,-1.578228,110.565207,1,0.5,3.48
10792,-1.578228,110.571944,1,0.5,4.42
10793,-1.578228,110.575313,2,0.5,5.49
10794,-1.578228,110.578681,2,0.5,5.49
10795,-1.578228,110.608999,1,0.5,5.29
10796,-1.578228,110.612368,1,0.5,5.29
10797,-1.578228,110.629212,1,0.5,2.38
10798,-1.578228,110.63258,1,0.5,2.38
10799,-1.578228,110.737009,1,0.5,8.02
10800,-1.578228,110.740378,1,0.5,8.02
10801,-1.578228,110.743747,1,0.5,4.03
10802,-1.578228,110.747115,1,0.5,4.03
10803,-1.578228,110.750484,2,0.5,5.89
10804,-1.578228,110.753853,1,0.5,5.89
10805,-1.578228,110.777434,1,0.5,4.86
10806,-1.578228,110.780802,1,0.5,4.86
10807,-1.578228,110.801014,1,0.5,7.55
10808,-1.578228,110.804383,1,0.5,7.55
10809,-1.578228,110.807752,1,0.5,7.55
10810,-1.578228,110.814489,2,0.5,10.61
10811,-1.578228,110.817858,2,0.5,10.61
10812,-1.578228,110.821226,2,0.5,10.61
10813,-1.578228,110.844807,2,0.5,3.65
10814,-1.578228,110.848176,2,0.5,3.65
10815,-1.578228,110.851545,1,0.5,3.0
10816,-1.578228,110.861651,2,0.5,4.86
10817,-1.578228,110.865019,2,0.5,7.34
10818,-1.578228,110.868388,2,0.5,7.34
10819,-1.578228,110.871757,1,0.5,7.34
10820,-1.581596,110.066642,1,0.5,4.7
10821,-1.581596,110.07001,2,0.5,10.71
10822,-1.581596,110.073379,2,0.5,10.71
10823,-1.581596,110.076748,1,0.5,28.62
10824,-1.581596,110.080116,1,0.5,28.62
10825,-1.581596,110.083485,1,0.5,28.62
10826,-1.581596,110.558469,1,0.5,3.48
10827,-1.581596,110.561838,1,0.5,3.48
10828,-1.581596,110.565207,1,0.5,3.48
10829,-1.581596,110.571944,1,0.5,4.42
10830,-1.581596,110.575313,2,0.5,5.49
10831,-1.581596,110.578681,3,0.5,27.37
10832,-1.581596,110.58205,1,0.5,27.37
10833,-1.581596,110.585419,1,0.5,27.37
10834,-1.581596,110.605631,1,0.5,25.89
10835,-1.581596,110.608999,1,0.5,25.89
10836,-1.581596,110.612368,1,0.5,25.89
10837,-1.581596,110.629212,1,0.5,2.38
10838,-1.581596,110.63258,1,0.5,2.38
10839,-1.581596,110.750484,1,0.5,5.89
10840,-1.581596,110.753853,1,0.5,5.89
10841,-1.581596,110.767328,1,0.5,3.78
10842,-1.581596,110.770696,1,0.5,3.78
10843,-1.581596,110.777434,1,0.5,4.86
10844,-1.581596,110.780802,1,0.5,4.86
10845,-1.581596,110.801014,1,0.5,7.55
10846,-1.581596,110.804383,1,0.5,7.55
10847,-1.581596,110.807752,1,0.5,7.55
10848,-1.581596,110.814489,1,0.5,4.56
10849,-1.581596,110.817858,1,0.5,4.56
10850,-1.581596,110.821226,1,0.5,4.56
10851,-1.581596,110.844807,2,0.5,3.65
10852,-1.581596,110.848176,2,0.5,3.65
10853,-1.581596,110.851545,1,0.5,3.0
10854,-1.581596,110.861651,2,0.5,4.86
10855,-1.581596,110.865019,2,0.5,7.34
10856,-1.581596,110.868388,2,0.5,7.34
10857,-1.581596,110.871757,1,0.5,7.34
10858,-1.584965,110.066642,1,0.5,4.7
10859,-1.584965,110.07001,1,0.5,4.7
10860,-1.584965,110.073379,1,0.5,4.7
10861,-1.584965,110.575313,1,0.5,5.49
10862,-1.584965,110.578681,2,0.5,27.37
10863,-1.584965,110.58205,1,0.5,27.37
10864,-1.584965,110.585419,1,0.5,27.37
10865,-1.584965,110.605631,1,0.5,25.89
10866,-1.584965,110.608999,1,0.5,25.89
10867,-1.584965,110.612368,1,0.5,25.89
10868,-1.584965,110.629212,1,0.5,2.38
10869,-1.584965,110.63258,1,0.5,2.38
10870,-1.584965,110.767328,1,0.5,3.78
10871,-1.584965,110.770696,1,0.5,3.78
10872,-1.584965,110.777434,1,0.5,2.38
10873,-1.584965,110.780802,1,0.5,2.38
10874,-1.584965,110.784171,1,0.5,2.38
10875,-1.584965,110.814489,1,0.5,4.56
10876,-1.584965,110.817858,1,0.5,4.56
10877,-1.584965,110.821226,1,0.5,4.56
10878,-1.584965,110.83807,1,0.5,6.95
10879,-1.584965,110.841439,1,0.5,6.95
10880,-1.584965,110.844807,1,0.5,3.0
10881,-1.584965,110.848176,1,0.5,3.0
10882,-1.584965,110.851545,1,0.5,3.0
10883,-1.584965,110.858282,1,0.5,7.68
10884,-1.584965,110.861651,3,0.5,7.68
10885,-1.584965,110.865019,3,0.5,7.68
10886,-1.584965,110.868388,2,0.5,7.34
10887,-1.584965,110.871757,2,0.5,7.34
10888,-1.584965,110.875125,1,0.5,6.2
10889,-1.588334,110.066642,1,0.5,1.17
10890,-1.588334,110.07001,1,0.5,1.17
10891,-1.588334,110.578681,1,0.5,19.49
10892,-1.588334,110.58205,1,0.5,19.49
10893,-1.588334,110.585419,1,0.5,19.49
10894,-1.588334,110.767328,1,0.5,3.78
10895,-1.588334,110.770696,1,0.5,3.78
10896,-1.588334,110.777434,1,0.5,2.38
10897,-1.588334,110.780802,1,0.5,2.38
10898,-1.588334,110.784171,1,0.5,2.38
10899,-1.588334,110.83807,1,0.5,6.95
10900,-1.588334,110.841439,1,0.5,6.95
10901,-1.588334,110.858282,1,0.5,7.68
10902,-1.588334,110.861651,2,0.5,7.68
10903,-1.588334,110.865019,2,0.5,7.68
10904,-1.588334,110.868388,1,0.5,7.34
10905,-1.588334,110.871757,2,0.5,7.34
10906,-1.588334,110.875125,1,0.5,6.2
10907,-1.591702,110.066642,1,0.5,1.17
10908,-1.591702,110.07001,1,0.5,1.17
10909,-1.591702,110.541626,1,0.5,5.82
10910,-1.591702,110.544995,1,0.5,5.82
10911,-1.591702,110.548363,1,0.5,5.82
10912,-1.591702,110.578681,1,0.5,19.49
10913,-1.591702,110.58205,2,0.5,19.49
10914,-1.591702,110.585419,2,0.5,20.08
10915,-1.591702,110.588787,1,0.5,20.08
10916,-1.591702,110.592156,2,0.5,20.08
10917,-1.591702,110.595525,1,0.5,3.99
10918,-1.591702,110.598893,1,0.5,3.99
10919,-1.591702,110.743747,1,0.5,4.57
10920,-1.591702,110.747115,1,0.5,4.57
10921,-1.591702,110.777434,1,0.5,2.38
10922,-1.591702,110.780802,1,0.5,2.38
10923,-1.591702,110.784171,1,0.5,2.38
10924,-1.591702,110.83807,1,0.5,6.95
10925,-1.591702,110.841439,1,0.5,6.95
10926,-1.591702,110.858282,1,0.5,7.68
10927,-1.591702,110.861651,1,0.5,7.68
10928,-1.591702,110.865019,1,0.5,7.68
10929,-1.591702,110.871757,1,0.5,6.2
10930,-1.591702,110.875125,1,0.5,6.2
10931,-1.595071,110.07001,1,0.5,1.17
10932,-1.595071,110.073379,1,0.5,1.17
10933,-1.595071,110.369823,1,0.5,13.34
10934,-1.595071,110.373192,1,0.5,13.34
10935,-1.595071,110.37656,1,0.5,13.34
10936,-1.595071,110.541626,1,0.5,5.82
10937,-1.595071,110.544995,1,0.5,5.82
10938,-1.595071,110.548363,2,0.5,10.33
10939,-1.595071,110.551732,1,0.5,10.33
10940,-1.595071,110.555101,1,0.5,10.33
10941,-1.595071,110.578681,1,0.5,19.49
10942,-1.595071,110.58205,2,0.5,19.49
10943,-1.595071,110.585419,2,0.5,20.08
10944,-1.595071,110.588787,1,0.5,20.08
10945,-1.595071,110.592156,2,0.5,20.08
10946,-1.595071,110.595525,1,0.5,3.99
10947,-1.595071,110.598893,1,0.5,3.99
10948,-1.595071,110.723535,1,0.5,8.52
10949,-1.595071,110.726903,1,0.5,6.49
10950,-1.595071,110.730272,1,0.5,6.49
10951,-1.595071,110.733641,1,0.5,6.49
10952,-1.595071,110.740378,1,0.5,3.09
10953,-1.595071,110.743747,2,0.5,4.57
10954,-1.595071,110.747115,2,0.5,4.57
10955,-1.595071,110.780802,1,0.5,11.36
10956,-1.595071,110.784171,1,0.5,11.36
10957,-1.595071,110.78754,1,0.5,11.36
10958,-1.595071,110.868388,1,0.5,12.92
10959,-1.595071,110.871757,1,0.5,12.92
10960,-1.595071,110.875125,1,0.5,12.92
10961,-1.59844,110.369823,1,0.5,13.34
10962,-1.59844,110.373192,1,0.5,13.34
10963,-1.59844,110.37656,1,0.5,13.34
10964,-1.59844,110.541626,1,0.5,5.82
10965,-1.59844,110.544995,1,0.5,5.82
10966,-1.59844,110.548363,2,0.5,10.33
10967,-1.59844,110.551732,1,0.5,10.33
10968,-1.59844,110.555101,1,0.5,10.33
10969,-1.59844,110.578681,2,0.5,19.49
10970,-1.59844,110.58205,3,0.5,19.49
10971,-1.59844,110.585419,3,0.5,20.08
10972,-1.59844,110.588787,1,0.5,20.08
10973,-1.59844,110.592156,2,0.5,20.08
10974,-1.59844,110.595525,1,0.5,3.99
10975,-1.59844,110.598893,1,0.5,3.99
10976,-1.59844,110.723535,1,0.5,8.52
10977,-1.59844,110.726903,1,0.5,6.49
10978,-1.59844,110.730272,1,0.5,6.49
10979,-1.59844,110.733641,1,0.5,6.49
10980,-1.59844,110.737009,1,0.5,13.55
10981,-1.59844,110.740378,2,0.5,13.55
10982,-1.59844,110.743747,2,0.5,13.55
10983,-1.59844,110.747115,2,0.5,13.55
10984,-1.59844,110.780802,1,0.5,11.36
10985,-1.59844,110.784171,1,0.5,11.36
10986,-1.59844,110.78754,1,0.5,11.36
10987,-1.59844,110.868388,1,0.5,12.92
10988,-1.59844,110.871757,1,0.5,12.92
10989,-1.59844,110.875125,1,0.5,12.92
10990,-1.601808,110.369823,1,0.5,13.34
10991,-1.601808,110.373192,1,0.5,13.34
10992,-1.601808,110.37656,1,0.5,13.34
10993,-1.601808,110.393404,1,0.5,8.29
10994,-1.601808,110.396773,1,0.5,8.29
10995,-1.601808,110.400141,1,0.5,8.29
10996,-1.601808,110.541626,1,0.5,23.22
10997,-1.601808,110.544995,1,0.5,23.22
10998,-1.601808,110.548363,2,0.5,23.22
10999,-1.601808,110.551732,1,0.5,10.33
11000,-1.601808,110.555101,2,0.5,10.33
11001,-1.601808,110.558469,1,0.5,6.6
11002,-1.601808,110.561838,1,0.5,6.6
11003,-1.601808,110.578681,1,0.5,8.39
11004,-1.601808,110.58205,2,0.5,28.82
11005,-1.601808,110.585419,2,0.5,28.82
11006,-1.601808,110.726903,1,0.5,6.49
11007,-1.601808,110.730272,1,0.5,6.49
11008,-1.601808,110.733641,2,0.5,13.27
11009,-1.601808,110.737009,1,0.5,13.55
11010,-1.601808,110.740378,2,0.5,13.55
11011,-1.601808,110.743747,2,0.5,13.55
11012,-1.601808,110.747115,2,0.5,13.55
11013,-1.601808,110.780802,1,0.5,11.36
11014,-1.601808,110.784171,1,0.5,11.36
11015,-1.601808,110.78754,1,0.5,11.36
11016,-1.601808,110.848176,1,0.5,7.02
11017,-1.601808,110.851545,1,0.5,7.02
11018,-1.601808,110.854913,1,0.5,7.02
11019,-1.601808,110.865019,1,0.5,4.72
11020,-1.601808,110.868388,1,0.5,12.92
11021,-1.601808,110.871757,1,0.5,12.92
11022,-1.601808,110.875125,1,0.5,12.92
11023,-1.605177,110.342874,1,0.5,3.95
11024,-1.605177,110.346242,1,0.5,3.95
11025,-1.605177,110.349611,2,0.5,3.95
11026,-1.605177,110.35298,1,0.5,1.3
11027,-1.605177,110.356348,1,0.5,1.3
11028,-1.605177,110.390035,1,0.5,9.07
11029,-1.605177,110.393404,2,0.5,9.07
11030,-1.605177,110.396773,2,0.5,9.07
11031,-1.605177,110.400141,1,0.5,8.29
11032,-1.605177,110.555101,1,0.5,6.6
11033,-1.605177,110.558469,1,0.5,6.6
11034,-1.605177,110.561838,1,0.5,6.6
11035,-1.605177,110.58205,1,0.5,28.82
11036,-1.605177,110.585419,1,0.5,28.82
11037,-1.605177,110.679742,1,0.5,2.2
11038,-1.605177,110.68311,1,0.5,2.2
11039,-1.605177,110.733641,1,0.5,13.27
11040,-1.605177,110.737009,1,0.5,13.55
11041,-1.605177,110.740378,1,0.5,13.55
11042,-1.605177,110.743747,1,0.5,13.55
11043,-1.605177,110.747115,1,0.5,13.55
11044,-1.605177,110.814489,1,0.5,18.3
11045,-1.605177,110.817858,1,0.5,18.3
11046,-1.605177,110.821226,1,0.5,18.3
11047,-1.605177,110.841439,1,0.5,7.02
11048,-1.605177,110.844807,1,0.5,7.02
11049,-1.605177,110.848176,1,0.5,7.02
11050,-1.605177,110.851545,1,0.5,7.02
11051,-1.605177,110.854913,1,0.5,7.02
11052,-1.605177,110.865019,1,0.5,4.72
11053,-1.605177,110.868388,1,0.5,12.92
11054,-1.605177,110.871757,1,0.5,12.92
11055,-1.605177,110.875125,1,0.5,12.92
11056,-1.608546,110.342874,1,0.5,3.95
11057,-1.608546,110.346242,1,0.5,3.95
11058,-1.608546,110.349611,2,0.5,3.95
11059,-1.608546,110.35298,1,0.5,1.3
11060,-1.608546,110.356348,1,0.5,1.3
11061,-1.608546,110.390035,1,0.5,9.07
11062,-1.608546,110.393404,2,0.5,9.07
11063,-1.608546,110.396773,2,0.5,9.07
11064,-1.608546,110.400141,1,0.5,8.29
11065,-1.608546,110.555101,1,0.5,6.6
11066,-1.608546,110.558469,1,0.5,6.6
11067,-1.608546,110.561838,1,0.5,6.6
11068,-1.608546,110.666267,1,0.5,2.97
11069,-1.608546,110.669636,1,0.5,2.97
11070,-1.608546,110.673004,1,0.5,2.97
11071,-1.608546,110.679742,1,0.5,2.2
11072,-1.608546,110.68311,1,0.5,2.2
11073,-1.608546,110.733641,1,0.5,13.27
11074,-1.608546,110.737009,1,0.5,13.27
11075,-1.608546,110.740378,1,0.5,13.27
11076,-1.608546,110.814489,1,0.5,18.3
11077,-1.608546,110.817858,1,0.5,18.3
11078,-1.608546,110.821226,1,0.5,18.3
11079,-1.608546,110.841439,1,0.5,7.02
11080,-1.608546,110.844807,1,0.5,7.02
11081,-1.608546,110.848176,1,0.5,7.02
11082,-1.608546,110.851545,1,0.5,7.02
11083,-1.608546,110.854913,1,0.5,7.02
11084,-1.608546,110.865019,1,0.5,4.72
11085,-1.608546,110.868388,1,0.5,4.72
11086,-1.608546,110.871757,1,0.5,4.72
11087,-1.611914,110.342874,1,0.5,3.95
11088,-1.611914,110.346242,1,0.5,3.95
11089,-1.611914,110.349611,2,0.5,3.95
11090,-1.611914,110.35298,1,0.5,1.3
11091,-1.611914,110.356348,1,0.5,1.3
11092,-1.611914,110.390035,1,0.5,9.07
11093,-1.611914,110.393404,1,0.5,9.07
11094,-1.611914,110.396773,1,0.5,9.07
11095,-1.611914,110.555101,1,0.5,6.6
11096,-1.611914,110.558469,1,0.5,6.6
11097,-1.611914,110.561838,1,0.5,6.6
11098,-1.611914,110.666267,1,0.5,2.97
11099,-1.611914,110.669636,2,0.5,9.37
11100,-1.611914,110.673004,2,0.5,9.37
11101,-1.611914,110.676373,1,0.5,9.37
11102,-1.611914,110.679742,1,0.5,4.25
11103,-1.611914,110.814489,1,0.5,18.3
11104,-1.611914,110.817858,1,0.5,18.3
11105,-1.611914,110.821226,1,0.5,18.3
11106,-1.615283,110.555101,1,0.5,6.6
11107,-1.615283,110.558469,1,0.5,6.6
11108,-1.615283,110.561838,1,0.5,6.6
11109,-1.615283,110.662898,1,0.5,4.15
11110,-1.615283,110.666267,3,0.5,15.92
11111,-1.615283,110.669636,4,0.5,15.92
11112,-1.615283,110.673004,3,0.5,15.92
11113,-1.615283,110.676373,2,0.5,15.92
11114,-1.615283,110.679742,1,0.5,4.25
11115,-1.618652,110.662898,1,0.5,4.15
11116,-1.618652,110.666267,2,0.5,15.92
11117,-1.618652,110.669636,3,0.5,15.92
11118,-1.618652,110.673004,2,0.5,15.92
11119,-1.618652,110.676373,2,0.5,15.92
11120,-1.618652,110.679742,1,0.5,4.25
11121,-1.622021,110.073379,1,0.5,1.61
11122,-1.622021,110.076748,2,0.5,11.14
11123,-1.622021,110.080116,2,0.5,11.14
11124,-1.622021,110.083485,2,0.5,11.14
11125,-1.622021,110.086854,2,0.5,11.68
11126,-1.622021,110.315924,1,0.5,12.28
11127,-1.622021,110.319293,1,0.5,12.28
11128,-1.622021,110.322661,1,0.5,12.28
11129,-1.622021,110.470884,1,0.5,1.86
11130,-1.622021,110.474252,1,0.5,1.86
11131,-1.622021,110.477621,1,0.5,1.86
11132,-1.622021,110.555101,1,0.5,51.71
11133,-1.622021,110.558469,1,0.5,51.71
11134,-1.622021,110.561838,1,0.5,51.71
11135,-1.622021,110.565207,1,0.5,49.96
11136,-1.622021,110.662898,1,0.5,4.15
11137,-1.622021,110.666267,2,0.5,15.92
11138,-1.622021,110.669636,2,0.5,15.92
11139,-1.622021,110.673004,1,0.5,15.92
11140,-1.622021,110.676373,1,0.5,15.92
11141,-1.625389,110.073379,3,0.5,5.65
11142,-1.625389,110.076748,4,0.5,11.14
11143,-1.625389,110.080116,4,0.5,11.14
11144,-1.625389,110.083485,2,0.5,11.14
11145,-1.625389,110.086854,2,0.5,11.68
11146,-1.625389,110.315924,1,0.5,12.28
11147,-1.625389,110.319293,1,0.5,12.28
11148,-1.625389,110.322661,1,0.5,12.28
11149,-1.625389,110.369823,1,0.5,2.77
11150,-1.625389,110.373192,1,0.5,2.77
11151,-1.625389,110.37656,1,0.5,2.77
11152,-1.625389,110.470884,1,0.5,1.86
11153,-1.625389,110.474252,1,0.5,1.86
11154,-1.625389,110.477621,1,0.5,1.86
11155,-1.625389,110.555101,1,0.5,51.71
11156,-1.625389,110.558469,1,0.5,51.71
11157,-1.625389,110.561838,1,0.5,51.71
11158,-1.625389,110.565207,1,0.5,49.96
11159,-1.628758,110.073379,3,0.5,5.65
11160,-1.628758,110.076748,4,0.5,11.14
11161,-1.628758,110.080116,4,0.5,11.14
11162,-1.628758,110.083485,2,0.5,11.14
11163,-1.628758,110.086854,2,0.5,11.68
11164,-1.628758,110.369823,1,0.5,2.77
11165,-1.628758,110.373192,1,0.5,2.77
11166,-1.628758,110.37656,1,0.5,2.77
11167,-1.628758,110.470884,1,0.5,1.86
11168,-1.628758,110.474252,1,0.5,1.86
11169,-1.628758,110.477621,1,0.5,1.86
11170,-1.628758,110.50457,1,0.5,3.52
11171,-1.628758,110.507939,1,0.5,3.52
11172,-1.628758,110.511308,1,0.5,3.52
11173,-1.632127,110.073379,2,0.5,2.22
11174,-1.632127,110.076748,2,0.5,2.22
11175,-1.632127,110.080116,2,0.5,2.22
11176,-1.632127,110.329399,1,0.5,3.56
11177,-1.632127,110.332768,1,0.5,3.56
11178,-1.632127,110.336136,1,0.5,3.56
11179,-1.632127,110.50457,1,0.5,3.52
11180,-1.632127,110.507939,1,0.5,3.52
11181,-1.632127,110.511308,1,0.5,3.52
11182,-1.632127,110.642686,1,0.5,4.04
11183,-1.632127,110.646055,1,0.5,4.04
11184,-1.635495,110.063273,1,0.5,5.45
11185,-1.635495,110.066642,1,0.5,5.45
11186,-1.635495,110.07001,1,0.5,5.45
11187,-1.635495,110.329399,1,0.5,3.56
11188,-1.635495,110.332768,1,0.5,3.56
11189,-1.635495,110.336136,1,0.5,3.56
11190,-1.635495,110.50457,1,0.5,3.52
11191,-1.635495,110.507939,1,0.5,3.52
11192,-1.635495,110.511308,1,0.5,3.52
11193,-1.635495,110.555101,1,0.5,3.68
11194,-1.635495,110.558469,1,0.5,3.68
11195,-1.635495,110.561838,1,0.5,3.68
11196,-1.635495,110.642686,1,0.5,4.04
11197,-1.635495,110.646055,1,0.5,4.04
11198,-1.638864,110.059904,2,0.5,1.17
11199,-1.638864,110.063273,4,0.5,5.45
11200,-1.638864,110.066642,4,0.5,5.45
11201,-1.638864,110.07001,2,0.5,5.45
11202,-1.638864,110.329399,1,0.5,3.56
11203,-1.638864,110.332768,1,0.5,3.56
11204,-1.638864,110.336136,1,0.5,3.56
11205,-1.638864,110.413616,1,0.5,6.14
11206,-1.638864,110.416985,1,0.5,6.14
11207,-1.638864,110.420353,1,0.5,6.14
11208,-1.638864,110.555101,1,0.5,3.68
11209,-1.638864,110.558469,1,0.5,3.68
11210,-1.638864,110.561838,2,0.5,12.87
11211,-1.638864,110.565207,1,0.5,12.87
11212,-1.638864,110.568575,1,0.5,12.87
11213,-1.638864,110.592156,1,0.5,7.17
11214,-1.638864,110.595525,1,0.5,7.17
11215,-1.638864,110.598893,1,0.5,7.17
11216,-1.638864,110.646055,1,0.5,4.04
11217,-1.638864,110.649424,1,0.5,4.04
11218,-1.642233,110.056536,1,0.5,7.38
11219,-1.642233,110.059904,2,0.5,7.38
11220,-1.642233,110.063273,5,0.5,7.38
11221,-1.642233,110.066642,5,0.5,7.38
11222,-1.642233,110.07001,3,0.5,5.45
11223,-1.642233,110.329399,1,0.5,3.56
11224,-1.642233,110.332768,1,0.5,3.56
11225,-1.642233,110.336136,1,0.5,3.56
11226,-1.642233,110.393404,1,0.5,18.54
11227,-1.642233,110.396773,1,0.5,18.54
11228,-1.642233,110.400141,1,0.5,18.54
11229,-1.642233,110.413616,1,0.5,6.14
11230,-1.642233,110.416985,1,0.5,6.14
11231,-1.642233,110.420353,1,0.5,6.14
11232,-1.642233,110.558469,1,0.5,3.68
11233,-1.642233,110.561838,1,0.5,3.68
11234,-1.642233,110.565207,2,0.5,12.87
11235,-1.642233,110.568575,1,0.5,12.87
11236,-1.642233,110.571944,1,0.5,12.87
11237,-1.642233,110.595525,1,0.5,7.17
11238,-1.642233,110.598893,1,0.5,7.17
11239,-1.642233,110.602262,1,0.5,7.17
11240,-1.645601,110.056536,1,0.5,7.38
11241,-1.645601,110.059904,2,0.5,7.38
11242,-1.645601,110.063273,4,0.5,7.38
11243,-1.645601,110.066642,4,0.5,7.38
11244,-1.645601,110.07001,2,0.5,5.03
11245,-1.645601,110.329399,1,0.5,3.56
11246,-1.645601,110.332768,1,0.5,3.56
11247,-1.645601,110.336136,1,0.5,3.56
11248,-1.645601,110.396773,1,0.5,18.54
11249,-1.645601,110.400141,1,0.5,18.54
11250,-1.645601,110.40351,1,0.5,18.54
11251,-1.645601,110.416985,1,0.5,6.14
11252,-1.645601,110.420353,1,0.5,6.14
11253,-1.645601,110.423722,1,0.5,6.14
11254,-1.645601,110.561838,1,0.5,2.43
11255,-1.645601,110.565207,2,0.5,12.87
11256,-1.645601,110.568575,2,0.5,12.87
11257,-1.645601,110.571944,1,0.5,12.87
11258,-1.645601,110.595525,1,0.5,7.17
11259,-1.645601,110.598893,1,0.5,7.17
11260,-1.645601,110.602262,1,0.5,7.17
11261,-1.64897,110.056536,1,0.5,7.38
11262,-1.64897,110.059904,2,0.5,7.38
11263,-1.64897,110.063273,2,0.5,7.38
11264,-1.64897,110.066642,2,0.5,7.38
11265,-1.64897,110.07001,1,0.5,5.03
11266,-1.64897,110.396773,1,0.5,18.54
11267,-1.64897,110.400141,1,0.5,18.54
11268,-1.64897,110.40351,1,0.5,18.54
11269,-1.64897,110.561838,1,0.5,2.43
11270,-1.64897,110.565207,2,0.5,12.87
11271,-1.64897,110.568575,2,0.5,12.87
11272,-1.64897,110.571944,1,0.5,12.87
11273,-1.64897,110.595525,1,0.5,7.17
11274,-1.64897,110.598893,1,0.5,7.17
11275,-1.64897,110.602262,1,0.5,7.17
11276,-1.64897,110.662898,1,0.5,33.43
11277,-1.64897,110.666267,1,0.5,33.43
11278,-1.64897,110.669636,1,0.5,33.43
11279,-1.652339,110.063273,1,0.5,5.03
11280,-1.652339,110.066642,1,0.5,5.03
11281,-1.652339,110.07001,1,0.5,5.03
11282,-1.652339,110.662898,1,0.5,33.43
11283,-1.652339,110.666267,1,0.5,33.43
11284,-1.652339,110.669636,1,0.5,33.43
11285,-1.652339,110.673004,1,0.5,33.43
11286,-1.652339,110.945868,1,0.5,4.7
11287,-1.652339,110.949236,2,0.5,4.7
11288,-1.652339,110.952605,2,0.5,4.7
11289,-1.652339,110.955974,1,0.5,3.87
11290,-1.655707,110.470884,1,0.5,7.19
11291,-1.655707,110.474252,1,0.5,7.19
11292,-1.655707,110.639318,1,0.5,2.0
11293,-1.655707,110.642686,1,0.5,2.0
11294,-1.655707,110.646055,1,0.5,2.0
11295,-1.655707,110.662898,1,0.5,33.43
11296,-1.655707,110.666267,1,0.5,33.43
11297,-1.655707,110.669636,1,0.5,33.43
11298,-1.655707,110.673004,1,0.5,33.43
11299,-1.655707,110.93913,1,0.5,10.37
11300,-1.655707,110.942499,1,0.5,10.37
11301,-1.655707,110.949236,1,0.5,3.87
11302,-1.655707,110.952605,1,0.5,3.87
11303,-1.655707,110.955974,1,0.5,3.87
11304,-1.659076,110.04643,1,0.5,30.53
11305,-1.659076,110.049798,1,0.5,30.53
11306,-1.659076,110.265394,1,0.5,5.41
11307,-1.659076,110.268763,1,0.5,5.41
11308,-1.659076,110.272131,1,0.5,5.41
11309,-1.659076,110.2755,1,0.5,5.41
11310,-1.659076,110.470884,1,0.5,7.19
11311,-1.659076,110.474252,1,0.5,7.19
11312,-1.659076,110.534888,1,0.5,8.25
11313,-1.659076,110.538257,1,0.5,8.25
11314,-1.659076,110.541626,1,0.5,10.21
11315,-1.659076,110.544995,1,0.5,10.21
11316,-1.659076,110.639318,1,0.5,2.0
11317,-1.659076,110.642686,1,0.5,2.0
11318,-1.659076,110.646055,1,0.5,2.0
11319,-1.659076,110.666267,1,0.5,33.43
11320,-1.659076,110.669636,1,0.5,33.43
11321,-1.659076,110.673004,1,0.5,33.43
11322,-1.659076,110.93913,1,0.5,10.37
11323,-1.659076,110.942499,1,0.5,10.37
11324,-1.662445,110.04643,1,0.5,30.53
11325,-1.662445,110.049798,1,0.5,30.53
11326,-1.662445,110.265394,1,0.5,5.41
11327,-1.662445,110.268763,1,0.5,5.41
11328,-1.662445,110.272131,1,0.5,5.41
11329,-1.662445,110.2755,1,0.5,5.41
11330,-1.662445,110.302449,1,1.0,15.31
11331,-1.662445,110.305818,1,1.0,15.31
11332,-1.662445,110.309187,1,1.0,15.31
11333,-1.662445,110.470884,1,0.5,7.19
11334,-1.662445,110.474252,1,0.5,7.19
11335,-1.662445,110.534888,1,0.5,8.25
11336,-1.662445,110.538257,1,0.5,8.25
11337,-1.662445,110.541626,1,0.5,10.21
11338,-1.662445,110.544995,1,0.5,10.21
11339,-1.662445,110.558469,1,0.5,38.36
11340,-1.662445,110.561838,1,0.5,38.36
11341,-1.662445,110.565207,1,0.5,38.36
11342,-1.662445,110.646055,1,0.5,3.92
11343,-1.662445,110.649424,1,0.5,3.92
11344,-1.662445,110.652792,1,0.5,3.92
11345,-1.662445,110.93913,1,0.5,21.25
11346,-1.665813,110.04643,2,0.5,38.11
11347,-1.665813,110.049798,2,0.5,38.11
11348,-1.665813,110.053167,1,0.5,38.11
11349,-1.665813,110.265394,1,0.5,5.41
11350,-1.665813,110.268763,1,0.5,5.41
11351,-1.665813,110.272131,1,0.5,5.41
11352,-1.665813,110.2755,1,0.5,5.41
11353,-1.665813,110.302449,1,1.0,15.31
11354,-1.665813,110.305818,1,1.0,15.31
11355,-1.665813,110.309187,1,1.0,15.31
11356,-1.665813,110.534888,1,0.5,8.25
11357,-1.665813,110.538257,1,0.5,8.25
11358,-1.665813,110.541626,1,0.5,10.21
11359,-1.665813,110.544995,1,0.5,10.21
11360,-1.665813,110.558469,1,0.5,38.36
11361,-1.665813,110.561838,1,0.5,38.36
11362,-1.665813,110.565207,1,0.5,38.36
11363,-1.665813,110.646055,2,0.5,10.08
11364,-1.665813,110.649424,2,0.5,10.08
11365,-1.665813,110.652792,2,0.5,10.08
11366,-1.665813,110.935762,1,0.5,27.53
11367,-1.665813,110.93913,1,0.5,21.25
11368,-1.669182,110.04643,1,0.5,38.11
11369,-1.669182,110.049798,1,0.5,38.11
11370,-1.669182,110.053167,1,0.5,38.11
11371,-1.669182,110.268763,1,0.5,5.41
11372,-1.669182,110.272131,1,0.5,5.41
11373,-1.669182,110.2755,1,0.5,5.41
11374,-1.669182,110.302449,1,1.0,15.31
11375,-1.669182,110.305818,1,1.0,15.31
11376,-1.669182,110.309187,1,1.0,15.31
11377,-1.669182,110.32603,1,0.5,4.07
11378,-1.669182,110.329399,1,0.5,4.07
11379,-1.669182,110.514676,1,0.5,3.28
11380,-1.669182,110.518045,1,0.5,3.28
11381,-1.669182,110.521414,2,0.5,5.05
11382,-1.669182,110.524782,1,0.5,2.36
11383,-1.669182,110.528151,1,0.5,2.36
11384,-1.669182,110.53152,1,0.5,2.36
11385,-1.669182,110.534888,1,0.5,11.31
11386,-1.669182,110.538257,1,0.5,11.31
11387,-1.669182,110.541626,1,0.5,11.31
11388,-1.669182,110.551732,1,0.5,37.85
11389,-1.669182,110.555101,1,0.5,37.85
11390,-1.669182,110.558469,1,0.5,37.85
11391,-1.669182,110.561838,1,0.5,38.36
11392,-1.669182,110.565207,1,0.5,38.36
11393,-1.669182,110.646055,1,0.5,10.08
11394,-1.669182,110.649424,1,0.5,10.08
11395,-1.669182,110.652792,1,0.5,10.08
11396,-1.669182,110.679742,1,0.5,3.92
11397,-1.669182,110.68311,1,0.5,3.92
11398,-1.669182,110.686479,1,0.5,3.92
11399,-1.669182,110.814489,1,0.5,3.82
11400,-1.669182,110.817858,1,0.5,3.82
11401,-1.669182,110.821226,1,0.5,3.82
11402,-1.669182,110.824595,1,0.5,3.82
11403,-1.669182,110.932393,1,0.5,27.53
11404,-1.669182,110.935762,1,0.5,27.53
11405,-1.669182,110.93913,1,0.5,21.25
11406,-1.672551,110.04643,1,0.5,38.11
11407,-1.672551,110.049798,1,0.5,38.11
11408,-1.672551,110.053167,1,0.5,38.11
11409,-1.672551,110.322661,1,0.5,8.06
11410,-1.672551,110.32603,2,0.5,8.06
11411,-1.672551,110.329399,2,0.5,8.06
11412,-1.672551,110.339505,1,0.5,2.06
11413,-1.672551,110.342874,1,0.5,2.06
11414,-1.672551,110.346242,1,0.5,2.06
11415,-1.672551,110.514676,1,0.5,3.28
11416,-1.672551,110.518045,1,0.5,3.28
11417,-1.672551,110.521414,2,0.5,5.05
11418,-1.672551,110.524782,1,0.5,2.36
11419,-1.672551,110.528151,1,0.5,2.36
11420,-1.672551,110.53152,1,0.5,2.36
11421,-1.672551,110.534888,1,0.5,11.31
11422,-1.672551,110.538257,1,0.5,11.31
11423,-1.672551,110.541626,1,0.5,11.31
11424,-1.672551,110.544995,1,1.0,14.99
11425,-1.672551,110.548363,1,1.0,14.99
11426,-1.672551,110.551732,1,0.5,37.85
11427,-1.672551,110.555101,1,0.5,37.85
11428,-1.672551,110.558469,1,0.5,37.85
11429,-1.672551,110.561838,1,0.5,38.36
11430,-1.672551,110.565207,2,0.5,38.36
11431,-1.672551,110.568575,1,0.5,10.85
11432,-1.672551,110.575313,1,1.0,37.54
11433,-1.672551,110.578681,1,1.0,37.54
11434,-1.672551,110.58205,1,1.0,37.54
11435,-1.672551,110.646055,1,0.5,10.08
11436,-1.672551,110.649424,1,0.5,10.08
11437,-1.672551,110.652792,1,0.5,10.08
11438,-1.672551,110.679742,1,0.5,3.92
11439,-1.672551,110.68311,1,0.5,3.92
11440,-1.672551,110.686479,1,0.5,3.92
11441,-1.672551,110.814489,1,0.5,3.82
11442,-1.672551,110.817858,1,0.5,3.82
11443,-1.672551,110.821226,1,0.5,3.82
11444,-1.672551,110.824595,1,0.5,3.82
11445,-1.672551,110.929024,1,0.5,15.87
11446,-1.672551,110.932393,1,0.5,15.87
11447,-1.675919,110.295712,1,0.5,11.7
11448,-1.675919,110.299081,1,0.5,11.7
11449,-1.675919,110.302449,1,0.5,11.7
11450,-1.675919,110.322661,1,0.5,8.06
11451,-1.675919,110.32603,1,0.5,8.06
11452,-1.675919,110.329399,1,0.5,8.06
11453,-1.675919,110.339505,1,0.5,2.06
11454,-1.675919,110.342874,1,0.5,2.06
11455,-1.675919,110.346242,1,0.5,2.06
11456,-1.675919,110.514676,1,0.5,3.28
11457,-1.675919,110.518045,3,0.5,9.88
11458,-1.675919,110.521414,4,0.5,9.88
11459,-1.675919,110.524782,2,0.5,9.88
11460,-1.675919,110.528151,1,0.5,2.36
11461,-1.675919,110.53152,1,0.5,2.36
11462,-1.675919,110.534888,1,0.5,11.31
11463,-1.675919,110.538257,1,0.5,11.31
11464,-1.675919,110.541626,1,0.5,11.31
11465,-1.675919,110.544995,2,0.75,14.99
11466,-1.675919,110.548363,2,0.75,14.99
11467,-1.675919,110.551732,2,0.5,37.85
11468,-1.675919,110.555101,1,0.5,37.85
11469,-1.675919,110.558469,1,0.5,37.85
11470,-1.675919,110.565207,1,0.5,10.85
11471,-1.675919,110.568575,1,0.5,10.85
11472,-1.675919,110.575313,1,1.0,37.54
11473,-1.675919,110.578681,1,1.0,37.54
11474,-1.675919,110.58205,1,1.0,37.54
11475,-1.675919,110.679742,1,0.5,3.92
11476,-1.675919,110.68311,1,0.5,3.92
11477,-1.675919,110.686479,1,0.5,3.92
11478,-1.675919,110.814489,1,0.5,3.82
11479,-1.675919,110.817858,1,0.5,3.82
11480,-1.675919,110.821226,1,0.5,3.82
11481,-1.675919,110.824595,1,0.5,3.82
11482,-1.679288,110.295712,1,0.5,11.7
11483,-1.679288,110.299081,1,0.5,11.7
11484,-1.679288,110.302449,1,0.5,11.7
11485,-1.679288,110.322661,1,0.5,8.06
11486,-1.679288,110.32603,1,0.5,8.06
11487,-1.679288,110.329399,1,0.5,8.06
11488,-1.679288,110.507939,1,0.5,11.81
11489,-1.679288,110.511308,1,0.5,11.81
11490,-1.679288,110.514676,2,0.5,11.81
11491,-1.679288,110.518045,3,0.5,9.88
11492,-1.679288,110.521414,3,0.5,9.88
11493,-1.679288,110.524782,1,0.5,9.88
11494,-1.679288,110.544995,2,0.75,14.99
11495,-1.679288,110.548363,2,0.75,14.99
11496,-1.679288,110.551732,2,0.5,37.85
11497,-1.679288,110.555101,1,0.5,37.85
11498,-1.679288,110.558469,1,0.5,37.85
11499,-1.679288,110.565207,2,0.75,10.85
11500,-1.679288,110.568575,3,0.67,17.38
11501,-1.679288,110.571944,1,0.5,17.38
11502,-1.679288,110.575313,2,0.75,37.54
11503,-1.679288,110.578681,1,1.0,37.54
11504,-1.679288,110.58205,1,1.0,37.54
11505,-1.679288,110.588787,1,0.5,11.14
11506,-1.679288,110.592156,1,0.5,11.14
11507,-1.679288,110.649424,1,0.5,3.8
11508,-1.679288,110.652792,1,0.5,3.8
11509,-1.679288,110.656161,1,0.5,3.8
11510,-1.682657,110.255288,1,0.5,3.33
11511,-1.682657,110.258657,1,0.5,3.33
11512,-1.682657,110.262025,1,0.5,3.33
11513,-1.682657,110.299081,1,0.5,8.2
11514,-1.682657,110.302449,2,0.5,8.2
11515,-1.682657,110.305818,2,0.5,8.2
11516,-1.682657,110.309187,1,0.5,2.99
11517,-1.682657,110.507939,1,0.5,11.81
11518,-1.682657,110.511308,1,0.5,11.81
11519,-1.682657,110.514676,1,0.5,11.81
11520,-1.682657,110.518045,2,0.5,9.88
11521,-1.682657,110.521414,2,0.5,9.88
11522,-1.682657,110.524782,1,0.5,9.88
11523,-1.682657,110.565207,2,0.75,10.85
11524,-1.682657,110.568575,3,0.67,17.38
11525,-1.682657,110.571944,1,0.5,17.38
11526,-1.682657,110.575313,2,0.5,17.38
11527,-1.682657,110.578681,1,0.5,7.79
11528,-1.682657,110.58205,1,0.5,7.79
11529,-1.682657,110.588787,1,0.5,11.14
11530,-1.682657,110.592156,1,0.5,11.14
11531,-1.682657,110.649424,1,0.5,3.8
11532,-1.682657,110.652792,1,0.5,3.8
11533,-1.682657,110.656161,1,0.5,3.8
11534,-1.686025,110.255288,1,0.5,3.33
11535,-1.686025,110.258657,1,0.5,3.33
11536,-1.686025,110.262025,1,0.5,3.33
11537,-1.686025,110.299081,1,0.5,8.2
11538,-1.686025,110.302449,2,0.5,8.2
11539,-1.686025,110.305818,2,0.5,8.2
11540,-1.686025,110.309187,1,0.5,2.99
11541,-1.686025,110.359717,1,0.5,8.93
11542,-1.686025,110.363086,1,0.5,7.24
11543,-1.686025,110.366454,1,0.5,7.24
11544,-1.686025,110.369823,1,0.5,7.24
11545,-1.686025,110.507939,1,0.5,11.81
11546,-1.686025,110.511308,1,0.5,11.81
11547,-1.686025,110.514676,1,0.5,11.81
11548,-1.686025,110.565207,2,0.75,10.65
11549,-1.686025,110.568575,3,0.67,124.2
11550,-1.686025,110.571944,2,0.5,124.2
11551,-1.686025,110.575313,2,0.5,124.2
11552,-1.686025,110.578681,1,0.5,7.79
11553,-1.686025,110.58205,1,0.5,7.79
11554,-1.686025,110.588787,1,0.5,11.14
11555,-1.686025,110.592156,1,0.5,11.14
11556,-1.686025,110.649424,1,0.5,3.8
11557,-1.686025,110.652792,1,0.5,3.8
11558,-1.686025,110.656161,1,0.5,3.8
11559,-1.689394,110.255288,1,0.5,3.33
11560,-1.689394,110.258657,1,0.5,3.33
11561,-1.689394,110.262025,1,0.5,3.33
11562,-1.689394,110.278869,1,0.5,3.98
11563,-1.689394,110.282237,1,0.5,3.98
11564,-1.689394,110.285606,1,0.5,3.98
11565,-1.689394,110.302449,1,0.5,2.99
11566,-1.689394,110.305818,1,0.5,2.99
11567,-1.689394,110.309187,1,0.5,2.99
11568,-1.689394,110.359717,1,0.5,8.93
11569,-1.689394,110.363086,1,0.5,7.24
11570,-1.689394,110.366454,1,0.5,7.24
11571,-1.689394,110.369823,1,0.5,7.24
11572,-1.689394,110.497833,1,0.5,4.79
11573,-1.689394,110.501202,1,0.5,4.79
11574,-1.689394,110.50457,2,0.5,4.79
11575,-1.689394,110.507939,1,0.5,2.51
11576,-1.689394,110.565207,1,0.5,2.25
11577,-1.689394,110.568575,1,0.5,2.25
11578,-1.689394,110.571944,1,0.5,2.25
11579,-1.689394,110.575313,1,0.5,7.79
11580,-1.689394,110.578681,1,0.5,7.79
11581,-1.689394,110.58205,1,0.5,7.79
11582,-1.692763,110.251919,1,0.5,9.86
11583,-1.692763,110.255288,1,0.5,9.86
11584,-1.692763,110.258657,1,0.5,9.86
11585,-1.692763,110.278869,1,0.5,3.98
11586,-1.692763,110.282237,1,0.5,3.98
11587,-1.692763,110.285606,1,0.5,3.98
11588,-1.692763,110.359717,1,0.5,8.93
11589,-1.692763,110.363086,1,0.5,8.93
11590,-1.692763,110.366454,1,0.5,8.93
11591,-1.692763,110.497833,1,0.5,4.79
11592,-1.692763,110.501202,1,0.5,4.79
11593,-1.692763,110.50457,2,0.5,4.79
11594,-1.692763,110.507939,1,0.5,2.51
11595,-1.692763,110.565207,1,0.5,2.25
11596,-1.692763,110.568575,1,0.5,2.25
11597,-1.692763,110.571944,1,0.5,2.25
11598,-1.692763,110.575313,1,0.5,3.46
11599,-1.692763,110.578681,1,0.5,3.46
11600,-1.692763,110.58205,1,0.5,3.46
11601,-1.696132,110.251919,1,0.5,9.86
11602,-1.696132,110.255288,1,0.5,9.86
11603,-1.696132,110.258657,1,0.5,9.86
11604,-1.696132,110.278869,1,0.5,3.98
11605,-1.696132,110.282237,1,0.5,3.98
11606,-1.696132,110.285606,1,0.5,3.98
11607,-1.696132,110.497833,1,0.5,4.79
11608,-1.696132,110.501202,1,0.5,4.79
11609,-1.696132,110.50457,2,0.5,4.79
11610,-1.696132,110.507939,1,0.5,2.51
11611,-1.6995,110.251919,1,0.5,9.86
11612,-1.6995,110.255288,1,0.5,9.86
11613,-1.6995,110.258657,1,0.5,9.86
11614,-1.702869,110.588787,1,0.5,3.79
11615,-1.702869,110.592156,1,0.5,3.79
11616,-1.702869,110.595525,1,0.5,3.79
11617,-1.702869,110.615737,1,0.5,5.34
11618,-1.702869,110.619106,1,0.5,5.34
11619,-1.702869,110.622474,1,0.5,5.34
11620,-1.706238,110.551732,2,0.5,6.88
11621,-1.706238,110.555101,2,0.5,6.88
11622,-1.706238,110.558469,2,0.5,6.88
11623,-1.706238,110.588787,1,0.5,3.79
11624,-1.706238,110.592156,1,0.5,3.79
11625,-1.706238,110.595525,1,0.5,3.79
11626,-1.706238,110.612368,1,0.5,2.71
11627,-1.706238,110.615737,2,0.5,5.34
11628,-1.706238,110.619106,2,0.5,5.34
11629,-1.706238,110.622474,1,0.5,5.34
11630,-1.709606,110.551732,2,0.5,11.9
11631,-1.709606,110.555101,2,0.5,11.9
11632,-1.709606,110.558469,2,0.5,11.9
11633,-1.709606,110.612368,1,0.5,2.71
11634,-1.709606,110.615737,2,0.5,5.34
11635,-1.709606,110.619106,2,0.5,5.34
11636,-1.709606,110.622474,3,0.5,5.54
11637,-1.709606,110.625843,1,0.5,5.54
11638,-1.709606,110.629212,1,0.5,5.54
11639,-1.712975,110.187914,2,0.5,8.92
11640,-1.712975,110.191283,3,0.5,8.92
11641,-1.712975,110.194652,3,0.5,8.92
11642,-1.712975,110.19802,1,0.5,6.55
11643,-1.712975,110.538257,1,0.5,8.03
11644,-1.712975,110.541626,1,0.5,8.03
11645,-1.712975,110.544995,1,0.5,8.03
11646,-1.712975,110.551732,2,0.5,11.9
11647,-1.712975,110.555101,2,0.5,11.9
11648,-1.712975,110.558469,2,0.5,11.9
11649,-1.712975,110.612368,1,0.5,2.71
11650,-1.712975,110.615737,2,0.5,5.34
11651,-1.712975,110.619106,2,0.5,5.34
11652,-1.712975,110.622474,3,0.5,5.54
11653,-1.712975,110.625843,1,0.5,5.54
11654,-1.712975,110.629212,1,0.5,5.54
11655,-1.712975,110.76059,1,0.5,2.42
11656,-1.712975,110.763959,1,0.5,2.42
11657,-1.712975,110.767328,1,0.5,2.42
11658,-1.716344,110.14749,1,0.5,2.5
11659,-1.716344,110.150859,2,0.5,2.5
11660,-1.716344,110.154227,2,0.5,2.5
11661,-1.716344,110.157596,1,0.5,1.51
11662,-1.716344,110.187914,2,0.5,8.92
11663,-1.716344,110.191283,3,0.5,8.92
11664,-1.716344,110.194652,3,0.5,8.92
11665,-1.716344,110.19802,1,0.5,6.55
11666,-1.716344,110.538257,1,0.5,8.03
11667,-1.716344,110.541626,1,0.5,8.03
11668,-1.716344,110.544995,1,0.5,8.03
11669,-1.716344,110.548363,1,0.5,2.29
11670,-1.716344,110.551732,2,0.5,11.9
11671,-1.716344,110.555101,2,0.5,11.9
11672,-1.716344,110.558469,1,0.5,11.9
11673,-1.716344,110.615737,1,0.5,2.89
11674,-1.716344,110.619106,1,0.5,2.89
11675,-1.716344,110.622474,2,0.5,5.54
11676,-1.716344,110.625843,1,0.5,5.54
11677,-1.716344,110.629212,1,0.5,5.54
11678,-1.716344,110.706691,1,0.5,10.99
11679,-1.716344,110.71006,1,1.0,22.65
11680,-1.716344,110.713429,1,1.0,22.65
11681,-1.716344,110.76059,1,0.5,2.42
11682,-1.716344,110.763959,1,0.5,2.42
11683,-1.716344,110.767328,1,0.5,2.42
11684,-1.716344,110.774065,1,0.5,2.87
11685,-1.716344,110.777434,1,0.5,2.87
11686,-1.716344,110.780802,1,0.5,2.87
11687,-1.719712,110.144121,1,0.5,1.86
11688,-1.719712,110.14749,2,0.5,3.51
11689,-1.719712,110.150859,3,0.5,3.51
11690,-1.719712,110.154227,3,0.5,3.51
11691,-1.719712,110.157596,3,0.5,4.59
11692,-1.719712,110.160965,2,0.5,4.59
11693,-1.719712,110.187914,2,0.5,8.92
11694,-1.719712,110.191283,3,0.5,8.92
11695,-1.719712,110.194652,3,0.5,8.92
11696,-1.719712,110.19802,1,0.5,6.55
11697,-1.719712,110.548363,1,0.5,2.29
11698,-1.719712,110.551732,1,0.5,2.29
11699,-1.719712,110.555101,1,0.5,2.29
11700,-1.719712,110.679742,1,0.5,15.54
11701,-1.719712,110.68311,1,0.5,15.54
11702,-1.719712,110.706691,1,0.5,10.99
11703,-1.719712,110.71006,1,1.0,22.65
11704,-1.719712,110.713429,1,1.0,22.65
11705,-1.719712,110.76059,1,0.5,2.42
11706,-1.719712,110.763959,1,0.5,2.42
11707,-1.719712,110.767328,1,0.5,2.42
11708,-1.719712,110.774065,1,0.5,2.87
11709,-1.719712,110.777434,1,0.5,2.87
11710,-1.719712,110.780802,1,0.5,2.87
11711,-1.723081,110.140753,1,0.5,1.86
11712,-1.723081,110.144121,1,0.5,1.86
11713,-1.723081,110.14749,3,0.5,5.89
11714,-1.723081,110.150859,4,0.5,5.89
11715,-1.723081,110.154227,4,0.5,5.89
11716,-1.723081,110.157596,4,0.5,4.59
11717,-1.723081,110.160965,3,0.5,4.59
11718,-1.723081,110.164333,1,0.5,0.99
11719,-1.723081,110.578681,1,0.5,6.3
11720,-1.723081,110.58205,1,0.5,6.3
11721,-1.723081,110.585419,1,0.5,6.3
11722,-1.723081,110.679742,1,0.5,15.54
11723,-1.723081,110.68311,1,0.5,15.54
11724,-1.723081,110.706691,1,0.5,10.99
11725,-1.723081,110.71006,1,1.0,22.65
11726,-1.723081,110.713429,1,1.0,22.65
11727,-1.723081,110.774065,1,0.5,2.87
11728,-1.723081,110.777434,1,0.5,2.87
11729,-1.723081,110.780802,1,0.5,2.87
11730,-1.72645,110.140753,1,0.5,1.86
11731,-1.72645,110.144121,4,0.5,4.21
11732,-1.72645,110.14749,5,0.5,8.57
11733,-1.72645,110.150859,6,0.5,8.16
11734,-1.72645,110.154227,4,0.5,8.16
11735,-1.72645,110.157596,4,0.5,8.16
11736,-1.72645,110.160965,3,0.5,8.16
11737,-1.72645,110.164333,1,0.5,9.16
11738,-1.72645,110.578681,1,0.5,6.3
11739,-1.72645,110.58205,1,0.5,28.28
11740,-1.72645,110.585419,2,0.5,17.51
11741,-1.72645,110.588787,1,0.5,17.51
11742,-1.72645,110.592156,2,0.5,17.51
11743,-1.72645,110.595525,1,0.5,2.6
11744,-1.72645,110.598893,1,0.5,2.6
11745,-1.72645,110.706691,1,0.5,10.99
11746,-1.72645,110.71006,1,0.5,10.99
11747,-1.72645,110.774065,1,0.5,2.87
11748,-1.72645,110.777434,1,0.5,2.87
11749,-1.72645,110.780802,1,0.5,2.87
11750,-1.729818,110.140753,1,0.5,1.86
11751,-1.729818,110.144121,4,0.5,4.21
11752,-1.729818,110.14749,5,0.5,8.57
11753,-1.729818,110.150859,5,0.5,8.16
11754,-1.729818,110.154227,3,0.5,8.16
11755,-1.729818,110.157596,3,0.5,8.16
11756,-1.729818,110.160965,3,0.5,8.16
11757,-1.729818,110.164333,1,0.5,3.87
11758,-1.729818,110.575313,1,0.5,16.67
11759,-1.729818,110.578681,2,0.75,16.67
11760,-1.729818,110.58205,2,0.75,28.28
11761,-1.729818,110.585419,3,0.67,26.95
11762,-1.729818,110.588787,2,0.75,26.95
11763,-1.729818,110.592156,3,0.67,26.95
11764,-1.729818,110.595525,1,0.5,5.24
11765,-1.729818,110.598893,1,0.5,5.24
11766,-1.729818,110.770696,1,0.5,7.96
11767,-1.729818,110.774065,1,0.5,7.96
11768,-1.729818,110.777434,1,0.5,7.96
11769,-1.729818,110.780802,1,0.5,7.96
11770,-1.729818,110.784171,1,0.5,7.96
11771,-1.733187,110.144121,3,0.5,4.21
11772,-1.733187,110.14749,4,0.5,8.57
11773,-1.733187,110.150859,4,0.5,8.16
11774,-1.733187,110.154227,3,0.5,8.16
11775,-1.733187,110.157596,3,0.5,8.16
11776,-1.733187,110.160965,3,0.5,8.16
11777,-1.733187,110.164333,2,0.5,3.87
11778,-1.733187,110.177808,1,0.5,0.89
11779,-1.733187,110.181177,1,0.5,0.89
11780,-1.733187,110.184546,1,0.5,0.89
11781,-1.733187,110.544995,1,0.5,6.82
11782,-1.733187,110.548363,1,0.5,6.82
11783,-1.733187,110.575313,1,0.5,16.67
11784,-1.733187,110.578681,1,1.0,16.67
11785,-1.733187,110.58205,2,0.75,28.28
11786,-1.733187,110.585419,2,0.75,28.28
11787,-1.733187,110.588787,2,0.75,28.28
11788,-1.733187,110.592156,3,0.67,26.95
11789,-1.733187,110.595525,1,0.5,5.24
11790,-1.733187,110.598893,1,0.5,5.24
11791,-1.733187,110.612368,2,0.5,4.39
11792,-1.733187,110.615737,2,0.5,4.39
11793,-1.733187,110.619106,1,0.5,4.18
11794,-1.733187,110.770696,1,0.5,7.96
11795,-1.733187,110.774065,1,0.5,7.96
11796,-1.733187,110.777434,1,0.5,7.96
11797,-1.733187,110.780802,1,0.5,6.28
11798,-1.733187,110.784171,1,0.5,6.28
11799,-1.736556,110.144121,1,0.5,3.51
11800,-1.736556,110.14749,1,0.5,3.51
11801,-1.736556,110.150859,2,0.5,3.51
11802,-1.736556,110.154227,3,0.5,3.87
11803,-1.736556,110.157596,2,0.5,3.87
11804,-1.736556,110.160965,2,0.5,3.87
11805,-1.736556,110.164333,2,0.5,3.87
11806,-1.736556,110.177808,1,0.5,6.42
11807,-1.736556,110.181177,1,0.5,6.42
11808,-1.736556,110.184546,1,0.5,6.42
11809,-1.736556,110.544995,1,0.5,6.82
11810,-1.736556,110.548363,1,0.5,6.82
11811,-1.736556,110.551732,1,0.5,9.23
11812,-1.736556,110.575313,1,0.5,16.67
11813,-1.736556,110.578681,2,0.75,28.28
11814,-1.736556,110.58205,2,0.75,28.28
11815,-1.736556,110.585419,2,0.75,28.28
11816,-1.736556,110.588787,2,0.75,28.28
11817,-1.736556,110.592156,2,0.75,26.95
11818,-1.736556,110.595525,1,0.5,5.24
11819,-1.736556,110.598893,1,0.5,5.24
11820,-1.736556,110.612368,2,0.5,4.39
11821,-1.736556,110.615737,2,0.5,4.39
11822,-1.736556,110.619106,1,0.5,4.18
11823,-1.736556,110.770696,1,0.5,7.96
11824,-1.736556,110.774065,1,0.5,7.96
11825,-1.736556,110.777434,1,0.5,7.96
11826,-1.736556,110.780802,1,0.5,6.28
11827,-1.736556,110.784171,1,0.5,6.28
11828,-1.739924,110.154227,1,0.5,1.57
11829,-1.739924,110.157596,1,0.5,1.57
11830,-1.739924,110.160965,1,0.5,1.57
11831,-1.739924,110.164333,1,0.5,1.57
11832,-1.739924,110.177808,1,0.5,6.42
11833,-1.739924,110.181177,1,0.5,6.42
11834,-1.739924,110.184546,1,0.5,6.42
11835,-1.739924,110.544995,1,0.5,6.82
11836,-1.739924,110.548363,1,0.5,6.82
11837,-1.739924,110.551732,1,0.5,9.23
11838,-1.739924,110.578681,1,0.5,28.28
11839,-1.739924,110.58205,1,0.5,28.28
11840,-1.739924,110.585419,1,0.5,28.28
11841,-1.739924,110.588787,1,0.5,28.28
11842,-1.739924,110.592156,1,0.5,7.01
11843,-1.739924,110.595525,1,0.5,7.01
11844,-1.739924,110.612368,1,0.5,4.18
11845,-1.739924,110.615737,1,0.5,4.18
11846,-1.739924,110.619106,1,0.5,4.18
11847,-1.739924,110.774065,1,0.5,6.28
11848,-1.739924,110.777434,1,0.5,6.28
11849,-1.739924,110.780802,1,0.5,6.28
11850,-1.739924,110.784171,1,0.5,6.28
11851,-1.743293,110.174439,1,0.5,4.96
11852,-1.743293,110.177808,1,0.5,6.42
11853,-1.743293,110.181177,1,0.5,6.42
11854,-1.743293,110.184546,1,0.5,6.42
11855,-1.743293,110.187914,1,0.5,4.96
11856,-1.743293,110.204758,1,0.5,6.26
11857,-1.743293,110.208126,1,0.5,6.26
11858,-1.743293,110.211495,1,0.5,6.26
11859,-1.743293,110.544995,1,0.5,9.23
11860,-1.743293,110.548363,1,0.5,9.23
11861,-1.743293,110.551732,1,0.5,9.23
11862,-1.743293,110.578681,1,0.5,28.28
11863,-1.743293,110.58205,2,0.5,28.28
11864,-1.743293,110.585419,2,0.5,28.28
11865,-1.743293,110.588787,2,0.5,28.28
11866,-1.743293,110.592156,2,0.5,7.01
11867,-1.743293,110.595525,2,0.5,7.01
11868,-1.743293,110.598893,1,0.5,2.15
11869,-1.743293,110.737009,1,0.5,2.09
11870,-1.743293,110.740378,1,0.5,2.09
11871,-1.743293,110.743747,1,0.5,2.09
11872,-1.746662,110.174439,1,0.5,4.96
11873,-1.746662,110.177808,1,0.5,4.96
11874,-1.746662,110.181177,1,0.5,4.96
11875,-1.746662,110.184546,1,0.5,4.96
11876,-1.746662,110.187914,1,0.5,4.96
11877,-1.746662,110.204758,1,0.5,6.26
11878,-1.746662,110.208126,1,0.5,6.26
11879,-1.746662,110.211495,1,0.5,6.26
11880,-1.746662,110.228338,1,0.5,2.07
11881,-1.746662,110.231707,1,0.5,2.07
11882,-1.746662,110.235076,1,0.5,2.07
11883,-1.746662,110.578681,1,0.5,5.27
11884,-1.746662,110.58205,2,0.5,5.27
11885,-1.746662,110.585419,2,0.5,5.27
11886,-1.746662,110.588787,2,0.5,7.01
11887,-1.746662,110.592156,2,0.5,7.01
11888,-1.746662,110.595525,2,0.5,7.01
11889,-1.746662,110.598893,1,0.5,2.15
11890,-1.746662,110.65953,1,0.5,2.63
11891,-1.746662,110.662898,1,0.5,2.63
11892,-1.746662,110.666267,1,0.5,2.63
11893,-1.746662,110.737009,1,0.5,2.09
11894,-1.746662,110.740378,1,0.5,2.09
11895,-1.746662,110.743747,1,0.5,2.09
11896,-1.75003,110.174439,1,0.5,4.96
11897,-1.75003,110.177808,1,0.5,4.96
11898,-1.75003,110.181177,1,0.5,4.96
11899,-1.75003,110.184546,1,0.5,4.96
11900,-1.75003,110.187914,1,0.5,4.96
11901,-1.75003,110.204758,1,0.5,6.26
11902,-1.75003,110.208126,1,0.5,6.26
11903,-1.75003,110.211495,1,0.5,6.26
11904,-1.75003,110.22497,3,0.5,1.6
11905,-1.75003,110.228338,3,0.5,2.07
11906,-1.75003,110.231707,4,0.5,9.72
11907,-1.75003,110.235076,2,0.5,9.72
11908,-1.75003,110.238444,2,0.5,9.72
11909,-1.75003,110.241813,1,0.5,1.12
11910,-1.75003,110.245182,1,0.5,1.12
11911,-1.75003,110.578681,1,0.5,5.27
11912,-1.75003,110.58205,2,0.5,5.27
11913,-1.75003,110.585419,2,0.5,5.27
11914,-1.75003,110.588787,2,0.5,5.27
11915,-1.75003,110.592156,1,0.5,2.15
11916,-1.75003,110.595525,1,0.5,2.15
11917,-1.75003,110.598893,1,0.5,2.15
11918,-1.75003,110.619106,1,0.5,3.39
11919,-1.75003,110.622474,1,0.5,3.39
11920,-1.75003,110.625843,1,0.5,3.39
11921,-1.75003,110.65953,1,0.5,2.63
11922,-1.75003,110.662898,1,0.5,2.63
11923,-1.75003,110.666267,1,0.5,2.63
11924,-1.75003,110.757222,1,0.5,8.28
11925,-1.75003,110.76059,1,0.5,8.28
11926,-1.75003,110.763959,1,0.5,8.28
11927,-1.753399,110.22497,4,0.5,6.72
11928,-1.753399,110.228338,5,0.5,12.26
11929,-1.753399,110.231707,6,0.5,12.26
11930,-1.753399,110.235076,6,0.5,12.26
11931,-1.753399,110.238444,6,0.5,12.26
11932,-1.753399,110.241813,3,0.5,12.26
11933,-1.753399,110.245182,2,0.5,17.43
11934,-1.753399,110.437197,1,0.5,31.16
11935,-1.753399,110.440565,1,0.5,31.16
11936,-1.753399,110.443934,1,0.5,31.16
11937,-1.753399,110.615737,1,0.5,3.16
11938,-1.753399,110.619106,1,0.5,3.39
11939,-1.753399,110.622474,1,0.5,3.39
11940,-1.753399,110.625843,1,0.5,3.39
11941,-1.753399,110.65953,1,0.5,2.63
11942,-1.753399,110.662898,1,0.5,2.63
11943,-1.753399,110.666267,1,0.5,2.63
11944,-1.753399,110.76059,1,0.5,8.28
11945,-1.753399,110.763959,1,0.5,8.28
11946,-1.753399,110.767328,1,0.5,8.28
11947,-1.756768,110.171071,1,0.5,2.84
11948,-1.756768,110.174439,1,0.5,2.84
11949,-1.756768,110.177808,1,0.5,2.84
11950,-1.756768,110.218232,1,0.5,2.85
11951,-1.756768,110.221601,2,0.5,6.57
11952,-1.756768,110.22497,7,0.57,19.03
11953,-1.756768,110.228338,7,0.57,19.03
11954,-1.756768,110.231707,7,0.57,19.03
11955,-1.756768,110.235076,6,0.58,20.37
11956,-1.756768,110.238444,6,0.58,20.37
11957,-1.756768,110.241813,3,0.5,12.26
11958,-1.756768,110.245182,3,0.5,24.02
11959,-1.756768,110.437197,1,0.5,31.16
11960,-1.756768,110.440565,1,0.5,31.16
11961,-1.756768,110.443934,1,0.5,31.16
11962,-1.756768,110.615737,1,0.5,3.16
11963,-1.756768,110.619106,1,0.5,3.39
11964,-1.756768,110.622474,1,0.5,3.39
11965,-1.756768,110.625843,1,0.5,3.39
11966,-1.756768,110.629212,1,0.5,3.39
11967,-1.756768,110.726903,1,0.5,8.15
11968,-1.756768,110.730272,1,0.5,8.15
11969,-1.756768,110.733641,1,0.5,8.15
11970,-1.756768,110.737009,1,0.5,8.15
11971,-1.756768,110.76059,1,0.5,8.28
11972,-1.756768,110.763959,1,0.5,8.28
11973,-1.756768,110.767328,1,0.5,8.28
11974,-1.760137,110.171071,1,0.5,2.84
11975,-1.760137,110.174439,1,0.5,2.84
11976,-1.760137,110.177808,1,0.5,2.84
11977,-1.760137,110.214864,3,0.5,6.72
11978,-1.760137,110.218232,5,0.5,17.57
11979,-1.760137,110.221601,5,0.6,19.03
11980,-1.760137,110.22497,7,0.57,19.03
11981,-1.760137,110.228338,7,0.57,19.03
11982,-1.760137,110.231707,7,0.57,19.03
11983,-1.760137,110.235076,5,0.6,20.37
11984,-1.760137,110.238444,6,0.58,20.37
11985,-1.760137,110.241813,3,0.5,12.26
11986,-1.760137,110.245182,2,0.5,24.02
11987,-1.760137,110.437197,1,0.5,31.16
11988,-1.760137,110.440565,1,0.5,31.16
11989,-1.760137,110.443934,1,0.5,31.16
11990,-1.760137,110.726903,1,0.5,8.15
11991,-1.760137,110.730272,1,0.5,8.15
11992,-1.760137,110.733641,1,0.5,57.79
11993,-1.760137,110.737009,1,0.5,57.79
11994,-1.760137,110.740378,1,0.5,57.79
11995,-1.763505,110.167702,1,0.5,2.57
11996,-1.763505,110.171071,2,0.5,2.84
11997,-1.763505,110.174439,1,0.5,2.84
11998,-1.763505,110.177808,1,0.5,2.84
11999,-1.763505,110.184546,1,0.5,3.45
12000,-1.763505,110.187914,1,0.5,3.45
12001,-1.763505,110.191283,1,0.5,3.45
12002,-1.763505,110.211495,1,0.5,7.95
12003,-1.763505,110.214864,5,0.5,6.72
12004,-1.763505,110.218232,7,0.5,17.57
12005,-1.763505,110.221601,7,0.57,19.03
12006,-1.763505,110.22497,8,0.62,39.56
12007,-1.763505,110.228338,8,0.62,39.56
12008,-1.763505,110.231707,7,0.57,19.03
12009,-1.763505,110.235076,4,0.62,20.37
12010,-1.763505,110.238444,4,0.62,20.37
12011,-1.763505,110.241813,1,0.5,12.26
12012,-1.763505,110.245182,1,0.5,24.02
12013,-1.763505,110.534888,1,0.5,32.0
12014,-1.763505,110.538257,1,0.5,32.0
12015,-1.763505,110.541626,1,0.5,27.64
12016,-1.763505,110.544995,1,0.5,27.64
12017,-1.763505,110.548363,1,0.5,27.64
12018,-1.763505,110.696585,1,0.5,63.68
12019,-1.763505,110.699954,1,0.5,63.68
12020,-1.763505,110.703323,2,0.5,63.68
12021,-1.763505,110.706691,1,0.5,6.39
12022,-1.763505,110.71006,1,0.5,6.39
12023,-1.763505,110.713429,2,0.5,10.09
12024,-1.763505,110.716797,1,0.5,4.53
12025,-1.763505,110.720166,1,0.5,4.53
12026,-1.763505,110.723535,2,0.5,6.03
12027,-1.763505,110.726903,2,0.5,8.15
12028,-1.763505,110.730272,2,0.5,57.79
12029,-1.763505,110.733641,2,0.5,57.79
12030,-1.763505,110.737009,1,0.5,57.79
12031,-1.763505,110.740378,1,0.5,57.79
12032,-1.766874,110.167702,1,0.5,2.57
12033,-1.766874,110.171071,1,0.5,2.57
12034,-1.766874,110.184546,1,0.5,3.45
12035,-1.766874,110.187914,1,0.5,3.45
12036,-1.766874,110.191283,1,0.5,3.45
12037,-1.766874,110.208126,1,0.5,11.39
12038,-1.766874,110.211495,2,0.5,11.39
12039,-1.766874,110.214864,6,0.5,11.39
12040,-1.766874,110.218232,7,0.5,17.57
12041,-1.766874,110.221601,7,0.64,31.5
12042,-1.766874,110.22497,7,0.64,39.56
12043,-1.766874,110.228338,7,0.64,39.56
12044,-1.766874,110.231707,5,0.6,31.5
12045,-1.766874,110.235076,2,0.75,12.26
12046,-1.766874,110.238444,1,0.5,2.66
12047,-1.766874,110.534888,1,0.5,32.0
12048,-1.766874,110.538257,1,0.5,32.0
12049,-1.766874,110.541626,1,0.5,27.64
12050,-1.766874,110.544995,1,0.5,27.64
12051,-1.766874,110.548363,1,0.5,27.64
12052,-1.766874,110.696585,2,0.75,63.68
12053,-1.766874,110.699954,3,0.67,63.68
12054,-1.766874,110.703323,3,0.67,63.68
12055,-1.766874,110.706691,1,0.5,8.14
12056,-1.766874,110.71006,1,0.5,8.14
12057,-1.766874,110.713429,2,0.5,8.14
12058,-1.766874,110.716797,1,0.5,4.05
12059,-1.766874,110.720166,1,0.5,4.05
12060,-1.766874,110.723535,2,0.5,6.03
12061,-1.766874,110.726903,1,0.5,6.5
12062,-1.766874,110.730272,2,0.5,57.79
12063,-1.766874,110.733641,2,0.5,57.79
12064,-1.766874,110.737009,1,0.5,57.79
12065,-1.766874,110.740378,1,0.5,57.79
12066,-1.770243,110.171071,1,0.5,2.57
12067,-1.770243,110.174439,1,0.5,2.57
12068,-1.770243,110.187914,1,0.5,3.45
12069,-1.770243,110.191283,1,0.5,3.45
12070,-1.770243,110.194652,1,0.5,3.45
12071,-1.770243,110.208126,2,0.75,11.39
12072,-1.770243,110.211495,3,0.83,20.98
12073,-1.770243,110.214864,3,0.83,20.98
12074,-1.770243,110.218232,5,0.6,20.98
12075,-1.770243,110.221601,6,0.5,11.39
12076,-1.770243,110.22497,6,0.67,31.5
12077,-1.770243,110.228338,6,0.67,39.56
12078,-1.770243,110.231707,5,0.7,39.56
12079,-1.770243,110.235076,4,0.62,31.5
12080,-1.770243,110.534888,1,0.5,32.0
12081,-1.770243,110.538257,1,0.5,32.0
12082,-1.770243,110.541626,1,0.5,27.64
12083,-1.770243,110.544995,1,0.5,27.64
12084,-1.770243,110.548363,1,0.5,27.64
12085,-1.770243,110.696585,1,1.0,13.11
12086,-1.770243,110.699954,2,0.75,13.11
12087,-1.770243,110.703323,2,0.75,13.11
12088,-1.770243,110.706691,1,0.5,8.14
12089,-1.770243,110.71006,1,0.5,8.14
12090,-1.770243,110.713429,2,0.5,8.14
12091,-1.770243,110.716797,1,0.5,4.05
12092,-1.770243,110.720166,2,0.5,28.87
12093,-1.770243,110.723535,3,0.5,28.87
12094,-1.770243,110.726903,2,0.5,28.87
12095,-1.770243,110.730272,2,0.5,57.79
12096,-1.770243,110.733641,2,0.5,57.79
12097,-1.770243,110.737009,1,0.5,57.79
12098,-1.773611,110.208126,2,0.75,11.39
12099,-1.773611,110.211495,5,0.7,11.39
12100,-1.773611,110.214864,5,0.7,11.39
12101,-1.773611,110.218232,4,0.62,11.39
12102,-1.773611,110.221601,6,0.5,11.39
12103,-1.773611,110.22497,6,0.67,31.5
12104,-1.773611,110.228338,5,0.7,31.5
12105,-1.773611,110.231707,5,0.6,31.5
12106,-1.773611,110.235076,4,0.62,16.72
12107,-1.773611,110.238444,1,0.5,6.77
12108,-1.773611,110.696585,1,1.0,13.11
12109,-1.773611,110.699954,2,0.75,13.11
12110,-1.773611,110.703323,2,0.75,13.11
12111,-1.773611,110.706691,1,0.5,8.14
12112,-1.773611,110.71006,1,0.5,8.14
12113,-1.773611,110.713429,2,0.5,8.14
12114,-1.773611,110.716797,1,0.5,3.51
12115,-1.773611,110.720166,2,0.5,28.87
12116,-1.773611,110.723535,1,0.5,28.87
12117,-1.773611,110.726903,1,0.5,28.87
12118,-1.773611,110.730272,1,0.5,57.79
12119,-1.773611,110.733641,1,0.5,57.79
12120,-1.773611,110.737009,1,0.5,57.79
12121,-1.77698,110.194652,1,0.5,1.46
12122,-1.77698,110.19802,1,0.5,1.46
12123,-1.77698,110.201389,1,0.5,1.46
12124,-1.77698,110.204758,1,0.5,1.37
12125,-1.77698,110.208126,3,0.5,3.05
12126,-1.77698,110.211495,5,0.6,10.36
12127,-1.77698,110.214864,6,0.58,11.39
12128,-1.77698,110.218232,5,0.6,11.51
12129,-1.77698,110.221601,5,0.5,11.51
12130,-1.77698,110.22497,5,0.5,17.0
12131,-1.77698,110.228338,3,0.67,16.72
12132,-1.77698,110.231707,5,0.6,16.72
12133,-1.77698,110.235076,5,0.6,16.72
12134,-1.77698,110.238444,3,0.5,9.45
12135,-1.77698,110.241813,1,0.5,0.79
12136,-1.77698,110.615737,1,0.5,12.64
12137,-1.77698,110.619106,1,0.5,12.64
12138,-1.77698,110.699954,2,0.75,8.14
12139,-1.77698,110.703323,2,0.75,8.14
12140,-1.77698,110.706691,1,0.5,8.14
12141,-1.77698,110.71006,1,0.5,6.39
12142,-1.77698,110.720166,1,0.5,32.2
12143,-1.77698,110.723535,1,0.5,32.2
12144,-1.77698,110.726903,1,0.5,32.2
12145,-1.77698,110.753853,1,0.5,4.4
12146,-1.77698,110.757222,1,0.5,4.4
12147,-1.77698,110.76059,1,0.5,4.4
12148,-1.780349,110.194652,1,0.5,2.89
12149,-1.780349,110.19802,2,0.5,5.45
12150,-1.780349,110.201389,2,0.5,5.45
12151,-1.780349,110.204758,2,0.5,5.45
12152,-1.780349,110.208126,3,0.5,10.36
12153,-1.780349,110.211495,4,0.62,10.36
12154,-1.780349,110.214864,4,0.62,10.36
12155,-1.780349,110.218232,4,0.62,10.36
12156,-1.780349,110.221601,2,0.5,2.01
12157,-1.780349,110.22497,1,0.5,11.13
12158,-1.780349,110.228338,4,0.5,16.72
12159,-1.780349,110.231707,7,0.5,16.72
12160,-1.780349,110.235076,7,0.57,16.72
12161,-1.780349,110.238444,6,0.58,13.89
12162,-1.780349,110.241813,5,0.6,13.89
12163,-1.780349,110.245182,2,0.5,8.1
12164,-1.780349,110.24855,1,0.5,0.96
12165,-1.780349,110.544995,1,0.5,17.3
12166,-1.780349,110.548363,1,0.5,17.3
12167,-1.780349,110.551732,1,0.5,17.3
12168,-1.780349,110.592156,1,0.5,34.82
12169,-1.780349,110.595525,1,0.5,34.82
12170,-1.780349,110.598893,1,0.5,34.82
12171,-1.780349,110.608999,1,0.5,6.15
12172,-1.780349,110.612368,1,0.5,6.15
12173,-1.780349,110.615737,1,0.5,12.64
12174,-1.780349,110.619106,1,0.5,12.64
12175,-1.780349,110.649424,1,0.5,4.03
12176,-1.780349,110.652792,1,0.5,4.03
12177,-1.780349,110.656161,1,0.5,4.03
12178,-1.780349,110.753853,2,0.75,9.7
12179,-1.780349,110.757222,2,0.75,9.7
12180,-1.780349,110.76059,2,0.75,9.7
12181,-1.783717,110.194652,1,0.5,2.89
12182,-1.783717,110.19802,2,0.5,5.45
12183,-1.783717,110.201389,2,0.5,5.45
12184,-1.783717,110.204758,1,0.5,42.83
12185,-1.783717,110.208126,3,0.5,42.83
12186,-1.783717,110.211495,5,0.5,42.83
12187,-1.783717,110.214864,6,0.5,11.09
12188,-1.783717,110.218232,7,0.5,27.7
12189,-1.783717,110.221601,5,0.5,27.7
12190,-1.783717,110.22497,3,0.5,11.13
12191,-1.783717,110.228338,6,0.5,16.72
12192,-1.783717,110.231707,6,0.5,16.72
12193,-1.783717,110.235076,6,0.58,16.72
12194,-1.783717,110.238444,5,0.6,13.89
12195,-1.783717,110.241813,5,0.6,13.89
12196,-1.783717,110.245182,4,0.5,13.89
12197,-1.783717,110.24855,3,0.5,13.89
12198,-1.783717,110.251919,1,0.5,8.04
12199,-1.783717,110.544995,1,0.5,17.3
12200,-1.783717,110.548363,1,0.5,17.3
12201,-1.783717,110.551732,1,0.5,17.3
12202,-1.783717,110.592156,1,0.5,34.82
12203,-1.783717,110.595525,1,0.5,34.82
12204,-1.783717,110.598893,1,0.5,34.82
12205,-1.783717,110.608999,1,1.0,12.4
12206,-1.783717,110.612368,1,1.0,12.4
12207,-1.783717,110.615737,2,0.75,12.64
12208,-1.783717,110.619106,1,0.5,12.64
12209,-1.783717,110.649424,1,0.5,4.03
12210,-1.783717,110.652792,1,0.5,4.03
12211,-1.783717,110.656161,1,0.5,4.03
12212,-1.783717,110.706691,1,0.5,4.38
12213,-1.783717,110.71006,1,0.5,4.38
12214,-1.783717,110.753853,2,0.75,9.7
12215,-1.783717,110.757222,2,0.75,9.7
12216,-1.783717,110.76059,2,0.75,9.7
12217,-1.787086,110.184546,1,0.5,4.05
12218,-1.787086,110.187914,2,0.5,6.95
12219,-1.787086,110.191283,2,0.5,6.95
12220,-1.787086,110.194652,3,0.5,7.97
12221,-1.787086,110.19802,4,0.5,7.97
12222,-1.787086,110.201389,4,0.5,7.97
12223,-1.787086,110.204758,3,0.5,42.83
12224,-1.787086,110.208126,4,0.5,42.83
12225,-1.787086,110.211495,6,0.5,42.83
12226,-1.787086,110.214864,8,0.5,11.09
12227,-1.787086,110.218232,9,0.5,27.7
12228,-1.787086,110.221601,7,0.5,27.7
12229,-1.787086,110.22497,4,0.5,11.2
12230,-1.787086,110.228338,5,0.5,13.67
12231,-1.787086,110.231707,5,0.5,13.67
12232,-1.787086,110.235076,5,0.6,13.89
12233,-1.787086,110.238444,4,0.62,13.89
12234,-1.787086,110.241813,4,0.62,13.89
12235,-1.787086,110.245182,4,0.5,13.89
12236,-1.787086,110.24855,3,0.5,13.89
12237,-1.787086,110.251919,2,0.5,10.8
12238,-1.787086,110.608999,1,1.0,12.4
12239,-1.787086,110.612368,1,1.0,12.4
12240,-1.787086,110.615737,1,1.0,12.4
12241,-1.787086,110.649424,1,0.5,4.03
12242,-1.787086,110.652792,1,0.5,4.03
12243,-1.787086,110.656161,1,0.5,4.03
12244,-1.787086,110.706691,1,0.5,4.38
12245,-1.787086,110.71006,1,0.5,4.38
12246,-1.787086,110.716797,1,0.5,7.47
12247,-1.787086,110.720166,1,0.5,7.47
12248,-1.787086,110.723535,1,0.5,7.47
12249,-1.787086,110.753853,1,1.0,9.7
12250,-1.787086,110.757222,1,1.0,9.7
12251,-1.787086,110.76059,1,1.0,9.7
12252,-1.790455,110.184546,1,0.5,4.05
12253,-1.790455,110.187914,2,0.5,6.95
12254,-1.790455,110.191283,2,0.5,6.95
12255,-1.790455,110.194652,3,0.5,7.97
12256,-1.790455,110.19802,4,0.5,11.93
12257,-1.790455,110.201389,4,0.5,11.93
12258,-1.790455,110.204758,3,0.5,42.83
12259,-1.790455,110.208126,3,0.5,42.83
12260,-1.790455,110.211495,6,0.5,42.83
12261,-1.790455,110.214864,8,0.5,11.09
12262,-1.790455,110.218232,8,0.5,11.09
12263,-1.790455,110.221601,6,0.5,11.2
12264,-1.790455,110.22497,3,0.5,11.2
12265,-1.790455,110.228338,3,0.5,13.67
12266,-1.790455,110.231707,4,0.5,13.67
12267,-1.790455,110.235076,4,0.5,13.67
12268,-1.790455,110.238444,4,0.5,13.89
12269,-1.790455,110.241813,3,0.5,13.89
12270,-1.790455,110.245182,3,0.5,13.89
12271,-1.790455,110.24855,3,0.5,13.89
12272,-1.790455,110.251919,2,0.5,10.8
12273,-1.790455,110.406879,1,0.5,2.17
12274,-1.790455,110.410247,1,0.5,2.17
12275,-1.790455,110.413616,1,0.5,2.17
12276,-1.790455,110.598893,1,0.5,7.01
12277,-1.790455,110.602262,1,0.5,7.01
12278,-1.790455,110.608999,1,1.0,12.4
12279,-1.790455,110.612368,1,1.0,12.4
12280,-1.790455,110.615737,1,1.0,12.4
12281,-1.790455,110.706691,1,0.5,37.84
12282,-1.790455,110.71006,1,0.5,37.84
12283,-1.790455,110.713429,1,0.5,7.27
12284,-1.790455,110.716797,2,0.75,7.47
12285,-1.790455,110.720166,2,0.75,7.47
12286,-1.790455,110.723535,2,0.75,7.47
12287,-1.790455,110.753853,1,1.0,9.7
12288,-1.790455,110.757222,1,1.0,9.7
12289,-1.790455,110.76059,1,1.0,9.7
12290,-1.793823,110.184546,1,0.5,4.05
12291,-1.793823,110.187914,2,0.5,6.95
12292,-1.793823,110.191283,2,0.5,6.95
12293,-1.793823,110.194652,3,0.5,7.97
12294,-1.793823,110.19802,4,0.5,11.93
12295,-1.793823,110.201389,4,0.5,11.93
12296,-1.793823,110.204758,3,0.5,11.93
12297,-1.793823,110.208126,2,0.5,11.93
12298,-1.793823,110.211495,3,0.5,9.45
12299,-1.793823,110.214864,5,0.5,9.45
12300,-1.793823,110.218232,5,0.5,9.45
12301,-1.793823,110.221601,3,0.5,11.2
12302,-1.793823,110.22497,1,0.5,11.2
12303,-1.793823,110.228338,1,0.5,11.2
12304,-1.793823,110.238444,1,0.5,1.49
12305,-1.793823,110.241813,2,0.5,8.04
12306,-1.793823,110.245182,2,0.5,10.8
12307,-1.793823,110.24855,2,0.5,10.8
12308,-1.793823,110.251919,2,0.5,10.8
12309,-1.793823,110.406879,1,0.5,2.17
12310,-1.793823,110.410247,1,0.5,2.17
12311,-1.793823,110.413616,1,0.5,2.17
12312,-1.793823,110.592156,1,0.5,5.35
12313,-1.793823,110.595525,1,0.5,5.35
12314,-1.793823,110.598893,2,0.75,5.64
12315,-1.793823,110.602262,1,1.0,5.64
12316,-1.793823,110.605631,1,1.0,5.64
12317,-1.793823,110.608999,1,1.0,6.15
12318,-1.793823,110.612368,1,1.0,6.15
12319,-1.793823,110.615737,1,1.0,6.15
12320,-1.793823,110.693217,1,0.5,4.21
12321,-1.793823,110.696585,1,0.5,4.21
12322,-1.793823,110.713429,1,0.5,7.27
12323,-1.793823,110.716797,1,1.0,6.9
12324,-1.793823,110.720166,2,0.75,6.9
12325,-1.793823,110.723535,2,0.75,6.9
12326,-1.793823,110.726903,1,0.5,4.51
12327,-1.793823,110.753853,1,0.5,11.0
12328,-1.793823,110.757222,1,0.5,11.0
12329,-1.793823,110.76059,1,0.5,11.0
12330,-1.797192,110.191283,1,0.5,2.19
12331,-1.797192,110.194652,3,0.5,7.97
12332,-1.797192,110.19802,3,0.5,7.97
12333,-1.797192,110.201389,2,0.5,7.97
12334,-1.797192,110.204758,1,0.5,3.54
12335,-1.797192,110.208126,1,0.5,1.4
12336,-1.797192,110.406879,1,0.5,2.17
12337,-1.797192,110.410247,1,0.5,2.17
12338,-1.797192,110.413616,1,0.5,2.17
12339,-1.797192,110.575313,1,0.5,3.74
12340,-1.797192,110.578681,1,0.5,3.74
12341,-1.797192,110.58205,1,0.5,3.74
12342,-1.797192,110.592156,1,0.5,5.35
12343,-1.797192,110.595525,1,0.5,5.35
12344,-1.797192,110.598893,2,0.75,5.64
12345,-1.797192,110.602262,1,1.0,5.64
12346,-1.797192,110.605631,1,1.0,5.64
12347,-1.797192,110.693217,1,0.5,4.21
12348,-1.797192,110.696585,1,0.5,4.21
12349,-1.797192,110.699954,1,0.5,2.25
12350,-1.797192,110.703323,1,0.5,37.84
12351,-1.797192,110.706691,2,0.5,37.84
12352,-1.797192,110.71006,1,0.5,37.84
12353,-1.797192,110.713429,2,0.5,8.87
12354,-1.797192,110.716797,1,1.0,6.9
12355,-1.797192,110.720166,2,0.75,6.9
12356,-1.797192,110.723535,2,0.75,6.9
12357,-1.797192,110.726903,2,0.5,4.51
12358,-1.797192,110.730272,1,0.5,3.03
12359,-1.800561,110.184546,1,0.5,5.87
12360,-1.800561,110.187914,1,0.5,5.87
12361,-1.800561,110.191283,1,0.5,5.87
12362,-1.800561,110.19802,1,0.5,1.68
12363,-1.800561,110.201389,1,0.5,1.68
12364,-1.800561,110.204758,1,0.5,1.68
12365,-1.800561,110.208126,1,0.5,1.68
12366,-1.800561,110.575313,1,0.5,3.74
12367,-1.800561,110.578681,1,0.5,3.74
12368,-1.800561,110.58205,1,0.5,3.74
12369,-1.800561,110.592156,2,0.5,5.42
12370,-1.800561,110.595525,2,0.5,5.42
12371,-1.800561,110.598893,2,0.75,5.64
12372,-1.800561,110.602262,1,1.0,5.64
12373,-1.800561,110.605631,1,1.0,5.64
12374,-1.800561,110.615737,1,0.5,1.38
12375,-1.800561,110.619106,1,0.5,1.38
12376,-1.800561,110.622474,1,0.5,1.38
12377,-1.800561,110.652792,1,0.5,7.6
12378,-1.800561,110.656161,2,0.75,11.96
12379,-1.800561,110.65953,2,0.75,11.96
12380,-1.800561,110.662898,1,1.0,11.96
12381,-1.800561,110.693217,1,0.5,4.21
12382,-1.800561,110.696585,1,0.5,4.21
12383,-1.800561,110.699954,1,0.5,2.25
12384,-1.800561,110.703323,1,0.5,2.25
12385,-1.800561,110.706691,2,0.5,8.87
12386,-1.800561,110.71006,1,0.5,8.87
12387,-1.800561,110.713429,2,0.5,8.87
12388,-1.800561,110.716797,1,1.0,6.9
12389,-1.800561,110.720166,2,0.75,6.9
12390,-1.800561,110.723535,2,0.75,6.9
12391,-1.800561,110.726903,2,0.5,4.51
12392,-1.800561,110.730272,1,0.5,3.03
12393,-1.803929,110.184546,1,0.5,5.87
12394,-1.803929,110.187914,2,0.5,5.87
12395,-1.803929,110.191283,2,0.5,5.87
12396,-1.803929,110.194652,1,0.5,0.35
12397,-1.803929,110.19802,1,0.5,1.55
12398,-1.803929,110.201389,1,0.5,1.55
12399,-1.803929,110.204758,1,0.5,1.55
12400,-1.803929,110.561838,2,0.5,18.23
12401,-1.803929,110.565207,2,0.5,18.23
12402,-1.803929,110.568575,2,0.5,18.23
12403,-1.803929,110.575313,1,0.5,3.74
12404,-1.803929,110.578681,1,0.5,3.74
12405,-1.803929,110.58205,1,0.5,3.74
12406,-1.803929,110.588787,1,0.5,3.93
12407,-1.803929,110.592156,1,0.5,3.93
12408,-1.803929,110.595525,1,0.5,5.42
12409,-1.803929,110.615737,1,0.5,1.38
12410,-1.803929,110.619106,1,0.5,1.38
12411,-1.803929,110.622474,1,0.5,1.38
12412,-1.803929,110.652792,1,0.5,7.6
12413,-1.803929,110.656161,2,0.75,11.96
12414,-1.803929,110.65953,2,0.75,11.62
12415,-1.803929,110.662898,1,1.0,11.62
12416,-1.803929,110.699954,1,0.5,2.25
12417,-1.803929,110.703323,1,0.5,2.25
12418,-1.803929,110.706691,1,0.5,2.25
12419,-1.803929,110.713429,1,0.5,8.58
12420,-1.803929,110.716797,1,0.5,8.58
12421,-1.803929,110.720166,1,0.5,8.58
12422,-1.803929,110.723535,1,0.5,3.03
12423,-1.803929,110.726903,1,0.5,3.03
12424,-1.803929,110.730272,1,0.5,3.03
12425,-1.807298,110.171071,1,0.5,1.94
12426,-1.807298,110.174439,1,0.5,2.15
12427,-1.807298,110.177808,1,0.5,2.15
12428,-1.807298,110.181177,2,0.5,13.3
12429,-1.807298,110.184546,2,0.5,13.3
12430,-1.807298,110.187914,3,0.5,13.3
12431,-1.807298,110.191283,2,0.5,5.87
12432,-1.807298,110.194652,1,0.5,0.35
12433,-1.807298,110.561838,2,0.5,18.23
12434,-1.807298,110.565207,2,0.5,18.23
12435,-1.807298,110.568575,2,0.5,18.23
12436,-1.807298,110.575313,1,0.5,3.33
12437,-1.807298,110.578681,1,0.5,3.33
12438,-1.807298,110.58205,1,0.5,3.33
12439,-1.807298,110.585419,1,0.5,2.75
12440,-1.807298,110.588787,1,0.5,3.93
12441,-1.807298,110.592156,1,0.5,3.93
12442,-1.807298,110.595525,1,0.5,5.42
12443,-1.807298,110.656161,1,1.0,11.96
12444,-1.807298,110.65953,1,1.0,11.62
12445,-1.807298,110.662898,1,1.0,11.62
12446,-1.807298,110.666267,1,0.5,8.2
12447,-1.807298,110.669636,1,0.5,8.2
12448,-1.807298,110.686479,1,0.5,2.78
12449,-1.807298,110.689848,1,0.5,2.78
12450,-1.807298,110.693217,1,0.5,2.78
12451,-1.807298,110.706691,1,0.5,5.35
12452,-1.807298,110.71006,1,0.5,5.35
12453,-1.807298,110.713429,2,0.5,8.58
12454,-1.807298,110.716797,1,0.5,8.58
12455,-1.807298,110.720166,1,0.5,8.58
12456,-1.810667,110.171071,1,0.5,1.94
12457,-1.810667,110.174439,1,0.5,2.15
12458,-1.810667,110.177808,2,0.5,9.58
12459,-1.810667,110.181177,3,0.5,13.3
12460,-1.810667,110.184546,2,0.5,13.3
12461,-1.810667,110.187914,4,0.62,20.99
12462,-1.810667,110.191283,3,0.67,20.99
12463,-1.810667,110.194652,3,0.67,20.99
12464,-1.810667,110.19802,1,0.5,10.28
12465,-1.810667,110.561838,1,0.5,4.3
12466,-1.810667,110.565207,1,0.5,4.3
12467,-1.810667,110.568575,1,0.5,4.3
12468,-1.810667,110.585419,1,0.5,2.75
12469,-1.810667,110.588787,1,0.5,3.93
12470,-1.810667,110.592156,1,0.5,3.93
12471,-1.810667,110.656161,1,0.5,6.15
12472,-1.810667,110.65953,2,0.75,11.62
12473,-1.810667,110.662898,2,0.75,11.62
12474,-1.810667,110.666267,2,0.5,8.2
12475,-1.810667,110.669636,1,0.5,8.2
12476,-1.810667,110.686479,1,0.5,2.78
12477,-1.810667,110.689848,1,0.5,2.78
12478,-1.810667,110.693217,1,0.5,2.78
12479,-1.810667,110.71006,1,0.5,5.35
12480,-1.810667,110.713429,1,0.5,5.35
12481,-1.810667,110.716797,2,0.5,8.58
12482,-1.810667,110.720166,1,0.5,8.58
12483,-1.810667,110.723535,1,0.5,8.58
12484,-1.810667,110.726903,1,0.5,16.51
12485,-1.810667,110.730272,1,0.5,16.51
12486,-1.810667,110.733641,1,0.5,16.51
12487,-1.810667,110.821226,1,0.5,11.95
12488,-1.810667,110.824595,1,0.5,11.95
12489,-1.810667,110.827964,1,0.5,11.95
12490,-1.814035,110.171071,1,0.5,1.94
12491,-1.814035,110.174439,1,0.5,9.58
12492,-1.814035,110.177808,3,0.5,9.58
12493,-1.814035,110.181177,3,0.5,9.58
12494,-1.814035,110.184546,3,0.5,54.45
12495,-1.814035,110.187914,3,0.67,54.45
12496,-1.814035,110.191283,2,0.75,20.99
12497,-1.814035,110.194652,2,0.75,20.99
12498,-1.814035,110.19802,1,0.5,10.28
12499,-1.814035,110.578681,1,0.5,2.7
12500,-1.814035,110.58205,1,0.5,2.7
12501,-1.814035,110.588787,1,0.5,2.75
12502,-1.814035,110.592156,1,0.5,2.75
12503,-1.814035,110.602262,1,0.5,49.74
12504,-1.814035,110.605631,1,0.5,49.74
12505,-1.814035,110.608999,1,0.5,49.74
12506,-1.814035,110.65953,1,0.5,6.15
12507,-1.814035,110.662898,1,0.5,6.15
12508,-1.814035,110.666267,1,0.5,6.15
12509,-1.814035,110.669636,2,0.5,8.2
12510,-1.814035,110.673004,1,0.5,8.2
12511,-1.814035,110.686479,2,0.5,16.9
12512,-1.814035,110.689848,3,0.5,16.9
12513,-1.814035,110.693217,3,0.5,16.9
12514,-1.814035,110.696585,1,0.5,2.78
12515,-1.814035,110.71006,1,0.5,5.35
12516,-1.814035,110.713429,1,0.5,5.35
12517,-1.814035,110.716797,1,0.5,5.35
12518,-1.814035,110.723535,1,0.5,16.51
12519,-1.814035,110.726903,1,0.5,16.51
12520,-1.814035,110.730272,1,0.5,16.51
12521,-1.814035,110.733641,1,0.5,16.51
12522,-1.814035,110.814489,1,0.5,9.42
12523,-1.814035,110.817858,1,0.5,9.42
12524,-1.814035,110.821226,1,0.5,11.95
12525,-1.814035,110.824595,1,0.5,11.95
12526,-1.814035,110.827964,1,0.5,11.95
12527,-1.817404,110.174439,1,0.5,30.18
12528,-1.817404,110.177808,2,0.5,30.18
12529,-1.817404,110.181177,2,0.5,30.18
12530,-1.817404,110.184546,3,0.5,54.45
12531,-1.817404,110.187914,3,0.67,54.45
12532,-1.817404,110.191283,2,0.75,20.99
12533,-1.817404,110.194652,2,0.75,20.99
12534,-1.817404,110.19802,1,0.5,10.28
12535,-1.817404,110.578681,1,0.5,2.7
12536,-1.817404,110.58205,1,0.5,2.7
12537,-1.817404,110.602262,1,0.5,49.74
12538,-1.817404,110.605631,1,0.5,49.74
12539,-1.817404,110.608999,1,0.5,49.74
12540,-1.817404,110.642686,1,0.5,7.55
12541,-1.817404,110.646055,3,0.5,8.81
12542,-1.817404,110.649424,3,0.5,8.81
12543,-1.817404,110.652792,2,0.5,8.81
12544,-1.817404,110.65953,1,0.5,6.15
12545,-1.817404,110.662898,1,0.5,6.15
12546,-1.817404,110.666267,1,0.5,6.15
12547,-1.817404,110.669636,1,0.5,6.15
12548,-1.817404,110.686479,2,0.5,16.9
12549,-1.817404,110.689848,2,0.5,16.9
12550,-1.817404,110.693217,2,0.5,16.9
12551,-1.817404,110.71006,1,0.5,5.35
12552,-1.817404,110.713429,1,0.5,5.35
12553,-1.817404,110.716797,1,0.5,5.35
12554,-1.817404,110.723535,1,0.5,16.51
12555,-1.817404,110.726903,1,0.5,16.51
12556,-1.817404,110.730272,1,0.5,16.51
12557,-1.817404,110.733641,1,0.5,16.51
12558,-1.817404,110.814489,1,0.5,9.42
12559,-1.817404,110.817858,1,0.5,9.42
12560,-1.817404,110.821226,1,0.5,11.95
12561,-1.817404,110.824595,1,0.5,11.95
12562,-1.817404,110.827964,1,0.5,11.95
12563,-1.820773,110.174439,1,0.5,30.18
12564,-1.820773,110.177808,1,0.5,30.18
12565,-1.820773,110.181177,1,0.5,30.18
12566,-1.820773,110.184546,2,0.5,54.45
12567,-1.820773,110.187914,3,0.67,54.45
12568,-1.820773,110.191283,3,0.67,20.99
12569,-1.820773,110.194652,3,0.67,20.99
12570,-1.820773,110.19802,2,0.5,10.28
12571,-1.820773,110.578681,1,0.5,2.7
12572,-1.820773,110.58205,1,0.5,2.7
12573,-1.820773,110.602262,1,0.5,49.74
12574,-1.820773,110.605631,1,0.5,49.74
12575,-1.820773,110.608999,1,0.5,49.74
12576,-1.820773,110.642686,2,0.5,5.91
12577,-1.820773,110.646055,3,0.5,8.81
12578,-1.820773,110.649424,3,0.5,8.81
12579,-1.820773,110.652792,2,0.5,8.81
12580,-1.820773,110.686479,1,0.5,14.23
12581,-1.820773,110.689848,1,0.5,14.23
12582,-1.820773,110.693217,1,0.5,14.23
12583,-1.820773,110.723535,1,0.5,16.51
12584,-1.820773,110.726903,1,0.5,16.51
12585,-1.820773,110.730272,1,0.5,16.51
12586,-1.820773,110.733641,1,0.5,16.51
12587,-1.820773,110.814489,1,0.5,9.42
12588,-1.820773,110.817858,1,0.5,9.42
12589,-1.820773,110.821226,1,0.5,9.42
12590,-1.824141,110.191283,1,0.5,9.73
12591,-1.824141,110.194652,1,0.5,9.73
12592,-1.824141,110.19802,1,0.5,9.73
12593,-1.824141,110.201389,1,0.5,9.73
12594,-1.824141,110.585419,1,0.5,3.59
12595,-1.824141,110.588787,1,0.5,3.59
12596,-1.824141,110.642686,1,0.5,5.91
12597,-1.824141,110.646055,2,0.5,8.81
12598,-1.824141,110.649424,2,0.5,8.81
12599,-1.824141,110.652792,2,0.5,8.81
12600,-1.824141,110.662898,1,0.5,22.05
12601,-1.824141,110.666267,1,0.5,22.05
12602,-1.824141,110.669636,1,0.5,22.05
12603,-1.824141,110.716797,1,0.5,4.09
12604,-1.824141,110.720166,1,0.5,4.09
12605,-1.824141,110.723535,1,0.5,4.09
12606,-1.824141,110.797646,1,0.5,4.27
12607,-1.824141,110.801014,1,0.5,4.27
12608,-1.824141,110.804383,1,0.5,4.27
12609,-1.824141,110.858282,1,0.5,10.96
12610,-1.824141,110.861651,1,0.5,10.96
12611,-1.824141,110.865019,1,0.5,10.96
12612,-1.82751,110.154227,1,0.5,3.07
12613,-1.82751,110.157596,1,0.5,3.07
12614,-1.82751,110.194652,1,0.5,9.73
12615,-1.82751,110.19802,1,0.5,9.73
12616,-1.82751,110.201389,1,0.5,9.73
12617,-1.82751,110.585419,1,0.5,3.59
12618,-1.82751,110.588787,1,0.5,3.59
12619,-1.82751,110.625843,1,0.5,14.58
12620,-1.82751,110.629212,1,0.5,14.58
12621,-1.82751,110.63258,1,0.5,14.58
12622,-1.82751,110.635949,1,0.5,14.58
12623,-1.82751,110.642686,1,0.5,5.91
12624,-1.82751,110.646055,1,0.5,5.91
12625,-1.82751,110.649424,1,0.5,5.91
12626,-1.82751,110.652792,1,0.5,5.91
12627,-1.82751,110.662898,1,0.5,22.05
12628,-1.82751,110.666267,1,0.5,22.05
12629,-1.82751,110.669636,1,0.5,22.05
12630,-1.82751,110.716797,1,0.5,4.09
12631,-1.82751,110.720166,1,0.5,4.09
12632,-1.82751,110.723535,1,0.5,4.09
12633,-1.82751,110.797646,1,0.5,4.27
12634,-1.82751,110.801014,1,0.5,4.27
12635,-1.82751,110.804383,1,0.5,4.27
12636,-1.82751,110.858282,1,0.5,10.96
12637,-1.82751,110.861651,1,0.5,10.96
12638,-1.82751,110.865019,1,0.5,10.96
12639,-1.830879,110.154227,1,0.5,3.07
12640,-1.830879,110.157596,1,0.5,3.07
12641,-1.830879,110.558469,1,0.5,3.68
12642,-1.830879,110.561838,1,0.5,3.68
12643,-1.830879,110.585419,1,0.5,3.59
12644,-1.830879,110.588787,1,0.5,3.59
12645,-1.830879,110.625843,1,0.5,14.58
12646,-1.830879,110.629212,1,0.5,14.58
12647,-1.830879,110.63258,1,0.5,14.58
12648,-1.830879,110.635949,1,0.5,14.58
12649,-1.830879,110.716797,1,0.5,4.09
12650,-1.830879,110.720166,1,0.5,4.09
12651,-1.830879,110.723535,1,0.5,4.09
12652,-1.830879,110.797646,1,0.5,4.27
12653,-1.830879,110.801014,1,0.5,4.27
12654,-1.830879,110.804383,1,0.5,4.27
12655,-1.834248,110.154227,1,0.5,3.07
12656,-1.834248,110.157596,1,0.5,3.07
12657,-1.834248,110.558469,1,0.5,3.68
12658,-1.834248,110.561838,1,0.5,3.68
12659,-1.834248,110.612368,1,0.5,2.78
12660,-1.834248,110.615737,1,0.5,2.78
12661,-1.834248,110.619106,1,0.5,2.78
12662,-1.834248,110.625843,1,0.5,14.58
12663,-1.834248,110.629212,1,0.5,14.58
12664,-1.834248,110.63258,1,0.5,14.58
12665,-1.834248,110.635949,1,0.5,14.58
12666,-1.834248,110.646055,1,0.5,3.79
12667,-1.834248,110.649424,1,0.5,3.79
12668,-1.834248,110.703323,1,0.5,2.97
12669,-1.834248,110.706691,1,0.5,2.97
12670,-1.834248,110.71006,1,0.5,2.97
12671,-1.837616,110.558469,1,0.5,8.49
12672,-1.837616,110.561838,1,0.5,3.68
12673,-1.837616,110.612368,1,0.5,2.78
12674,-1.837616,110.615737,1,0.5,2.78
12675,-1.837616,110.619106,1,0.5,2.78
12676,-1.837616,110.646055,1,0.5,3.79
12677,-1.837616,110.649424,1,0.5,3.79
12678,-1.837616,110.703323,1,0.5,2.97
12679,-1.837616,110.706691,1,0.5,2.97
12680,-1.837616,110.71006,1,0.5,2.97
12681,-1.840985,110.555101,1,1.0,20.85
12682,-1.840985,110.558469,1,1.0,20.85
12683,-1.840985,110.561838,1,1.0,20.85
12684,-1.840985,110.646055,1,0.5,3.79
12685,-1.840985,110.649424,1,0.5,3.79
12686,-1.840985,110.713429,1,0.5,1.83
12687,-1.840985,110.716797,1,0.5,1.83
12688,-1.840985,110.720166,1,0.5,1.83
12689,-1.844354,110.555101,1,1.0,20.85
12690,-1.844354,110.558469,1,1.0,20.85
12691,-1.844354,110.561838,1,1.0,20.85
12692,-1.844354,110.646055,1,1.0,6.14
12693,-1.844354,110.649424,1,1.0,6.14
12694,-1.844354,110.652792,1,1.0,6.14
12695,-1.844354,110.713429,1,0.5,1.83
12696,-1.844354,110.716797,1,0.5,1.83
12697,-1.844354,110.720166,1,0.5,1.83
12698,-1.844354,110.824595,1,0.5,3.94
12699,-1.844354,110.827964,1,0.5,3.94
12700,-1.844354,110.831333,1,0.5,3.94
12701,-1.844354,110.834701,1,0.5,3.94
12702,-1.844354,110.83807,1,0.5,3.94
12703,-1.847722,110.555101,1,1.0,20.85
12704,-1.847722,110.558469,3,0.67,56.6
12705,-1.847722,110.561838,3,0.67,56.6
12706,-1.847722,110.565207,2,0.5,56.6
12707,-1.847722,110.646055,1,1.0,6.14
12708,-1.847722,110.649424,1,1.0,6.14
12709,-1.847722,110.652792,1,1.0,6.14
12710,-1.847722,110.679742,1,0.5,15.04
12711,-1.847722,110.68311,1,0.5,12.45
12712,-1.847722,110.686479,1,0.5,12.45
12713,-1.847722,110.713429,1,0.5,1.83
12714,-1.847722,110.716797,1,0.5,1.83
12715,-1.847722,110.720166,1,0.5,1.83
12716,-1.847722,110.81112,1,0.5,9.17
12717,-1.847722,110.814489,1,0.5,9.17
12718,-1.847722,110.817858,1,0.5,9.17
12719,-1.847722,110.824595,1,0.5,3.94
12720,-1.847722,110.827964,1,0.5,3.17
12721,-1.847722,110.831333,1,0.5,3.17
12722,-1.847722,110.834701,1,0.5,3.17
12723,-1.847722,110.83807,1,0.5,3.94
12724,-1.851091,110.053167,1,0.5,6.34
12725,-1.851091,110.056536,1,0.5,6.34
12726,-1.851091,110.059904,1,0.5,6.34
12727,-1.851091,110.511308,1,0.5,6.02
12728,-1.851091,110.514676,1,0.5,6.02
12729,-1.851091,110.518045,2,0.5,6.02
12730,-1.851091,110.521414,1,0.5,3.63
12731,-1.851091,110.524782,1,0.5,3.63
12732,-1.851091,110.555101,1,1.0,20.85
12733,-1.851091,110.558469,3,0.67,56.6
12734,-1.851091,110.561838,4,0.62,56.6
12735,-1.851091,110.565207,3,0.5,56.6
12736,-1.851091,110.646055,1,1.0,6.14
12737,-1.851091,110.649424,1,1.0,6.14
12738,-1.851091,110.652792,1,1.0,6.14
12739,-1.851091,110.656161,1,0.5,45.58
12740,-1.851091,110.65953,1,0.5,45.58
12741,-1.851091,110.679742,1,0.5,15.04
12742,-1.851091,110.68311,1,0.5,12.45
12743,-1.851091,110.686479,1,0.5,12.45
12744,-1.851091,110.71006,1,1.0,20.78
12745,-1.851091,110.713429,1,1.0,20.78
12746,-1.851091,110.716797,1,1.0,20.78
12747,-1.851091,110.81112,1,0.5,9.17
12748,-1.851091,110.814489,1,0.5,9.17
12749,-1.851091,110.817858,1,0.5,9.17
12750,-1.851091,110.824595,1,0.5,3.94
12751,-1.851091,110.827964,1,0.5,3.17
12752,-1.851091,110.831333,1,0.5,3.17
12753,-1.851091,110.834701,1,0.5,3.17
12754,-1.851091,110.83807,1,0.5,3.94
12755,-1.85446,110.053167,1,0.5,6.34
12756,-1.85446,110.056536,1,0.5,6.34
12757,-1.85446,110.059904,1,0.5,6.34
12758,-1.85446,110.2755,1,0.5,3.03
12759,-1.85446,110.278869,1,0.5,3.03
12760,-1.85446,110.282237,1,0.5,3.03
12761,-1.85446,110.511308,2,0.5,6.02
12762,-1.85446,110.514676,2,0.5,6.02
12763,-1.85446,110.518045,2,0.5,6.02
12764,-1.85446,110.521414,1,0.5,3.63
12765,-1.85446,110.524782,1,0.5,3.63
12766,-1.85446,110.555101,1,0.5,8.49
12767,-1.85446,110.558469,3,0.5,56.6
12768,-1.85446,110.561838,4,0.5,56.6
12769,-1.85446,110.565207,3,0.5,56.6
12770,-1.85446,110.585419,1,0.5,28.81
12771,-1.85446,110.588787,1,0.5,28.81
12772,-1.85446,110.646055,1,1.0,6.14
12773,-1.85446,110.649424,1,1.0,6.14
12774,-1.85446,110.652792,1,1.0,6.14
12775,-1.85446,110.656161,1,0.5,45.58
12776,-1.85446,110.65953,1,0.5,45.58
12777,-1.85446,110.68311,1,0.5,12.45
12778,-1.85446,110.686479,1,0.5,12.45
12779,-1.85446,110.71006,1,1.0,20.78
12780,-1.85446,110.713429,1,1.0,20.78
12781,-1.85446,110.716797,1,1.0,20.78
12782,-1.85446,110.777434,1,0.5,6.21
12783,-1.85446,110.780802,1,0.5,6.21
12784,-1.85446,110.784171,1,0.5,6.21
12785,-1.85446,110.81112,1,0.5,9.17
12786,-1.85446,110.814489,1,0.5,9.17
12787,-1.85446,110.817858,1,0.5,9.17
12788,-1.85446,110.824595,1,0.5,3.94
12789,-1.85446,110.827964,1,0.5,3.17
12790,-1.85446,110.831333,1,0.5,3.17
12791,-1.85446,110.834701,1,0.5,3.17
12792,-1.85446,110.83807,1,0.5,3.94
12793,-1.857828,110.2755,1,0.5,3.03
12794,-1.857828,110.278869,1,0.5,3.03
12795,-1.857828,110.282237,1,0.5,3.03
12796,-1.857828,110.346242,1,0.5,0.67
12797,-1.857828,110.349611,1,0.5,0.67
12798,-1.857828,110.35298,1,0.5,0.67
12799,-1.857828,110.511308,2,0.5,6.02
12800,-1.857828,110.514676,2,0.5,6.02
12801,-1.857828,110.518045,2,0.5,6.02
12802,-1.857828,110.521414,1,0.5,3.63
12803,-1.857828,110.524782,1,0.5,3.63
12804,-1.857828,110.568575,1,0.5,65.64
12805,-1.857828,110.571944,1,0.5,65.64
12806,-1.857828,110.58205,1,0.5,28.81
12807,-1.857828,110.585419,1,0.5,28.81
12808,-1.857828,110.588787,1,0.5,28.81
12809,-1.857828,110.602262,1,0.5,6.83
12810,-1.857828,110.605631,2,0.5,14.21
12811,-1.857828,110.608999,2,0.5,14.21
12812,-1.857828,110.612368,2,0.5,14.21
12813,-1.857828,110.646055,1,0.5,6.14
12814,-1.857828,110.649424,1,0.5,6.14
12815,-1.857828,110.652792,1,0.5,45.58
12816,-1.857828,110.656161,1,0.5,45.58
12817,-1.857828,110.65953,1,0.5,45.58
12818,-1.857828,110.71006,1,1.0,20.78
12819,-1.857828,110.713429,1,1.0,20.78
12820,-1.857828,110.716797,1,1.0,20.78
12821,-1.857828,110.743747,1,0.5,9.06
12822,-1.857828,110.747115,1,0.5,9.06
12823,-1.857828,110.750484,1,0.5,9.06
12824,-1.857828,110.767328,1,0.5,7.91
12825,-1.857828,110.770696,1,0.5,7.91
12826,-1.857828,110.774065,1,0.5,7.91
12827,-1.857828,110.777434,1,0.5,6.21
12828,-1.857828,110.780802,1,0.5,6.21
12829,-1.857828,110.784171,1,0.5,6.21
12830,-1.857828,110.827964,1,0.5,11.19
12831,-1.857828,110.831333,1,0.5,3.17
12832,-1.857828,110.834701,1,0.5,3.17
12833,-1.857828,110.841439,1,0.5,9.15
12834,-1.857828,110.844807,1,0.5,9.15
12835,-1.857828,110.848176,1,0.5,9.15
12836,-1.861197,110.036323,1,0.5,7.92
12837,-1.861197,110.039692,1,0.5,7.92
12838,-1.861197,110.043061,1,0.5,7.92
12839,-1.861197,110.2755,1,0.5,3.03
12840,-1.861197,110.278869,1,0.5,3.03
12841,-1.861197,110.282237,1,0.5,3.03
12842,-1.861197,110.346242,1,0.5,0.67
12843,-1.861197,110.349611,1,0.5,0.67
12844,-1.861197,110.35298,1,0.5,0.67
12845,-1.861197,110.561838,1,0.5,3.4
12846,-1.861197,110.565207,1,0.5,3.4
12847,-1.861197,110.568575,1,0.5,65.64
12848,-1.861197,110.571944,1,0.5,65.64
12849,-1.861197,110.58205,1,0.5,28.81
12850,-1.861197,110.585419,2,0.5,28.81
12851,-1.861197,110.588787,2,0.5,28.81
12852,-1.861197,110.592156,1,0.5,12.2
12853,-1.861197,110.595525,1,0.5,12.2
12854,-1.861197,110.602262,2,0.5,6.83
12855,-1.861197,110.605631,3,0.5,14.21
12856,-1.861197,110.608999,3,0.5,14.21
12857,-1.861197,110.612368,2,0.5,14.21
12858,-1.861197,110.615737,1,0.5,11.07
12859,-1.861197,110.619106,1,0.5,11.07
12860,-1.861197,110.622474,1,0.5,11.07
12861,-1.861197,110.625843,1,0.5,11.07
12862,-1.861197,110.68311,2,0.5,14.37
12863,-1.861197,110.686479,3,0.5,14.37
12864,-1.861197,110.689848,3,0.5,14.37
12865,-1.861197,110.693217,1,0.5,3.41
12866,-1.861197,110.743747,1,0.5,9.06
12867,-1.861197,110.747115,1,0.5,9.06
12868,-1.861197,110.750484,1,0.5,9.06
12869,-1.861197,110.767328,1,0.5,7.91
12870,-1.861197,110.770696,1,0.5,7.91
12871,-1.861197,110.774065,2,0.5,61.0
12872,-1.861197,110.777434,1,0.5,61.0
12873,-1.861197,110.780802,1,0.5,61.0
12874,-1.861197,110.797646,1,0.5,6.51
12875,-1.861197,110.801014,1,0.5,8.77
12876,-1.861197,110.804383,1,0.5,8.77
12877,-1.861197,110.807752,1,0.5,8.77
12878,-1.861197,110.841439,1,0.5,9.15
12879,-1.861197,110.844807,1,0.5,9.15
12880,-1.861197,110.848176,1,0.5,9.15
12881,-1.861197,110.851545,1,0.5,9.15
12882,-1.864566,110.036323,1,0.5,7.92
12883,-1.864566,110.039692,1,0.5,7.92
12884,-1.864566,110.043061,2,0.5,7.92
12885,-1.864566,110.04643,1,0.5,5.22
12886,-1.864566,110.049798,1,0.5,5.22
12887,-1.864566,110.346242,1,0.5,0.67
12888,-1.864566,110.349611,1,0.5,0.67
12889,-1.864566,110.35298,1,0.5,0.67
12890,-1.864566,110.561838,1,0.5,3.4
12891,-1.864566,110.565207,1,0.5,3.4
12892,-1.864566,110.58205,1,0.5,28.81
12893,-1.864566,110.585419,2,0.5,28.81
12894,-1.864566,110.588787,1,0.5,12.2
12895,-1.864566,110.592156,1,0.5,12.2
12896,-1.864566,110.595525,1,0.5,12.2
12897,-1.864566,110.602262,2,0.5,6.83
12898,-1.864566,110.605631,3,0.5,14.21
12899,-1.864566,110.608999,3,0.5,14.21
12900,-1.864566,110.612368,2,0.5,14.21
12901,-1.864566,110.615737,1,0.5,11.07
12902,-1.864566,110.619106,1,0.5,11.07
12903,-1.864566,110.622474,1,0.5,11.07
12904,-1.864566,110.625843,1,0.5,11.07
12905,-1.864566,110.629212,1,0.5,10.08
12906,-1.864566,110.63258,1,0.5,10.08
12907,-1.864566,110.635949,1,0.5,10.08
12908,-1.864566,110.68311,2,0.5,14.37
12909,-1.864566,110.686479,3,0.5,14.37
12910,-1.864566,110.689848,3,0.5,14.37
12911,-1.864566,110.693217,3,0.5,19.23
12912,-1.864566,110.743747,1,0.5,2.75
12913,-1.864566,110.747115,1,0.5,2.75
12914,-1.864566,110.750484,1,0.5,2.75
12915,-1.864566,110.770696,1,0.5,7.91
12916,-1.864566,110.774065,2,0.5,61.0
12917,-1.864566,110.777434,2,0.5,61.0
12918,-1.864566,110.780802,1,0.5,61.0
12919,-1.864566,110.784171,1,0.5,61.0
12920,-1.864566,110.801014,1,0.5,6.51
12921,-1.864566,110.804383,1,0.5,8.77
12922,-1.864566,110.807752,1,0.5,8.77
12923,-1.864566,110.81112,1,0.5,8.77
12924,-1.864566,110.844807,1,0.5,9.15
12925,-1.864566,110.848176,1,0.5,9.15
12926,-1.864566,110.851545,1,0.5,9.15
12927,-1.867934,110.036323,1,0.5,7.92
12928,-1.867934,110.039692,1,0.5,7.92
12929,-1.867934,110.043061,2,0.5,7.92
12930,-1.867934,110.04643,1,0.5,5.22
12931,-1.867934,110.049798,1,0.5,5.22
12932,-1.867934,110.561838,1,0.5,3.4
12933,-1.867934,110.565207,1,0.5,3.4
12934,-1.867934,110.585419,1,0.5,8.71
12935,-1.867934,110.588787,1,0.5,12.2
12936,-1.867934,110.592156,1,0.5,12.2
12937,-1.867934,110.595525,1,0.5,12.2
12938,-1.867934,110.598893,1,0.5,12.2
12939,-1.867934,110.608999,1,0.5,14.21
12940,-1.867934,110.612368,1,0.5,14.21
12941,-1.867934,110.615737,1,0.5,11.07
12942,-1.867934,110.619106,1,0.5,11.07
12943,-1.867934,110.622474,1,0.5,11.07
12944,-1.867934,110.625843,1,0.5,11.07
12945,-1.867934,110.629212,1,0.5,11.07
12946,-1.867934,110.63258,1,0.5,10.08
12947,-1.867934,110.635949,2,0.5,10.08
12948,-1.867934,110.639318,2,0.5,10.08
12949,-1.867934,110.686479,2,0.5,14.37
12950,-1.867934,110.689848,3,0.5,14.37
12951,-1.867934,110.693217,3,0.5,14.37
12952,-1.867934,110.696585,3,0.5,19.23
12953,-1.867934,110.699954,1,0.5,1.24
12954,-1.867934,110.703323,1,0.5,1.24
12955,-1.867934,110.743747,1,0.5,2.75
12956,-1.867934,110.747115,1,0.5,2.75
12957,-1.867934,110.750484,1,0.5,2.75
12958,-1.867934,110.76059,1,1.0,16.91
12959,-1.867934,110.763959,1,1.0,19.28
12960,-1.867934,110.767328,1,1.0,19.28
12961,-1.867934,110.770696,2,0.75,19.28
12962,-1.867934,110.774065,2,0.5,61.0
12963,-1.867934,110.777434,2,0.5,61.0
12964,-1.867934,110.780802,1,0.5,61.0
12965,-1.867934,110.784171,1,0.5,61.0
12966,-1.867934,110.801014,1,0.5,6.51
12967,-1.867934,110.804383,1,0.5,8.77
12968,-1.867934,110.807752,1,0.5,8.77
12969,-1.867934,110.81112,1,0.5,8.77
12970,-1.871303,110.043061,1,0.5,5.22
12971,-1.871303,110.04643,1,0.5,5.22
12972,-1.871303,110.049798,1,0.5,5.22
12973,-1.871303,110.130647,1,0.5,4.43
12974,-1.871303,110.134015,1,0.5,6.66
12975,-1.871303,110.137384,1,0.5,6.66
12976,-1.871303,110.555101,1,0.5,19.95
12977,-1.871303,110.558469,1,0.5,19.95
12978,-1.871303,110.561838,1,0.5,19.95
12979,-1.871303,110.565207,1,0.5,25.81
12980,-1.871303,110.568575,1,0.5,25.81
12981,-1.871303,110.608999,1,0.5,14.21
12982,-1.871303,110.612368,1,0.5,14.21
12983,-1.871303,110.615737,1,0.5,14.21
12984,-1.871303,110.63258,1,0.5,10.08
12985,-1.871303,110.635949,2,0.5,10.08
12986,-1.871303,110.639318,2,0.5,10.08
12987,-1.871303,110.656161,1,0.5,12.96
12988,-1.871303,110.65953,1,0.5,12.96
12989,-1.871303,110.662898,2,0.75,13.15
12990,-1.871303,110.666267,1,1.0,13.15
12991,-1.871303,110.669636,1,1.0,13.15
12992,-1.871303,110.686479,2,0.5,14.37
12993,-1.871303,110.689848,2,0.5,14.37
12994,-1.871303,110.693217,2,0.5,14.37
12995,-1.871303,110.696585,2,0.5,19.23
12996,-1.871303,110.699954,1,0.5,1.24
12997,-1.871303,110.703323,1,0.5,1.24
12998,-1.871303,110.743747,1,0.5,2.75
12999,-1.871303,110.747115,1,0.5,2.75
13000,-1.871303,110.750484,1,0.5,2.75
13001,-1.871303,110.76059,1,1.0,16.91
13002,-1.871303,110.763959,2,0.75,78.38
13003,-1.871303,110.767328,2,0.75,78.38
13004,-1.871303,110.770696,2,0.75,78.38
13005,-1.871303,110.777434,1,0.5,61.0
13006,-1.871303,110.780802,1,0.5,61.0
13007,-1.871303,110.784171,1,0.5,61.0
13008,-1.871303,110.801014,2,0.5,6.51
13009,-1.871303,110.804383,2,0.5,6.51
13010,-1.871303,110.807752,2,0.5,6.51
13011,-1.874672,110.130647,1,0.5,18.73
13012,-1.874672,110.134015,1,0.5,6.66
13013,-1.874672,110.137384,1,0.5,6.66
13014,-1.874672,110.140753,1,0.5,11.15
13015,-1.874672,110.544995,1,0.5,8.83
13016,-1.874672,110.548363,1,0.5,8.83
13017,-1.874672,110.555101,1,0.5,19.95
13018,-1.874672,110.558469,2,0.5,19.95
13019,-1.874672,110.561838,2,0.5,19.95
13020,-1.874672,110.565207,2,0.5,25.81
13021,-1.874672,110.568575,1,0.5,25.81
13022,-1.874672,110.635949,1,0.5,6.17
13023,-1.874672,110.639318,1,0.5,6.17
13024,-1.874672,110.656161,1,0.5,12.96
13025,-1.874672,110.65953,2,0.5,12.96
13026,-1.874672,110.662898,2,0.75,13.15
13027,-1.874672,110.666267,1,1.0,13.15
13028,-1.874672,110.669636,1,1.0,13.15
13029,-1.874672,110.699954,1,0.5,1.24
13030,-1.874672,110.703323,1,0.5,1.24
13031,-1.874672,110.76059,1,1.0,16.91
13032,-1.874672,110.763959,3,0.67,78.38
13033,-1.874672,110.767328,4,0.62,78.38
13034,-1.874672,110.770696,3,0.67,78.38
13035,-1.874672,110.774065,1,0.5,3.43
13036,-1.874672,110.78754,1,0.5,6.15
13037,-1.874672,110.790908,1,0.5,6.15
13038,-1.874672,110.794277,1,0.5,6.15
13039,-1.874672,110.801014,1,0.5,0.96
13040,-1.874672,110.804383,1,0.5,0.96
13041,-1.874672,110.807752,1,0.5,0.96
13042,-1.87804,110.130647,1,0.5,18.73
13043,-1.87804,110.134015,1,0.5,18.73
13044,-1.87804,110.137384,1,0.5,18.73
13045,-1.87804,110.140753,1,0.5,11.15
13046,-1.87804,110.507939,1,0.5,5.62
13047,-1.87804,110.511308,1,0.5,5.62
13048,-1.87804,110.514676,1,0.5,5.62
13049,-1.87804,110.53152,1,0.5,6.75
13050,-1.87804,110.534888,1,0.5,6.75
13051,-1.87804,110.538257,1,0.5,6.75
13052,-1.87804,110.544995,2,0.5,8.83
13053,-1.87804,110.548363,2,0.5,8.83
13054,-1.87804,110.551732,1,0.5,5.14
13055,-1.87804,110.555101,1,0.5,19.95
13056,-1.87804,110.558469,2,0.5,19.95
13057,-1.87804,110.561838,2,0.5,19.95
13058,-1.87804,110.565207,1,0.5,11.54
13059,-1.87804,110.578681,1,0.5,6.28
13060,-1.87804,110.58205,1,0.5,6.28
13061,-1.87804,110.585419,1,0.5,6.28
13062,-1.87804,110.588787,1,0.5,6.28
13063,-1.87804,110.592156,1,0.5,6.28
13064,-1.87804,110.602262,1,0.5,5.38
13065,-1.87804,110.605631,1,0.5,5.38
13066,-1.87804,110.608999,1,0.5,5.38
13067,-1.87804,110.656161,1,0.5,12.96
13068,-1.87804,110.65953,2,0.5,12.96
13069,-1.87804,110.662898,2,0.75,13.15
13070,-1.87804,110.666267,2,0.75,13.15
13071,-1.87804,110.669636,2,0.75,13.15
13072,-1.87804,110.673004,1,0.5,6.1
13073,-1.87804,110.763959,2,0.5,78.38
13074,-1.87804,110.767328,3,0.5,78.38
13075,-1.87804,110.770696,2,0.5,15.76
13076,-1.87804,110.774065,2,0.5,15.76
13077,-1.87804,110.777434,2,0.5,15.76
13078,-1.87804,110.780802,1,0.5,5.38
13079,-1.87804,110.78754,1,0.5,6.15
13080,-1.87804,110.790908,1,0.5,6.15
13081,-1.87804,110.794277,1,0.5,6.15
13082,-1.87804,110.801014,1,0.5,0.96
13083,-1.87804,110.804383,1,0.5,0.96
13084,-1.87804,110.807752,1,0.5,0.96
13085,-1.881409,110.507939,1,0.5,5.62
13086,-1.881409,110.511308,1,0.5,5.62
13087,-1.881409,110.514676,2,0.5,7.33
13088,-1.881409,110.518045,2,0.5,16.21
13089,-1.881409,110.521414,1,0.5,7.33
13090,-1.881409,110.53152,1,0.5,6.75
13091,-1.881409,110.534888,2,0.5,6.75
13092,-1.881409,110.538257,2,0.5,6.75
13093,-1.881409,110.541626,1,0.5,3.79
13094,-1.881409,110.544995,2,0.5,8.83
13095,-1.881409,110.548363,2,0.5,8.83
13096,-1.881409,110.551732,1,0.5,5.14
13097,-1.881409,110.578681,1,0.5,6.28
13098,-1.881409,110.58205,2,0.5,6.28
13099,-1.881409,110.585419,2,0.5,6.28
13100,-1.881409,110.588787,2,0.5,6.28
13101,-1.881409,110.592156,1,0.5,6.28
13102,-1.881409,110.602262,1,0.5,5.38
13103,-1.881409,110.605631,1,0.5,5.38
13104,-1.881409,110.608999,2,0.5,5.38
13105,-1.881409,110.612368,1,0.5,4.85
13106,-1.881409,110.615737,1,0.5,4.85
13107,-1.881409,110.65953,1,0.5,5.95
13108,-1.881409,110.662898,2,0.5,9.64
13109,-1.881409,110.666267,3,0.5,9.64
13110,-1.881409,110.669636,3,0.5,9.64
13111,-1.881409,110.673004,2,0.5,9.64
13112,-1.881409,110.763959,1,0.5,4.61
13113,-1.881409,110.767328,2,0.5,4.61
13114,-1.881409,110.770696,2,0.5,15.76
13115,-1.881409,110.774065,2,0.5,15.76
13116,-1.881409,110.777434,2,0.5,15.76
13117,-1.881409,110.780802,1,0.5,5.38
13118,-1.881409,110.784171,1,0.5,5.38
13119,-1.881409,110.78754,1,0.5,6.15
13120,-1.881409,110.790908,1,0.5,6.15
13121,-1.881409,110.794277,1,0.5,6.15
13122,-1.881409,110.83807,1,0.5,8.24
13123,-1.881409,110.841439,1,0.5,8.24
13124,-1.881409,110.844807,1,0.5,8.24
13125,-1.884778,110.507939,1,0.5,5.62
13126,-1.884778,110.511308,1,0.5,5.62
13127,-1.884778,110.514676,2,0.5,7.33
13128,-1.884778,110.518045,2,0.5,16.21
13129,-1.884778,110.521414,1,0.5,7.33
13130,-1.884778,110.524782,1,0.5,2.16
13131,-1.884778,110.528151,1,0.5,2.16
13132,-1.884778,110.53152,2,0.5,6.75
13133,-1.884778,110.534888,2,0.5,6.75
13134,-1.884778,110.538257,2,0.5,6.75
13135,-1.884778,110.541626,1,0.5,3.79
13136,-1.884778,110.578681,1,0.5,6.28
13137,-1.884778,110.58205,2,0.5,6.28
13138,-1.884778,110.585419,2,0.5,6.28
13139,-1.884778,110.588787,2,0.5,6.28
13140,-1.884778,110.592156,1,0.5,6.28
13141,-1.884778,110.595525,1,0.5,3.8
13142,-1.884778,110.598893,1,0.5,3.8
13143,-1.884778,110.602262,1,0.5,5.38
13144,-1.884778,110.605631,1,0.5,5.38
13145,-1.884778,110.608999,2,0.5,5.38
13146,-1.884778,110.612368,1,0.5,4.85
13147,-1.884778,110.615737,1,0.5,4.85
13148,-1.884778,110.662898,1,0.5,9.64
13149,-1.884778,110.666267,2,0.5,9.64
13150,-1.884778,110.669636,2,0.5,9.64
13151,-1.884778,110.673004,2,0.5,9.64
13152,-1.884778,110.750484,1,0.5,12.86
13153,-1.884778,110.753853,1,0.5,12.86
13154,-1.884778,110.757222,1,0.5,12.86
13155,-1.884778,110.770696,1,0.5,15.76
13156,-1.884778,110.774065,1,0.5,15.76
13157,-1.884778,110.777434,1,0.5,15.76
13158,-1.884778,110.780802,1,0.5,14.95
13159,-1.884778,110.784171,1,0.5,14.95
13160,-1.884778,110.78754,1,0.5,14.95
13161,-1.884778,110.794277,1,0.5,8.96
13162,-1.884778,110.797646,1,0.5,8.96
13163,-1.884778,110.801014,1,0.5,8.96
13164,-1.884778,110.83807,1,0.5,8.24
13165,-1.884778,110.841439,1,0.5,8.24
13166,-1.884778,110.844807,1,0.5,8.24
13167,-1.888146,110.511308,1,0.5,16.21
13168,-1.888146,110.514676,3,0.5,16.21
13169,-1.888146,110.518045,3,0.5,16.21
13170,-1.888146,110.521414,2,0.5,7.33
13171,-1.888146,110.524782,1,0.5,2.16
13172,-1.888146,110.528151,1,0.5,2.16
13173,-1.888146,110.53152,1,0.5,2.16
13174,-1.888146,110.534888,1,0.5,3.88
13175,-1.888146,110.538257,2,0.5,3.88
13176,-1.888146,110.541626,2,0.5,3.79
13177,-1.888146,110.544995,1,0.5,3.06
13178,-1.888146,110.551732,1,0.5,9.25
13179,-1.888146,110.555101,1,0.5,9.25
13180,-1.888146,110.558469,1,0.5,9.25
13181,-1.888146,110.58205,1,0.5,1.87
13182,-1.888146,110.585419,1,0.5,1.87
13183,-1.888146,110.588787,1,0.5,1.87
13184,-1.888146,110.595525,1,0.5,3.8
13185,-1.888146,110.598893,1,0.5,3.8
13186,-1.888146,110.602262,1,0.5,5.38
13187,-1.888146,110.605631,1,0.5,5.38
13188,-1.888146,110.608999,2,0.5,5.38
13189,-1.888146,110.612368,1,0.5,4.85
13190,-1.888146,110.615737,1,0.5,4.85
13191,-1.888146,110.662898,1,0.5,9.64
13192,-1.888146,110.666267,2,0.5,9.64
13193,-1.888146,110.669636,2,0.5,9.64
13194,-1.888146,110.673004,2,0.5,9.64
13195,-1.888146,110.750484,1,0.5,12.86
13196,-1.888146,110.753853,1,0.5,12.86
13197,-1.888146,110.757222,1,0.5,12.86
13198,-1.888146,110.76059,1,0.5,12.78
13199,-1.888146,110.763959,1,0.5,12.78
13200,-1.888146,110.767328,1,0.5,12.78
13201,-1.888146,110.770696,1,0.5,2.58
13202,-1.888146,110.774065,1,0.5,2.58
13203,-1.888146,110.777434,1,0.5,2.58
13204,-1.888146,110.780802,1,0.5,14.95
13205,-1.888146,110.784171,1,0.5,14.95
13206,-1.888146,110.78754,1,0.5,14.95
13207,-1.888146,110.790908,1,0.5,8.96
13208,-1.888146,110.794277,1,0.5,8.96
13209,-1.888146,110.797646,1,0.5,8.96
13210,-1.888146,110.801014,1,0.5,8.96
13211,-1.888146,110.83807,1,0.5,8.24
13212,-1.888146,110.841439,1,0.5,8.24
13213,-1.888146,110.844807,1,0.5,8.24
13214,-1.891515,110.511308,1,0.5,16.21
13215,-1.891515,110.514676,2,0.5,16.21
13216,-1.891515,110.518045,2,0.5,16.21
13217,-1.891515,110.521414,1,0.5,4.05
13218,-1.891515,110.524782,1,0.5,2.16
13219,-1.891515,110.528151,1,0.5,2.16
13220,-1.891515,110.53152,1,0.5,2.16
13221,-1.891515,110.538257,1,0.5,3.06
13222,-1.891515,110.541626,1,0.5,3.06
13223,-1.891515,110.544995,1,0.5,3.06
13224,-1.891515,110.551732,1,0.5,9.25
13225,-1.891515,110.555101,1,0.5,9.25
13226,-1.891515,110.558469,1,0.5,9.25
13227,-1.891515,110.595525,1,0.5,3.8
13228,-1.891515,110.598893,1,0.5,3.8
13229,-1.891515,110.733641,1,0.5,9.61
13230,-1.891515,110.737009,1,0.5,9.61
13231,-1.891515,110.740378,1,0.5,9.61
13232,-1.891515,110.743747,1,0.5,9.61
13233,-1.891515,110.750484,1,0.5,12.86
13234,-1.891515,110.753853,1,0.5,12.86
13235,-1.891515,110.757222,1,0.5,12.86
13236,-1.891515,110.76059,1,0.5,12.78
13237,-1.891515,110.763959,1,0.5,12.78
13238,-1.891515,110.767328,1,0.5,12.78
13239,-1.891515,110.790908,1,0.5,8.96
13240,-1.891515,110.794277,1,0.5,8.96
13241,-1.891515,110.797646,1,0.5,8.96
13242,-1.891515,110.801014,1,0.5,8.96
13243,-1.894884,110.514676,1,0.5,4.05
13244,-1.894884,110.518045,1,0.5,4.05
13245,-1.894884,110.521414,1,0.5,4.05
13246,-1.894884,110.534888,1,0.5,2.85
13247,-1.894884,110.538257,2,0.5,3.06
13248,-1.894884,110.541626,2,0.5,3.06
13249,-1.894884,110.544995,1,0.5,3.06
13250,-1.894884,110.565207,1,0.5,7.21
13251,-1.894884,110.568575,1,0.5,7.21
13252,-1.894884,110.571944,1,0.5,7.21
13253,-1.894884,110.625843,1,0.5,8.57
13254,-1.894884,110.629212,1,0.5,8.57
13255,-1.894884,110.635949,1,0.5,2.81
13256,-1.894884,110.639318,1,0.5,2.81
13257,-1.894884,110.642686,1,0.5,2.81
13258,-1.894884,110.679742,1,0.5,10.22
13259,-1.894884,110.68311,1,0.5,10.22
13260,-1.894884,110.686479,1,0.5,10.22
13261,-1.894884,110.723535,1,0.5,5.6
13262,-1.894884,110.726903,1,0.5,5.6
13263,-1.894884,110.730272,1,0.5,5.6
13264,-1.894884,110.733641,1,0.5,9.61
13265,-1.894884,110.737009,1,0.5,9.61
13266,-1.894884,110.740378,1,0.5,9.61
13267,-1.894884,110.743747,1,0.5,9.61
13268,-1.894884,110.76059,1,0.5,12.78
13269,-1.894884,110.763959,1,0.5,12.78
13270,-1.894884,110.767328,1,0.5,12.78
13271,-1.894884,110.790908,1,0.5,8.96
13272,-1.894884,110.794277,1,0.5,8.96
13273,-1.894884,110.797646,1,0.5,8.96
13274,-1.894884,110.801014,1,0.5,8.96
13275,-1.898252,110.049798,1,0.5,4.19
13276,-1.898252,110.053167,1,0.5,4.19
13277,-1.898252,110.534888,1,0.5,2.85
13278,-1.898252,110.538257,1,0.5,2.85
13279,-1.898252,110.541626,1,0.5,2.85
13280,-1.898252,110.565207,1,0.5,7.21
13281,-1.898252,110.568575,1,0.5,7.21
13282,-1.898252,110.571944,2,0.5,7.21
13283,-1.898252,110.575313,1,0.5,6.02
13284,-1.898252,110.578681,1,0.5,6.02
13285,-1.898252,110.625843,1,0.5,8.57
13286,-1.898252,110.629212,1,0.5,8.57
13287,-1.898252,110.635949,1,0.5,2.81
13288,-1.898252,110.639318,1,0.5,2.81
13289,-1.898252,110.642686,1,0.5,2.81
13290,-1.898252,110.669636,1,0.5,34.65
13291,-1.898252,110.673004,1,0.5,34.65
13292,-1.898252,110.676373,1,0.5,34.65
13293,-1.898252,110.679742,1,0.5,10.22
13294,-1.898252,110.68311,1,0.5,10.22
13295,-1.898252,110.686479,1,0.5,10.22
13296,-1.898252,110.723535,1,0.5,5.6
13297,-1.898252,110.726903,1,0.5,5.6
13298,-1.898252,110.730272,1,0.5,5.6
13299,-1.898252,110.733641,1,0.5,9.61
13300,-1.898252,110.737009,1,0.5,9.61
13301,-1.898252,110.740378,1,0.5,9.61
13302,-1.898252,110.743747,1,0.5,9.61
13303,-1.898252,110.767328,1,1.0,9.46
13304,-1.898252,110.770696,1,1.0,9.46
13305,-1.901621,110.049798,1,0.5,4.19
13306,-1.901621,110.053167,1,0.5,4.19
13307,-1.901621,110.534888,1,0.5,2.85
13308,-1.901621,110.538257,1,0.5,2.85
13309,-1.901621,110.541626,1,0.5,2.85
13310,-1.901621,110.565207,1,0.5,7.21
13311,-1.901621,110.568575,1,0.5,7.21
13312,-1.901621,110.571944,2,0.5,7.21
13313,-1.901621,110.575313,1,0.5,6.02
13314,-1.901621,110.578681,1,0.5,6.02
13315,-1.901621,110.625843,1,0.5,8.57
13316,-1.901621,110.629212,1,0.5,8.57
13317,-1.901621,110.635949,1,0.5,2.81
13318,-1.901621,110.639318,1,0.5,2.81
13319,-1.901621,110.642686,1,0.5,2.81
13320,-1.901621,110.669636,1,0.5,34.65
13321,-1.901621,110.673004,1,0.5,34.65
13322,-1.901621,110.676373,1,0.5,34.65
13323,-1.901621,110.679742,1,0.5,10.22
13324,-1.901621,110.68311,1,0.5,10.22
13325,-1.901621,110.686479,1,0.5,10.22
13326,-1.901621,110.723535,1,0.5,5.6
13327,-1.901621,110.726903,1,0.5,5.6
13328,-1.901621,110.730272,1,0.5,5.6
13329,-1.901621,110.733641,1,0.5,5.6
13330,-1.901621,110.737009,1,0.5,5.6
13331,-1.901621,110.767328,1,1.0,9.46
13332,-1.901621,110.770696,1,1.0,9.46
13333,-1.901621,110.912181,1,0.5,5.78
13334,-1.901621,110.91555,1,0.5,5.78
13335,-1.901621,110.918918,1,0.5,5.78
13336,-1.901621,110.929024,1,0.5,7.85
13337,-1.901621,110.932393,1,0.5,7.85
13338,-1.901621,110.935762,1,0.5,7.85
13339,-1.90499,110.049798,1,0.5,4.19
13340,-1.90499,110.053167,1,0.5,4.19
13341,-1.90499,110.487727,1,0.5,4.45
13342,-1.90499,110.491096,1,0.5,4.45
13343,-1.90499,110.494464,1,0.5,4.45
13344,-1.90499,110.585419,1,0.5,5.37
13345,-1.90499,110.588787,1,0.5,5.37
13346,-1.90499,110.592156,1,0.5,5.37
13347,-1.90499,110.76059,1,0.5,8.63
13348,-1.90499,110.763959,1,0.5,8.63
13349,-1.90499,110.767328,2,0.75,9.46
13350,-1.90499,110.770696,1,1.0,9.46
13351,-1.90499,110.841439,1,0.5,13.34
13352,-1.90499,110.844807,1,0.5,13.34
13353,-1.90499,110.848176,1,0.5,13.34
13354,-1.90499,110.851545,1,0.5,13.34
13355,-1.90499,110.912181,1,0.5,5.78
13356,-1.90499,110.91555,1,0.5,5.78
13357,-1.90499,110.918918,1,0.5,5.78
13358,-1.90499,110.929024,1,0.5,7.85
13359,-1.90499,110.932393,1,0.5,7.85
13360,-1.90499,110.935762,1,0.5,7.85
13361,-1.90499,110.952605,1,0.5,5.22
13362,-1.90499,110.955974,1,0.5,5.22
13363,-1.90499,110.959342,1,0.5,5.22
13364,-1.908359,110.487727,1,0.5,4.45
13365,-1.908359,110.491096,1,0.5,4.45
13366,-1.908359,110.494464,1,0.5,4.45
13367,-1.908359,110.551732,1,0.5,3.4
13368,-1.908359,110.555101,1,0.5,3.4
13369,-1.908359,110.585419,1,0.5,5.37
13370,-1.908359,110.588787,1,0.5,5.37
13371,-1.908359,110.592156,1,0.5,5.37
13372,-1.908359,110.76059,1,0.5,8.63
13373,-1.908359,110.763959,1,0.5,8.63
13374,-1.908359,110.767328,1,0.5,8.63
13375,-1.908359,110.841439,1,0.5,13.34
13376,-1.908359,110.844807,2,0.5,13.34
13377,-1.908359,110.848176,2,0.5,13.34
13378,-1.908359,110.851545,2,0.5,13.34
13379,-1.908359,110.912181,1,0.5,5.78
13380,-1.908359,110.91555,1,0.5,5.78
13381,-1.908359,110.918918,1,0.5,5.78
13382,-1.908359,110.929024,1,0.5,7.85
13383,-1.908359,110.932393,1,0.5,10.07
13384,-1.908359,110.935762,1,0.5,10.07
13385,-1.908359,110.93913,1,0.5,10.07
13386,-1.908359,110.952605,1,0.5,5.22
13387,-1.908359,110.955974,1,0.5,5.22
13388,-1.908359,110.959342,1,0.5,5.22
13389,-1.911727,110.123909,1,0.5,10.41
13390,-1.911727,110.127278,1,0.5,10.41
13391,-1.911727,110.130647,1,0.5,10.41
13392,-1.911727,110.134015,1,0.5,10.41
13393,-1.911727,110.137384,1,0.5,7.41
13394,-1.911727,110.140753,1,0.5,7.41
13395,-1.911727,110.144121,1,0.5,7.41
13396,-1.911727,110.187914,1,0.5,6.64
13397,-1.911727,110.191283,1,0.5,6.64
13398,-1.911727,110.194652,1,0.5,6.64
13399,-1.911727,110.48099,1,0.5,2.99
13400,-1.911727,110.484358,1,0.5,2.99
13401,-1.911727,110.487727,2,0.5,4.45
13402,-1.911727,110.491096,1,0.5,4.45
13403,-1.911727,110.494464,1,0.5,4.45
13404,-1.911727,110.528151,1,0.5,13.93
13405,-1.911727,110.53152,1,0.5,13.93
13406,-1.911727,110.534888,1,0.5,13.93
13407,-1.911727,110.551732,1,0.5,3.4
13408,-1.911727,110.555101,1,0.5,3.4
13409,-1.911727,110.585419,1,0.5,5.37
13410,-1.911727,110.588787,1,0.5,5.37
13411,-1.911727,110.592156,1,0.5,5.37
13412,-1.911727,110.598893,1,0.5,10.87
13413,-1.911727,110.602262,1,0.5,10.87
13414,-1.911727,110.605631,1,0.5,10.87
13415,-1.911727,110.686479,1,0.5,3.58
13416,-1.911727,110.689848,1,0.5,6.63
13417,-1.911727,110.693217,1,0.5,6.63
13418,-1.911727,110.696585,1,0.5,6.63
13419,-1.911727,110.76059,1,0.5,8.63
13420,-1.911727,110.763959,1,0.5,4.52
13421,-1.911727,110.767328,1,0.5,4.52
13422,-1.911727,110.841439,1,0.5,13.34
13423,-1.911727,110.844807,2,0.5,13.34
13424,-1.911727,110.848176,2,0.5,13.34
13425,-1.911727,110.851545,2,0.5,13.34
13426,-1.911727,110.861651,1,0.5,5.64
13427,-1.911727,110.865019,1,0.5,5.64
13428,-1.911727,110.868388,1,0.5,5.64
13429,-1.911727,110.871757,1,0.5,5.64
13430,-1.911727,110.912181,1,0.5,5.78
13431,-1.911727,110.91555,1,0.5,5.78
13432,-1.911727,110.918918,1,0.5,5.78
13433,-1.911727,110.922287,1,0.5,2.68
13434,-1.911727,110.925656,1,0.5,2.68
13435,-1.911727,110.929024,1,0.5,2.68
13436,-1.911727,110.932393,1,0.5,10.07
13437,-1.911727,110.935762,1,0.5,10.07
13438,-1.911727,110.93913,1,0.5,10.07
13439,-1.911727,110.955974,1,0.5,5.22
13440,-1.911727,110.959342,1,0.5,5.22
13441,-1.911727,110.962711,1,0.5,5.22
13442,-1.915096,110.123909,1,0.5,10.41
13443,-1.915096,110.127278,1,0.5,10.41
13444,-1.915096,110.130647,1,0.5,10.41
13445,-1.915096,110.134015,1,0.5,10.41
13446,-1.915096,110.137384,1,0.5,7.41
13447,-1.915096,110.140753,1,0.5,7.41
13448,-1.915096,110.144121,1,0.5,7.41
13449,-1.915096,110.187914,1,0.5,6.64
13450,-1.915096,110.191283,1,0.5,6.64
13451,-1.915096,110.194652,1,0.5,6.64
13452,-1.915096,110.470884,1,0.5,3.43
13453,-1.915096,110.474252,1,0.5,6.41
13454,-1.915096,110.477621,1,0.5,6.41
13455,-1.915096,110.48099,2,0.5,6.41
13456,-1.915096,110.484358,1,0.5,2.99
13457,-1.915096,110.487727,2,0.5,2.99
13458,-1.915096,110.491096,1,0.5,2.91
13459,-1.915096,110.494464,1,0.5,2.91
13460,-1.915096,110.528151,1,0.5,13.93
13461,-1.915096,110.53152,1,0.5,13.93
13462,-1.915096,110.534888,1,0.5,13.93
13463,-1.915096,110.551732,1,0.5,3.4
13464,-1.915096,110.555101,1,0.5,3.4
13465,-1.915096,110.598893,1,0.5,10.87
13466,-1.915096,110.602262,1,0.5,10.87
13467,-1.915096,110.605631,1,0.5,10.87
13468,-1.915096,110.612368,1,0.5,4.63
13469,-1.915096,110.615737,1,0.5,4.63
13470,-1.915096,110.619106,1,0.5,4.63
13471,-1.915096,110.686479,1,0.5,3.58
13472,-1.915096,110.689848,1,0.5,6.63
13473,-1.915096,110.693217,1,0.5,6.63
13474,-1.915096,110.696585,1,0.5,6.63
13475,-1.915096,110.763959,1,0.5,4.52
13476,-1.915096,110.767328,1,0.5,4.52
13477,-1.915096,110.848176,1,0.5,3.94
13478,-1.915096,110.851545,1,0.5,3.94
13479,-1.915096,110.854913,1,0.5,3.94
13480,-1.915096,110.865019,1,0.5,5.64
13481,-1.915096,110.868388,1,0.5,5.64
13482,-1.915096,110.871757,1,0.5,5.64
13483,-1.915096,110.875125,1,0.5,5.64
13484,-1.915096,110.925656,1,0.5,2.68
13485,-1.915096,110.929024,1,0.5,2.68
13486,-1.915096,110.932393,1,0.5,2.68
13487,-1.915096,110.935762,1,0.5,10.07
13488,-1.915096,110.93913,1,0.5,10.07
13489,-1.915096,110.942499,1,0.5,10.07
13490,-1.918465,110.123909,1,0.5,10.41
13491,-1.918465,110.127278,1,0.5,10.41
13492,-1.918465,110.130647,1,0.5,10.41
13493,-1.918465,110.134015,1,0.5,10.41
13494,-1.918465,110.137384,1,0.5,7.41
13495,-1.918465,110.140753,1,0.5,7.41
13496,-1.918465,110.144121,1,0.5,7.41
13497,-1.918465,110.187914,2,0.5,6.64
13498,-1.918465,110.191283,2,0.5,6.64
13499,-1.918465,110.194652,2,0.5,6.64
13500,-1.918465,110.470884,1,0.5,3.43
13501,-1.918465,110.474252,1,0.5,6.41
13502,-1.918465,110.477621,1,0.5,6.41
13503,-1.918465,110.48099,3,0.5,6.41
13504,-1.918465,110.484358,3,0.5,6.96
13505,-1.918465,110.487727,2,0.5,2.99
13506,-1.918465,110.491096,1,0.5,2.91
13507,-1.918465,110.494464,1,0.5,2.91
13508,-1.918465,110.528151,1,0.5,13.93
13509,-1.918465,110.53152,1,0.5,13.93
13510,-1.918465,110.534888,1,0.5,13.93
13511,-1.918465,110.551732,1,0.5,3.4
13512,-1.918465,110.555101,1,0.5,3.4
13513,-1.918465,110.598893,1,0.5,10.87
13514,-1.918465,110.602262,1,0.5,10.87
13515,-1.918465,110.605631,1,0.5,10.87
13516,-1.918465,110.612368,1,0.5,4.63
13517,-1.918465,110.615737,1,0.5,4.63
13518,-1.918465,110.619106,1,0.5,4.63
13519,-1.918465,110.679742,1,0.5,4.94
13520,-1.918465,110.68311,1,0.5,4.94
13521,-1.918465,110.686479,1,0.5,4.94
13522,-1.918465,110.689848,2,0.5,4.94
13523,-1.918465,110.693217,1,0.5,3.58
13524,-1.918465,110.696585,1,0.5,3.58
13525,-1.918465,110.767328,1,0.5,4.52
13526,-1.918465,110.770696,1,0.5,4.52
13527,-1.918465,110.865019,1,0.5,5.64
13528,-1.918465,110.868388,1,0.5,5.64
13529,-1.918465,110.871757,1,0.5,5.64
13530,-1.918465,110.875125,1,0.5,5.64
13531,-1.921833,110.187914,1,0.5,6.6
13532,-1.921833,110.191283,1,0.5,6.6
13533,-1.921833,110.194652,1,0.5,6.6
13534,-1.921833,110.467515,2,0.5,9.57
13535,-1.921833,110.470884,3,0.5,9.57
13536,-1.921833,110.474252,3,0.5,9.57
13537,-1.921833,110.477621,1,0.5,6.41
13538,-1.921833,110.48099,2,0.5,6.41
13539,-1.921833,110.484358,2,0.5,6.96
13540,-1.921833,110.487727,1,0.5,2.91
13541,-1.921833,110.491096,1,0.5,2.91
13542,-1.921833,110.494464,1,0.5,2.91
13543,-1.921833,110.615737,1,0.5,4.63
13544,-1.921833,110.619106,1,0.5,4.63
13545,-1.921833,110.622474,1,0.5,4.63
13546,-1.921833,110.68311,1,0.5,4.94
13547,-1.921833,110.686479,2,0.5,8.46
13548,-1.921833,110.689848,2,0.5,8.46
13549,-1.921833,110.929024,1,0.5,3.38
13550,-1.921833,110.932393,1,0.5,3.38
13551,-1.921833,110.935762,1,0.5,3.38
13552,-1.925202,110.184546,1,0.5,7.1
13553,-1.925202,110.187914,2,0.5,6.6
13554,-1.925202,110.191283,2,0.5,6.6
13555,-1.925202,110.194652,1,0.5,6.6
13556,-1.925202,110.470884,2,0.5,9.57
13557,-1.925202,110.474252,2,0.5,9.57
13558,-1.925202,110.477621,3,0.5,9.57
13559,-1.925202,110.48099,1,0.5,5.89
13560,-1.925202,110.484358,2,0.5,5.89
13561,-1.925202,110.487727,2,0.5,6.96
13562,-1.925202,110.491096,1,0.5,3.74
13563,-1.925202,110.494464,1,0.5,3.74
13564,-1.925202,110.497833,1,0.5,3.74
13565,-1.925202,110.68311,1,0.5,4.94
13566,-1.925202,110.686479,2,0.5,8.46
13567,-1.925202,110.689848,2,0.5,8.46
13568,-1.925202,110.770696,1,0.5,7.34
13569,-1.925202,110.774065,1,0.5,7.34
13570,-1.925202,110.777434,1,0.5,7.34
13571,-1.925202,110.875125,1,0.5,3.95
13572,-1.925202,110.878494,1,0.5,3.95
13573,-1.925202,110.881863,1,0.5,3.95
13574,-1.925202,110.929024,1,0.5,3.38
13575,-1.925202,110.932393,1,0.5,3.38
13576,-1.925202,110.935762,1,0.5,3.38
13577,-1.928571,110.171071,1,0.5,5.92
13578,-1.928571,110.174439,1,0.5,5.92
13579,-1.928571,110.177808,1,0.5,5.92
13580,-1.928571,110.184546,1,0.5,7.1
13581,-1.928571,110.187914,1,0.5,6.19
13582,-1.928571,110.191283,1,0.5,6.19
13583,-1.928571,110.470884,1,0.5,9.57
13584,-1.928571,110.474252,1,0.5,9.57
13585,-1.928571,110.477621,2,0.5,9.57
13586,-1.928571,110.48099,1,0.5,5.89
13587,-1.928571,110.484358,1,0.5,5.89
13588,-1.928571,110.487727,1,0.5,6.96
13589,-1.928571,110.669636,1,0.5,6.47
13590,-1.928571,110.673004,1,0.5,6.47
13591,-1.928571,110.679742,1,0.5,12.94
13592,-1.928571,110.68311,1,0.5,12.94
13593,-1.928571,110.686479,2,0.5,12.94
13594,-1.928571,110.689848,1,0.5,8.46
13595,-1.928571,110.720166,1,0.5,2.72
13596,-1.928571,110.723535,1,0.5,2.72
13597,-1.928571,110.770696,1,0.5,7.34
13598,-1.928571,110.774065,1,0.5,7.34
13599,-1.928571,110.777434,1,0.5,7.34
13600,-1.928571,110.854913,1,0.5,4.17
13601,-1.928571,110.858282,1,0.5,4.17
13602,-1.928571,110.861651,1,0.5,4.17
13603,-1.928571,110.865019,1,0.5,4.17
13604,-1.928571,110.875125,1,0.5,3.95
13605,-1.928571,110.878494,1,0.5,3.95
13606,-1.928571,110.881863,1,0.5,3.95
13607,-1.928571,110.925656,1,0.5,6.41
13608,-1.928571,110.929024,2,0.5,6.41
13609,-1.928571,110.932393,2,0.5,6.41
13610,-1.928571,110.935762,1,0.5,3.38
13611,-1.931939,110.164333,1,0.5,5.84
13612,-1.931939,110.167702,1,0.5,5.84
13613,-1.931939,110.171071,1,0.5,5.84
13614,-1.931939,110.174439,2,0.5,5.92
13615,-1.931939,110.177808,1,0.5,5.92
13616,-1.931939,110.181177,1,0.5,5.92
13617,-1.931939,110.184546,1,0.5,5.92
13618,-1.931939,110.187914,1,0.5,7.1
13619,-1.931939,110.191283,1,0.5,6.19
13620,-1.931939,110.194652,1,0.5,6.19
13621,-1.931939,110.329399,1,0.5,1.17
13622,-1.931939,110.332768,1,0.5,1.17
13623,-1.931939,110.477621,1,0.5,12.69
13624,-1.931939,110.48099,1,0.5,26.43
13625,-1.931939,110.484358,1,0.5,26.43
13626,-1.931939,110.487727,1,0.5,26.43
13627,-1.931939,110.491096,1,0.5,26.43
13628,-1.931939,110.65953,1,0.5,2.61
13629,-1.931939,110.662898,1,0.5,2.61
13630,-1.931939,110.669636,1,0.5,6.47
13631,-1.931939,110.673004,1,0.5,6.47
13632,-1.931939,110.679742,1,0.5,12.94
13633,-1.931939,110.68311,1,0.5,12.94
13634,-1.931939,110.686479,1,0.5,12.94
13635,-1.931939,110.689848,2,0.5,6.59
13636,-1.931939,110.693217,2,0.5,6.59
13637,-1.931939,110.696585,2,0.5,6.59
13638,-1.931939,110.713429,1,0.5,3.74
13639,-1.931939,110.716797,1,0.5,3.74
13640,-1.931939,110.720166,2,0.5,3.74
13641,-1.931939,110.723535,1,0.5,2.72
13642,-1.931939,110.726903,1,0.5,9.36
13643,-1.931939,110.730272,1,0.5,9.36
13644,-1.931939,110.801014,1,0.5,6.97
13645,-1.931939,110.804383,1,0.5,6.97
13646,-1.931939,110.807752,1,0.5,6.97
13647,-1.931939,110.854913,1,0.5,4.17
13648,-1.931939,110.858282,1,0.5,4.17
13649,-1.931939,110.861651,1,0.5,4.17
13650,-1.931939,110.865019,1,0.5,4.17
13651,-1.931939,110.875125,1,0.5,3.95
13652,-1.931939,110.878494,1,0.5,3.95
13653,-1.931939,110.881863,1,0.5,3.95
13654,-1.931939,110.925656,1,0.5,6.41
13655,-1.931939,110.929024,1,0.5,6.41
13656,-1.931939,110.932393,1,0.5,6.41
13657,-1.935308,110.167702,1,0.5,5.84
13658,-1.935308,110.171071,1,0.5,5.84
13659,-1.935308,110.174439,2,0.5,5.92
13660,-1.935308,110.177808,1,0.5,5.92
13661,-1.935308,110.181177,1,0.5,5.92
13662,-1.935308,110.184546,1,0.5,5.92
13663,-1.935308,110.194652,1,0.5,4.94
13664,-1.935308,110.19802,1,0.5,4.94
13665,-1.935308,110.201389,1,0.5,3.78
13666,-1.935308,110.329399,1,0.5,1.17
13667,-1.935308,110.332768,1,0.5,1.17
13668,-1.935308,110.477621,1,0.5,12.69
13669,-1.935308,110.48099,1,0.5,26.43
13670,-1.935308,110.484358,1,0.5,7.46
13671,-1.935308,110.487727,1,0.5,7.46
13672,-1.935308,110.491096,1,0.5,7.46
13673,-1.935308,110.524782,1,0.5,6.33
13674,-1.935308,110.528151,1,0.5,6.33
13675,-1.935308,110.53152,1,0.5,6.33
13676,-1.935308,110.595525,1,0.5,5.97
13677,-1.935308,110.598893,1,0.5,5.97
13678,-1.935308,110.602262,1,0.5,5.97
13679,-1.935308,110.65953,1,0.5,2.61
13680,-1.935308,110.662898,1,0.5,2.61
13681,-1.935308,110.669636,1,0.5,6.47
13682,-1.935308,110.673004,1,0.5,6.47
13683,-1.935308,110.679742,1,0.5,12.94
13684,-1.935308,110.68311,1,0.5,12.94
13685,-1.935308,110.686479,2,0.5,12.94
13686,-1.935308,110.689848,3,0.5,6.59
13687,-1.935308,110.693217,3,0.5,6.59
13688,-1.935308,110.696585,2,0.5,6.59
13689,-1.935308,110.713429,1,0.5,3.74
13690,-1.935308,110.716797,1,0.5,3.74
13691,-1.935308,110.720166,1,0.5,3.74
13692,-1.935308,110.723535,1,0.5,22.08
13693,-1.935308,110.726903,2,0.5,22.08
13694,-1.935308,110.730272,2,0.5,22.08
13695,-1.935308,110.753853,1,1.0,6.26
13696,-1.935308,110.757222,1,1.0,6.26
13697,-1.935308,110.76059,1,1.0,6.26
13698,-1.935308,110.763959,1,0.5,6.26
13699,-1.935308,110.794277,1,0.5,5.22
13700,-1.935308,110.797646,2,0.5,5.22
13701,-1.935308,110.801014,3,0.5,6.97
13702,-1.935308,110.804383,1,0.5,6.97
13703,-1.935308,110.807752,1,0.5,6.97
13704,-1.935308,110.844807,1,0.5,4.57
13705,-1.935308,110.848176,1,0.5,4.57
13706,-1.935308,110.851545,1,0.5,4.57
13707,-1.935308,110.854913,1,0.5,4.17
13708,-1.935308,110.858282,1,0.5,4.17
13709,-1.935308,110.861651,1,0.5,4.17
13710,-1.935308,110.865019,1,0.5,4.17
13711,-1.935308,110.875125,1,0.5,3.95
13712,-1.935308,110.878494,1,0.5,3.95
13713,-1.935308,110.881863,1,0.5,3.95
13714,-1.935308,110.925656,1,0.5,6.41
13715,-1.935308,110.929024,1,0.5,6.41
13716,-1.935308,110.932393,1,0.5,6.41
13717,-1.938677,110.167702,1,0.5,8.77
13718,-1.938677,110.171071,1,0.5,8.77
13719,-1.938677,110.174439,1,0.5,8.77
13720,-1.938677,110.181177,1,0.5,5.92
13721,-1.938677,110.184546,1,0.5,5.92
13722,-1.938677,110.194652,1,0.5,4.94
13723,-1.938677,110.19802,1,0.5,4.94
13724,-1.938677,110.201389,1,0.5,3.78
13725,-1.938677,110.464146,1,0.5,2.69
13726,-1.938677,110.467515,1,0.5,2.69
13727,-1.938677,110.470884,1,0.5,2.69
13728,-1.938677,110.477621,1,0.5,12.69
13729,-1.938677,110.48099,1,0.5,26.43
13730,-1.938677,110.484358,1,0.5,7.46
13731,-1.938677,110.487727,1,0.5,7.46
13732,-1.938677,110.491096,1,0.5,7.46
13733,-1.938677,110.524782,1,0.5,6.33
13734,-1.938677,110.528151,1,0.5,6.33
13735,-1.938677,110.53152,1,0.5,6.33
13736,-1.938677,110.595525,1,0.5,5.97
13737,-1.938677,110.598893,1,0.5,5.97
13738,-1.938677,110.602262,1,0.5,5.97
13739,-1.938677,110.639318,1,0.5,9.9
13740,-1.938677,110.642686,1,0.5,9.9
13741,-1.938677,110.646055,2,0.5,9.9
13742,-1.938677,110.649424,1,0.5,5.95
13743,-1.938677,110.679742,1,0.5,3.43
13744,-1.938677,110.68311,1,0.5,3.43
13745,-1.938677,110.686479,2,0.5,3.43
13746,-1.938677,110.689848,3,0.67,24.87
13747,-1.938677,110.693217,3,0.67,24.87
13748,-1.938677,110.696585,2,0.75,24.87
13749,-1.938677,110.713429,1,0.5,3.74
13750,-1.938677,110.716797,2,0.5,23.81
13751,-1.938677,110.720166,2,0.5,23.81
13752,-1.938677,110.723535,2,0.5,23.81
13753,-1.938677,110.726903,2,0.5,23.81
13754,-1.938677,110.730272,1,0.5,22.08
13755,-1.938677,110.747115,1,0.5,2.82
13756,-1.938677,110.750484,1,0.5,2.82
13757,-1.938677,110.753853,2,0.75,6.26
13758,-1.938677,110.757222,1,1.0,6.26
13759,-1.938677,110.76059,1,1.0,6.26
13760,-1.938677,110.763959,1,0.5,6.26
13761,-1.938677,110.790908,1,0.5,8.89
13762,-1.938677,110.794277,2,0.5,8.89
13763,-1.938677,110.797646,3,0.5,8.89
13764,-1.938677,110.801014,3,0.5,6.97
13765,-1.938677,110.804383,2,0.5,6.97
13766,-1.938677,110.807752,2,0.5,6.97
13767,-1.938677,110.81112,1,0.5,5.08
13768,-1.938677,110.844807,1,0.5,4.57
13769,-1.938677,110.848176,1,0.5,4.57
13770,-1.938677,110.851545,1,0.5,4.57
13771,-1.938677,110.854913,1,0.5,4.17
13772,-1.938677,110.858282,2,0.5,5.4
13773,-1.938677,110.861651,2,0.5,5.4
13774,-1.938677,110.865019,2,0.5,8.33
13775,-1.938677,110.868388,1,0.5,8.33
13776,-1.938677,110.871757,1,0.5,8.33
13777,-1.938677,110.881863,1,0.5,4.31
13778,-1.938677,110.885231,1,0.5,4.31
13779,-1.938677,110.8886,1,0.5,4.31
13780,-1.942045,110.167702,1,0.5,8.77
13781,-1.942045,110.171071,1,0.5,8.77
13782,-1.942045,110.174439,1,0.5,8.77
13783,-1.942045,110.177808,1,0.5,0.67
13784,-1.942045,110.181177,2,0.5,3.17
13785,-1.942045,110.184546,1,0.5,3.17
13786,-1.942045,110.194652,1,0.5,4.94
13787,-1.942045,110.19802,1,0.5,4.94
13788,-1.942045,110.201389,1,0.5,3.78
13789,-1.942045,110.433828,1,0.5,4.04
13790,-1.942045,110.437197,1,0.5,4.04
13791,-1.942045,110.440565,1,0.5,4.04
13792,-1.942045,110.443934,1,0.5,4.04
13793,-1.942045,110.457409,1,0.5,6.15
13794,-1.942045,110.460777,1,0.5,6.15
13795,-1.942045,110.464146,2,0.5,6.15
13796,-1.942045,110.467515,1,0.5,2.69
13797,-1.942045,110.470884,1,0.5,2.69
13798,-1.942045,110.484358,1,0.5,7.46
13799,-1.942045,110.487727,2,0.5,7.93
13800,-1.942045,110.491096,2,0.5,7.93
13801,-1.942045,110.524782,1,0.5,6.33
13802,-1.942045,110.528151,1,0.5,6.33
13803,-1.942045,110.53152,1,0.5,6.33
13804,-1.942045,110.595525,1,0.5,12.36
13805,-1.942045,110.598893,1,0.5,12.36
13806,-1.942045,110.602262,1,0.5,12.36
13807,-1.942045,110.605631,1,0.5,12.25
13808,-1.942045,110.639318,1,0.5,9.9
13809,-1.942045,110.642686,2,0.5,9.9
13810,-1.942045,110.646055,2,0.5,9.9
13811,-1.942045,110.649424,1,0.5,5.95
13812,-1.942045,110.652792,1,0.5,26.43
13813,-1.942045,110.656161,1,0.5,26.43
13814,-1.942045,110.65953,1,0.5,26.43
13815,-1.942045,110.686479,1,0.5,9.57
13816,-1.942045,110.689848,2,0.75,24.87
13817,-1.942045,110.693217,2,0.75,32.61
13818,-1.942045,110.696585,2,0.75,32.61
13819,-1.942045,110.699954,1,0.5,32.61
13820,-1.942045,110.703323,1,0.5,8.09
13821,-1.942045,110.713429,1,0.5,3.08
13822,-1.942045,110.716797,2,0.5,23.81
13823,-1.942045,110.720166,2,0.5,23.81
13824,-1.942045,110.723535,1,0.5,23.81
13825,-1.942045,110.726903,1,0.5,23.81
13826,-1.942045,110.747115,1,0.5,2.82
13827,-1.942045,110.750484,1,0.5,2.82
13828,-1.942045,110.753853,2,0.75,6.26
13829,-1.942045,110.757222,1,1.0,6.26
13830,-1.942045,110.76059,2,0.75,20.86
13831,-1.942045,110.763959,2,0.5,20.86
13832,-1.942045,110.767328,1,0.5,20.86
13833,-1.942045,110.790908,1,0.5,8.89
13834,-1.942045,110.794277,2,0.5,8.89
13835,-1.942045,110.797646,2,0.5,8.89
13836,-1.942045,110.801014,1,0.5,5.22
13837,-1.942045,110.804383,1,0.5,5.08
13838,-1.942045,110.807752,1,0.5,5.08
13839,-1.942045,110.81112,1,0.5,5.08
13840,-1.942045,110.844807,1,0.5,4.57
13841,-1.942045,110.848176,1,0.5,4.57
13842,-1.942045,110.851545,1,0.5,4.57
13843,-1.942045,110.858282,1,0.5,5.4
13844,-1.942045,110.861651,1,0.5,5.4
13845,-1.942045,110.865019,1,0.5,8.33
13846,-1.942045,110.868388,1,0.5,8.33
13847,-1.942045,110.871757,1,0.5,8.33
13848,-1.942045,110.881863,1,0.5,4.31
13849,-1.942045,110.885231,1,0.5,4.31
13850,-1.942045,110.8886,1,0.5,4.31
13851,-1.945414,110.167702,1,0.5,8.77
13852,-1.945414,110.171071,1,0.5,8.77
13853,-1.945414,110.174439,2,0.5,8.77
13854,-1.945414,110.177808,2,0.5,7.58
13855,-1.945414,110.181177,2,0.5,7.58
13856,-1.945414,110.433828,1,0.5,4.04
13857,-1.945414,110.437197,1,0.5,4.04
13858,-1.945414,110.440565,1,0.5,4.04
13859,-1.945414,110.443934,1,0.5,4.04
13860,-1.945414,110.457409,1,0.5,6.15
13861,-1.945414,110.460777,1,0.5,6.15
13862,-1.945414,110.464146,1,0.5,6.15
13863,-1.945414,110.487727,1,0.5,7.93
13864,-1.945414,110.491096,1,0.5,7.93
13865,-1.945414,110.595525,1,0.5,12.36
13866,-1.945414,110.598893,1,0.5,12.36
13867,-1.945414,110.602262,1,0.5,12.36
13868,-1.945414,110.605631,1,0.5,12.25
13869,-1.945414,110.639318,2,0.5,9.9
13870,-1.945414,110.642686,3,0.5,9.9
13871,-1.945414,110.646055,2,0.5,9.9
13872,-1.945414,110.649424,1,0.5,5.95
13873,-1.945414,110.652792,1,0.5,26.43
13874,-1.945414,110.656161,1,0.5,26.43
13875,-1.945414,110.65953,2,0.5,26.43
13876,-1.945414,110.662898,1,0.5,3.98
13877,-1.945414,110.686479,1,0.5,9.57
13878,-1.945414,110.689848,1,1.0,24.87
13879,-1.945414,110.693217,1,1.0,32.61
13880,-1.945414,110.696585,2,0.75,32.61
13881,-1.945414,110.699954,1,0.5,32.61
13882,-1.945414,110.703323,1,0.5,8.09
13883,-1.945414,110.713429,1,0.5,3.08
13884,-1.945414,110.716797,1,0.5,3.08
13885,-1.945414,110.720166,1,0.5,3.08
13886,-1.945414,110.723535,1,0.5,5.47
13887,-1.945414,110.726903,2,0.5,5.47
13888,-1.945414,110.730272,2,0.5,5.47
13889,-1.945414,110.733641,1,0.5,3.89
13890,-1.945414,110.750484,1,0.5,8.73
13891,-1.945414,110.753853,1,0.5,8.73
13892,-1.945414,110.757222,1,0.5,8.73
13893,-1.945414,110.76059,1,0.5,20.86
13894,-1.945414,110.763959,1,0.5,20.86
13895,-1.945414,110.767328,1,0.5,20.86
13896,-1.945414,110.774065,1,0.5,12.1
13897,-1.945414,110.777434,1,0.5,12.1
13898,-1.945414,110.780802,1,0.5,12.1
13899,-1.945414,110.790908,1,0.5,8.89
13900,-1.945414,110.794277,1,0.5,8.89
13901,-1.945414,110.797646,1,0.5,8.89
13902,-1.945414,110.804383,1,0.5,5.08
13903,-1.945414,110.807752,1,0.5,5.08
13904,-1.945414,110.81112,1,0.5,5.08
13905,-1.945414,110.858282,1,0.5,5.4
13906,-1.945414,110.861651,1,0.5,5.4
13907,-1.945414,110.865019,1,0.5,8.33
13908,-1.945414,110.868388,1,0.5,8.33
13909,-1.945414,110.871757,1,0.5,8.33
13910,-1.945414,110.881863,1,0.5,4.31
13911,-1.945414,110.885231,1,0.5,4.31
13912,-1.945414,110.8886,1,0.5,4.31
13913,-1.948783,110.110435,1,0.5,5.69
13914,-1.948783,110.113803,1,0.5,5.69
13915,-1.948783,110.117172,1,0.5,5.69
13916,-1.948783,110.167702,1,0.5,8.77
13917,-1.948783,110.171071,1,0.5,8.77
13918,-1.948783,110.174439,2,0.5,8.77
13919,-1.948783,110.177808,1,0.5,7.58
13920,-1.948783,110.181177,1,0.5,7.58
13921,-1.948783,110.433828,1,0.5,4.04
13922,-1.948783,110.437197,1,0.5,4.04
13923,-1.948783,110.440565,1,0.5,4.04
13924,-1.948783,110.443934,1,0.5,4.04
13925,-1.948783,110.457409,1,0.5,6.15
13926,-1.948783,110.460777,1,0.5,6.15
13927,-1.948783,110.464146,1,0.5,6.15
13928,-1.948783,110.595525,1,0.5,12.36
13929,-1.948783,110.598893,1,0.5,12.36
13930,-1.948783,110.602262,1,0.5,12.36
13931,-1.948783,110.605631,1,0.5,12.25
13932,-1.948783,110.629212,1,0.5,2.31
13933,-1.948783,110.63258,1,0.5,2.31
13934,-1.948783,110.639318,1,0.5,3.53
13935,-1.948783,110.642686,2,0.5,5.33
13936,-1.948783,110.646055,1,0.5,5.33
13937,-1.948783,110.649424,2,0.5,11.42
13938,-1.948783,110.652792,2,0.5,26.43
13939,-1.948783,110.656161,3,0.5,83.65
13940,-1.948783,110.65953,3,0.5,83.65
13941,-1.948783,110.662898,2,0.5,83.65
13942,-1.948783,110.703323,1,0.5,18.86
13943,-1.948783,110.706691,1,0.5,18.86
13944,-1.948783,110.71006,1,0.5,18.86
13945,-1.948783,110.713429,2,0.5,15.58
13946,-1.948783,110.716797,1,0.5,3.08
13947,-1.948783,110.720166,1,0.5,3.08
13948,-1.948783,110.723535,1,0.5,5.47
13949,-1.948783,110.726903,2,0.5,5.47
13950,-1.948783,110.730272,2,0.5,5.47
13951,-1.948783,110.733641,1,0.5,3.89
13952,-1.948783,110.750484,1,0.5,8.73
13953,-1.948783,110.753853,1,0.5,8.73
13954,-1.948783,110.757222,1,0.5,8.73
13955,-1.948783,110.76059,1,0.5,20.86
13956,-1.948783,110.763959,1,0.5,20.86
13957,-1.948783,110.767328,1,0.5,20.86
13958,-1.948783,110.770696,1,0.5,7.2
13959,-1.948783,110.774065,2,0.5,12.1
13960,-1.948783,110.777434,1,0.5,12.1
13961,-1.948783,110.780802,1,0.5,12.1
13962,-1.948783,110.790908,2,0.5,8.89
13963,-1.948783,110.794277,2,0.5,8.89
13964,-1.948783,110.797646,2,0.5,8.89
13965,-1.948783,110.841439,1,0.5,8.96
13966,-1.948783,110.844807,1,0.5,8.96
13967,-1.948783,110.848176,1,0.5,8.96
13968,-1.948783,110.865019,1,0.5,8.33
13969,-1.948783,110.868388,1,0.5,8.33
13970,-1.948783,110.871757,1,0.5,8.33
13971,-1.952151,110.110435,1,0.5,5.69
13972,-1.952151,110.113803,1,0.5,5.69
13973,-1.952151,110.117172,1,0.5,5.69
13974,-1.952151,110.174439,1,0.5,7.58
13975,-1.952151,110.177808,1,0.5,7.58
13976,-1.952151,110.181177,1,0.5,7.58
13977,-1.952151,110.430459,1,0.5,11.15
13978,-1.952151,110.433828,1,0.5,11.15
13979,-1.952151,110.437197,1,0.5,11.15
13980,-1.952151,110.548363,1,0.5,2.88
13981,-1.952151,110.551732,1,0.5,2.88
13982,-1.952151,110.561838,1,0.5,3.83
13983,-1.952151,110.565207,1,0.5,3.83
13984,-1.952151,110.595525,1,0.5,12.36
13985,-1.952151,110.598893,1,0.5,12.36
13986,-1.952151,110.602262,1,0.5,12.36
13987,-1.952151,110.605631,1,0.5,12.25
13988,-1.952151,110.629212,1,0.5,2.31
13989,-1.952151,110.63258,1,0.5,2.31
13990,-1.952151,110.649424,1,0.5,8.95
13991,-1.952151,110.652792,1,0.5,11.42
13992,-1.952151,110.656161,2,0.5,83.65
13993,-1.952151,110.65953,2,0.5,83.65
13994,-1.952151,110.662898,1,0.5,83.65
13995,-1.952151,110.703323,1,0.5,18.86
13996,-1.952151,110.706691,1,0.5,18.86
13997,-1.952151,110.71006,1,0.5,18.86
13998,-1.952151,110.713429,1,0.5,15.58
13999,-1.952151,110.723535,1,0.5,5.47
14000,-1.952151,110.726903,1,0.5,5.47
14001,-1.952151,110.730272,1,0.5,5.47
14002,-1.952151,110.750484,1,0.5,8.73
14003,-1.952151,110.753853,1,0.5,8.73
14004,-1.952151,110.757222,1,0.5,8.73
14005,-1.952151,110.767328,1,0.5,7.2
14006,-1.952151,110.770696,1,0.5,7.2
14007,-1.952151,110.774065,2,0.5,12.1
14008,-1.952151,110.777434,1,0.5,12.1
14009,-1.952151,110.780802,1,0.5,12.1
14010,-1.952151,110.790908,1,0.5,2.67
14011,-1.952151,110.794277,1,0.5,2.67
14012,-1.952151,110.797646,1,0.5,2.67
14013,-1.952151,110.841439,1,0.5,8.96
14014,-1.952151,110.844807,1,0.5,8.96
14015,-1.952151,110.848176,1,0.5,8.96
14016,-1.95552,110.110435,1,0.5,5.69
14017,-1.95552,110.113803,1,0.5,5.69
14018,-1.95552,110.117172,1,0.5,5.69
14019,-1.95552,110.174439,1,0.5,6.62
14020,-1.95552,110.177808,1,0.5,6.62
14021,-1.95552,110.181177,1,0.5,6.62
14022,-1.95552,110.413616,1,0.5,7.74
14023,-1.95552,110.416985,1,0.5,7.74
14024,-1.95552,110.420353,1,0.5,7.74
14025,-1.95552,110.430459,1,0.5,11.15
14026,-1.95552,110.433828,1,0.5,11.15
14027,-1.95552,110.437197,1,0.5,11.15
14028,-1.95552,110.548363,1,0.5,2.88
14029,-1.95552,110.551732,1,0.5,2.88
14030,-1.95552,110.561838,1,0.5,3.83
14031,-1.95552,110.565207,1,0.5,3.83
14032,-1.95552,110.612368,1,0.5,6.62
14033,-1.95552,110.615737,1,0.5,6.62
14034,-1.95552,110.629212,1,0.5,2.31
14035,-1.95552,110.63258,1,0.5,2.31
14036,-1.95552,110.649424,1,0.5,8.95
14037,-1.95552,110.652792,1,0.5,11.42
14038,-1.95552,110.656161,2,0.5,83.65
14039,-1.95552,110.65953,3,0.5,83.65
14040,-1.95552,110.662898,2,0.5,83.65
14041,-1.95552,110.666267,1,0.5,2.72
14042,-1.95552,110.703323,1,0.5,18.86
14043,-1.95552,110.706691,1,0.5,18.86
14044,-1.95552,110.71006,1,0.5,18.86
14045,-1.95552,110.713429,1,0.5,15.58
14046,-1.95552,110.723535,2,0.5,5.98
14047,-1.95552,110.726903,2,0.5,5.98
14048,-1.95552,110.730272,2,0.5,5.98
14049,-1.95552,110.767328,1,0.5,7.2
14050,-1.95552,110.770696,1,0.5,7.2
14051,-1.95552,110.790908,1,0.5,2.67
14052,-1.95552,110.794277,1,0.5,2.67
14053,-1.95552,110.797646,1,0.5,2.67
14054,-1.95552,110.844807,1,0.5,34.35
14055,-1.95552,110.848176,1,0.5,34.35
14056,-1.95552,110.851545,1,0.5,34.35
14057,-1.958889,110.413616,1,0.5,7.74
14058,-1.958889,110.416985,1,0.5,7.74
14059,-1.958889,110.420353,1,0.5,7.74
14060,-1.958889,110.507939,1,0.5,3.9
14061,-1.958889,110.511308,1,0.5,3.9
14062,-1.958889,110.514676,1,0.5,3.9
14063,-1.958889,110.561838,1,0.5,3.83
14064,-1.958889,110.565207,1,0.5,3.83
14065,-1.958889,110.605631,1,0.5,3.01
14066,-1.958889,110.608999,1,0.5,3.01
14067,-1.958889,110.612368,1,0.5,6.62
14068,-1.958889,110.615737,1,0.5,6.62
14069,-1.958889,110.619106,1,0.5,4.77
14070,-1.958889,110.622474,1,0.5,4.77
14071,-1.958889,110.625843,1,0.5,4.77
14072,-1.958889,110.649424,1,0.5,8.95
14073,-1.958889,110.652792,1,0.5,8.95
14074,-1.958889,110.656161,1,0.5,8.95
14075,-1.958889,110.65953,2,0.5,8.95
14076,-1.958889,110.662898,1,0.5,2.72
14077,-1.958889,110.666267,1,0.5,2.72
14078,-1.958889,110.703323,1,0.5,8.93
14079,-1.958889,110.706691,1,0.5,8.93
14080,-1.958889,110.71006,1,0.5,8.93
14081,-1.958889,110.716797,1,0.5,10.93
14082,-1.958889,110.720166,1,0.5,10.93
14083,-1.958889,110.723535,3,0.5,10.93
14084,-1.958889,110.726903,2,0.5,6.49
14085,-1.958889,110.730272,2,0.5,6.49
14086,-1.958889,110.767328,1,0.5,7.2
14087,-1.958889,110.770696,1,0.5,7.2
14088,-1.958889,110.844807,1,0.5,34.35
14089,-1.958889,110.848176,1,0.5,34.35
14090,-1.958889,110.851545,2,0.75,34.35
14091,-1.958889,110.854913,1,1.0,6.28
14092,-1.958889,110.858282,1,1.0,6.28
14093,-1.958889,110.929024,1,0.5,13.76
14094,-1.958889,110.932393,1,0.5,13.76
14095,-1.958889,110.935762,1,0.5,13.76
14096,-1.962257,110.427091,1,0.5,2.52
14097,-1.962257,110.430459,1,0.5,2.52
14098,-1.962257,110.433828,1,0.5,2.52
14099,-1.962257,110.507939,1,0.5,3.9
14100,-1.962257,110.511308,1,0.5,3.9
14101,-1.962257,110.514676,1,0.5,3.9
14102,-1.962257,110.605631,1,0.5,3.01
14103,-1.962257,110.608999,1,0.5,3.01
14104,-1.962257,110.612368,1,0.5,6.62
14105,-1.962257,110.615737,1,0.5,6.62
14106,-1.962257,110.619106,1,0.5,4.77
14107,-1.962257,110.622474,1,0.5,4.77
14108,-1.962257,110.625843,1,0.5,4.77
14109,-1.962257,110.65953,1,0.5,2.72
14110,-1.962257,110.662898,1,0.5,2.72
14111,-1.962257,110.666267,1,0.5,2.72
14112,-1.962257,110.716797,1,0.5,10.93
14113,-1.962257,110.720166,2,0.5,10.93
14114,-1.962257,110.723535,3,0.5,10.93
14115,-1.962257,110.726903,2,0.5,5.98
14116,-1.962257,110.730272,1,0.5,5.98
14117,-1.962257,110.844807,1,0.5,34.35
14118,-1.962257,110.848176,1,0.5,34.35
14119,-1.962257,110.851545,2,0.75,34.35
14120,-1.962257,110.854913,1,1.0,6.28
14121,-1.962257,110.858282,1,1.0,6.28
14122,-1.962257,110.929024,1,0.5,13.76
14123,-1.962257,110.932393,1,0.5,13.76
14124,-1.962257,110.935762,1,0.5,13.76
14125,-1.965626,110.427091,1,0.5,2.52
14126,-1.965626,110.430459,1,0.5,2.52
14127,-1.965626,110.433828,1,0.5,2.52
14128,-1.965626,110.507939,1,0.5,3.9
14129,-1.965626,110.511308,1,0.5,3.9
14130,-1.965626,110.514676,1,0.5,3.9
14131,-1.965626,110.602262,1,0.5,8.24
14132,-1.965626,110.605631,2,0.5,8.24
14133,-1.965626,110.608999,2,0.5,8.24
14134,-1.965626,110.619106,1,0.5,4.77
14135,-1.965626,110.622474,1,0.5,4.77
14136,-1.965626,110.625843,1,0.5,4.77
14137,-1.965626,110.696585,1,0.5,39.03
14138,-1.965626,110.699954,2,0.5,39.03
14139,-1.965626,110.703323,2,0.5,39.03
14140,-1.965626,110.706691,1,0.5,14.74
14141,-1.965626,110.713429,1,0.5,42.78
14142,-1.965626,110.716797,1,0.5,42.78
14143,-1.965626,110.720166,2,0.5,42.78
14144,-1.965626,110.723535,3,0.5,42.78
14145,-1.965626,110.726903,2,0.5,5.98
14146,-1.965626,110.730272,1,0.5,5.98
14147,-1.965626,110.774065,1,0.5,19.62
14148,-1.965626,110.777434,1,0.5,19.62
14149,-1.965626,110.780802,1,0.5,19.62
14150,-1.965626,110.784171,1,0.5,30.02
14151,-1.965626,110.78754,2,0.5,30.02
14152,-1.965626,110.790908,2,0.5,30.02
14153,-1.965626,110.794277,1,0.5,1.9
14154,-1.965626,110.854913,1,1.0,6.28
14155,-1.965626,110.858282,1,1.0,6.28
14156,-1.965626,110.861651,1,1.0,6.28
14157,-1.965626,110.932393,1,0.5,13.76
14158,-1.965626,110.935762,1,0.5,13.76
14159,-1.965626,110.93913,2,0.5,13.76
14160,-1.965626,110.942499,1,0.5,4.04
14161,-1.965626,110.945868,1,0.5,4.04
14162,-1.968995,110.164333,2,0.5,39.41
14163,-1.968995,110.167702,2,0.5,39.41
14164,-1.968995,110.171071,2,0.5,39.41
14165,-1.968995,110.507939,1,0.5,3.9
14166,-1.968995,110.511308,1,0.5,3.9
14167,-1.968995,110.514676,1,0.5,3.9
14168,-1.968995,110.561838,1,0.5,20.41
14169,-1.968995,110.565207,1,0.5,20.41
14170,-1.968995,110.592156,1,0.5,16.01
14171,-1.968995,110.595525,1,0.5,16.01
14172,-1.968995,110.602262,1,0.5,8.24
14173,-1.968995,110.605631,2,0.5,8.24
14174,-1.968995,110.608999,2,0.5,8.24
14175,-1.968995,110.619106,1,0.5,4.77
14176,-1.968995,110.622474,1,0.5,4.77
14177,-1.968995,110.625843,1,0.5,4.77
14178,-1.968995,110.696585,1,0.5,39.03
14179,-1.968995,110.699954,2,0.5,39.03
14180,-1.968995,110.703323,3,0.5,39.03
14181,-1.968995,110.706691,2,0.5,14.74
14182,-1.968995,110.71006,1,0.5,20.86
14183,-1.968995,110.713429,1,0.5,42.78
14184,-1.968995,110.716797,1,0.5,42.78
14185,-1.968995,110.720166,1,0.5,42.78
14186,-1.968995,110.723535,2,0.5,42.78
14187,-1.968995,110.726903,2,0.5,42.78
14188,-1.968995,110.730272,1,0.5,5.42
14189,-1.968995,110.777434,1,0.5,19.62
14190,-1.968995,110.780802,1,0.5,19.62
14191,-1.968995,110.784171,1,0.5,19.62
14192,-1.968995,110.78754,1,0.5,30.02
14193,-1.968995,110.790908,2,0.5,30.02
14194,-1.968995,110.794277,2,0.5,30.02
14195,-1.968995,110.797646,1,0.5,1.9
14196,-1.968995,110.861651,1,0.5,23.47
14197,-1.968995,110.865019,1,0.5,23.47
14198,-1.968995,110.868388,1,0.5,23.47
14199,-1.968995,110.929024,1,0.5,3.26
14200,-1.968995,110.932393,1,0.5,3.26
14201,-1.968995,110.935762,1,0.5,3.26
14202,-1.968995,110.93913,1,0.5,4.04
14203,-1.968995,110.942499,1,0.5,4.04
14204,-1.968995,110.945868,1,0.5,4.04
14205,-1.972363,110.164333,2,0.5,39.41
14206,-1.972363,110.167702,2,0.5,39.41
14207,-1.972363,110.171071,2,0.5,39.41
14208,-1.972363,110.561838,1,0.5,20.41
14209,-1.972363,110.565207,1,0.5,20.41
14210,-1.972363,110.585419,1,0.5,5.41
14211,-1.972363,110.588787,1,0.5,5.41
14212,-1.972363,110.592156,1,0.5,5.41
14213,-1.972363,110.595525,2,0.5,16.01
14214,-1.972363,110.598893,1,0.5,16.01
14215,-1.972363,110.605631,1,0.5,4.84
14216,-1.972363,110.608999,1,0.5,4.84
14217,-1.972363,110.699954,1,0.5,39.03
14218,-1.972363,110.703323,2,0.5,39.03
14219,-1.972363,110.706691,3,0.5,39.03
14220,-1.972363,110.71006,2,0.5,14.74
14221,-1.972363,110.713429,1,0.5,20.86
14222,-1.972363,110.716797,1,0.5,42.78
14223,-1.972363,110.720166,1,0.5,42.78
14224,-1.972363,110.723535,1,0.5,42.78
14225,-1.972363,110.726903,1,0.5,42.78
14226,-1.972363,110.777434,1,0.5,19.62
14227,-1.972363,110.780802,1,0.5,19.62
14228,-1.972363,110.784171,2,0.5,19.62
14229,-1.972363,110.78754,2,0.5,13.06
14230,-1.972363,110.790908,2,0.5,26.72
14231,-1.972363,110.794277,1,0.5,1.9
14232,-1.972363,110.797646,1,0.5,1.9
14233,-1.972363,110.854913,1,0.5,23.65
14234,-1.972363,110.858282,1,0.5,23.65
14235,-1.972363,110.861651,1,0.5,23.47
14236,-1.972363,110.865019,1,0.5,23.47
14237,-1.972363,110.868388,1,0.5,23.47
14238,-1.972363,110.925656,1,0.5,12.79
14239,-1.972363,110.929024,3,0.5,12.79
14240,-1.972363,110.932393,3,0.5,12.79
14241,-1.972363,110.935762,2,0.5,3.75
14242,-1.972363,110.93913,1,0.5,4.04
14243,-1.972363,110.942499,2,0.5,12.48
14244,-1.972363,110.945868,2,0.5,12.48
14245,-1.972363,110.949236,1,0.5,12.48
14246,-1.972363,110.952605,1,0.5,12.35
14247,-1.972363,110.955974,1,0.5,12.35
14248,-1.975732,110.164333,1,0.5,4.22
14249,-1.975732,110.167702,1,0.5,4.22
14250,-1.975732,110.171071,1,0.5,4.22
14251,-1.975732,110.565207,1,0.5,20.41
14252,-1.975732,110.568575,1,0.5,20.41
14253,-1.975732,110.588787,1,0.5,5.41
14254,-1.975732,110.592156,1,0.5,5.41
14255,-1.975732,110.595525,2,0.5,16.01
14256,-1.975732,110.598893,2,0.5,16.01
14257,-1.975732,110.602262,1,0.5,6.48
14258,-1.975732,110.605631,1,0.5,6.48
14259,-1.975732,110.608999,1,0.5,6.48
14260,-1.975732,110.703323,1,0.5,3.69
14261,-1.975732,110.706691,2,0.5,10.25
14262,-1.975732,110.71006,2,0.5,10.25
14263,-1.975732,110.713429,1,0.5,20.86
14264,-1.975732,110.716797,1,0.5,42.78
14265,-1.975732,110.720166,1,0.5,42.78
14266,-1.975732,110.723535,1,0.5,42.78
14267,-1.975732,110.777434,1,0.5,19.62
14268,-1.975732,110.780802,1,0.5,19.62
14269,-1.975732,110.784171,2,0.5,19.62
14270,-1.975732,110.78754,2,0.5,13.06
14271,-1.975732,110.790908,1,0.5,36.47
14272,-1.975732,110.854913,1,0.5,23.65
14273,-1.975732,110.858282,1,0.5,23.65
14274,-1.975732,110.861651,1,0.5,7.05
14275,-1.975732,110.865019,1,0.5,7.05
14276,-1.975732,110.868388,2,0.5,7.05
14277,-1.975732,110.871757,1,0.5,4.22
14278,-1.975732,110.875125,1,0.5,4.22
14279,-1.975732,110.925656,2,0.5,12.79
14280,-1.975732,110.929024,4,0.5,12.79
14281,-1.975732,110.932393,4,0.5,12.79
14282,-1.975732,110.935762,3,0.5,6.14
14283,-1.975732,110.93913,1,0.5,6.14
14284,-1.975732,110.942499,1,0.5,12.48
14285,-1.975732,110.945868,1,0.5,12.48
14286,-1.975732,110.949236,1,0.5,12.48
14287,-1.975732,110.952605,1,0.5,12.35
14288,-1.975732,110.955974,1,0.5,12.35
14289,-1.979101,110.160965,1,0.5,6.68
14290,-1.979101,110.164333,1,0.5,6.68
14291,-1.979101,110.167702,1,0.5,6.68
14292,-1.979101,110.598893,1,0.5,3.43
14293,-1.979101,110.602262,1,0.5,6.48
14294,-1.979101,110.605631,1,0.5,6.48
14295,-1.979101,110.608999,1,0.5,6.48
14296,-1.979101,110.612368,1,0.5,8.52
14297,-1.979101,110.615737,1,0.5,8.52
14298,-1.979101,110.619106,1,0.5,8.52
14299,-1.979101,110.703323,1,0.5,3.69
14300,-1.979101,110.706691,2,0.5,7.61
14301,-1.979101,110.71006,2,0.75,7.61
14302,-1.979101,110.713429,1,1.0,7.61
14303,-1.979101,110.716797,1,1.0,7.61
14304,-1.979101,110.747115,1,0.5,5.57
14305,-1.979101,110.750484,1,0.5,5.57
14306,-1.979101,110.753853,1,0.5,5.57
14307,-1.979101,110.777434,1,0.5,21.51
14308,-1.979101,110.780802,1,0.5,21.51
14309,-1.979101,110.784171,2,0.5,21.51
14310,-1.979101,110.78754,2,0.5,13.06
14311,-1.979101,110.790908,1,0.5,13.06
14312,-1.979101,110.861651,1,0.5,7.05
14313,-1.979101,110.865019,1,0.5,7.05
14314,-1.979101,110.868388,2,0.5,7.05
14315,-1.979101,110.871757,1,0.5,4.22
14316,-1.979101,110.875125,1,0.5,4.22
14317,-1.979101,110.925656,2,0.5,12.79
14318,-1.979101,110.929024,3,0.5,12.79
14319,-1.979101,110.932393,3,0.5,12.79
14320,-1.979101,110.935762,2,0.5,6.14
14321,-1.979101,110.93913,1,0.5,6.14
14322,-1.979101,110.942499,1,0.5,12.48
14323,-1.979101,110.945868,1,0.5,12.48
14324,-1.979101,110.949236,1,0.5,12.35
14325,-1.979101,110.952605,1,0.5,12.35
14326,-1.979101,110.955974,1,0.5,12.35
14327,-1.98247,110.160965,1,0.5,6.3
14328,-1.98247,110.164333,1,0.5,6.3
14329,-1.98247,110.167702,1,0.5,6.3
14330,-1.98247,110.406879,1,0.5,15.1
14331,-1.98247,110.410247,1,0.5,15.55
14332,-1.98247,110.413616,1,0.5,15.55
14333,-1.98247,110.416985,1,0.5,15.55
14334,-1.98247,110.494464,1,0.5,19.42
14335,-1.98247,110.497833,1,0.5,19.42
14336,-1.98247,110.501202,1,0.5,19.42
14337,-1.98247,110.524782,1,0.5,7.21
14338,-1.98247,110.528151,1,0.5,7.21
14339,-1.98247,110.598893,1,0.5,3.43
14340,-1.98247,110.602262,1,0.5,6.48
14341,-1.98247,110.605631,1,0.5,6.48
14342,-1.98247,110.608999,1,0.5,6.48
14343,-1.98247,110.612368,1,0.5,8.52
14344,-1.98247,110.615737,1,0.5,8.52
14345,-1.98247,110.619106,1,0.5,8.52
14346,-1.98247,110.706691,1,0.5,7.61
14347,-1.98247,110.71006,1,1.0,7.61
14348,-1.98247,110.713429,1,1.0,7.61
14349,-1.98247,110.716797,1,1.0,7.61
14350,-1.98247,110.747115,1,0.5,5.57
14351,-1.98247,110.750484,1,0.5,5.57
14352,-1.98247,110.753853,1,0.5,5.57
14353,-1.98247,110.777434,1,0.5,6.15
14354,-1.98247,110.780802,1,0.5,6.15
14355,-1.98247,110.784171,1,0.5,6.15
14356,-1.98247,110.78754,1,0.5,6.15
14357,-1.98247,110.861651,1,0.5,7.05
14358,-1.98247,110.865019,1,0.5,7.05
14359,-1.98247,110.868388,2,0.5,7.05
14360,-1.98247,110.871757,2,0.5,17.24
14361,-1.98247,110.875125,2,0.5,17.24
14362,-1.98247,110.878494,1,0.5,17.24
14363,-1.98247,110.932393,1,0.5,6.14
14364,-1.98247,110.935762,2,0.5,6.39
14365,-1.98247,110.93913,2,0.5,6.39
14366,-1.98247,110.942499,2,0.5,6.39
14367,-1.98247,110.945868,1,0.5,9.03
14368,-1.98247,110.949236,1,0.5,12.35
14369,-1.98247,110.952605,1,0.5,12.35
14370,-1.98247,110.955974,1,0.5,12.35
14371,-1.985838,110.164333,1,0.5,6.3
14372,-1.985838,110.167702,1,0.5,6.3
14373,-1.985838,110.171071,2,0.5,9.19
14374,-1.985838,110.174439,1,0.5,9.19
14375,-1.985838,110.177808,1,0.5,9.19
14376,-1.985838,110.346242,1,0.5,2.85
14377,-1.985838,110.349611,1,0.5,2.85
14378,-1.985838,110.35298,1,0.5,2.85
14379,-1.985838,110.406879,1,0.5,15.1
14380,-1.985838,110.410247,1,0.5,15.55
14381,-1.985838,110.413616,1,0.5,15.55
14382,-1.985838,110.416985,1,0.5,15.55
14383,-1.985838,110.487727,1,0.5,3.08
14384,-1.985838,110.491096,1,0.5,3.08
14385,-1.985838,110.494464,2,0.5,19.42
14386,-1.985838,110.497833,1,0.5,19.42
14387,-1.985838,110.501202,1,0.5,19.42
14388,-1.985838,110.524782,1,0.5,7.21
14389,-1.985838,110.528151,1,0.5,7.21
14390,-1.985838,110.612368,1,0.5,8.52
14391,-1.985838,110.615737,1,0.5,8.52
14392,-1.985838,110.619106,1,0.5,8.52
14393,-1.985838,110.706691,1,0.5,7.61
14394,-1.985838,110.71006,1,1.0,7.61
14395,-1.985838,110.713429,1,1.0,7.61
14396,-1.985838,110.716797,1,1.0,7.61
14397,-1.985838,110.730272,1,0.5,8.41
14398,-1.985838,110.733641,1,0.5,8.41
14399,-1.985838,110.737009,1,0.5,8.41
14400,-1.985838,110.797646,1,0.5,3.51
14401,-1.985838,110.801014,1,0.5,3.51
14402,-1.985838,110.804383,1,0.5,3.51
14403,-1.985838,110.851545,1,0.5,2.25
14404,-1.985838,110.854913,1,0.5,2.25
14405,-1.985838,110.858282,1,0.5,2.25
14406,-1.985838,110.871757,1,0.5,17.24
14407,-1.985838,110.875125,1,0.5,17.24
14408,-1.985838,110.878494,1,0.5,17.24
14409,-1.985838,110.929024,1,0.5,10.43
14410,-1.985838,110.932393,2,0.5,10.43
14411,-1.985838,110.935762,3,0.5,10.43
14412,-1.985838,110.93913,2,0.5,6.39
14413,-1.985838,110.942499,2,0.5,6.39
14414,-1.985838,110.945868,1,0.5,9.03
14415,-1.985838,110.949236,1,0.5,12.35
14416,-1.985838,110.952605,1,0.5,12.35
14417,-1.985838,110.955974,1,0.5,12.35
14418,-1.989207,110.171071,1,0.5,9.19
14419,-1.989207,110.174439,1,0.5,9.19
14420,-1.989207,110.177808,1,0.5,9.19
14421,-1.989207,110.346242,1,0.5,2.58
14422,-1.989207,110.349611,1,0.5,2.58
14423,-1.989207,110.35298,1,0.5,2.58
14424,-1.989207,110.406879,1,0.5,15.1
14425,-1.989207,110.410247,1,0.5,15.1
14426,-1.989207,110.413616,1,0.5,15.1
14427,-1.989207,110.487727,1,0.5,3.08
14428,-1.989207,110.491096,1,0.5,3.08
14429,-1.989207,110.494464,2,0.5,19.42
14430,-1.989207,110.497833,1,0.5,19.42
14431,-1.989207,110.501202,1,0.5,19.42
14432,-1.989207,110.524782,1,0.5,7.21
14433,-1.989207,110.528151,1,0.5,7.21
14434,-1.989207,110.71006,2,0.75,15.06
14435,-1.989207,110.713429,2,0.75,15.06
14436,-1.989207,110.716797,2,0.75,15.06
14437,-1.989207,110.720166,1,0.5,4.85
14438,-1.989207,110.723535,1,0.5,4.85
14439,-1.989207,110.726903,1,0.5,4.85
14440,-1.989207,110.730272,1,0.5,8.41
14441,-1.989207,110.733641,1,0.5,8.41
14442,-1.989207,110.737009,1,0.5,8.41
14443,-1.989207,110.740378,1,0.5,10.07
14444,-1.989207,110.797646,2,0.5,25.35
14445,-1.989207,110.801014,2,0.5,25.35
14446,-1.989207,110.804383,2,0.5,25.35
14447,-1.989207,110.851545,1,0.5,2.25
14448,-1.989207,110.854913,1,0.5,2.25
14449,-1.989207,110.858282,1,0.5,2.25
14450,-1.989207,110.871757,1,0.5,17.24
14451,-1.989207,110.875125,1,0.5,17.24
14452,-1.989207,110.878494,1,0.5,17.24
14453,-1.989207,110.91555,1,0.5,12.34
14454,-1.989207,110.918918,1,0.5,12.34
14455,-1.989207,110.922287,1,0.5,12.34
14456,-1.989207,110.925656,1,0.5,10.99
14457,-1.989207,110.929024,1,0.5,10.43
14458,-1.989207,110.932393,1,0.5,10.43
14459,-1.989207,110.935762,2,0.5,10.43
14460,-1.989207,110.93913,1,0.5,6.39
14461,-1.989207,110.942499,1,0.5,6.39
14462,-1.989207,110.949236,1,0.5,3.93
14463,-1.989207,110.952605,1,0.5,3.93
14464,-1.989207,110.955974,1,0.5,3.93
14465,-1.989207,110.959342,1,0.5,5.85
14466,-1.989207,110.962711,1,0.5,5.85
14467,-1.992576,110.171071,1,0.5,9.19
14468,-1.992576,110.174439,1,0.5,9.19
14469,-1.992576,110.177808,1,0.5,9.19
14470,-1.992576,110.346242,1,0.5,2.58
14471,-1.992576,110.349611,1,0.5,2.58
14472,-1.992576,110.35298,1,0.5,2.58
14473,-1.992576,110.393404,1,0.5,3.05
14474,-1.992576,110.396773,1,0.5,3.05
14475,-1.992576,110.400141,1,0.5,3.05
14476,-1.992576,110.487727,1,0.5,3.08
14477,-1.992576,110.491096,1,0.5,3.08
14478,-1.992576,110.494464,1,0.5,3.08
14479,-1.992576,110.71006,1,0.5,10.96
14480,-1.992576,110.713429,1,0.5,10.96
14481,-1.992576,110.716797,1,0.5,10.96
14482,-1.992576,110.720166,1,0.5,4.85
14483,-1.992576,110.723535,1,0.5,4.85
14484,-1.992576,110.726903,1,0.5,4.85
14485,-1.992576,110.733641,1,0.5,10.07
14486,-1.992576,110.737009,1,0.5,10.07
14487,-1.992576,110.740378,1,0.5,10.07
14488,-1.992576,110.753853,1,0.5,9.22
14489,-1.992576,110.757222,1,0.5,9.22
14490,-1.992576,110.76059,1,0.5,9.22
14491,-1.992576,110.767328,1,0.5,16.41
14492,-1.992576,110.770696,1,0.5,16.41
14493,-1.992576,110.774065,1,0.5,16.41
14494,-1.992576,110.797646,2,0.5,25.35
14495,-1.992576,110.801014,2,0.5,25.35
14496,-1.992576,110.804383,2,0.5,25.35
14497,-1.992576,110.851545,1,0.5,2.25
14498,-1.992576,110.854913,1,0.5,2.25
14499,-1.992576,110.858282,1,0.5,2.25
14500,-1.992576,110.865019,1,0.5,5.64
14501,-1.992576,110.868388,1,0.5,5.64
14502,-1.992576,110.871757,1,0.5,17.24
14503,-1.992576,110.875125,1,0.5,17.24
14504,-1.992576,110.878494,1,0.5,17.24
14505,-1.992576,110.91555,1,0.5,12.34
14506,-1.992576,110.918918,1,0.5,12.34
14507,-1.992576,110.922287,1,0.5,12.34
14508,-1.992576,110.925656,1,0.5,10.99
14509,-1.992576,110.929024,1,0.5,10.43
14510,-1.992576,110.932393,1,0.5,10.43
14511,-1.992576,110.935762,1,0.5,10.43
14512,-1.992576,110.959342,1,0.5,5.85
14513,-1.992576,110.962711,1,0.5,5.85
14514,-1.992576,110.996398,1,0.5,3.45
14515,-1.992576,110.999767,1,0.5,3.45
14516,-1.992576,111.003135,1,0.5,3.45
14517,-1.995944,110.346242,1,0.5,2.58
14518,-1.995944,110.349611,1,0.5,2.58
14519,-1.995944,110.35298,1,0.5,2.58
14520,-1.995944,110.393404,1,0.5,3.05
14521,-1.995944,110.396773,1,0.5,3.05
14522,-1.995944,110.400141,1,0.5,3.05
14523,-1.995944,110.497833,1,0.5,7.18
14524,-1.995944,110.501202,1,0.5,7.18
14525,-1.995944,110.71006,1,0.5,10.96
14526,-1.995944,110.713429,1,0.5,10.96
14527,-1.995944,110.716797,1,0.5,10.96
14528,-1.995944,110.720166,1,0.5,4.85
14529,-1.995944,110.723535,1,0.5,4.85
14530,-1.995944,110.726903,1,0.5,4.85
14531,-1.995944,110.733641,1,0.5,10.07
14532,-1.995944,110.737009,1,0.5,10.07
14533,-1.995944,110.740378,1,0.5,10.07
14534,-1.995944,110.743747,1,0.5,25.51
14535,-1.995944,110.747115,1,0.5,25.51
14536,-1.995944,110.753853,2,0.5,14.09
14537,-1.995944,110.757222,2,0.5,14.09
14538,-1.995944,110.76059,2,0.5,14.09
14539,-1.995944,110.767328,1,0.5,16.41
14540,-1.995944,110.770696,1,0.5,16.41
14541,-1.995944,110.774065,1,0.5,16.41
14542,-1.995944,110.777434,1,0.5,9.95
14543,-1.995944,110.780802,2,0.5,12.44
14544,-1.995944,110.784171,2,0.5,12.44
14545,-1.995944,110.797646,2,0.5,25.35
14546,-1.995944,110.801014,2,0.5,25.35
14547,-1.995944,110.804383,2,0.5,25.35
14548,-1.995944,110.865019,1,0.5,6.58
14549,-1.995944,110.868388,1,0.5,6.58
14550,-1.995944,110.91555,1,0.5,7.19
14551,-1.995944,110.918918,2,0.5,13.49
14552,-1.995944,110.922287,2,0.5,13.49
14553,-1.995944,110.925656,2,0.5,13.49
14554,-1.995944,110.929024,1,0.5,10.1
14555,-1.995944,110.932393,1,0.5,10.1
14556,-1.995944,110.959342,1,0.5,5.85
14557,-1.995944,110.962711,1,0.5,5.85
14558,-1.995944,110.996398,1,0.5,3.45
14559,-1.995944,110.999767,1,0.5,3.45
14560,-1.995944,111.003135,1,0.5,3.45
14561,-1.999313,110.423722,1,0.5,9.18
14562,-1.999313,110.427091,1,0.5,9.18
14563,-1.999313,110.430459,1,0.5,9.18
14564,-1.999313,110.497833,2,0.5,7.18
14565,-1.999313,110.501202,2,0.5,7.18
14566,-1.999313,110.50457,1,0.5,5.67
14567,-1.999313,110.595525,1,0.5,3.86
14568,-1.999313,110.598893,1,0.5,3.86
14569,-1.999313,110.743747,1,0.5,25.51
14570,-1.999313,110.747115,1,0.5,25.51
14571,-1.999313,110.753853,1,0.5,14.09
14572,-1.999313,110.757222,1,0.5,14.09
14573,-1.999313,110.76059,1,0.5,14.09
14574,-1.999313,110.767328,1,0.5,16.41
14575,-1.999313,110.770696,1,0.5,16.41
14576,-1.999313,110.774065,2,0.5,16.41
14577,-1.999313,110.777434,2,0.5,5.04
14578,-1.999313,110.780802,3,0.5,12.44
14579,-1.999313,110.784171,2,0.5,12.44
14580,-1.999313,110.797646,1,0.5,9.91
14581,-1.999313,110.801014,1,0.5,9.91
14582,-1.999313,110.804383,2,0.5,21.56
14583,-1.999313,110.807752,1,0.5,21.56
14584,-1.999313,110.81112,1,0.5,34.45
14585,-1.999313,110.814489,1,0.5,34.45
14586,-1.999313,110.817858,1,0.5,34.45
14587,-1.999313,110.865019,1,0.5,6.58
14588,-1.999313,110.868388,1,0.5,6.58
14589,-1.999313,110.912181,1,0.5,6.05
14590,-1.999313,110.91555,1,0.5,6.05
14591,-1.999313,110.918918,2,0.5,13.49
14592,-1.999313,110.922287,1,0.5,13.49
14593,-1.999313,110.925656,1,0.5,13.49
14594,-1.999313,110.929024,1,0.5,10.1
14595,-1.999313,110.932393,1,0.5,10.1
14596,-1.999313,110.996398,1,0.5,3.45
14597,-1.999313,110.999767,1,0.5,3.45
14598,-1.999313,111.003135,1,0.5,3.45
14599,-2.002682,110.369823,1,0.5,23.62
14600,-2.002682,110.373192,1,0.5,23.62
14601,-2.002682,110.37656,1,0.5,23.62
14602,-2.002682,110.379929,1,0.5,23.62
14603,-2.002682,110.410247,1,0.5,2.96
14604,-2.002682,110.413616,1,0.5,2.96
14605,-2.002682,110.416985,1,0.5,2.96
14606,-2.002682,110.423722,1,0.5,9.18
14607,-2.002682,110.427091,1,0.5,9.34
14608,-2.002682,110.430459,1,0.5,9.34
14609,-2.002682,110.433828,1,0.5,9.34
14610,-2.002682,110.45404,1,0.5,1.6
14611,-2.002682,110.457409,1,0.5,1.6
14612,-2.002682,110.460777,1,0.5,1.6
14613,-2.002682,110.497833,2,0.5,7.18
14614,-2.002682,110.501202,2,0.5,7.18
14615,-2.002682,110.50457,1,0.5,5.67
14616,-2.002682,110.595525,1,0.5,3.86
14617,-2.002682,110.598893,1,0.5,3.86
14618,-2.002682,110.730272,1,0.5,26.62
14619,-2.002682,110.733641,1,0.5,26.62
14620,-2.002682,110.737009,1,0.5,26.62
14621,-2.002682,110.740378,1,0.5,26.62
14622,-2.002682,110.743747,1,0.5,25.51
14623,-2.002682,110.747115,1,0.5,25.51
14624,-2.002682,110.753853,1,0.5,14.09
14625,-2.002682,110.757222,1,0.5,14.09
14626,-2.002682,110.76059,1,0.5,14.09
14627,-2.002682,110.774065,1,0.5,5.04
14628,-2.002682,110.777434,2,0.5,5.04
14629,-2.002682,110.780802,3,0.5,12.44
14630,-2.002682,110.784171,2,0.5,12.44
14631,-2.002682,110.797646,1,0.5,9.91
14632,-2.002682,110.801014,1,0.5,9.91
14633,-2.002682,110.804383,2,0.5,21.56
14634,-2.002682,110.807752,1,0.5,21.56
14635,-2.002682,110.81112,1,0.5,34.45
14636,-2.002682,110.814489,1,0.5,34.45
14637,-2.002682,110.817858,1,0.5,34.45
14638,-2.002682,110.865019,1,0.5,6.58
14639,-2.002682,110.868388,1,0.5,6.58
14640,-2.002682,110.912181,1,0.5,6.05
14641,-2.002682,110.91555,1,0.5,6.05
14642,-2.002682,110.918918,2,0.5,13.49
14643,-2.002682,110.922287,1,0.5,13.49
14644,-2.002682,110.925656,1,0.5,13.49
14645,-2.002682,110.929024,1,0.5,10.1
14646,-2.002682,110.932393,1,0.5,10.1
14647,-2.00605,110.369823,2,0.5,23.62
14648,-2.00605,110.373192,2,0.5,23.62
14649,-2.00605,110.37656,2,0.5,23.62
14650,-2.00605,110.379929,1,0.5,23.62
14651,-2.00605,110.410247,1,0.5,2.96
14652,-2.00605,110.413616,1,0.5,2.96
14653,-2.00605,110.416985,1,0.5,2.96
14654,-2.00605,110.423722,1,0.5,9.18
14655,-2.00605,110.427091,1,0.5,9.34
14656,-2.00605,110.430459,1,0.5,9.34
14657,-2.00605,110.433828,1,0.5,9.34
14658,-2.00605,110.45404,1,0.5,1.6
14659,-2.00605,110.457409,1,0.5,14.73
14660,-2.00605,110.460777,1,0.5,14.73
14661,-2.00605,110.464146,1,0.5,14.73
14662,-2.00605,110.497833,1,0.5,3.39
14663,-2.00605,110.501202,1,0.5,3.39
14664,-2.00605,110.50457,1,0.5,3.39
14665,-2.00605,110.558469,1,0.5,25.31
14666,-2.00605,110.561838,1,0.5,25.31
14667,-2.00605,110.565207,1,0.5,25.31
14668,-2.00605,110.595525,1,0.5,8.23
14669,-2.00605,110.598893,1,0.5,8.23
14670,-2.00605,110.730272,1,0.5,26.62
14671,-2.00605,110.733641,1,0.5,26.62
14672,-2.00605,110.737009,1,0.5,26.62
14673,-2.00605,110.740378,1,0.5,26.62
14674,-2.00605,110.804383,1,0.5,21.56
14675,-2.00605,110.807752,1,0.5,21.56
14676,-2.00605,110.81112,1,0.5,34.45
14677,-2.00605,110.814489,1,0.5,34.45
14678,-2.00605,110.817858,1,0.5,34.45
14679,-2.00605,110.912181,1,0.5,6.05
14680,-2.00605,110.91555,1,0.5,6.05
14681,-2.00605,110.918918,2,0.5,13.49
14682,-2.00605,110.922287,1,0.5,13.49
14683,-2.00605,110.925656,1,0.5,13.49
14684,-2.00605,110.929024,1,0.5,10.1
14685,-2.00605,110.932393,2,0.5,10.1
14686,-2.00605,110.935762,1,0.5,6.42
14687,-2.00605,110.93913,1,0.5,7.0
14688,-2.00605,110.942499,2,0.5,14.3
14689,-2.00605,110.945868,2,0.5,14.3
14690,-2.00605,110.949236,1,0.5,13.69
14691,-2.00605,110.955974,1,0.5,2.08
14692,-2.00605,110.959342,1,0.5,2.08
14693,-2.00605,111.019979,1,0.5,6.43
14694,-2.00605,111.023347,1,0.5,6.43
14695,-2.00605,111.026716,1,0.5,6.43
14696,-2.009419,110.369823,2,0.5,23.62
14697,-2.009419,110.373192,2,0.5,23.62
14698,-2.009419,110.37656,2,0.5,23.62
14699,-2.009419,110.379929,1,0.5,23.62
14700,-2.009419,110.396773,1,0.5,18.17
14701,-2.009419,110.400141,1,0.5,18.17
14702,-2.009419,110.40351,1,0.5,32.47
14703,-2.009419,110.406879,1,0.5,32.47
14704,-2.009419,110.410247,1,0.5,2.96
14705,-2.009419,110.413616,1,0.5,2.96
14706,-2.009419,110.416985,1,0.5,2.96
14707,-2.009419,110.450671,1,1.0,15.37
14708,-2.009419,110.45404,1,1.0,15.37
14709,-2.009419,110.457409,1,1.0,15.37
14710,-2.009419,110.460777,1,1.0,15.37
14711,-2.009419,110.464146,1,0.5,14.73
14712,-2.009419,110.497833,1,0.5,3.39
14713,-2.009419,110.501202,1,0.5,3.39
14714,-2.009419,110.50457,1,0.5,3.39
14715,-2.009419,110.558469,1,0.5,25.31
14716,-2.009419,110.561838,1,0.5,25.31
14717,-2.009419,110.565207,1,0.5,25.31
14718,-2.009419,110.595525,1,0.5,8.23
14719,-2.009419,110.598893,1,0.5,8.23
14720,-2.009419,110.673004,1,0.5,9.31
14721,-2.009419,110.676373,1,0.5,9.31
14722,-2.009419,110.679742,1,0.5,9.31
14723,-2.009419,110.68311,1,0.5,9.31
14724,-2.009419,110.686479,1,0.5,9.31
14725,-2.009419,110.730272,1,0.5,26.62
14726,-2.009419,110.733641,1,0.5,26.62
14727,-2.009419,110.737009,1,0.5,26.62
14728,-2.009419,110.740378,1,0.5,26.62
14729,-2.009419,110.743747,1,0.5,2.81
14730,-2.009419,110.747115,1,0.5,2.81
14731,-2.009419,110.750484,1,0.5,2.81
14732,-2.009419,110.757222,1,0.5,2.73
14733,-2.009419,110.76059,1,0.5,2.73
14734,-2.009419,110.763959,1,0.5,2.73
14735,-2.009419,110.8886,1,0.5,3.55
14736,-2.009419,110.891969,1,0.5,3.55
14737,-2.009419,110.918918,1,0.5,13.49
14738,-2.009419,110.922287,1,0.5,13.49
14739,-2.009419,110.925656,1,0.5,13.49
14740,-2.009419,110.929024,1,0.5,8.86
14741,-2.009419,110.932393,2,0.5,8.86
14742,-2.009419,110.935762,2,0.5,8.86
14743,-2.009419,110.93913,1,0.5,7.0
14744,-2.009419,110.942499,2,0.5,14.3
14745,-2.009419,110.945868,2,0.5,14.3
14746,-2.009419,110.949236,1,0.5,13.69
14747,-2.009419,110.955974,1,0.5,2.08
14748,-2.009419,110.959342,1,0.5,2.08
14749,-2.009419,111.019979,1,0.5,6.43
14750,-2.009419,111.023347,1,0.5,6.43
14751,-2.009419,111.026716,1,0.5,6.43
14752,-2.012788,110.369823,1,0.5,3.69
14753,-2.012788,110.373192,2,0.5,23.62
14754,-2.012788,110.37656,2,0.5,23.62
14755,-2.012788,110.379929,1,0.5,23.62
14756,-2.012788,110.396773,1,0.5,18.17
14757,-2.012788,110.400141,1,0.5,18.17
14758,-2.012788,110.40351,1,0.5,32.47
14759,-2.012788,110.406879,1,0.5,32.47
14760,-2.012788,110.430459,1,0.5,7.36
14761,-2.012788,110.433828,1,0.5,7.36
14762,-2.012788,110.437197,1,0.5,7.36
14763,-2.012788,110.450671,1,1.0,15.37
14764,-2.012788,110.45404,1,1.0,15.37
14765,-2.012788,110.457409,1,1.0,15.37
14766,-2.012788,110.460777,1,1.0,15.37
14767,-2.012788,110.464146,1,0.5,14.73
14768,-2.012788,110.558469,1,0.5,25.31
14769,-2.012788,110.561838,1,0.5,25.31
14770,-2.012788,110.565207,1,0.5,25.31
14771,-2.012788,110.598893,1,0.5,5.38
14772,-2.012788,110.602262,1,0.5,5.38
14773,-2.012788,110.605631,1,0.5,5.38
14774,-2.012788,110.673004,1,0.5,5.66
14775,-2.012788,110.676373,1,0.5,5.66
14776,-2.012788,110.679742,1,0.5,9.31
14777,-2.012788,110.68311,1,0.5,9.31
14778,-2.012788,110.686479,1,0.5,9.31
14779,-2.012788,110.743747,1,0.5,2.81
14780,-2.012788,110.747115,1,0.5,2.81
14781,-2.012788,110.750484,1,0.5,2.81
14782,-2.012788,110.757222,1,0.5,2.73
14783,-2.012788,110.76059,1,0.5,2.73
14784,-2.012788,110.763959,1,0.5,2.73
14785,-2.012788,110.8886,1,0.5,3.55
14786,-2.012788,110.891969,1,0.5,3.55
14787,-2.012788,110.929024,1,0.5,8.86
14788,-2.012788,110.932393,2,0.5,8.86
14789,-2.012788,110.935762,2,0.5,8.86
14790,-2.012788,110.93913,2,0.5,7.0
14791,-2.012788,110.942499,2,0.5,14.3
14792,-2.012788,110.945868,2,0.5,14.3
14793,-2.012788,110.949236,1,0.5,13.69
14794,-2.012788,110.952605,1,0.5,7.54
14795,-2.012788,110.955974,2,0.5,7.54
14796,-2.012788,110.959342,1,0.5,2.08
14797,-2.012788,110.979555,1,0.5,6.45
14798,-2.012788,110.982923,1,0.5,6.45
14799,-2.012788,110.986292,1,0.5,6.45
14800,-2.012788,111.023347,1,0.5,6.43
14801,-2.012788,111.026716,1,0.5,6.43
14802,-2.012788,111.030085,1,0.5,6.43
14803,-2.016156,110.396773,1,0.5,18.17
14804,-2.016156,110.400141,1,0.5,18.17
14805,-2.016156,110.40351,1,0.5,32.47
14806,-2.016156,110.406879,1,0.5,32.47
14807,-2.016156,110.430459,1,0.5,7.36
14808,-2.016156,110.433828,1,0.5,7.36
14809,-2.016156,110.437197,1,0.5,7.36
14810,-2.016156,110.450671,1,1.0,15.37
14811,-2.016156,110.45404,1,1.0,15.37
14812,-2.016156,110.457409,1,1.0,15.37
14813,-2.016156,110.460777,1,1.0,15.37
14814,-2.016156,110.464146,1,0.5,14.73
14815,-2.016156,110.598893,1,0.5,5.38
14816,-2.016156,110.602262,1,0.5,5.38
14817,-2.016156,110.605631,1,0.5,5.38
14818,-2.016156,110.673004,1,0.5,5.66
14819,-2.016156,110.676373,1,0.5,5.66
14820,-2.016156,110.679742,1,0.5,9.31
14821,-2.016156,110.68311,1,0.5,9.31
14822,-2.016156,110.686479,1,0.5,9.31
14823,-2.016156,110.743747,1,0.5,2.81
14824,-2.016156,110.747115,2,0.5,3.4
14825,-2.016156,110.750484,2,0.5,3.4
14826,-2.016156,110.753853,1,0.5,3.4
14827,-2.016156,110.757222,1,0.5,2.73
14828,-2.016156,110.76059,1,0.5,2.73
14829,-2.016156,110.763959,1,0.5,2.73
14830,-2.016156,110.774065,1,0.5,2.82
14831,-2.016156,110.777434,1,0.5,2.82
14832,-2.016156,110.804383,1,0.5,5.06
14833,-2.016156,110.807752,2,0.5,5.06
14834,-2.016156,110.81112,2,0.5,5.06
14835,-2.016156,110.814489,1,0.5,4.01
14836,-2.016156,110.891969,1,0.5,3.55
14837,-2.016156,110.895337,1,0.5,3.55
14838,-2.016156,110.932393,1,0.5,8.86
14839,-2.016156,110.935762,1,0.5,8.86
14840,-2.016156,110.93913,1,0.5,8.86
14841,-2.016156,110.942499,2,0.5,7.0
14842,-2.016156,110.945868,2,0.5,14.3
14843,-2.016156,110.949236,2,0.5,14.3
14844,-2.016156,110.955974,1,0.5,7.54
14845,-2.016156,110.959342,1,0.5,7.54
14846,-2.016156,110.979555,1,0.5,6.45
14847,-2.016156,110.982923,1,0.5,6.45
14848,-2.016156,110.986292,1,0.5,6.45
14849,-2.016156,111.030085,1,0.5,3.28
14850,-2.016156,111.033453,1,0.5,3.28
14851,-2.019525,110.430459,1,0.5,7.36
14852,-2.019525,110.433828,1,0.5,7.36
14853,-2.019525,110.437197,1,0.5,7.36
14854,-2.019525,110.541626,1,0.5,2.75
14855,-2.019525,110.544995,1,0.5,5.64
14856,-2.019525,110.548363,1,0.5,5.64
14857,-2.019525,110.551732,1,0.5,5.64
14858,-2.019525,110.598893,1,0.5,5.38
14859,-2.019525,110.602262,1,0.5,5.38
14860,-2.019525,110.605631,1,0.5,5.38
14861,-2.019525,110.673004,1,0.5,5.66
14862,-2.019525,110.676373,1,0.5,5.66
14863,-2.019525,110.679742,1,0.5,5.66
14864,-2.019525,110.68311,1,0.5,5.66
14865,-2.019525,110.733641,1,0.5,3.37
14866,-2.019525,110.737009,1,0.5,3.37
14867,-2.019525,110.740378,1,0.5,3.37
14868,-2.019525,110.743747,1,0.5,3.37
14869,-2.019525,110.750484,1,0.5,3.4
14870,-2.019525,110.753853,1,0.5,3.4
14871,-2.019525,110.757222,1,0.5,3.4
14872,-2.019525,110.76059,1,0.5,2.73
14873,-2.019525,110.763959,1,0.5,2.73
14874,-2.019525,110.767328,1,0.5,2.73
14875,-2.019525,110.777434,1,0.5,2.82
14876,-2.019525,110.780802,1,0.5,2.82
14877,-2.019525,110.807752,1,0.5,5.06
14878,-2.019525,110.81112,2,0.5,5.06
14879,-2.019525,110.814489,2,0.5,6.87
14880,-2.019525,110.817858,1,0.5,6.87
14881,-2.019525,110.821226,2,0.5,24.71
14882,-2.019525,110.824595,1,0.5,24.71
14883,-2.019525,110.827964,1,0.5,24.71
14884,-2.019525,110.898706,1,0.5,34.05
14885,-2.019525,110.902075,2,0.5,34.05
14886,-2.019525,110.905444,2,0.5,34.05
14887,-2.019525,110.908812,1,0.5,13.69
14888,-2.019525,110.942499,1,0.5,1.99
14889,-2.019525,110.945868,1,0.5,1.99
14890,-2.019525,110.949236,1,0.5,1.99
14891,-2.019525,110.955974,1,0.5,7.54
14892,-2.019525,110.959342,1,0.5,7.54
14893,-2.019525,110.96608,1,0.5,3.32
14894,-2.019525,110.969448,1,0.5,3.32
14895,-2.019525,110.972817,1,0.5,3.32
14896,-2.019525,110.979555,1,0.5,6.45
14897,-2.019525,110.982923,1,0.5,6.45
14898,-2.019525,110.986292,1,0.5,6.45
14899,-2.019525,111.030085,1,0.5,3.28
14900,-2.019525,111.033453,1,0.5,3.28
14901,-2.022894,110.53152,1,0.5,5.74
14902,-2.022894,110.534888,1,0.5,5.74
14903,-2.022894,110.538257,1,0.5,5.74
14904,-2.022894,110.541626,1,0.5,2.75
14905,-2.022894,110.544995,1,0.5,5.64
14906,-2.022894,110.548363,1,0.5,5.64
14907,-2.022894,110.551732,1,0.5,5.64
14908,-2.022894,110.602262,1,0.5,2.35
14909,-2.022894,110.605631,1,0.5,2.35
14910,-2.022894,110.608999,1,0.5,2.35
14911,-2.022894,110.733641,1,0.5,3.37
14912,-2.022894,110.737009,1,0.5,3.37
14913,-2.022894,110.740378,1,0.5,3.37
14914,-2.022894,110.743747,1,0.5,3.37
14915,-2.022894,110.784171,1,0.5,7.31
14916,-2.022894,110.78754,1,0.5,7.31
14917,-2.022894,110.807752,1,0.5,5.06
14918,-2.022894,110.81112,2,0.5,5.06
14919,-2.022894,110.814489,2,0.5,6.87
14920,-2.022894,110.817858,1,0.5,6.87
14921,-2.022894,110.821226,2,0.5,24.71
14922,-2.022894,110.824595,1,0.5,24.71
14923,-2.022894,110.827964,1,0.5,24.71
14924,-2.022894,110.898706,1,0.5,34.05
14925,-2.022894,110.902075,3,0.5,34.05
14926,-2.022894,110.905444,3,0.5,34.05
14927,-2.022894,110.908812,2,0.5,13.69
14928,-2.022894,110.96608,1,0.5,3.32
14929,-2.022894,110.969448,1,0.5,3.32
14930,-2.022894,110.972817,1,0.5,3.32
14931,-2.022894,110.986292,1,0.5,7.2
14932,-2.022894,110.989661,1,0.5,7.2
14933,-2.022894,110.993029,1,0.5,7.2
14934,-2.022894,111.030085,1,0.5,3.28
14935,-2.022894,111.033453,1,0.5,3.28
14936,-2.026262,110.534888,1,0.5,5.74
14937,-2.026262,110.538257,1,0.5,5.74
14938,-2.026262,110.541626,1,0.5,5.74
14939,-2.026262,110.544995,1,0.5,2.75
14940,-2.026262,110.548363,1,0.5,5.64
14941,-2.026262,110.551732,1,0.5,5.64
14942,-2.026262,110.555101,1,0.5,5.64
14943,-2.026262,110.602262,1,0.5,2.35
14944,-2.026262,110.605631,1,0.5,2.35
14945,-2.026262,110.608999,1,0.5,2.35
14946,-2.026262,110.71006,1,0.5,4.09
14947,-2.026262,110.713429,1,0.5,4.09
14948,-2.026262,110.733641,1,0.5,3.37
14949,-2.026262,110.737009,1,0.5,3.37
14950,-2.026262,110.740378,1,0.5,3.37
14951,-2.026262,110.743747,2,0.5,4.38
14952,-2.026262,110.747115,1,0.5,4.38
14953,-2.026262,110.770696,1,0.5,3.12
14954,-2.026262,110.774065,1,0.5,3.12
14955,-2.026262,110.777434,1,1.0,9.97
14956,-2.026262,110.780802,1,1.0,9.97
14957,-2.026262,110.784171,2,0.75,9.97
14958,-2.026262,110.78754,1,0.5,7.31
14959,-2.026262,110.807752,1,0.5,2.5
14960,-2.026262,110.81112,1,0.5,2.5
14961,-2.026262,110.814489,2,0.5,3.47
14962,-2.026262,110.817858,1,0.5,3.47
14963,-2.026262,110.821226,1,0.5,3.47
14964,-2.026262,110.841439,1,0.5,26.54
14965,-2.026262,110.844807,1,0.5,26.54
14966,-2.026262,110.848176,1,0.5,26.54
14967,-2.026262,110.898706,1,0.5,34.05
14968,-2.026262,110.902075,3,0.5,34.05
14969,-2.026262,110.905444,3,0.5,34.05
14970,-2.026262,110.908812,2,0.5,13.69
14971,-2.026262,110.96608,1,0.5,3.32
14972,-2.026262,110.969448,1,0.5,3.32
14973,-2.026262,110.972817,1,0.5,3.32
14974,-2.026262,110.986292,1,0.5,7.2
14975,-2.026262,110.989661,1,0.5,7.2
14976,-2.026262,110.993029,1,0.5,7.2
14977,-2.029631,110.534888,1,0.5,5.74
14978,-2.029631,110.538257,1,0.5,5.74
14979,-2.029631,110.541626,1,0.5,5.74
14980,-2.029631,110.558469,1,0.5,12.92
14981,-2.029631,110.561838,1,0.5,12.92
14982,-2.029631,110.565207,1,0.5,12.92
14983,-2.029631,110.602262,1,0.5,2.35
14984,-2.029631,110.605631,1,0.5,2.35
14985,-2.029631,110.608999,1,0.5,2.35
14986,-2.029631,110.71006,1,0.5,4.09
14987,-2.029631,110.713429,1,0.5,4.09
14988,-2.029631,110.733641,1,0.5,1.98
14989,-2.029631,110.737009,1,0.5,1.98
14990,-2.029631,110.740378,1,0.5,1.98
14991,-2.029631,110.743747,2,0.5,4.38
14992,-2.029631,110.747115,1,0.5,4.38
14993,-2.029631,110.770696,1,0.5,3.12
14994,-2.029631,110.774065,1,0.5,3.12
14995,-2.029631,110.777434,1,1.0,9.97
14996,-2.029631,110.780802,1,1.0,9.97
14997,-2.029631,110.784171,2,0.75,9.97
14998,-2.029631,110.78754,1,0.5,7.31
14999,-2.029631,110.841439,1,0.5,26.54
15000,-2.029631,110.844807,1,0.5,26.54
15001,-2.029631,110.848176,1,0.5,26.54
15002,-2.029631,110.902075,1,0.5,9.36
15003,-2.029631,110.905444,1,0.5,9.36
15004,-2.029631,110.908812,1,0.5,9.36
15005,-2.029631,110.93913,1,0.5,13.17
15006,-2.029631,110.942499,1,0.5,13.17
15007,-2.029631,110.945868,1,0.5,13.17
15008,-2.029631,110.96608,1,0.5,3.32
15009,-2.029631,110.969448,1,0.5,3.32
15010,-2.029631,110.972817,1,0.5,3.32
15011,-2.029631,110.979555,1,0.5,14.27
15012,-2.029631,110.982923,1,0.5,14.27
15013,-2.029631,110.986292,2,0.5,14.27
15014,-2.029631,110.989661,2,0.5,14.27
15015,-2.029631,110.993029,1,0.5,7.2
15016,-2.033,110.521414,2,0.5,25.59
15017,-2.033,110.524782,2,0.5,25.59
15018,-2.033,110.528151,2,0.5,25.59
15019,-2.033,110.53152,1,0.5,15.71
15020,-2.033,110.534888,1,0.5,5.74
15021,-2.033,110.538257,1,0.5,5.74
15022,-2.033,110.541626,1,0.5,5.74
15023,-2.033,110.544995,1,0.5,1.47
15024,-2.033,110.548363,1,0.5,1.47
15025,-2.033,110.558469,1,0.5,12.92
15026,-2.033,110.561838,1,0.5,12.92
15027,-2.033,110.565207,2,0.5,12.92
15028,-2.033,110.568575,1,0.5,4.25
15029,-2.033,110.571944,1,0.5,4.25
15030,-2.033,110.71006,1,0.5,4.09
15031,-2.033,110.713429,1,0.5,4.09
15032,-2.033,110.733641,1,0.5,1.98
15033,-2.033,110.737009,1,0.5,1.98
15034,-2.033,110.740378,1,0.5,1.98
15035,-2.033,110.743747,1,0.5,1.98
15036,-2.033,110.777434,1,1.0,9.97
15037,-2.033,110.780802,1,1.0,9.97
15038,-2.033,110.784171,1,1.0,9.97
15039,-2.033,110.831333,1,0.5,4.38
15040,-2.033,110.834701,1,0.5,4.38
15041,-2.033,110.83807,1,0.5,4.38
15042,-2.033,110.881863,1,0.5,7.42
15043,-2.033,110.885231,1,0.5,6.7
15044,-2.033,110.8886,1,0.5,6.7
15045,-2.033,110.898706,1,0.5,9.7
15046,-2.033,110.902075,1,0.5,9.7
15047,-2.033,110.905444,1,0.5,9.7
15048,-2.033,110.908812,1,0.5,13.81
15049,-2.033,110.912181,1,0.5,13.81
15050,-2.033,110.91555,1,0.5,13.81
15051,-2.033,110.918918,1,0.5,13.81
15052,-2.033,110.925656,1,0.5,7.16
15053,-2.033,110.929024,1,0.5,7.16
15054,-2.033,110.932393,1,0.5,7.16
15055,-2.033,110.93913,1,0.5,13.17
15056,-2.033,110.942499,1,0.5,13.17
15057,-2.033,110.945868,1,0.5,13.17
15058,-2.033,110.969448,1,0.5,12.06
15059,-2.033,110.972817,1,0.5,12.06
15060,-2.033,110.979555,1,0.5,14.27
15061,-2.033,110.982923,1,0.5,14.27
15062,-2.033,110.986292,2,0.5,14.27
15063,-2.033,110.989661,2,0.5,14.27
15064,-2.036368,110.477621,1,0.5,30.41
15065,-2.036368,110.48099,1,0.5,30.41
15066,-2.036368,110.518045,1,0.5,15.71
15067,-2.036368,110.521414,2,0.5,25.59
15068,-2.036368,110.524782,2,0.5,25.59
15069,-2.036368,110.528151,2,0.5,25.59
15070,-2.036368,110.53152,1,0.5,15.71
15071,-2.036368,110.544995,1,0.5,1.47
15072,-2.036368,110.548363,1,0.5,1.47
15073,-2.036368,110.558469,1,0.5,12.92
15074,-2.036368,110.561838,1,0.5,12.92
15075,-2.036368,110.565207,2,0.5,12.92
15076,-2.036368,110.568575,1,0.5,4.25
15077,-2.036368,110.571944,1,0.5,4.25
15078,-2.036368,110.831333,1,0.5,4.38
15079,-2.036368,110.834701,1,0.5,4.38
15080,-2.036368,110.83807,1,0.5,4.38
15081,-2.036368,110.881863,1,0.5,7.42
15082,-2.036368,110.885231,1,0.5,6.7
15083,-2.036368,110.8886,1,0.5,6.7
15084,-2.036368,110.898706,1,0.5,9.7
15085,-2.036368,110.902075,1,0.5,9.7
15086,-2.036368,110.905444,1,0.5,9.7
15087,-2.036368,110.908812,1,0.5,13.81
15088,-2.036368,110.912181,1,0.5,13.81
15089,-2.036368,110.91555,1,0.5,13.81
15090,-2.036368,110.918918,1,0.5,13.81
15091,-2.036368,110.925656,1,0.5,7.16
15092,-2.036368,110.929024,1,0.5,7.16
15093,-2.036368,110.932393,1,0.5,7.16
15094,-2.036368,110.93913,1,0.5,13.17
15095,-2.036368,110.942499,1,0.5,13.17
15096,-2.036368,110.945868,1,0.5,13.17
15097,-2.036368,110.969448,1,0.5,12.06
15098,-2.036368,110.972817,1,0.5,12.06
15099,-2.036368,110.979555,1,0.5,14.27
15100,-2.036368,110.982923,1,0.5,14.27
15101,-2.036368,110.986292,1,0.5,14.27
15102,-2.036368,110.989661,1,0.5,14.27
15103,-2.036368,111.033453,1,0.5,3.85
15104,-2.036368,111.036822,1,0.5,3.85
15105,-2.036368,111.040191,1,0.5,3.85
15106,-2.036368,111.04356,1,0.5,4.63
15107,-2.039737,110.477621,1,0.5,19.23
15108,-2.039737,110.48099,1,0.5,19.23
15109,-2.039737,110.484358,1,0.5,19.23
15110,-2.039737,110.518045,1,0.5,15.71
15111,-2.039737,110.521414,2,0.5,25.59
15112,-2.039737,110.524782,2,0.5,25.59
15113,-2.039737,110.528151,2,0.5,25.59
15114,-2.039737,110.53152,1,0.5,15.71
15115,-2.039737,110.544995,1,0.5,1.47
15116,-2.039737,110.548363,1,0.5,1.47
15117,-2.039737,110.551732,1,0.5,5.37
15118,-2.039737,110.555101,1,0.5,5.37
15119,-2.039737,110.558469,1,0.5,5.37
15120,-2.039737,110.561838,1,0.5,5.37
15121,-2.039737,110.565207,2,0.5,10.99
15122,-2.039737,110.568575,2,0.5,10.99
15123,-2.039737,110.571944,2,0.5,10.99
15124,-2.039737,110.575313,1,0.5,10.99
15125,-2.039737,110.881863,1,0.5,7.42
15126,-2.039737,110.885231,1,0.5,6.7
15127,-2.039737,110.8886,1,0.5,6.7
15128,-2.039737,110.898706,1,0.5,9.7
15129,-2.039737,110.902075,1,0.5,9.7
15130,-2.039737,110.905444,1,0.5,9.7
15131,-2.039737,110.908812,1,0.5,13.81
15132,-2.039737,110.912181,1,0.5,13.81
15133,-2.039737,110.91555,1,0.5,13.81
15134,-2.039737,110.918918,1,0.5,13.81
15135,-2.039737,110.925656,1,0.5,7.16
15136,-2.039737,110.929024,1,0.5,7.16
15137,-2.039737,110.932393,1,0.5,7.16
15138,-2.039737,110.979555,1,0.5,14.27
15139,-2.039737,110.982923,1,0.5,14.27
15140,-2.039737,110.986292,1,0.5,14.27
15141,-2.039737,110.989661,1,0.5,14.27
15142,-2.039737,111.033453,1,0.5,3.85
15143,-2.039737,111.036822,1,0.5,3.85
15144,-2.039737,111.040191,1,0.5,3.85
15145,-2.039737,111.04356,1,0.5,4.63
15146,-2.043106,110.477621,1,0.5,19.23
15147,-2.043106,110.48099,1,0.5,19.23
15148,-2.043106,110.484358,1,0.5,19.23
15149,-2.043106,110.518045,1,0.5,15.71
15150,-2.043106,110.521414,2,0.5,25.59
15151,-2.043106,110.524782,2,0.5,25.59
15152,-2.043106,110.528151,1,0.5,25.59
15153,-2.043106,110.551732,2,0.5,16.7
15154,-2.043106,110.555101,3,0.5,16.7
15155,-2.043106,110.558469,3,0.5,16.7
15156,-2.043106,110.561838,2,0.5,16.7
15157,-2.043106,110.565207,1,0.5,10.99
15158,-2.043106,110.568575,1,0.5,10.99
15159,-2.043106,110.571944,1,0.5,10.99
15160,-2.043106,110.575313,1,0.5,10.99
15161,-2.043106,110.844807,1,0.5,3.8
15162,-2.043106,110.848176,1,0.5,3.8
15163,-2.043106,110.851545,1,0.5,3.8
15164,-2.043106,110.898706,1,0.5,3.91
15165,-2.043106,110.902075,1,0.5,3.91
15166,-2.043106,110.908812,1,0.5,13.81
15167,-2.043106,110.912181,1,0.5,13.81
15168,-2.043106,110.91555,1,0.5,13.81
15169,-2.043106,111.033453,1,0.5,3.85
15170,-2.043106,111.036822,1,0.5,3.85
15171,-2.043106,111.040191,1,0.5,3.85
15172,-2.043106,111.04356,1,0.5,4.63
15173,-2.043106,111.053666,1,0.5,10.9
15174,-2.043106,111.057034,1,0.5,10.9
15175,-2.043106,111.060403,1,0.5,10.9
15176,-2.043106,111.063772,1,0.5,5.22
15177,-2.046475,110.177808,1,0.5,2.64
15178,-2.046475,110.181177,1,0.5,2.64
15179,-2.046475,110.184546,1,0.5,1.85
15180,-2.046475,110.187914,1,0.5,1.85
15181,-2.046475,110.477621,1,0.5,19.23
15182,-2.046475,110.48099,1,0.5,19.23
15183,-2.046475,110.484358,1,0.5,19.23
15184,-2.046475,110.551732,2,0.5,16.7
15185,-2.046475,110.555101,3,0.5,16.7
15186,-2.046475,110.558469,3,0.5,16.7
15187,-2.046475,110.561838,2,0.5,16.7
15188,-2.046475,110.565207,1,0.5,10.99
15189,-2.046475,110.568575,1,0.5,10.99
15190,-2.046475,110.571944,1,0.5,10.99
15191,-2.046475,110.575313,1,0.5,10.99
15192,-2.046475,110.844807,1,0.5,3.8
15193,-2.046475,110.848176,1,0.5,3.8
15194,-2.046475,110.851545,1,0.5,3.8
15195,-2.046475,110.898706,1,0.5,3.91
15196,-2.046475,110.902075,1,0.5,3.91
15197,-2.046475,110.912181,1,0.5,2.91
15198,-2.046475,110.91555,1,0.5,2.91
15199,-2.046475,110.918918,1,0.5,2.91
15200,-2.046475,111.033453,1,0.5,3.85
15201,-2.046475,111.036822,1,0.5,3.85
15202,-2.046475,111.040191,1,0.5,3.85
15203,-2.046475,111.053666,1,0.5,10.9
15204,-2.046475,111.057034,1,0.5,10.9
15205,-2.046475,111.060403,1,0.5,10.9
15206,-2.046475,111.063772,1,0.5,5.22
15207,-2.049843,110.177808,1,0.5,2.64
15208,-2.049843,110.181177,1,0.5,2.64
15209,-2.049843,110.184546,2,0.5,7.7
15210,-2.049843,110.187914,2,0.5,7.27
15211,-2.049843,110.191283,1,0.5,7.27
15212,-2.049843,110.194652,1,0.5,7.27
15213,-2.049843,110.410247,1,0.5,1.17
15214,-2.049843,110.413616,1,0.5,1.81
15215,-2.049843,110.416985,1,0.5,1.81
15216,-2.049843,110.420353,1,0.5,1.81
15217,-2.049843,110.423722,1,0.5,1.17
15218,-2.049843,110.518045,1,0.5,3.59
15219,-2.049843,110.521414,1,0.5,3.59
15220,-2.049843,110.551732,1,0.5,16.7
15221,-2.049843,110.555101,2,0.5,16.7
15222,-2.049843,110.558469,2,0.5,16.7
15223,-2.049843,110.561838,1,0.5,16.7
15224,-2.049843,110.565207,1,0.5,12.29
15225,-2.049843,110.568575,1,0.5,12.29
15226,-2.049843,110.571944,1,0.5,12.29
15227,-2.049843,110.575313,1,1.0,35.86
15228,-2.049843,110.578681,1,1.0,35.86
15229,-2.049843,110.58205,1,1.0,35.86
15230,-2.049843,110.834701,1,0.5,12.28
15231,-2.049843,110.83807,1,0.5,12.28
15232,-2.049843,110.841439,1,0.5,12.28
15233,-2.049843,110.844807,2,0.5,3.8
15234,-2.049843,110.848176,2,0.5,3.8
15235,-2.049843,110.851545,1,0.5,3.8
15236,-2.049843,110.898706,1,0.5,3.91
15237,-2.049843,110.902075,1,0.5,3.91
15238,-2.049843,110.905444,1,0.5,8.4
15239,-2.049843,110.908812,2,0.5,8.4
15240,-2.049843,110.912181,3,0.5,8.4
15241,-2.049843,110.91555,2,0.5,8.33
15242,-2.049843,110.918918,1,0.5,2.91
15243,-2.049843,111.053666,1,0.5,10.9
15244,-2.049843,111.057034,1,0.5,10.9
15245,-2.049843,111.060403,1,0.5,10.9
15246,-2.049843,111.063772,1,0.5,5.22
15247,-2.053212,110.177808,1,0.5,2.64
15248,-2.053212,110.181177,2,0.5,3.87
15249,-2.053212,110.184546,3,0.5,7.7
15250,-2.053212,110.187914,2,0.5,7.27
15251,-2.053212,110.191283,1,0.5,7.27
15252,-2.053212,110.194652,1,0.5,7.27
15253,-2.053212,110.410247,1,0.5,1.17
15254,-2.053212,110.413616,1,0.5,1.81
15255,-2.053212,110.416985,1,0.5,1.81
15256,-2.053212,110.420353,1,0.5,1.81
15257,-2.053212,110.423722,1,0.5,1.17
15258,-2.053212,110.443934,1,0.5,4.89
15259,-2.053212,110.447303,1,0.5,4.89
15260,-2.053212,110.518045,1,0.5,3.59
15261,-2.053212,110.521414,1,0.5,3.59
15262,-2.053212,110.565207,1,0.5,12.29
15263,-2.053212,110.568575,1,0.5,12.29
15264,-2.053212,110.571944,1,0.5,12.29
15265,-2.053212,110.575313,1,1.0,35.86
15266,-2.053212,110.578681,1,1.0,35.86
15267,-2.053212,110.58205,1,1.0,35.86
15268,-2.053212,110.814489,2,1.0,12.1
15269,-2.053212,110.817858,3,0.83,12.34
15270,-2.053212,110.821226,3,0.83,12.34
15271,-2.053212,110.824595,1,0.5,12.34
15272,-2.053212,110.831333,1,0.5,12.28
15273,-2.053212,110.834701,1,0.5,12.28
15274,-2.053212,110.83807,1,0.5,12.28
15275,-2.053212,110.841439,1,0.5,12.28
15276,-2.053212,110.844807,2,0.5,3.8
15277,-2.053212,110.848176,2,0.5,3.8
15278,-2.053212,110.851545,1,0.5,3.8
15279,-2.053212,110.858282,1,0.5,16.1
15280,-2.053212,110.861651,1,0.5,16.1
15281,-2.053212,110.905444,1,0.5,8.4
15282,-2.053212,110.908812,2,0.5,8.4
15283,-2.053212,110.912181,3,0.5,8.4
15284,-2.053212,110.91555,2,0.5,8.33
15285,-2.053212,110.918918,1,0.5,2.91
15286,-2.056581,110.181177,1,0.5,3.87
15287,-2.056581,110.184546,3,0.5,7.7
15288,-2.056581,110.187914,2,0.5,7.27
15289,-2.056581,110.191283,1,0.5,7.27
15290,-2.056581,110.194652,1,0.5,7.27
15291,-2.056581,110.410247,1,0.5,1.17
15292,-2.056581,110.413616,1,0.5,1.81
15293,-2.056581,110.416985,1,0.5,1.81
15294,-2.056581,110.420353,1,0.5,1.81
15295,-2.056581,110.423722,1,0.5,1.17
15296,-2.056581,110.443934,1,0.5,4.89
15297,-2.056581,110.447303,1,0.5,4.89
15298,-2.056581,110.528151,1,0.5,4.58
15299,-2.056581,110.53152,1,0.5,4.58
15300,-2.056581,110.534888,1,0.5,4.58
15301,-2.056581,110.565207,1,0.5,12.29
15302,-2.056581,110.568575,1,0.5,12.29
15303,-2.056581,110.571944,1,0.5,12.29
15304,-2.056581,110.575313,1,1.0,35.86
15305,-2.056581,110.578681,1,1.0,35.86
15306,-2.056581,110.58205,1,1.0,35.86
15307,-2.056581,110.635949,1,0.5,6.16
15308,-2.056581,110.639318,1,0.5,6.16
15309,-2.056581,110.642686,1,0.5,6.16
15310,-2.056581,110.81112,2,0.5,10.22
15311,-2.056581,110.814489,2,1.0,12.1
15312,-2.056581,110.817858,3,0.83,12.34
15313,-2.056581,110.821226,3,0.83,12.34
15314,-2.056581,110.824595,2,0.5,16.31
15315,-2.056581,110.831333,1,0.5,12.28
15316,-2.056581,110.834701,1,0.5,12.28
15317,-2.056581,110.83807,1,0.5,12.28
15318,-2.056581,110.841439,1,0.5,12.28
15319,-2.056581,110.844807,1,0.5,9.12
15320,-2.056581,110.848176,1,0.5,9.12
15321,-2.056581,110.851545,1,0.5,9.12
15322,-2.056581,110.854913,1,0.5,9.12
15323,-2.056581,110.858282,1,0.5,16.1
15324,-2.056581,110.861651,1,0.5,16.1
15325,-2.056581,110.865019,1,0.5,16.1
15326,-2.056581,110.881863,1,0.5,6.5
15327,-2.056581,110.885231,1,0.5,6.5
15328,-2.056581,110.8886,1,0.5,6.5
15329,-2.056581,110.905444,1,0.5,8.4
15330,-2.056581,110.908812,1,0.5,8.4
15331,-2.056581,110.912181,1,0.5,8.4
15332,-2.056581,110.993029,1,0.5,6.03
15333,-2.056581,110.996398,1,0.5,6.03
15334,-2.056581,110.999767,1,0.5,12.09
15335,-2.056581,111.003135,1,0.5,12.09
15336,-2.056581,111.006504,1,0.5,12.09
15337,-2.059949,110.181177,2,0.5,5.19
15338,-2.059949,110.184546,2,0.5,5.19
15339,-2.059949,110.187914,1,0.5,5.19
15340,-2.059949,110.191283,1,0.5,5.19
15341,-2.059949,110.413616,1,0.5,1.81
15342,-2.059949,110.416985,1,0.5,1.81
15343,-2.059949,110.420353,1,0.5,1.81
15344,-2.059949,110.423722,1,0.5,1.17
15345,-2.059949,110.443934,1,0.5,4.89
15346,-2.059949,110.447303,1,0.5,4.89
15347,-2.059949,110.528151,1,0.5,8.24
15348,-2.059949,110.53152,1,0.5,8.24
15349,-2.059949,110.534888,1,0.5,8.24
15350,-2.059949,110.635949,1,0.5,6.16
15351,-2.059949,110.639318,1,0.5,28.41
15352,-2.059949,110.642686,1,0.5,28.41
15353,-2.059949,110.646055,1,0.5,28.41
15354,-2.059949,110.669636,1,0.5,25.57
15355,-2.059949,110.673004,1,0.5,25.57
15356,-2.059949,110.676373,1,0.5,25.57
15357,-2.059949,110.81112,2,0.5,10.22
15358,-2.059949,110.814489,2,1.0,12.1
15359,-2.059949,110.817858,3,0.83,12.34
15360,-2.059949,110.821226,3,0.83,12.34
15361,-2.059949,110.824595,2,0.5,16.31
15362,-2.059949,110.827964,1,0.5,6.4
15363,-2.059949,110.831333,2,0.5,12.28
15364,-2.059949,110.834701,2,0.5,12.28
15365,-2.059949,110.83807,2,0.5,12.28
15366,-2.059949,110.841439,1,0.5,3.62
15367,-2.059949,110.844807,1,0.5,9.12
15368,-2.059949,110.848176,2,0.5,9.12
15369,-2.059949,110.851545,2,0.5,9.12
15370,-2.059949,110.854913,2,0.5,9.12
15371,-2.059949,110.858282,2,0.5,16.1
15372,-2.059949,110.861651,1,0.5,16.1
15373,-2.059949,110.865019,1,0.5,16.1
15374,-2.059949,110.881863,1,0.5,6.5
15375,-2.059949,110.885231,1,0.5,6.5
15376,-2.059949,110.8886,1,0.5,6.5
15377,-2.059949,110.993029,1,0.5,6.03
15378,-2.059949,110.996398,1,0.5,6.03
15379,-2.059949,110.999767,1,0.5,12.09
15380,-2.059949,111.003135,1,0.5,12.09
15381,-2.059949,111.006504,1,0.5,12.09
15382,-2.063318,110.160965,1,0.5,3.17
15383,-2.063318,110.164333,1,0.5,3.17
15384,-2.063318,110.167702,1,0.5,3.17
15385,-2.063318,110.181177,1,0.5,5.19
15386,-2.063318,110.184546,1,0.5,5.19
15387,-2.063318,110.187914,1,0.5,5.19
15388,-2.063318,110.191283,1,0.5,5.19
15389,-2.063318,110.521414,1,0.5,1.99
15390,-2.063318,110.524782,1,0.5,1.99
15391,-2.063318,110.528151,2,0.5,8.24
15392,-2.063318,110.53152,1,0.5,8.24
15393,-2.063318,110.534888,1,0.5,8.24
15394,-2.063318,110.558469,1,0.5,21.41
15395,-2.063318,110.561838,2,0.5,21.41
15396,-2.063318,110.565207,2,0.5,21.41
15397,-2.063318,110.568575,2,0.5,21.41
15398,-2.063318,110.578681,1,0.5,29.89
15399,-2.063318,110.58205,1,0.5,29.89
15400,-2.063318,110.585419,1,0.5,29.89
15401,-2.063318,110.635949,1,0.5,6.16
15402,-2.063318,110.639318,1,0.5,28.41
15403,-2.063318,110.642686,1,0.5,28.41
15404,-2.063318,110.646055,1,0.5,28.41
15405,-2.063318,110.669636,1,0.5,25.57
15406,-2.063318,110.673004,2,0.5,25.57
15407,-2.063318,110.676373,2,0.5,25.57
15408,-2.063318,110.679742,1,0.5,14.73
15409,-2.063318,110.807752,1,0.5,5.2
15410,-2.063318,110.81112,3,0.5,10.22
15411,-2.063318,110.814489,3,0.83,12.1
15412,-2.063318,110.817858,3,0.83,12.34
15413,-2.063318,110.821226,3,0.83,12.34
15414,-2.063318,110.824595,2,0.5,16.31
15415,-2.063318,110.827964,1,0.5,6.4
15416,-2.063318,110.831333,1,0.5,6.4
15417,-2.063318,110.834701,1,0.5,3.62
15418,-2.063318,110.83807,1,0.5,3.62
15419,-2.063318,110.841439,1,0.5,3.62
15420,-2.063318,110.844807,1,0.5,9.12
15421,-2.063318,110.848176,2,0.5,9.12
15422,-2.063318,110.851545,2,0.5,9.12
15423,-2.063318,110.854913,2,0.5,9.12
15424,-2.063318,110.858282,1,0.5,7.78
15425,-2.063318,110.881863,1,0.5,6.5
15426,-2.063318,110.885231,1,0.5,6.5
15427,-2.063318,110.8886,1,0.5,6.5
15428,-2.063318,110.898706,1,0.5,2.45
15429,-2.063318,110.902075,1,0.5,2.45
15430,-2.063318,110.905444,1,0.5,2.45
15431,-2.063318,110.908812,1,0.5,2.45
15432,-2.063318,110.996398,1,0.5,6.03
15433,-2.063318,110.999767,1,0.5,6.03
15434,-2.063318,111.003135,1,0.5,12.09
15435,-2.063318,111.006504,1,0.5,12.09
15436,-2.063318,111.009873,1,0.5,12.09
15437,-2.063318,111.023347,1,0.5,7.99
15438,-2.063318,111.026716,1,0.5,7.99
15439,-2.063318,111.030085,1,0.5,7.99
15440,-2.063318,111.033453,1,0.5,7.99
15441,-2.066687,110.160965,1,0.5,3.17
15442,-2.066687,110.164333,1,0.5,3.17
15443,-2.066687,110.167702,1,0.5,3.17
15444,-2.066687,110.181177,1,0.5,5.19
15445,-2.066687,110.184546,1,0.5,5.19
15446,-2.066687,110.187914,1,0.5,5.19
15447,-2.066687,110.191283,1,0.5,5.19
15448,-2.066687,110.521414,1,0.5,1.99
15449,-2.066687,110.524782,1,0.5,1.99
15450,-2.066687,110.528151,2,0.5,8.24
15451,-2.066687,110.53152,1,0.5,8.24
15452,-2.066687,110.534888,1,0.5,8.24
15453,-2.066687,110.558469,1,0.5,21.41
15454,-2.066687,110.561838,2,0.5,21.41
15455,-2.066687,110.565207,2,0.5,21.41
15456,-2.066687,110.568575,2,0.5,21.41
15457,-2.066687,110.575313,1,0.5,3.34
15458,-2.066687,110.578681,2,0.5,29.89
15459,-2.066687,110.58205,2,0.5,29.89
15460,-2.066687,110.585419,1,0.5,29.89
15461,-2.066687,110.639318,1,0.5,28.41
15462,-2.066687,110.642686,1,0.5,28.41
15463,-2.066687,110.646055,1,0.5,28.41
15464,-2.066687,110.669636,1,0.5,25.57
15465,-2.066687,110.673004,2,0.5,25.57
15466,-2.066687,110.676373,2,0.5,25.57
15467,-2.066687,110.679742,1,0.5,14.73
15468,-2.066687,110.81112,1,0.5,5.2
15469,-2.066687,110.814489,2,0.5,10.22
15470,-2.066687,110.817858,2,0.5,10.22
15471,-2.066687,110.821226,2,0.5,50.87
15472,-2.066687,110.824595,2,0.5,50.87
15473,-2.066687,110.827964,1,0.5,16.31
15474,-2.066687,110.831333,1,0.5,6.4
15475,-2.066687,110.834701,1,0.5,6.4
15476,-2.066687,110.83807,1,0.5,3.62
15477,-2.066687,110.841439,1,0.5,3.62
15478,-2.066687,110.844807,1,0.5,3.62
15479,-2.066687,110.848176,1,0.5,9.12
15480,-2.066687,110.851545,2,0.5,9.12
15481,-2.066687,110.854913,2,0.5,9.12
15482,-2.066687,110.858282,2,0.5,9.12
15483,-2.066687,110.898706,1,0.5,2.9
15484,-2.066687,110.902075,1,0.5,2.9
15485,-2.066687,110.905444,1,0.5,2.9
15486,-2.066687,110.908812,1,0.5,2.45
15487,-2.066687,111.003135,1,0.5,7.23
15488,-2.066687,111.006504,1,0.5,7.23
15489,-2.066687,111.009873,1,0.5,7.23
15490,-2.066687,111.023347,1,0.5,7.99
15491,-2.066687,111.026716,1,0.5,7.99
15492,-2.066687,111.030085,1,0.5,7.99
15493,-2.066687,111.033453,1,0.5,7.99
15494,-2.070055,110.160965,1,0.5,3.17
15495,-2.070055,110.164333,1,0.5,3.17
15496,-2.070055,110.167702,1,0.5,3.17
15497,-2.070055,110.521414,1,0.5,1.99
15498,-2.070055,110.524782,1,0.5,1.99
15499,-2.070055,110.528151,1,0.5,1.99
15500,-2.070055,110.538257,1,0.5,2.98
15501,-2.070055,110.541626,1,0.5,2.98
15502,-2.070055,110.558469,1,0.5,21.41
15503,-2.070055,110.561838,2,0.5,21.41
15504,-2.070055,110.565207,2,0.5,21.41
15505,-2.070055,110.568575,2,0.5,21.41
15506,-2.070055,110.575313,1,0.5,3.34
15507,-2.070055,110.578681,2,0.5,29.89
15508,-2.070055,110.58205,2,0.5,29.89
15509,-2.070055,110.585419,1,0.5,29.89
15510,-2.070055,110.676373,1,0.5,3.79
15511,-2.070055,110.679742,1,0.5,3.79
15512,-2.070055,110.804383,1,0.5,12.05
15513,-2.070055,110.807752,1,0.5,12.05
15514,-2.070055,110.81112,1,0.5,12.05
15515,-2.070055,110.821226,1,0.5,50.87
15516,-2.070055,110.824595,1,0.5,50.87
15517,-2.070055,110.827964,1,0.5,8.9
15518,-2.070055,110.898706,2,0.5,18.95
15519,-2.070055,110.902075,2,0.5,18.95
15520,-2.070055,110.905444,2,0.5,18.95
15521,-2.070055,110.908812,1,0.5,2.45
15522,-2.070055,110.969448,1,0.5,18.04
15523,-2.070055,110.972817,1,0.5,18.04
15524,-2.070055,110.976186,1,0.5,18.04
15525,-2.070055,111.003135,1,0.5,7.23
15526,-2.070055,111.006504,1,0.5,7.23
15527,-2.070055,111.009873,1,0.5,7.23
15528,-2.070055,111.023347,1,0.5,7.99
15529,-2.070055,111.026716,1,0.5,7.99
15530,-2.070055,111.030085,1,0.5,7.99
15531,-2.070055,111.033453,1,0.5,7.99
15532,-2.073424,110.494464,1,0.5,12.18
15533,-2.073424,110.497833,1,0.5,12.18
15534,-2.073424,110.541626,2,0.5,3.33
15535,-2.073424,110.544995,2,0.5,3.33
15536,-2.073424,110.578681,1,0.5,3.34
15537,-2.073424,110.58205,1,0.5,3.34
15538,-2.073424,110.585419,1,0.5,3.34
15539,-2.073424,110.730272,1,0.5,10.92
15540,-2.073424,110.733641,1,0.5,10.92
15541,-2.073424,110.737009,1,0.5,10.92
15542,-2.073424,110.804383,1,0.5,12.05
15543,-2.073424,110.807752,1,0.5,12.05
15544,-2.073424,110.81112,1,0.5,12.05
15545,-2.073424,110.824595,1,0.5,8.9
15546,-2.073424,110.827964,1,0.5,8.9
15547,-2.073424,110.898706,2,0.5,18.95
15548,-2.073424,110.902075,2,0.5,18.95
15549,-2.073424,110.905444,2,0.5,18.95
15550,-2.073424,110.908812,1,0.5,2.45
15551,-2.073424,110.935762,1,0.5,6.46
15552,-2.073424,110.93913,1,0.5,6.46
15553,-2.073424,110.969448,1,0.5,18.04
15554,-2.073424,110.972817,1,0.5,18.04
15555,-2.073424,110.976186,1,0.5,18.04
15556,-2.073424,110.986292,1,0.5,5.1
15557,-2.073424,110.989661,1,0.5,5.1
15558,-2.073424,110.993029,1,0.5,5.1
15559,-2.073424,111.003135,1,0.5,7.23
15560,-2.073424,111.006504,1,0.5,7.23
15561,-2.073424,111.009873,1,0.5,7.23
15562,-2.076793,110.494464,1,0.5,12.79
15563,-2.076793,110.497833,1,1.0,12.18
15564,-2.076793,110.501202,1,1.0,12.18
15565,-2.076793,110.507939,1,0.5,15.6
15566,-2.076793,110.511308,1,0.5,15.6
15567,-2.076793,110.514676,1,0.5,15.6
15568,-2.076793,110.541626,1,0.5,3.33
15569,-2.076793,110.544995,1,0.5,3.33
15570,-2.076793,110.662898,1,0.5,2.89
15571,-2.076793,110.666267,1,0.5,2.89
15572,-2.076793,110.669636,1,0.5,2.89
15573,-2.076793,110.730272,1,0.5,10.92
15574,-2.076793,110.733641,1,0.5,10.92
15575,-2.076793,110.737009,1,0.5,10.92
15576,-2.076793,110.804383,2,0.5,12.18
15577,-2.076793,110.807752,2,0.5,12.18
15578,-2.076793,110.81112,2,0.5,12.18
15579,-2.076793,110.817858,1,0.5,13.5
15580,-2.076793,110.821226,1,0.5,13.5
15581,-2.076793,110.824595,1,0.5,13.5
15582,-2.076793,110.844807,1,0.5,3.12
15583,-2.076793,110.848176,1,0.5,3.12
15584,-2.076793,110.851545,1,0.5,3.12
15585,-2.076793,110.898706,1,0.5,18.95
15586,-2.076793,110.902075,1,0.5,18.95
15587,-2.076793,110.905444,1,0.5,18.95
15588,-2.076793,110.935762,1,0.5,6.46
15589,-2.076793,110.93913,1,0.5,6.46
15590,-2.076793,110.969448,1,0.5,18.04
15591,-2.076793,110.972817,1,0.5,18.04
15592,-2.076793,110.976186,1,0.5,18.04
15593,-2.076793,110.986292,1,0.5,5.1
15594,-2.076793,110.989661,1,0.5,5.1
15595,-2.076793,110.993029,1,0.5,5.1
15596,-2.080161,110.40351,1,0.5,5.95
15597,-2.080161,110.406879,1,0.5,5.95
15598,-2.080161,110.494464,2,0.5,12.79
15599,-2.080161,110.497833,2,0.75,12.18
15600,-2.080161,110.501202,2,0.75,12.18
15601,-2.080161,110.507939,1,0.5,15.6
15602,-2.080161,110.511308,1,0.5,15.6
15603,-2.080161,110.514676,1,0.5,15.6
15604,-2.080161,110.541626,1,0.5,3.33
15605,-2.080161,110.544995,1,0.5,3.33
15606,-2.080161,110.662898,1,0.5,2.89
15607,-2.080161,110.666267,1,0.5,2.89
15608,-2.080161,110.669636,1,0.5,2.89
15609,-2.080161,110.730272,1,0.5,10.92
15610,-2.080161,110.733641,1,0.5,10.92
15611,-2.080161,110.737009,1,0.5,10.92
15612,-2.080161,110.804383,1,0.5,11.85
15613,-2.080161,110.807752,1,0.5,11.85
15614,-2.080161,110.81112,1,0.5,12.18
15615,-2.080161,110.817858,1,0.5,13.5
15616,-2.080161,110.821226,1,0.5,13.5
15617,-2.080161,110.824595,1,0.5,13.5
15618,-2.080161,110.841439,1,0.5,4.41
15619,-2.080161,110.844807,1,0.5,4.41
15620,-2.080161,110.848176,1,0.5,4.41
15621,-2.080161,110.851545,1,0.5,3.12
15622,-2.080161,110.929024,1,0.5,5.28
15623,-2.080161,110.932393,1,0.5,5.28
15624,-2.080161,110.935762,2,0.5,6.46
15625,-2.080161,110.93913,1,0.5,6.46
15626,-2.080161,110.986292,1,0.5,5.1
15627,-2.080161,110.989661,1,0.5,5.1
15628,-2.080161,110.993029,2,0.5,7.3
15629,-2.080161,110.996398,1,0.5,7.3
15630,-2.080161,110.999767,1,0.5,7.3
15631,-2.08353,110.400141,1,0.5,5.95
15632,-2.08353,110.40351,1,0.5,5.95
15633,-2.08353,110.406879,1,0.5,5.95
15634,-2.08353,110.491096,1,0.5,9.32
15635,-2.08353,110.494464,2,0.5,12.79
15636,-2.08353,110.497833,2,0.75,12.18
15637,-2.08353,110.501202,2,0.75,12.18
15638,-2.08353,110.507939,1,0.5,15.6
15639,-2.08353,110.511308,1,0.5,15.6
15640,-2.08353,110.514676,1,0.5,15.6
15641,-2.08353,110.541626,1,0.5,3.33
15642,-2.08353,110.544995,1,0.5,3.33
15643,-2.08353,110.662898,1,0.5,2.89
15644,-2.08353,110.666267,1,0.5,2.89
15645,-2.08353,110.669636,1,0.5,2.89
15646,-2.08353,110.767328,1,0.5,16.87
15647,-2.08353,110.770696,1,0.5,16.87
15648,-2.08353,110.774065,1,0.5,16.87
15649,-2.08353,110.790908,1,0.5,4.56
15650,-2.08353,110.794277,1,0.5,4.56
15651,-2.08353,110.797646,1,0.5,4.56
15652,-2.08353,110.804383,1,0.5,11.85
15653,-2.08353,110.807752,1,0.5,11.85
15654,-2.08353,110.81112,1,0.5,4.48
15655,-2.08353,110.817858,1,0.5,13.5
15656,-2.08353,110.821226,1,0.5,13.5
15657,-2.08353,110.824595,1,0.5,13.5
15658,-2.08353,110.841439,1,0.5,4.41
15659,-2.08353,110.844807,1,0.5,4.41
15660,-2.08353,110.848176,1,0.5,4.41
15661,-2.08353,110.851545,1,0.5,3.12
15662,-2.08353,110.929024,1,0.5,5.28
15663,-2.08353,110.932393,2,0.5,20.79
15664,-2.08353,110.935762,2,0.5,20.79
15665,-2.08353,110.979555,1,0.5,7.71
15666,-2.08353,110.982923,1,0.5,7.71
15667,-2.08353,110.986292,1,0.5,7.71
15668,-2.08353,110.993029,1,0.5,7.3
15669,-2.08353,110.996398,1,0.5,7.3
15670,-2.08353,110.999767,1,0.5,7.3
15671,-2.086899,110.400141,1,0.5,5.95
15672,-2.086899,110.40351,1,0.5,5.95
15673,-2.086899,110.406879,1,0.5,5.95
15674,-2.086899,110.491096,1,0.5,9.32
15675,-2.086899,110.494464,2,0.5,12.79
15676,-2.086899,110.497833,2,0.5,12.79
15677,-2.086899,110.501202,1,0.5,10.96
15678,-2.086899,110.767328,1,0.5,16.87
15679,-2.086899,110.770696,1,0.5,16.87
15680,-2.086899,110.774065,1,0.5,16.87
15681,-2.086899,110.790908,1,0.5,4.56
15682,-2.086899,110.794277,1,0.5,4.56
15683,-2.086899,110.797646,1,0.5,4.56
15684,-2.086899,110.841439,1,0.5,4.41
15685,-2.086899,110.844807,1,0.5,4.41
15686,-2.086899,110.848176,1,0.5,4.41
15687,-2.086899,110.929024,1,0.5,5.28
15688,-2.086899,110.932393,3,0.5,20.79
15689,-2.086899,110.935762,3,0.5,20.79
15690,-2.086899,110.93913,1,0.5,6.78
15691,-2.086899,110.976186,1,0.5,6.1
15692,-2.086899,110.979555,2,0.5,8.93
15693,-2.086899,110.982923,2,0.5,8.93
15694,-2.086899,110.986292,2,0.5,8.93
15695,-2.086899,110.993029,1,0.5,7.3
15696,-2.086899,110.996398,1,0.5,7.3
15697,-2.086899,110.999767,1,0.5,7.3
15698,-2.086899,111.026716,1,0.5,7.66
15699,-2.086899,111.030085,1,0.5,7.66
15700,-2.086899,111.033453,1,0.5,7.66
15701,-2.090267,110.757222,1,0.5,3.27
15702,-2.090267,110.76059,1,0.5,3.27
15703,-2.090267,110.763959,1,0.5,3.27
15704,-2.090267,110.767328,1,0.5,16.87
15705,-2.090267,110.770696,1,0.5,16.87
15706,-2.090267,110.774065,1,0.5,16.87
15707,-2.090267,110.790908,1,0.5,4.56
15708,-2.090267,110.794277,1,0.5,4.56
15709,-2.090267,110.797646,1,0.5,4.56
15710,-2.090267,110.865019,1,0.5,7.04
15711,-2.090267,110.868388,1,0.5,7.04
15712,-2.090267,110.871757,1,0.5,7.04
15713,-2.090267,110.922287,1,0.5,2.81
15714,-2.090267,110.925656,1,0.5,2.81
15715,-2.090267,110.929024,2,0.5,5.28
15716,-2.090267,110.932393,3,0.5,20.79
15717,-2.090267,110.935762,3,0.5,20.79
15718,-2.090267,110.93913,1,0.5,6.33
15719,-2.090267,110.942499,1,0.5,6.33
15720,-2.090267,110.976186,1,0.5,6.1
15721,-2.090267,110.979555,2,0.5,8.93
15722,-2.090267,110.982923,2,0.5,8.93
15723,-2.090267,110.986292,2,0.5,8.93
15724,-2.090267,111.026716,1,0.5,7.66
15725,-2.090267,111.030085,1,0.5,7.66
15726,-2.090267,111.033453,1,0.5,7.66
15727,-2.093636,110.592156,1,0.5,2.79
15728,-2.093636,110.595525,2,0.5,5.87
15729,-2.093636,110.598893,2,0.5,5.87
15730,-2.093636,110.602262,1,0.5,5.87
15731,-2.093636,110.757222,1,0.5,3.27
15732,-2.093636,110.76059,1,0.5,3.27
15733,-2.093636,110.763959,1,0.5,3.27
15734,-2.093636,110.827964,1,0.5,3.5
15735,-2.093636,110.831333,1,0.5,3.5
15736,-2.093636,110.834701,2,0.5,32.16
15737,-2.093636,110.83807,1,0.5,32.16
15738,-2.093636,110.841439,1,0.5,32.16
15739,-2.093636,110.865019,1,0.5,7.04
15740,-2.093636,110.868388,1,0.5,7.04
15741,-2.093636,110.871757,1,0.5,7.04
15742,-2.093636,110.918918,1,0.5,2.76
15743,-2.093636,110.922287,2,0.5,2.81
15744,-2.093636,110.925656,2,0.5,2.81
15745,-2.093636,110.929024,1,0.5,2.81
15746,-2.093636,110.932393,1,0.5,6.33
15747,-2.093636,110.935762,1,0.5,6.33
15748,-2.093636,110.93913,1,0.5,6.33
15749,-2.093636,110.942499,1,0.5,6.33
15750,-2.093636,110.976186,1,0.5,6.1
15751,-2.093636,110.979555,1,0.5,8.93
15752,-2.093636,110.982923,1,0.5,8.93
15753,-2.093636,110.986292,1,0.5,8.93
15754,-2.093636,111.026716,1,0.5,7.66
15755,-2.093636,111.030085,1,0.5,7.66
15756,-2.093636,111.033453,1,0.5,7.66
15757,-2.097005,110.592156,1,0.5,2.79
15758,-2.097005,110.595525,2,0.5,5.87
15759,-2.097005,110.598893,2,0.5,5.87
15760,-2.097005,110.602262,1,0.5,5.87
15761,-2.097005,110.635949,2,0.5,8.81
15762,-2.097005,110.639318,2,0.5,8.81
15763,-2.097005,110.642686,2,0.5,8.81
15764,-2.097005,110.662898,1,0.5,9.03
15765,-2.097005,110.666267,1,0.5,9.03
15766,-2.097005,110.827964,1,0.5,3.5
15767,-2.097005,110.831333,1,0.5,3.5
15768,-2.097005,110.834701,2,0.5,32.16
15769,-2.097005,110.83807,1,0.5,32.16
15770,-2.097005,110.841439,1,0.5,32.16
15771,-2.097005,110.865019,1,0.5,7.04
15772,-2.097005,110.868388,1,0.5,7.04
15773,-2.097005,110.871757,1,0.5,7.04
15774,-2.097005,110.8886,1,0.5,2.84
15775,-2.097005,110.891969,1,0.5,2.84
15776,-2.097005,110.895337,1,0.5,2.84
15777,-2.097005,110.908812,1,0.5,19.07
15778,-2.097005,110.912181,3,0.5,19.07
15779,-2.097005,110.91555,2,0.5,19.05
15780,-2.097005,110.918918,3,0.5,19.05
15781,-2.097005,110.922287,2,0.5,2.81
15782,-2.097005,110.925656,2,0.5,2.81
15783,-2.097005,110.929024,1,0.5,2.81
15784,-2.097005,110.932393,1,0.5,6.33
15785,-2.097005,110.935762,1,0.5,6.33
15786,-2.097005,110.93913,1,0.5,6.33
15787,-2.097005,110.942499,1,0.5,6.33
15788,-2.097005,110.976186,1,0.5,6.1
15789,-2.097005,110.979555,1,0.5,8.93
15790,-2.097005,110.982923,1,0.5,8.93
15791,-2.097005,110.986292,1,0.5,8.93
15792,-2.100373,110.592156,1,0.5,2.79
15793,-2.100373,110.595525,2,0.5,5.87
15794,-2.100373,110.598893,2,0.5,5.87
15795,-2.100373,110.602262,1,0.5,5.87
15796,-2.100373,110.635949,2,0.5,8.81
15797,-2.100373,110.639318,3,0.5,9.52
15798,-2.100373,110.642686,3,0.5,9.52
15799,-2.100373,110.646055,1,0.5,9.52
15800,-2.100373,110.649424,1,0.5,9.52
15801,-2.100373,110.662898,1,0.5,9.03
15802,-2.100373,110.666267,1,0.5,9.03
15803,-2.100373,110.827964,1,0.5,3.5
15804,-2.100373,110.831333,1,0.5,3.5
15805,-2.100373,110.834701,2,0.5,32.16
15806,-2.100373,110.83807,1,0.5,32.16
15807,-2.100373,110.841439,1,0.5,32.16
15808,-2.100373,110.8886,1,0.5,2.84
15809,-2.100373,110.891969,1,0.5,2.84
15810,-2.100373,110.895337,1,0.5,2.84
15811,-2.100373,110.908812,1,0.5,19.07
15812,-2.100373,110.912181,3,0.5,19.07
15813,-2.100373,110.91555,2,0.5,19.05
15814,-2.100373,110.918918,3,0.5,19.05
15815,-2.100373,110.922287,1,0.5,10.37
15816,-2.100373,110.925656,1,0.5,10.37
15817,-2.100373,110.929024,2,0.5,11.49
15818,-2.100373,110.932393,2,0.5,11.49
15819,-2.100373,110.935762,2,0.5,11.49
15820,-2.103742,110.639318,1,0.5,9.52
15821,-2.103742,110.642686,1,0.5,9.52
15822,-2.103742,110.646055,1,0.5,9.52
15823,-2.103742,110.649424,1,0.5,9.52
15824,-2.103742,110.662898,1,0.5,9.03
15825,-2.103742,110.666267,1,0.5,9.03
15826,-2.103742,110.730272,1,0.5,1.95
15827,-2.103742,110.733641,1,0.5,1.95
15828,-2.103742,110.737009,1,0.5,1.95
15829,-2.103742,110.8886,1,0.5,2.84
15830,-2.103742,110.891969,1,0.5,2.84
15831,-2.103742,110.895337,1,0.5,2.84
15832,-2.103742,110.912181,2,0.5,19.05
15833,-2.103742,110.91555,2,0.5,19.05
15834,-2.103742,110.918918,3,0.5,19.05
15835,-2.103742,110.922287,1,0.5,10.37
15836,-2.103742,110.925656,1,0.5,10.37
15837,-2.103742,110.929024,2,0.5,11.49
15838,-2.103742,110.932393,2,0.5,11.49
15839,-2.103742,110.935762,2,0.5,11.49
15840,-2.103742,110.982923,1,0.5,2.88
15841,-2.103742,110.986292,1,0.5,2.88
15842,-2.103742,110.989661,1,0.5,2.88
15843,-2.103742,110.993029,1,0.5,7.04
15844,-2.103742,110.996398,1,0.5,7.04
15845,-2.103742,110.999767,1,0.5,7.04
15846,-2.107111,110.53152,1,0.5,8.63
15847,-2.107111,110.534888,1,0.5,8.63
15848,-2.107111,110.538257,1,0.5,8.63
15849,-2.107111,110.629212,1,0.5,2.93
15850,-2.107111,110.63258,1,0.5,2.93
15851,-2.107111,110.635949,1,0.5,2.93
15852,-2.107111,110.639318,1,0.5,9.52
15853,-2.107111,110.642686,1,0.5,9.52
15854,-2.107111,110.646055,1,0.5,9.52
15855,-2.107111,110.649424,1,0.5,9.52
15856,-2.107111,110.730272,1,0.5,1.95
15857,-2.107111,110.733641,1,0.5,1.95
15858,-2.107111,110.737009,1,0.5,1.95
15859,-2.107111,110.757222,1,0.5,11.28
15860,-2.107111,110.76059,1,0.5,11.28
15861,-2.107111,110.763959,1,0.5,11.28
15862,-2.107111,110.918918,1,0.5,10.37
15863,-2.107111,110.922287,1,0.5,10.37
15864,-2.107111,110.925656,1,0.5,10.37
15865,-2.107111,110.929024,1,0.5,2.97
15866,-2.107111,110.932393,1,0.5,2.97
15867,-2.107111,110.935762,1,0.5,2.97
15868,-2.107111,110.959342,1,0.5,3.46
15869,-2.107111,110.962711,1,0.5,3.46
15870,-2.107111,110.96608,1,0.5,3.46
15871,-2.107111,110.982923,1,0.5,2.88
15872,-2.107111,110.986292,1,0.5,2.88
15873,-2.107111,110.989661,1,0.5,2.88
15874,-2.107111,110.993029,1,0.5,7.04
15875,-2.107111,110.996398,1,0.5,7.04
15876,-2.107111,110.999767,1,0.5,7.04
15877,-2.110479,110.528151,1,0.5,7.46
15878,-2.110479,110.53152,2,0.5,8.63
15879,-2.110479,110.534888,2,0.5,8.63
15880,-2.110479,110.538257,1,0.5,8.63
15881,-2.110479,110.629212,1,0.5,2.93
15882,-2.110479,110.63258,1,0.5,2.93
15883,-2.110479,110.635949,1,0.5,2.93
15884,-2.110479,110.730272,1,0.5,1.95
15885,-2.110479,110.733641,1,0.5,1.95
15886,-2.110479,110.737009,1,0.5,1.95
15887,-2.110479,110.757222,1,0.5,11.28
15888,-2.110479,110.76059,1,0.5,11.28
15889,-2.110479,110.763959,1,0.5,11.28
15890,-2.110479,110.794277,1,0.5,6.03
15891,-2.110479,110.797646,1,0.5,6.03
15892,-2.110479,110.801014,1,0.5,6.03
15893,-2.110479,110.834701,1,0.5,11.15
15894,-2.110479,110.83807,1,0.5,11.15
15895,-2.110479,110.841439,1,0.5,11.15
15896,-2.110479,110.875125,1,0.5,6.76
15897,-2.110479,110.878494,1,0.5,6.76
15898,-2.110479,110.881863,1,0.5,6.76
15899,-2.110479,110.962711,1,0.5,3.46
15900,-2.110479,110.96608,1,0.5,3.46
15901,-2.110479,110.969448,1,0.5,3.46
15902,-2.110479,110.986292,1,0.5,2.88
15903,-2.110479,110.989661,1,0.5,2.88
15904,-2.110479,110.993029,1,0.5,2.88
15905,-2.110479,110.996398,1,0.5,7.04
15906,-2.110479,110.999767,1,0.5,7.04
15907,-2.110479,111.003135,1,0.5,7.04
15908,-2.110479,111.006504,1,0.5,40.15
15909,-2.110479,111.009873,1,0.5,40.15
15910,-2.110479,111.013241,1,0.5,40.15
15911,-2.110479,111.063772,1,0.5,3.77
15912,-2.110479,111.06714,1,0.5,3.77
15913,-2.110479,111.070509,1,0.5,3.77
15914,-2.113848,110.342874,1,0.5,2.08
15915,-2.113848,110.346242,1,0.5,2.08
15916,-2.113848,110.470884,1,0.5,22.21
15917,-2.113848,110.474252,1,0.5,22.21
15918,-2.113848,110.477621,1,0.5,22.21
15919,-2.113848,110.528151,1,0.5,7.46
15920,-2.113848,110.53152,1,0.5,7.46
15921,-2.113848,110.534888,1,0.5,7.46
15922,-2.113848,110.730272,1,0.5,1.95
15923,-2.113848,110.733641,1,0.5,1.95
15924,-2.113848,110.737009,1,0.5,1.95
15925,-2.113848,110.794277,1,0.5,6.03
15926,-2.113848,110.797646,1,0.5,6.03
15927,-2.113848,110.801014,1,0.5,6.03
15928,-2.113848,110.804383,1,0.5,6.03
15929,-2.113848,110.83807,1,0.5,11.15
15930,-2.113848,110.841439,1,0.5,11.15
15931,-2.113848,110.844807,1,0.5,11.15
15932,-2.113848,110.878494,1,0.5,6.76
15933,-2.113848,110.881863,1,0.5,6.76
15934,-2.113848,110.885231,1,0.5,6.76
15935,-2.113848,110.932393,1,0.5,27.16
15936,-2.113848,110.935762,1,0.5,27.16
15937,-2.113848,110.93913,1,0.5,27.16
15938,-2.113848,110.986292,1,0.5,7.37
15939,-2.113848,110.989661,1,0.5,7.37
15940,-2.113848,110.993029,1,0.5,7.37
15941,-2.113848,110.996398,1,0.5,7.04
15942,-2.113848,110.999767,1,0.5,7.04
15943,-2.113848,111.003135,1,0.5,7.04
15944,-2.113848,111.006504,1,0.5,40.15
15945,-2.113848,111.009873,1,0.5,40.15
15946,-2.113848,111.013241,1,0.5,40.15
15947,-2.113848,111.063772,1,0.5,3.77
15948,-2.113848,111.06714,1,0.5,3.77
15949,-2.113848,111.070509,1,0.5,3.77
15950,-2.117217,110.336136,1,0.5,1.68
15951,-2.117217,110.339505,1,0.5,1.68
15952,-2.117217,110.342874,2,0.5,2.08
15953,-2.117217,110.346242,2,0.5,7.22
15954,-2.117217,110.349611,1,0.5,7.22
15955,-2.117217,110.35298,1,0.5,7.22
15956,-2.117217,110.467515,1,0.5,8.05
15957,-2.117217,110.470884,2,0.5,22.21
15958,-2.117217,110.474252,2,0.5,22.21
15959,-2.117217,110.477621,1,0.5,22.21
15960,-2.117217,110.83807,1,0.5,11.15
15961,-2.117217,110.841439,1,0.5,11.15
15962,-2.117217,110.844807,1,0.5,11.15
15963,-2.117217,110.878494,1,0.5,6.76
15964,-2.117217,110.881863,1,0.5,6.76
15965,-2.117217,110.885231,1,0.5,6.76
15966,-2.117217,110.932393,1,0.5,27.16
15967,-2.117217,110.935762,1,0.5,27.16
15968,-2.117217,110.93913,1,0.5,27.16
15969,-2.117217,110.972817,1,0.5,5.34
15970,-2.117217,110.976186,1,0.5,5.34
15971,-2.117217,110.979555,1,0.5,5.34
15972,-2.117217,110.986292,1,0.5,7.37
15973,-2.117217,110.989661,1,0.5,7.37
15974,-2.117217,110.993029,1,0.5,7.37
15975,-2.117217,110.996398,1,0.5,5.61
15976,-2.117217,110.999767,1,0.5,5.61
15977,-2.117217,111.003135,1,0.5,5.61
15978,-2.117217,111.006504,2,0.5,40.15
15979,-2.117217,111.009873,2,0.5,40.15
15980,-2.117217,111.013241,2,0.5,40.15
15981,-2.117217,111.063772,1,0.5,3.77
15982,-2.117217,111.06714,1,0.5,3.77
15983,-2.120586,110.278869,1,1.0,20.3
15984,-2.120586,110.282237,1,1.0,20.3
15985,-2.120586,110.285606,1,1.0,20.3
15986,-2.120586,110.288975,1,0.5,20.3
15987,-2.120586,110.336136,1,0.5,1.68
15988,-2.120586,110.339505,1,0.5,1.68
15989,-2.120586,110.342874,2,0.5,2.08
15990,-2.120586,110.346242,2,0.5,7.22
15991,-2.120586,110.349611,1,0.5,7.22
15992,-2.120586,110.35298,1,0.5,7.22
15993,-2.120586,110.467515,1,0.5,8.05
15994,-2.120586,110.470884,2,0.5,22.21
15995,-2.120586,110.474252,2,0.5,22.21
15996,-2.120586,110.477621,1,0.5,22.21
15997,-2.120586,110.753853,1,0.5,5.11
15998,-2.120586,110.757222,1,0.5,5.11
15999,-2.120586,110.76059,1,0.5,5.11
16000,-2.120586,110.777434,1,0.5,4.98
16001,-2.120586,110.780802,1,0.5,4.98
16002,-2.120586,110.784171,1,0.5,4.98
16003,-2.120586,110.78754,1,0.5,4.98
16004,-2.120586,110.790908,1,0.5,4.23
16005,-2.120586,110.848176,1,0.5,4.02
16006,-2.120586,110.851545,2,0.5,32.7
16007,-2.120586,110.854913,1,0.5,32.7
16008,-2.120586,110.858282,1,0.5,32.7
16009,-2.120586,110.878494,1,0.5,6.76
16010,-2.120586,110.881863,1,0.5,6.76
16011,-2.120586,110.885231,1,0.5,6.76
16012,-2.120586,110.932393,1,0.5,27.16
16013,-2.120586,110.935762,1,0.5,27.16
16014,-2.120586,110.93913,1,0.5,27.16
16015,-2.120586,110.972817,1,0.5,5.34
16016,-2.120586,110.976186,1,0.5,5.34
16017,-2.120586,110.979555,1,0.5,5.34
16018,-2.120586,110.986292,1,0.5,7.37
16019,-2.120586,110.989661,1,0.5,7.37
16020,-2.120586,110.993029,1,0.5,7.37
16021,-2.120586,110.996398,1,0.5,5.61
16022,-2.120586,110.999767,1,0.5,5.61
16023,-2.120586,111.003135,1,0.5,5.61
16024,-2.120586,111.006504,1,0.5,2.55
16025,-2.120586,111.009873,1,0.5,2.55
16026,-2.120586,111.013241,1,0.5,2.55
16027,-2.123954,110.278869,1,1.0,20.3
16028,-2.123954,110.282237,1,1.0,20.3
16029,-2.123954,110.285606,1,1.0,20.3
16030,-2.123954,110.288975,1,0.5,20.3
16031,-2.123954,110.346242,1,0.5,7.22
16032,-2.123954,110.349611,1,0.5,7.22
16033,-2.123954,110.35298,1,0.5,7.22
16034,-2.123954,110.457409,1,0.5,5.3
16035,-2.123954,110.460777,1,0.5,4.58
16036,-2.123954,110.464146,1,0.5,4.58
16037,-2.123954,110.467515,1,0.5,4.58
16038,-2.123954,110.470884,1,0.5,4.58
16039,-2.123954,110.753853,1,0.5,5.11
16040,-2.123954,110.757222,1,0.5,5.11
16041,-2.123954,110.76059,1,0.5,5.11
16042,-2.123954,110.777434,1,0.5,4.98
16043,-2.123954,110.780802,1,0.5,4.98
16044,-2.123954,110.784171,1,0.5,4.98
16045,-2.123954,110.78754,1,0.5,4.98
16046,-2.123954,110.790908,1,0.5,4.23
16047,-2.123954,110.848176,1,0.5,4.02
16048,-2.123954,110.851545,2,0.5,32.7
16049,-2.123954,110.854913,1,0.5,32.7
16050,-2.123954,110.858282,1,0.5,32.7
16051,-2.123954,110.972817,1,0.5,5.34
16052,-2.123954,110.976186,1,0.5,5.34
16053,-2.123954,110.979555,1,0.5,5.34
16054,-2.123954,110.996398,1,0.5,5.61
16055,-2.123954,110.999767,1,0.5,5.61
16056,-2.123954,111.003135,1,0.5,5.61
16057,-2.123954,111.01661,1,0.5,5.55
16058,-2.123954,111.019979,1,0.5,5.55
16059,-2.123954,111.023347,1,0.5,5.55
16060,-2.127323,110.2755,1,0.5,4.79
16061,-2.127323,110.278869,1,0.5,4.79
16062,-2.127323,110.282237,2,0.75,20.3
16063,-2.127323,110.285606,2,0.75,20.3
16064,-2.127323,110.288975,1,1.0,20.3
16065,-2.127323,110.292343,1,0.5,20.3
16066,-2.127323,110.413616,1,0.5,6.91
16067,-2.127323,110.416985,1,0.5,6.91
16068,-2.127323,110.420353,1,0.5,6.91
16069,-2.127323,110.457409,1,0.5,5.3
16070,-2.127323,110.460777,1,0.5,4.58
16071,-2.127323,110.464146,1,0.5,4.58
16072,-2.127323,110.467515,1,0.5,76.69
16073,-2.127323,110.470884,1,0.5,76.69
16074,-2.127323,110.474252,1,0.5,76.69
16075,-2.127323,110.477621,1,0.5,7.13
16076,-2.127323,110.753853,1,0.5,5.11
16077,-2.127323,110.757222,1,0.5,5.11
16078,-2.127323,110.76059,1,0.5,5.11
16079,-2.127323,110.777434,1,0.5,4.98
16080,-2.127323,110.780802,1,0.5,4.98
16081,-2.127323,110.784171,1,0.5,4.98
16082,-2.127323,110.78754,1,0.5,4.98
16083,-2.127323,110.790908,1,0.5,4.23
16084,-2.127323,110.851545,1,0.5,32.7
16085,-2.127323,110.854913,1,0.5,32.7
16086,-2.127323,110.858282,1,0.5,32.7
16087,-2.127323,110.989661,1,0.5,6.62
16088,-2.127323,110.993029,1,0.5,6.62
16089,-2.127323,110.996398,2,0.5,6.62
16090,-2.127323,110.999767,1,0.5,1.52
16091,-2.127323,111.003135,1,0.5,1.52
16092,-2.127323,111.01661,1,0.5,5.55
16093,-2.127323,111.019979,1,0.5,5.55
16094,-2.127323,111.023347,1,0.5,5.55
16095,-2.130692,110.272131,1,0.5,3.01
16096,-2.130692,110.2755,1,0.5,4.79
16097,-2.130692,110.278869,1,0.5,4.79
16098,-2.130692,110.282237,1,0.5,3.21
16099,-2.130692,110.285606,1,0.5,3.21
16100,-2.130692,110.413616,1,0.5,6.91
16101,-2.130692,110.416985,1,0.5,6.91
16102,-2.130692,110.420353,1,0.5,6.91
16103,-2.130692,110.45404,1,0.5,15.38
16104,-2.130692,110.457409,1,0.5,15.38
16105,-2.130692,110.460777,1,0.5,15.38
16106,-2.130692,110.464146,1,0.5,15.38
16107,-2.130692,110.467515,1,0.5,76.69
16108,-2.130692,110.470884,1,0.5,76.69
16109,-2.130692,110.474252,1,0.5,76.69
16110,-2.130692,110.477621,1,0.5,7.13
16111,-2.130692,110.989661,1,0.5,6.62
16112,-2.130692,110.993029,1,0.5,6.62
16113,-2.130692,110.996398,2,0.5,6.62
16114,-2.130692,110.999767,1,0.5,1.52
16115,-2.130692,111.003135,1,0.5,1.52
16116,-2.130692,111.01661,1,0.5,5.55
16117,-2.130692,111.019979,1,0.5,5.55
16118,-2.130692,111.023347,1,0.5,5.55
16119,-2.13406,110.272131,1,0.5,3.01
16120,-2.13406,110.2755,1,0.5,4.79
16121,-2.13406,110.278869,1,0.5,4.79
16122,-2.13406,110.282237,1,0.5,3.21
16123,-2.13406,110.285606,1,0.5,3.21
16124,-2.13406,110.45404,2,0.5,15.38
16125,-2.13406,110.457409,2,0.5,15.38
16126,-2.13406,110.460777,2,0.5,76.69
16127,-2.13406,110.464146,2,0.5,76.69
16128,-2.13406,110.467515,1,0.5,76.69
16129,-2.13406,110.470884,1,0.5,76.69
16130,-2.13406,110.474252,1,0.5,76.69
16131,-2.13406,110.477621,1,0.5,7.13
16132,-2.13406,110.902075,1,0.5,7.01
16133,-2.13406,110.905444,1,0.5,7.01
16134,-2.13406,110.908812,1,0.5,7.01
16135,-2.13406,110.982923,1,0.5,2.03
16136,-2.13406,110.986292,1,0.5,2.03
16137,-2.13406,110.989661,2,0.5,6.62
16138,-2.13406,110.993029,1,0.5,6.62
16139,-2.13406,110.996398,1,0.5,6.62
16140,-2.137429,110.272131,1,0.5,3.01
16141,-2.137429,110.2755,1,0.5,3.01
16142,-2.137429,110.278869,1,0.5,3.01
16143,-2.137429,110.282237,1,0.5,3.21
16144,-2.137429,110.285606,1,0.5,3.21
16145,-2.137429,110.45404,2,0.5,15.38
16146,-2.137429,110.457409,2,0.5,15.38
16147,-2.137429,110.460777,2,0.5,76.69
16148,-2.137429,110.464146,2,0.5,76.69
16149,-2.137429,110.467515,1,0.5,76.69
16150,-2.137429,110.470884,1,0.5,76.69
16151,-2.137429,110.474252,1,0.5,76.69
16152,-2.137429,110.898706,1,0.5,8.5
16153,-2.137429,110.902075,1,0.5,8.5
16154,-2.137429,110.905444,1,0.5,8.5
16155,-2.137429,110.908812,1,0.5,7.01
16156,-2.137429,110.982923,1,0.5,2.03
16157,-2.137429,110.986292,1,0.5,2.03
16158,-2.137429,110.989661,1,0.5,2.03
16159,-2.140798,110.45404,1,0.5,4.81
16160,-2.140798,110.457409,2,0.5,15.38
16161,-2.140798,110.460777,2,0.5,76.69
16162,-2.140798,110.464146,2,0.5,76.69
16163,-2.140798,110.467515,1,0.5,76.69
16164,-2.140798,110.470884,1,0.5,76.69
16165,-2.140798,110.474252,1,0.5,76.69
16166,-2.140798,110.686479,1,0.5,1.93
16167,-2.140798,110.689848,1,0.5,1.93
16168,-2.140798,110.693217,1,0.5,1.93
16169,-2.140798,110.83807,1,0.5,2.94
16170,-2.140798,110.841439,1,0.5,2.94
16171,-2.140798,110.898706,1,0.5,8.5
16172,-2.140798,110.902075,1,0.5,8.5
16173,-2.140798,110.905444,1,0.5,8.5
16174,-2.140798,110.908812,1,0.5,7.01
16175,-2.144166,110.262025,1,0.5,1.04
16176,-2.144166,110.265394,1,0.5,1.04
16177,-2.144166,110.268763,1,0.5,1.04
16178,-2.144166,110.467515,1,0.5,3.79
16179,-2.144166,110.470884,1,0.5,3.79
16180,-2.144166,110.474252,1,0.5,3.79
16181,-2.144166,110.686479,1,0.5,1.93
16182,-2.144166,110.689848,1,0.5,1.93
16183,-2.144166,110.693217,1,0.5,1.93
16184,-2.144166,110.814489,1,1.0,8.93
16185,-2.144166,110.817858,1,1.0,8.93
16186,-2.144166,110.821226,1,1.0,8.93
16187,-2.144166,110.83807,1,0.5,2.94
16188,-2.144166,110.841439,1,0.5,2.94
16189,-2.144166,110.871757,1,0.5,5.47
16190,-2.144166,110.875125,1,0.5,5.47
16191,-2.144166,110.878494,1,0.5,5.47
16192,-2.144166,110.898706,1,0.5,8.5
16193,-2.144166,110.902075,1,0.5,8.5
16194,-2.144166,110.905444,1,0.5,8.5
16195,-2.144166,110.922287,1,0.5,6.63
16196,-2.144166,110.925656,2,0.5,6.63
16197,-2.144166,110.929024,2,0.5,6.63
16198,-2.144166,110.932393,2,0.5,40.17
16199,-2.144166,110.935762,1,0.5,40.17
16200,-2.144166,110.93913,1,0.5,40.17
16201,-2.144166,111.050297,1,0.5,2.5
16202,-2.144166,111.053666,1,0.5,2.5
16203,-2.144166,111.057034,1,0.5,2.5
16204,-2.147535,110.123909,1,0.5,0.7
16205,-2.147535,110.127278,1,0.5,0.7
16206,-2.147535,110.262025,1,0.5,1.04
16207,-2.147535,110.265394,1,0.5,1.04
16208,-2.147535,110.268763,1,0.5,1.04
16209,-2.147535,110.440565,1,0.5,3.73
16210,-2.147535,110.443934,1,0.5,3.73
16211,-2.147535,110.447303,1,0.5,3.73
16212,-2.147535,110.467515,1,0.5,3.79
16213,-2.147535,110.470884,1,0.5,3.79
16214,-2.147535,110.474252,1,0.5,3.79
16215,-2.147535,110.814489,1,1.0,8.93
16216,-2.147535,110.817858,1,1.0,8.93
16217,-2.147535,110.821226,1,1.0,8.93
16218,-2.147535,110.865019,1,0.5,9.33
16219,-2.147535,110.868388,1,0.5,19.14
16220,-2.147535,110.871757,2,0.5,19.14
16221,-2.147535,110.875125,2,0.5,19.14
16222,-2.147535,110.878494,1,0.5,5.47
16223,-2.147535,110.885231,1,0.5,8.54
16224,-2.147535,110.8886,1,0.5,8.54
16225,-2.147535,110.912181,1,0.5,8.2
16226,-2.147535,110.91555,1,0.5,8.2
16227,-2.147535,110.918918,1,0.5,8.2
16228,-2.147535,110.922287,1,0.5,6.63
16229,-2.147535,110.925656,2,0.5,6.63
16230,-2.147535,110.929024,2,0.5,6.63
16231,-2.147535,110.932393,3,0.5,40.17
16232,-2.147535,110.935762,2,0.5,40.17
16233,-2.147535,110.93913,2,0.5,40.17
16234,-2.147535,111.050297,1,0.5,2.5
16235,-2.147535,111.053666,1,0.5,2.5
16236,-2.150904,110.120541,1,0.5,0.99
16237,-2.150904,110.123909,1,0.5,0.7
16238,-2.150904,110.127278,1,0.5,0.7
16239,-2.150904,110.262025,1,0.5,1.04
16240,-2.150904,110.265394,1,0.5,1.04
16241,-2.150904,110.268763,1,0.5,1.04
16242,-2.150904,110.440565,1,0.5,3.73
16243,-2.150904,110.443934,1,0.5,3.73
16244,-2.150904,110.447303,1,0.5,3.73
16245,-2.150904,110.45404,1,0.5,11.82
16246,-2.150904,110.457409,1,0.5,11.82
16247,-2.150904,110.460777,1,0.5,11.82
16248,-2.150904,110.467515,1,0.5,3.79
16249,-2.150904,110.470884,1,0.5,3.79
16250,-2.150904,110.474252,1,0.5,3.79
16251,-2.150904,110.814489,1,1.0,8.93
16252,-2.150904,110.817858,1,1.0,8.93
16253,-2.150904,110.821226,1,1.0,8.93
16254,-2.150904,110.83807,1,0.5,23.53
16255,-2.150904,110.841439,1,0.5,23.53
16256,-2.150904,110.865019,1,0.5,9.33
16257,-2.150904,110.868388,1,0.5,19.14
16258,-2.150904,110.871757,2,0.5,19.14
16259,-2.150904,110.875125,2,0.5,19.14
16260,-2.150904,110.878494,1,0.5,5.47
16261,-2.150904,110.885231,1,0.5,8.54
16262,-2.150904,110.8886,1,0.5,8.54
16263,-2.150904,110.912181,1,0.5,8.2
16264,-2.150904,110.91555,2,0.5,8.2
16265,-2.150904,110.918918,2,0.5,8.2
16266,-2.150904,110.922287,1,0.5,6.63
16267,-2.150904,110.925656,2,0.5,6.63
16268,-2.150904,110.929024,2,0.5,6.63
16269,-2.150904,110.932393,3,0.5,40.17
16270,-2.150904,110.935762,2,0.5,40.17
16271,-2.150904,110.93913,2,0.5,40.17
16272,-2.150904,111.050297,1,0.5,2.5
16273,-2.154272,110.120541,1,0.5,0.99
16274,-2.154272,110.123909,1,0.5,0.7
16275,-2.154272,110.127278,1,0.5,0.7
16276,-2.154272,110.440565,1,0.5,3.73
16277,-2.154272,110.443934,1,0.5,3.73
16278,-2.154272,110.447303,1,0.5,3.73
16279,-2.154272,110.45404,1,0.5,11.82
16280,-2.154272,110.457409,1,0.5,11.82
16281,-2.154272,110.460777,1,0.5,11.82
16282,-2.154272,110.470884,1,0.5,11.68
16283,-2.154272,110.474252,1,0.5,11.68
16284,-2.154272,110.477621,1,0.5,11.68
16285,-2.154272,110.83807,1,0.5,23.53
16286,-2.154272,110.841439,1,0.5,23.53
16287,-2.154272,110.865019,1,0.5,9.33
16288,-2.154272,110.868388,1,0.5,9.33
16289,-2.154272,110.912181,1,0.5,8.2
16290,-2.154272,110.91555,2,0.5,8.2
16291,-2.154272,110.918918,3,0.5,8.2
16292,-2.154272,110.922287,1,0.5,5.9
16293,-2.154272,110.925656,1,0.5,5.9
16294,-2.154272,110.932393,2,0.5,2.76
16295,-2.154272,110.935762,2,0.5,2.76
16296,-2.154272,110.93913,2,0.5,2.76
16297,-2.157641,110.120541,1,0.5,0.99
16298,-2.157641,110.123909,1,0.5,0.7
16299,-2.157641,110.127278,1,0.5,0.7
16300,-2.157641,110.45404,1,0.5,11.82
16301,-2.157641,110.457409,1,0.5,11.82
16302,-2.157641,110.460777,1,0.5,11.82
16303,-2.157641,110.470884,1,0.5,11.68
16304,-2.157641,110.474252,1,0.5,11.68
16305,-2.157641,110.477621,1,0.5,11.68
16306,-2.157641,110.83807,1,0.5,23.53
16307,-2.157641,110.841439,1,0.5,23.53
16308,-2.157641,110.848176,2,1.0,74.05
16309,-2.157641,110.851545,2,1.0,74.05
16310,-2.157641,110.854913,2,1.0,74.05
16311,-2.157641,110.91555,1,0.5,4.94
16312,-2.157641,110.918918,1,0.5,4.94
16313,-2.157641,110.922287,2,0.5,5.9
16314,-2.157641,110.925656,1,0.5,5.9
16315,-2.157641,110.929024,1,0.5,5.9
16316,-2.157641,110.935762,1,0.5,2.75
16317,-2.157641,110.93913,1,0.5,2.75
16318,-2.157641,110.942499,1,0.5,2.75
16319,-2.16101,110.804383,1,0.5,16.49
16320,-2.16101,110.807752,1,0.5,16.49
16321,-2.16101,110.851545,2,1.0,74.05
16322,-2.16101,110.854913,2,1.0,74.05
16323,-2.16101,110.858282,2,1.0,74.05
16324,-2.16101,110.922287,1,0.5,5.9
16325,-2.16101,110.925656,1,0.5,5.9
16326,-2.16101,110.929024,1,0.5,5.9
16327,-2.16101,110.935762,1,0.5,2.75
16328,-2.16101,110.93913,1,0.5,2.75
16329,-2.16101,110.942499,1,0.5,2.75
16330,-2.164378,110.410247,1,0.5,9.68
16331,-2.164378,110.413616,1,0.5,9.68
16332,-2.164378,110.416985,1,0.5,9.68
16333,-2.164378,110.497833,1,0.5,0.69
16334,-2.164378,110.501202,1,0.5,0.69
16335,-2.164378,110.50457,1,0.5,0.69
16336,-2.164378,110.794277,1,0.5,16.9
16337,-2.164378,110.797646,1,0.5,16.9
16338,-2.164378,110.801014,1,0.5,16.9
16339,-2.164378,110.804383,1,0.5,16.49
16340,-2.164378,110.807752,1,0.5,16.49
16341,-2.164378,110.827964,1,0.5,2.63
16342,-2.164378,110.831333,2,0.5,3.75
16343,-2.164378,110.834701,2,0.5,3.75
16344,-2.164378,110.83807,1,0.5,3.75
16345,-2.164378,110.851545,2,1.0,74.05
16346,-2.164378,110.854913,2,1.0,74.05
16347,-2.164378,110.858282,2,1.0,74.05
16348,-2.164378,110.942499,1,1.0,12.44
16349,-2.164378,110.945868,1,1.0,12.44
16350,-2.164378,110.949236,1,1.0,12.44
16351,-2.164378,110.996398,1,0.5,2.89
16352,-2.164378,110.999767,1,0.5,2.89
16353,-2.164378,111.003135,1,0.5,2.89
16354,-2.167747,110.410247,1,0.5,9.68
16355,-2.167747,110.413616,1,0.5,9.68
16356,-2.167747,110.416985,1,0.5,9.68
16357,-2.167747,110.430459,1,0.5,4.83
16358,-2.167747,110.433828,1,0.5,4.83
16359,-2.167747,110.437197,1,0.5,4.83
16360,-2.167747,110.470884,1,0.5,3.48
16361,-2.167747,110.474252,1,0.5,3.48
16362,-2.167747,110.477621,1,0.5,3.48
16363,-2.167747,110.497833,1,0.5,0.69
16364,-2.167747,110.501202,1,0.5,0.69
16365,-2.167747,110.50457,1,0.5,0.69
16366,-2.167747,110.76059,1,0.5,2.17
16367,-2.167747,110.763959,1,0.5,2.17
16368,-2.167747,110.794277,1,0.5,16.9
16369,-2.167747,110.797646,1,0.5,16.9
16370,-2.167747,110.801014,1,0.5,16.9
16371,-2.167747,110.804383,1,0.5,16.49
16372,-2.167747,110.807752,1,0.5,16.49
16373,-2.167747,110.827964,1,0.5,2.63
16374,-2.167747,110.831333,2,0.5,3.75
16375,-2.167747,110.834701,2,0.5,4.65
16376,-2.167747,110.83807,1,0.5,4.65
16377,-2.167747,110.841439,1,0.5,4.65
16378,-2.167747,110.942499,1,1.0,12.44
16379,-2.167747,110.945868,1,1.0,12.44
16380,-2.167747,110.949236,1,1.0,12.44
16381,-2.167747,110.952605,1,0.5,11.68
16382,-2.167747,110.996398,1,0.5,2.89
16383,-2.167747,110.999767,1,0.5,2.89
16384,-2.167747,111.003135,1,0.5,2.89
16385,-2.167747,111.026716,1,0.5,10.12
16386,-2.167747,111.030085,1,0.5,10.12
16387,-2.167747,111.033453,1,0.5,10.12
16388,-2.171116,110.413616,1,0.5,9.68
16389,-2.171116,110.416985,1,0.5,9.68
16390,-2.171116,110.420353,1,0.5,9.68
16391,-2.171116,110.433828,1,0.5,4.83
16392,-2.171116,110.437197,1,0.5,4.83
16393,-2.171116,110.440565,1,0.5,4.83
16394,-2.171116,110.474252,2,0.5,3.48
16395,-2.171116,110.477621,2,0.5,3.48
16396,-2.171116,110.48099,1,0.5,3.48
16397,-2.171116,110.501202,1,0.5,0.69
16398,-2.171116,110.50457,1,0.5,0.69
16399,-2.171116,110.507939,1,0.5,0.69
16400,-2.171116,110.76059,1,0.5,2.17
16401,-2.171116,110.763959,1,0.5,2.17
16402,-2.171116,110.794277,1,0.5,16.9
16403,-2.171116,110.797646,1,0.5,16.9
16404,-2.171116,110.801014,1,0.5,16.9
16405,-2.171116,110.827964,1,0.5,2.63
16406,-2.171116,110.831333,2,0.5,3.75
16407,-2.171116,110.834701,2,0.5,4.65
16408,-2.171116,110.83807,1,0.5,4.65
16409,-2.171116,110.841439,1,0.5,4.65
16410,-2.171116,110.8886,1,0.5,9.91
16411,-2.171116,110.891969,1,0.5,9.91
16412,-2.171116,110.895337,1,0.5,9.91
16413,-2.171116,110.942499,1,1.0,12.44
16414,-2.171116,110.945868,1,1.0,12.44
16415,-2.171116,110.949236,1,1.0,12.44
16416,-2.171116,110.952605,1,0.5,11.68
16417,-2.171116,110.996398,1,0.5,2.89
16418,-2.171116,110.999767,1,0.5,2.89
16419,-2.171116,111.003135,1,0.5,2.89
16420,-2.171116,111.026716,1,0.5,10.12
16421,-2.171116,111.030085,1,0.5,10.12
16422,-2.171116,111.033453,1,0.5,10.12
16423,-2.174484,110.433828,1,0.5,4.83
16424,-2.174484,110.437197,1,0.5,4.83
16425,-2.174484,110.440565,1,0.5,4.83
16426,-2.174484,110.474252,2,0.5,3.48
16427,-2.174484,110.477621,2,0.5,3.48
16428,-2.174484,110.48099,1,0.5,3.48
16429,-2.174484,110.831333,1,0.5,3.75
16430,-2.174484,110.834701,1,0.5,4.65
16431,-2.174484,110.83807,1,0.5,4.65
16432,-2.174484,110.841439,1,0.5,4.65
16433,-2.174484,110.8886,1,0.5,9.91
16434,-2.174484,110.891969,1,0.5,9.91
16435,-2.174484,110.895337,1,0.5,9.91
16436,-2.174484,110.942499,1,1.0,12.44
16437,-2.174484,110.945868,1,1.0,12.44
16438,-2.174484,110.949236,1,1.0,12.44
16439,-2.174484,110.952605,1,0.5,11.68
16440,-2.174484,111.026716,1,0.5,10.12
16441,-2.174484,111.030085,1,0.5,10.12
16442,-2.174484,111.033453,1,0.5,10.12
16443,-2.177853,110.474252,2,0.5,3.48
16444,-2.177853,110.477621,2,0.5,3.48
16445,-2.177853,110.48099,1,0.5,3.48
16446,-2.177853,110.575313,1,0.5,8.62
16447,-2.177853,110.578681,1,0.5,8.62
16448,-2.177853,110.58205,1,0.5,8.62
16449,-2.177853,110.743747,1,0.5,8.3
16450,-2.177853,110.747115,1,0.5,8.3
16451,-2.177853,110.750484,1,0.5,8.3
16452,-2.177853,110.8886,1,0.5,9.91
16453,-2.177853,110.891969,1,0.5,9.91
16454,-2.177853,110.895337,1,0.5,9.91
16455,-2.177853,110.942499,1,0.5,7.65
16456,-2.177853,110.945868,1,0.5,7.65
16457,-2.177853,110.949236,1,0.5,7.65
16458,-2.177853,111.003135,1,0.5,8.78
16459,-2.177853,111.006504,1,0.5,8.78
16460,-2.177853,111.009873,1,0.5,8.78
16461,-2.181222,110.336136,1,0.5,0.55
16462,-2.181222,110.339505,1,0.5,0.55
16463,-2.181222,110.342874,1,0.5,0.55
16464,-2.181222,110.575313,1,0.5,8.62
16465,-2.181222,110.578681,1,0.5,8.62
16466,-2.181222,110.58205,1,0.5,8.62
16467,-2.181222,110.743747,1,0.5,8.3
16468,-2.181222,110.747115,1,0.5,8.3
16469,-2.181222,110.750484,1,0.5,8.3
16470,-2.181222,110.790908,1,0.5,3.18
16471,-2.181222,110.794277,1,0.5,3.18
16472,-2.181222,110.797646,1,0.5,3.18
16473,-2.181222,110.935762,1,0.5,5.91
16474,-2.181222,110.93913,1,0.5,5.91
16475,-2.181222,110.942499,1,0.5,5.91
16476,-2.181222,111.003135,1,0.5,8.78
16477,-2.181222,111.006504,1,0.5,8.78
16478,-2.181222,111.009873,1,0.5,8.78
16479,-2.18459,110.312555,1,0.5,6.2
16480,-2.18459,110.315924,1,0.5,6.2
16481,-2.18459,110.319293,1,0.5,6.2
16482,-2.18459,110.336136,1,0.5,0.55
16483,-2.18459,110.339505,1,0.5,0.55
16484,-2.18459,110.342874,1,0.5,0.55
16485,-2.18459,110.575313,1,0.5,8.62
16486,-2.18459,110.578681,1,0.5,8.62
16487,-2.18459,110.58205,1,0.5,8.62
16488,-2.18459,110.743747,1,0.5,8.3
16489,-2.18459,110.747115,1,0.5,8.3
16490,-2.18459,110.750484,1,0.5,8.3
16491,-2.18459,110.790908,1,0.5,3.18
16492,-2.18459,110.794277,1,0.5,3.18
16493,-2.18459,110.797646,1,0.5,3.18
16494,-2.18459,110.827964,1,0.5,11.14
16495,-2.18459,110.831333,1,0.5,11.14
16496,-2.18459,110.834701,1,0.5,11.14
16497,-2.18459,110.83807,1,0.5,11.14
16498,-2.18459,110.844807,1,1.0,9.25
16499,-2.18459,110.848176,1,1.0,9.25
16500,-2.18459,110.895337,1,0.5,7.37
16501,-2.18459,110.898706,1,0.5,7.37
16502,-2.18459,110.902075,1,0.5,7.37
16503,-2.18459,110.935762,1,0.5,5.91
16504,-2.18459,110.93913,1,0.5,5.91
16505,-2.18459,110.942499,1,0.5,5.91
16506,-2.18459,111.003135,1,0.5,8.78
16507,-2.18459,111.006504,1,0.5,8.78
16508,-2.18459,111.009873,1,0.5,8.78
16509,-2.18459,111.023347,1,0.5,21.74
16510,-2.18459,111.026716,1,0.5,21.74
16511,-2.18459,111.030085,1,0.5,21.74
16512,-2.18459,111.033453,1,0.5,21.74
16513,-2.18459,111.036822,1,0.5,21.74
16514,-2.187959,110.312555,1,0.5,6.2
16515,-2.187959,110.315924,1,0.5,6.2
16516,-2.187959,110.319293,1,0.5,6.2
16517,-2.187959,110.336136,1,0.5,0.55
16518,-2.187959,110.339505,1,0.5,0.55
16519,-2.187959,110.342874,1,0.5,0.55
16520,-2.187959,110.790908,1,0.5,3.18
16521,-2.187959,110.794277,1,0.5,3.18
16522,-2.187959,110.797646,1,0.5,3.18
16523,-2.187959,110.827964,1,0.5,11.14
16524,-2.187959,110.831333,1,1.0,15.51
16525,-2.187959,110.834701,1,1.0,15.51
16526,-2.187959,110.83807,1,1.0,15.51
16527,-2.187959,110.844807,1,1.0,10.34
16528,-2.187959,110.848176,1,1.0,10.34
16529,-2.187959,110.851545,1,1.0,10.34
16530,-2.187959,110.895337,1,0.5,7.37
16531,-2.187959,110.898706,1,0.5,7.37
16532,-2.187959,110.902075,1,0.5,7.37
16533,-2.187959,110.935762,1,0.5,5.91
16534,-2.187959,110.93913,1,0.5,5.91
16535,-2.187959,110.942499,1,0.5,5.91
16536,-2.187959,111.023347,1,0.5,21.74
16537,-2.187959,111.026716,1,0.5,21.74
16538,-2.187959,111.030085,1,0.5,21.74
16539,-2.187959,111.033453,1,0.5,21.74
16540,-2.187959,111.036822,2,0.5,21.74
16541,-2.187959,111.040191,1,0.5,10.62
16542,-2.187959,111.04356,1,0.5,10.62
16543,-2.191328,110.312555,1,0.5,6.2
16544,-2.191328,110.315924,1,0.5,6.2
16545,-2.191328,110.319293,1,0.5,6.2
16546,-2.191328,110.790908,1,0.5,3.18
16547,-2.191328,110.794277,1,0.5,3.18
16548,-2.191328,110.797646,1,0.5,3.18
16549,-2.191328,110.827964,1,0.5,11.14
16550,-2.191328,110.831333,1,1.0,15.51
16551,-2.191328,110.834701,1,1.0,15.51
16552,-2.191328,110.83807,1,1.0,15.51
16553,-2.191328,110.844807,1,1.0,10.34
16554,-2.191328,110.848176,1,1.0,10.34
16555,-2.191328,110.851545,1,1.0,10.34
16556,-2.191328,110.881863,1,0.5,16.99
16557,-2.191328,110.885231,1,0.5,16.99
16558,-2.191328,110.8886,1,0.5,16.99
16559,-2.191328,110.895337,1,0.5,7.37
16560,-2.191328,110.898706,1,0.5,7.37
16561,-2.191328,110.902075,1,0.5,7.37
16562,-2.191328,110.912181,1,0.5,6.96
16563,-2.191328,110.91555,1,0.5,6.96
16564,-2.191328,110.986292,1,0.5,5.39
16565,-2.191328,110.989661,1,0.5,5.39
16566,-2.191328,111.023347,1,0.5,21.74
16567,-2.191328,111.026716,1,0.5,21.74
16568,-2.191328,111.030085,1,0.5,21.74
16569,-2.191328,111.033453,1,0.5,21.74
16570,-2.191328,111.036822,2,0.5,21.74
16571,-2.191328,111.040191,1,0.5,10.62
16572,-2.194697,110.737009,1,0.5,25.32
16573,-2.194697,110.740378,1,0.5,25.32
16574,-2.194697,110.743747,1,0.5,25.32
16575,-2.194697,110.821226,1,0.5,3.42
16576,-2.194697,110.824595,1,0.5,3.42
16577,-2.194697,110.827964,1,0.5,3.42
16578,-2.194697,110.831333,1,1.0,15.51
16579,-2.194697,110.834701,1,1.0,15.51
16580,-2.194697,110.83807,1,1.0,15.51
16581,-2.194697,110.841439,1,0.5,6.4
16582,-2.194697,110.844807,2,0.75,10.34
16583,-2.194697,110.848176,1,1.0,10.34
16584,-2.194697,110.851545,1,1.0,10.34
16585,-2.194697,110.881863,1,0.5,16.99
16586,-2.194697,110.885231,1,0.5,16.99
16587,-2.194697,110.8886,2,0.5,16.99
16588,-2.194697,110.891969,1,0.5,8.84
16589,-2.194697,110.895337,1,0.5,8.84
16590,-2.194697,110.898706,1,0.5,8.84
16591,-2.194697,110.912181,1,0.5,6.96
16592,-2.194697,110.91555,1,0.5,6.96
16593,-2.194697,110.986292,1,0.5,5.39
16594,-2.194697,110.989661,1,0.5,5.39
16595,-2.194697,110.993029,1,0.5,3.98
16596,-2.194697,110.996398,1,0.5,3.98
16597,-2.194697,110.999767,1,0.5,3.98
16598,-2.194697,111.023347,1,0.5,21.74
16599,-2.194697,111.026716,1,0.5,21.74
16600,-2.194697,111.030085,1,0.5,21.74
16601,-2.194697,111.033453,1,0.5,21.74
16602,-2.194697,111.036822,2,0.5,21.74
16603,-2.194697,111.040191,1,0.5,10.62
16604,-2.198065,110.720166,1,0.5,9.84
16605,-2.198065,110.723535,1,0.5,9.84
16606,-2.198065,110.726903,1,0.5,9.84
16607,-2.198065,110.737009,2,0.5,25.32
16608,-2.198065,110.740378,3,0.67,25.32
16609,-2.198065,110.743747,3,0.67,25.32
16610,-2.198065,110.821226,1,0.5,3.42
16611,-2.198065,110.824595,1,0.5,3.42
16612,-2.198065,110.827964,1,0.5,3.42
16613,-2.198065,110.834701,1,0.5,3.05
16614,-2.198065,110.83807,1,0.5,3.05
16615,-2.198065,110.841439,2,0.5,6.4
16616,-2.198065,110.844807,1,0.5,6.4
16617,-2.198065,110.881863,1,0.5,16.99
16618,-2.198065,110.885231,1,0.5,16.99
16619,-2.198065,110.8886,2,0.5,16.99
16620,-2.198065,110.891969,1,0.5,8.84
16621,-2.198065,110.895337,1,0.5,8.84
16622,-2.198065,110.898706,1,0.5,8.84
16623,-2.198065,110.912181,1,0.5,6.96
16624,-2.198065,110.91555,1,0.5,6.96
16625,-2.198065,110.986292,1,0.5,5.39
16626,-2.198065,110.989661,2,0.5,13.59
16627,-2.198065,110.993029,1,0.5,13.59
16628,-2.198065,110.996398,1,0.5,13.59
16629,-2.198065,110.999767,1,0.5,8.4
16630,-2.201434,110.720166,1,0.5,9.84
16631,-2.201434,110.723535,1,0.5,9.84
16632,-2.201434,110.726903,1,0.5,9.84
16633,-2.201434,110.730272,1,0.5,8.52
16634,-2.201434,110.737009,3,0.67,25.32
16635,-2.201434,110.740378,3,0.67,25.32
16636,-2.201434,110.743747,4,0.62,25.32
16637,-2.201434,110.747115,2,0.5,11.03
16638,-2.201434,110.750484,1,0.5,2.61
16639,-2.201434,110.821226,1,0.5,3.42
16640,-2.201434,110.824595,1,0.5,3.42
16641,-2.201434,110.827964,1,0.5,3.42
16642,-2.201434,110.834701,1,0.5,3.05
16643,-2.201434,110.83807,1,0.5,3.05
16644,-2.201434,110.841439,1,0.5,3.05
16645,-2.201434,110.861651,1,0.5,1.82
16646,-2.201434,110.865019,1,0.5,1.82
16647,-2.201434,110.868388,1,0.5,1.82
16648,-2.201434,110.878494,1,0.5,30.42
16649,-2.201434,110.881863,1,0.5,30.42
16650,-2.201434,110.885231,1,0.5,30.42
16651,-2.201434,110.8886,1,0.5,8.84
16652,-2.201434,110.891969,1,0.5,8.84
16653,-2.201434,110.895337,1,0.5,8.84
16654,-2.201434,110.989661,1,0.5,13.59
16655,-2.201434,110.993029,1,0.5,13.59
16656,-2.201434,110.996398,1,0.5,13.59
16657,-2.201434,110.999767,1,0.5,13.59
16658,-2.201434,111.003135,1,0.5,8.4
16659,-2.204803,110.625843,1,0.5,6.63
16660,-2.204803,110.629212,1,0.5,6.63
16661,-2.204803,110.720166,1,0.5,9.84
16662,-2.204803,110.723535,1,0.5,9.84
16663,-2.204803,110.726903,1,0.5,9.84
16664,-2.204803,110.730272,1,0.5,8.52
16665,-2.204803,110.737009,4,0.62,25.32
16666,-2.204803,110.740378,5,0.6,25.32
16667,-2.204803,110.743747,6,0.58,25.32
16668,-2.204803,110.747115,4,0.5,11.03
16669,-2.204803,110.750484,1,0.5,2.61
16670,-2.204803,110.81112,1,0.5,3.03
16671,-2.204803,110.814489,1,0.5,3.03
16672,-2.204803,110.817858,1,0.5,3.03
16673,-2.204803,110.834701,1,0.5,3.05
16674,-2.204803,110.83807,1,0.5,3.05
16675,-2.204803,110.841439,1,0.5,3.05
16676,-2.204803,110.861651,2,0.5,7.17
16677,-2.204803,110.865019,2,0.5,7.17
16678,-2.204803,110.868388,2,0.5,7.17
16679,-2.204803,110.871757,2,0.5,7.17
16680,-2.204803,110.881863,1,0.5,30.42
16681,-2.204803,110.885231,1,0.5,30.42
16682,-2.204803,110.8886,1,0.5,30.42
16683,-2.204803,110.898706,1,0.5,19.14
16684,-2.204803,110.902075,1,0.5,19.14
16685,-2.204803,110.905444,1,0.5,19.14
16686,-2.204803,110.908812,1,0.5,19.14
16687,-2.204803,110.912181,1,0.5,1.63
16688,-2.204803,110.91555,1,0.5,1.63
16689,-2.204803,110.918918,1,0.5,1.63
16690,-2.204803,110.993029,1,0.5,13.59
16691,-2.204803,110.996398,1,0.5,13.59
16692,-2.204803,110.999767,1,0.5,13.59
16693,-2.204803,111.003135,1,0.5,8.4
16694,-2.208171,110.625843,1,0.5,6.63
16695,-2.208171,110.629212,1,0.5,6.63
16696,-2.208171,110.716797,1,0.5,3.46
16697,-2.208171,110.720166,1,0.5,3.46
16698,-2.208171,110.723535,1,0.5,8.52
16699,-2.208171,110.726903,1,0.5,8.52
16700,-2.208171,110.730272,1,0.5,8.52
16701,-2.208171,110.733641,1,0.5,8.52
16702,-2.208171,110.740378,4,0.62,25.32
16703,-2.208171,110.743747,5,0.6,25.32
16704,-2.208171,110.747115,5,0.6,25.32
16705,-2.208171,110.750484,3,0.5,11.03
16706,-2.208171,110.780802,1,0.5,2.7
16707,-2.208171,110.784171,1,0.5,2.7
16708,-2.208171,110.78754,1,0.5,2.7
16709,-2.208171,110.814489,1,0.5,3.03
16710,-2.208171,110.817858,1,0.5,3.03
16711,-2.208171,110.821226,1,0.5,3.03
16712,-2.208171,110.865019,2,0.5,7.17
16713,-2.208171,110.868388,2,0.5,7.17
16714,-2.208171,110.871757,2,0.5,7.17
16715,-2.208171,110.881863,1,0.5,30.42
16716,-2.208171,110.885231,1,0.5,30.42
16717,-2.208171,110.8886,1,0.5,30.42
16718,-2.208171,110.898706,1,0.5,19.14
16719,-2.208171,110.902075,1,0.5,19.14
16720,-2.208171,110.905444,1,0.5,19.14
16721,-2.208171,110.908812,1,0.5,19.14
16722,-2.208171,110.912181,1,0.5,1.63
16723,-2.208171,110.91555,1,0.5,1.63
16724,-2.208171,110.918918,1,0.5,1.63
16725,-2.21154,110.629212,1,0.5,6.63
16726,-2.21154,110.63258,1,0.5,6.63
16727,-2.21154,110.716797,1,0.5,2.27
16728,-2.21154,110.720166,2,0.5,3.46
16729,-2.21154,110.723535,2,0.5,3.46
16730,-2.21154,110.726903,1,0.5,3.22
16731,-2.21154,110.740378,1,0.5,4.34
16732,-2.21154,110.743747,3,0.5,6.28
16733,-2.21154,110.747115,3,0.5,6.28
16734,-2.21154,110.750484,2,0.5,6.28
16735,-2.21154,110.780802,1,0.5,2.7
16736,-2.21154,110.784171,1,0.5,2.7
16737,-2.21154,110.78754,1,0.5,2.7
16738,-2.21154,110.814489,1,0.5,3.03
16739,-2.21154,110.817858,1,0.5,3.03
16740,-2.21154,110.821226,1,0.5,3.03
16741,-2.21154,110.898706,1,0.5,19.14
16742,-2.21154,110.902075,1,0.5,19.14
16743,-2.21154,110.908812,1,0.5,5.71
16744,-2.21154,110.912181,1,0.5,5.71
16745,-2.21154,110.91555,1,0.5,5.71
16746,-2.21154,110.918918,1,0.5,5.71
16747,-2.214909,110.144121,1,0.5,14.93
16748,-2.214909,110.14749,1,0.5,14.93
16749,-2.214909,110.150859,1,0.5,14.93
16750,-2.214909,110.561838,1,0.5,2.97
16751,-2.214909,110.565207,1,0.5,2.97
16752,-2.214909,110.568575,1,0.5,2.97
16753,-2.214909,110.686479,1,0.5,3.81
16754,-2.214909,110.689848,1,0.5,3.81
16755,-2.214909,110.693217,1,0.5,3.81
16756,-2.214909,110.716797,1,0.5,2.27
16757,-2.214909,110.720166,2,0.5,3.46
16758,-2.214909,110.723535,2,0.5,3.46
16759,-2.214909,110.726903,1,0.5,3.22
16760,-2.214909,110.743747,2,0.5,6.28
16761,-2.214909,110.747115,2,0.5,6.28
16762,-2.214909,110.750484,2,0.5,6.28
16763,-2.214909,110.780802,1,0.5,2.7
16764,-2.214909,110.784171,1,0.5,2.7
16765,-2.214909,110.78754,1,0.5,2.7
16766,-2.214909,110.861651,1,0.5,3.72
16767,-2.214909,110.865019,1,0.5,3.72
16768,-2.214909,110.868388,1,0.5,3.72
16769,-2.214909,110.885231,1,0.5,4.85
16770,-2.214909,110.8886,1,0.5,4.85
16771,-2.214909,110.891969,1,0.5,4.85
16772,-2.214909,110.895337,2,0.5,5.29
16773,-2.214909,110.898706,1,0.5,5.29
16774,-2.214909,110.902075,1,0.5,5.29
16775,-2.214909,110.908812,1,0.5,5.71
16776,-2.214909,110.912181,1,0.5,5.71
16777,-2.214909,110.91555,1,0.5,5.71
16778,-2.214909,110.918918,1,0.5,5.71
16779,-2.218277,110.140753,1,0.5,6.84
16780,-2.218277,110.144121,1,0.5,6.84
16781,-2.218277,110.14749,1,0.5,14.93
16782,-2.218277,110.150859,1,0.5,14.93
16783,-2.218277,110.154227,1,0.5,3.6
16784,-2.218277,110.561838,1,0.5,2.97
16785,-2.218277,110.565207,1,0.5,5.55
16786,-2.218277,110.568575,1,0.5,5.55
16787,-2.218277,110.686479,1,0.5,3.81
16788,-2.218277,110.689848,1,0.5,3.81
16789,-2.218277,110.693217,1,0.5,3.81
16790,-2.218277,110.716797,1,0.5,2.27
16791,-2.218277,110.720166,2,0.5,3.22
16792,-2.218277,110.723535,2,0.5,3.22
16793,-2.218277,110.726903,1,0.5,3.22
16794,-2.218277,110.861651,1,0.5,3.72
16795,-2.218277,110.865019,1,0.5,3.72
16796,-2.218277,110.868388,1,0.5,3.72
16797,-2.218277,110.885231,1,0.5,4.85
16798,-2.218277,110.8886,2,0.5,10.06
16799,-2.218277,110.891969,2,0.5,10.06
16800,-2.218277,110.895337,2,0.5,11.18
16801,-2.218277,110.898706,2,0.5,11.18
16802,-2.218277,110.902075,1,0.5,11.18
16803,-2.218277,110.908812,1,0.5,5.71
16804,-2.218277,110.912181,1,0.5,5.71
16805,-2.218277,110.91555,1,0.5,5.71
16806,-2.218277,110.918918,1,0.5,5.71
16807,-2.218277,110.999767,1,0.5,6.77
16808,-2.218277,111.003135,1,0.5,6.77
16809,-2.218277,111.006504,1,0.5,6.77
16810,-2.218277,111.030085,1,0.5,22.9
16811,-2.221646,110.137384,1,0.5,6.84
16812,-2.221646,110.140753,1,0.5,6.84
16813,-2.221646,110.144121,1,0.5,6.84
16814,-2.221646,110.14749,1,0.5,14.93
16815,-2.221646,110.150859,1,0.5,14.93
16816,-2.221646,110.154227,1,0.5,3.6
16817,-2.221646,110.561838,1,0.5,2.97
16818,-2.221646,110.565207,1,0.5,5.55
16819,-2.221646,110.568575,1,0.5,5.55
16820,-2.221646,110.686479,1,0.5,3.81
16821,-2.221646,110.689848,1,0.5,3.81
16822,-2.221646,110.693217,1,0.5,3.81
16823,-2.221646,110.885231,1,0.5,4.85
16824,-2.221646,110.8886,2,0.5,10.06
16825,-2.221646,110.891969,2,0.5,10.06
16826,-2.221646,110.895337,2,0.5,11.18
16827,-2.221646,110.898706,2,0.5,11.18
16828,-2.221646,110.902075,1,0.5,11.18
16829,-2.221646,110.999767,1,0.5,6.77
16830,-2.221646,111.003135,1,0.5,6.77
16831,-2.221646,111.006504,1,0.5,6.77
16832,-2.221646,111.030085,1,0.5,22.9
16833,-2.225015,110.140753,1,0.5,6.84
16834,-2.225015,110.144121,1,0.5,6.84
16835,-2.225015,110.14749,1,0.5,6.84
16836,-2.225015,110.150859,1,0.5,3.6
16837,-2.225015,110.154227,1,0.5,3.6
16838,-2.225015,110.157596,1,0.5,3.6
16839,-2.225015,110.565207,1,0.5,5.55
16840,-2.225015,110.568575,1,0.5,5.55
16841,-2.225015,110.733641,1,0.5,2.46
16842,-2.225015,110.737009,1,0.5,2.46
16843,-2.225015,110.740378,1,0.5,2.46
16844,-2.225015,110.881863,1,0.5,4.0
16845,-2.225015,110.885231,1,0.5,4.0
16846,-2.225015,110.8886,2,0.5,10.06
16847,-2.225015,110.891969,2,0.5,21.21
16848,-2.225015,110.895337,2,0.5,11.18
16849,-2.225015,110.898706,2,0.5,11.18
16850,-2.225015,110.902075,1,0.5,11.18
16851,-2.225015,110.999767,1,0.5,6.77
16852,-2.225015,111.003135,1,0.5,6.77
16853,-2.225015,111.006504,1,0.5,6.77
16854,-2.228383,110.174439,1,0.5,6.66
16855,-2.228383,110.177808,1,0.5,6.66
16856,-2.228383,110.181177,1,0.5,6.66
16857,-2.228383,110.184546,1,0.5,6.66
16858,-2.228383,110.730272,1,0.5,16.89
16859,-2.228383,110.733641,2,0.5,16.89
16860,-2.228383,110.737009,1,0.5,2.46
16861,-2.228383,110.740378,1,0.5,2.46
16862,-2.228383,110.780802,1,0.5,9.75
16863,-2.228383,110.784171,1,0.5,9.75
16864,-2.228383,110.78754,1,0.5,9.75
16865,-2.228383,110.814489,1,0.5,17.42
16866,-2.228383,110.817858,1,0.5,17.42
16867,-2.228383,110.831333,1,0.5,6.48
16868,-2.228383,110.834701,1,0.5,6.48
16869,-2.228383,110.83807,1,0.5,6.48
16870,-2.228383,110.881863,1,0.5,4.0
16871,-2.228383,110.885231,1,0.5,4.0
16872,-2.228383,110.8886,2,0.5,4.85
16873,-2.228383,110.891969,2,0.5,21.21
16874,-2.228383,110.895337,2,0.5,21.21
16875,-2.228383,110.898706,1,0.5,21.21
16876,-2.228383,110.902075,1,0.5,32.16
16877,-2.228383,111.030085,1,0.5,9.24
16878,-2.231752,110.174439,1,0.5,6.66
16879,-2.231752,110.177808,1,0.5,6.66
16880,-2.231752,110.181177,1,0.5,6.66
16881,-2.231752,110.184546,1,0.5,6.66
16882,-2.231752,110.726903,1,0.5,41.16
16883,-2.231752,110.730272,2,0.5,41.16
16884,-2.231752,110.733641,4,0.5,41.16
16885,-2.231752,110.737009,2,0.5,3.75
16886,-2.231752,110.740378,2,0.5,5.18
16887,-2.231752,110.780802,1,0.5,9.75
16888,-2.231752,110.784171,1,0.5,9.75
16889,-2.231752,110.78754,1,0.5,9.75
16890,-2.231752,110.814489,1,0.5,17.42
16891,-2.231752,110.817858,1,0.5,17.42
16892,-2.231752,110.831333,1,0.5,6.48
16893,-2.231752,110.834701,1,0.5,6.48
16894,-2.231752,110.83807,1,0.5,6.48
16895,-2.231752,110.891969,1,0.5,3.59
16896,-2.231752,110.895337,1,0.5,3.59
16897,-2.231752,110.898706,1,0.5,3.59
16898,-2.231752,110.902075,1,0.5,32.16
16899,-2.231752,111.030085,1,0.5,9.24
16900,-2.235121,110.174439,1,0.5,6.66
16901,-2.235121,110.177808,1,0.5,6.66
16902,-2.235121,110.181177,1,0.5,6.66
16903,-2.235121,110.184546,1,0.5,6.66
16904,-2.235121,110.649424,1,0.5,5.42
16905,-2.235121,110.652792,1,0.5,5.42
16906,-2.235121,110.656161,1,0.5,5.42
16907,-2.235121,110.686479,1,0.5,2.4
16908,-2.235121,110.689848,1,0.5,2.4
16909,-2.235121,110.693217,1,0.5,2.4
16910,-2.235121,110.726903,1,0.5,41.16
16911,-2.235121,110.730272,1,0.5,41.16
16912,-2.235121,110.733641,2,0.5,41.16
16913,-2.235121,110.737009,2,0.5,11.8
16914,-2.235121,110.740378,2,0.5,11.8
16915,-2.235121,110.743747,1,0.5,11.8
16916,-2.235121,110.780802,1,0.5,9.75
16917,-2.235121,110.784171,1,0.5,9.75
16918,-2.235121,110.78754,1,0.5,9.75
16919,-2.235121,110.821226,1,0.5,3.89
16920,-2.235121,110.824595,1,0.5,3.89
16921,-2.235121,110.827964,1,0.5,3.89
16922,-2.235121,110.831333,1,0.5,6.48
16923,-2.235121,110.834701,1,0.5,6.48
16924,-2.235121,110.83807,1,0.5,6.48
16925,-2.235121,110.891969,1,0.5,3.59
16926,-2.235121,110.895337,1,0.5,3.59
16927,-2.235121,110.898706,1,0.5,3.59
16928,-2.235121,111.030085,1,0.5,9.24
16929,-2.235121,111.033453,1,0.5,9.24
16930,-2.235121,111.036822,1,0.5,9.24
16931,-2.238489,110.649424,1,0.5,5.42
16932,-2.238489,110.652792,1,0.5,5.42
16933,-2.238489,110.656161,1,0.5,5.42
16934,-2.238489,110.686479,1,0.5,2.4
16935,-2.238489,110.689848,1,0.5,2.4
16936,-2.238489,110.693217,1,0.5,2.4
16937,-2.238489,110.733641,1,0.5,3.75
16938,-2.238489,110.737009,2,0.5,11.8
16939,-2.238489,110.740378,2,0.5,11.8
16940,-2.238489,110.743747,1,0.5,11.8
16941,-2.238489,110.757222,1,0.5,18.51
16942,-2.238489,110.76059,1,1.0,18.51
16943,-2.238489,110.763959,1,1.0,18.51
16944,-2.238489,110.821226,1,0.5,3.89
16945,-2.238489,110.824595,1,0.5,3.89
16946,-2.238489,110.827964,1,0.5,3.89
16947,-2.238489,110.83807,1,0.5,4.37
16948,-2.238489,110.841439,1,0.5,4.37
16949,-2.238489,110.844807,1,0.5,4.37
16950,-2.238489,110.891969,1,0.5,3.59
16951,-2.238489,110.895337,1,0.5,3.59
16952,-2.238489,110.898706,1,0.5,3.59
16953,-2.238489,110.972817,1,0.5,17.0
16954,-2.238489,110.976186,1,0.5,17.0
16955,-2.241858,110.649424,1,0.5,5.42
16956,-2.241858,110.652792,1,0.5,5.42
16957,-2.241858,110.656161,1,0.5,5.42
16958,-2.241858,110.686479,1,0.5,2.4
16959,-2.241858,110.689848,1,0.5,2.4
16960,-2.241858,110.693217,1,0.5,2.4
16961,-2.241858,110.757222,1,0.5,18.51
16962,-2.241858,110.76059,1,1.0,18.51
16963,-2.241858,110.763959,1,1.0,18.51
16964,-2.241858,110.83807,1,0.5,4.37
16965,-2.241858,110.841439,2,0.5,16.67
16966,-2.241858,110.844807,2,0.5,16.67
16967,-2.241858,110.972817,1,0.5,17.0
16968,-2.241858,110.976186,1,0.5,17.0
16969,-2.245227,110.666267,1,0.5,3.7
16970,-2.245227,110.669636,1,0.5,3.7
16971,-2.245227,110.673004,1,0.5,3.7
16972,-2.245227,110.676373,1,0.5,3.7
16973,-2.245227,110.743747,1,0.5,12.47
16974,-2.245227,110.747115,1,0.5,12.47
16975,-2.245227,110.750484,1,0.5,12.47
16976,-2.245227,110.757222,1,0.5,18.51
16977,-2.245227,110.76059,1,1.0,18.51
16978,-2.245227,110.763959,1,1.0,18.51
16979,-2.245227,110.841439,1,0.5,16.67
16980,-2.245227,110.844807,2,0.5,17.6
16981,-2.245227,110.848176,1,0.5,17.6
16982,-2.245227,110.851545,1,0.5,45.9
16983,-2.245227,110.854913,1,0.5,45.9
16984,-2.248595,110.386666,1,0.5,5.98
16985,-2.248595,110.390035,1,0.5,5.98
16986,-2.248595,110.393404,1,0.5,5.98
16987,-2.248595,110.396773,1,0.5,7.12
16988,-2.248595,110.666267,1,0.5,3.7
16989,-2.248595,110.669636,1,0.5,3.7
16990,-2.248595,110.673004,1,0.5,3.7
16991,-2.248595,110.676373,1,0.5,3.7
16992,-2.248595,110.699954,1,0.5,3.19
16993,-2.248595,110.703323,1,0.5,3.19
16994,-2.248595,110.706691,1,0.5,3.19
16995,-2.248595,110.743747,1,0.5,12.47
16996,-2.248595,110.747115,1,0.5,12.47
16997,-2.248595,110.750484,1,0.5,12.47
16998,-2.248595,110.844807,1,0.5,17.6
16999,-2.248595,110.848176,1,0.5,17.6
17000,-2.248595,110.851545,1,0.5,45.9
17001,-2.248595,110.854913,1,0.5,45.9
17002,-2.248595,110.949236,1,0.5,4.65
17003,-2.248595,110.952605,1,0.5,4.65
17004,-2.248595,110.955974,1,0.5,4.65
17005,-2.251964,110.386666,1,0.5,5.98
17006,-2.251964,110.390035,1,0.5,5.98
17007,-2.251964,110.393404,1,0.5,5.98
17008,-2.251964,110.396773,1,0.5,7.12
17009,-2.251964,110.629212,1,0.5,6.03
17010,-2.251964,110.63258,1,0.5,6.03
17011,-2.251964,110.635949,1,0.5,6.03
17012,-2.251964,110.666267,1,0.5,3.7
17013,-2.251964,110.669636,1,0.5,3.7
17014,-2.251964,110.673004,1,0.5,3.7
17015,-2.251964,110.676373,1,0.5,3.7
17016,-2.251964,110.699954,1,0.5,3.19
17017,-2.251964,110.703323,1,0.5,3.19
17018,-2.251964,110.706691,1,0.5,3.19
17019,-2.251964,110.743747,1,0.5,12.47
17020,-2.251964,110.747115,1,0.5,12.47
17021,-2.251964,110.750484,1,0.5,12.47
17022,-2.251964,110.848176,1,0.5,17.6
17023,-2.251964,110.851545,1,0.5,17.6
17024,-2.251964,110.854913,1,0.5,45.9
17025,-2.251964,110.858282,1,0.5,45.9
17026,-2.251964,110.949236,1,0.5,4.65
17027,-2.251964,110.952605,1,0.5,4.65
17028,-2.251964,110.955974,1,0.5,4.65
17029,-2.251964,111.01661,1,0.5,9.02
17030,-2.251964,111.019979,1,0.5,9.02
17031,-2.251964,111.023347,1,0.5,9.02
17032,-2.255333,110.386666,1,0.5,5.98
17033,-2.255333,110.390035,1,0.5,5.98
17034,-2.255333,110.393404,1,0.5,5.98
17035,-2.255333,110.629212,1,0.5,6.03
17036,-2.255333,110.63258,1,0.5,6.03
17037,-2.255333,110.635949,1,0.5,6.03
17038,-2.255333,110.639318,1,0.5,6.03
17039,-2.255333,110.703323,1,0.5,3.19
17040,-2.255333,110.706691,1,0.5,3.19
17041,-2.255333,110.71006,1,0.5,3.19
17042,-2.255333,110.730272,1,0.5,2.31
17043,-2.255333,110.733641,1,0.5,2.31
17044,-2.255333,110.737009,1,0.5,2.31
17045,-2.255333,110.905444,1,0.5,2.07
17046,-2.255333,110.908812,1,0.5,2.07
17047,-2.255333,110.949236,1,0.5,4.65
17048,-2.255333,110.952605,1,0.5,4.65
17049,-2.255333,110.955974,1,0.5,4.65
17050,-2.255333,111.013241,1,1.0,11.64
17051,-2.255333,111.01661,1,1.0,11.64
17052,-2.255333,111.019979,1,1.0,11.64
17053,-2.255333,111.023347,1,0.5,9.02
17054,-2.258701,110.386666,1,0.5,5.98
17055,-2.258701,110.390035,1,0.5,5.98
17056,-2.258701,110.393404,1,0.5,5.98
17057,-2.258701,110.625843,1,0.5,3.18
17058,-2.258701,110.629212,1,0.5,3.18
17059,-2.258701,110.63258,3,0.5,6.03
17060,-2.258701,110.635949,2,0.5,6.03
17061,-2.258701,110.639318,2,0.5,6.03
17062,-2.258701,110.730272,1,0.5,2.31
17063,-2.258701,110.733641,1,0.5,2.31
17064,-2.258701,110.737009,1,0.5,2.31
17065,-2.258701,110.905444,1,0.5,2.07
17066,-2.258701,110.908812,1,0.5,2.07
17067,-2.258701,111.013241,1,1.0,11.64
17068,-2.258701,111.01661,1,1.0,11.64
17069,-2.258701,111.019979,1,1.0,11.64
17070,-2.258701,111.023347,1,0.5,9.02
17071,-2.26207,110.625843,1,0.5,3.18
17072,-2.26207,110.629212,1,0.5,3.18
17073,-2.26207,110.63258,2,0.5,3.18
17074,-2.26207,110.635949,1,0.5,3.09
17075,-2.26207,110.639318,1,0.5,3.09
17076,-2.26207,110.673004,1,0.5,1.78
17077,-2.26207,110.676373,1,0.5,1.78
17078,-2.26207,110.730272,1,0.5,2.31
17079,-2.26207,110.733641,1,0.5,2.31
17080,-2.26207,110.737009,1,0.5,2.31
17081,-2.26207,110.784171,1,0.5,0.34
17082,-2.26207,110.78754,1,0.5,0.34
17083,-2.26207,110.905444,1,0.5,2.07
17084,-2.26207,110.908812,1,0.5,2.07
17085,-2.26207,110.922287,1,0.5,6.3
17086,-2.26207,110.925656,1,0.5,6.3
17087,-2.26207,110.929024,1,0.5,6.3
17088,-2.26207,110.976186,1,0.5,2.62
17089,-2.26207,110.979555,1,0.5,2.62
17090,-2.26207,110.982923,1,0.5,2.62
17091,-2.26207,110.989661,1,0.5,6.85
17092,-2.26207,110.993029,1,0.5,6.85
17093,-2.26207,110.996398,1,0.5,7.09
17094,-2.26207,110.999767,3,0.5,24.46
17095,-2.26207,111.003135,3,0.5,24.46
17096,-2.26207,111.006504,2,0.5,24.46
17097,-2.26207,111.013241,1,1.0,11.64
17098,-2.26207,111.01661,1,1.0,11.64
17099,-2.26207,111.019979,1,1.0,11.64
17100,-2.26207,111.023347,1,0.5,9.02
17101,-2.265439,110.625843,1,0.5,3.18
17102,-2.265439,110.629212,1,0.5,3.18
17103,-2.265439,110.63258,2,0.5,3.18
17104,-2.265439,110.635949,1,0.5,3.09
17105,-2.265439,110.639318,1,0.5,3.09
17106,-2.265439,110.673004,1,0.5,1.78
17107,-2.265439,110.676373,1,0.5,1.78
17108,-2.265439,110.784171,1,0.5,0.34
17109,-2.265439,110.78754,1,0.5,0.34
17110,-2.265439,110.824595,1,0.5,16.86
17111,-2.265439,110.827964,1,0.5,16.86
17112,-2.265439,110.922287,1,0.5,6.3
17113,-2.265439,110.925656,1,0.5,6.3
17114,-2.265439,110.929024,1,0.5,6.3
17115,-2.265439,110.976186,1,0.5,2.62
17116,-2.265439,110.979555,2,0.5,6.23
17117,-2.265439,110.982923,2,0.5,6.23
17118,-2.265439,110.986292,1,0.5,6.23
17119,-2.265439,110.989661,1,0.5,6.85
17120,-2.265439,110.993029,1,0.5,6.85
17121,-2.265439,110.996398,1,0.5,7.09
17122,-2.265439,110.999767,3,0.5,24.46
17123,-2.265439,111.003135,3,0.5,24.46
17124,-2.265439,111.006504,2,0.5,24.46
17125,-2.268808,110.673004,1,0.5,1.78
17126,-2.268808,110.676373,1,0.5,1.78
17127,-2.268808,110.784171,1,0.5,0.34
17128,-2.268808,110.78754,1,0.5,0.34
17129,-2.268808,110.824595,1,0.5,16.86
17130,-2.268808,110.827964,1,0.5,16.86
17131,-2.268808,110.831333,1,0.5,16.86
17132,-2.268808,110.922287,1,0.5,6.3
17133,-2.268808,110.925656,1,0.5,6.3
17134,-2.268808,110.929024,1,0.5,6.3
17135,-2.268808,110.976186,1,0.5,2.62
17136,-2.268808,110.979555,2,0.5,6.23
17137,-2.268808,110.982923,2,0.5,6.23
17138,-2.268808,110.986292,1,0.5,6.23
17139,-2.268808,110.989661,1,0.5,6.85
17140,-2.268808,110.993029,1,0.5,6.85
17141,-2.268808,110.996398,1,0.5,7.09
17142,-2.268808,110.999767,3,0.5,24.46
17143,-2.268808,111.003135,3,0.5,24.46
17144,-2.268808,111.006504,3,0.5,24.46
17145,-2.272176,110.619106,1,0.5,3.55
17146,-2.272176,110.622474,1,0.5,3.55
17147,-2.272176,110.625843,1,0.5,3.55
17148,-2.272176,110.824595,1,0.5,16.86
17149,-2.272176,110.827964,1,0.5,16.86
17150,-2.272176,110.831333,2,0.5,16.86
17151,-2.272176,110.834701,1,0.5,3.82
17152,-2.272176,110.922287,1,0.5,6.3
17153,-2.272176,110.925656,1,0.5,6.3
17154,-2.272176,110.929024,1,0.5,6.3
17155,-2.272176,110.959342,1,0.5,7.55
17156,-2.272176,110.962711,1,0.5,7.55
17157,-2.272176,110.96608,1,0.5,7.55
17158,-2.272176,110.979555,1,0.5,6.23
17159,-2.272176,110.982923,1,0.5,6.23
17160,-2.272176,110.986292,1,0.5,6.23
17161,-2.272176,110.989661,1,0.5,6.85
17162,-2.272176,110.993029,1,0.5,6.85
17163,-2.272176,110.996398,1,0.5,6.85
17164,-2.272176,110.999767,1,0.5,10.35
17165,-2.272176,111.003135,1,0.5,10.35
17166,-2.272176,111.006504,1,0.5,10.35
17167,-2.275545,110.619106,1,0.5,3.55
17168,-2.275545,110.622474,1,0.5,3.55
17169,-2.275545,110.625843,1,0.5,3.55
17170,-2.275545,110.831333,1,0.5,3.82
17171,-2.275545,110.834701,1,0.5,3.82
17172,-2.275545,110.959342,1,0.5,7.55
17173,-2.275545,110.962711,1,0.5,7.55
17174,-2.275545,110.96608,1,0.5,7.55
17175,-2.275545,110.982923,1,0.5,6.52
17176,-2.275545,110.986292,1,0.5,12.97
17177,-2.275545,110.989661,1,0.5,12.97
17178,-2.275545,110.993029,1,0.5,12.97
17179,-2.275545,110.999767,1,0.5,10.35
17180,-2.275545,111.003135,1,0.5,10.35
17181,-2.275545,111.006504,1,0.5,10.35
17182,-2.278914,110.615737,1,0.5,4.42
17183,-2.278914,110.619106,2,0.5,4.42
17184,-2.278914,110.622474,1,0.5,3.55
17185,-2.278914,110.625843,1,0.5,3.55
17186,-2.278914,110.696585,1,0.5,2.94
17187,-2.278914,110.699954,1,0.5,2.94
17188,-2.278914,110.71006,1,0.5,1.92
17189,-2.278914,110.713429,1,0.5,1.92
17190,-2.278914,110.831333,1,0.5,3.82
17191,-2.278914,110.834701,1,0.5,3.82
17192,-2.278914,110.982923,1,0.5,6.52
17193,-2.278914,110.986292,1,0.5,12.97
17194,-2.278914,110.989661,1,0.5,12.97
17195,-2.278914,110.993029,1,0.5,12.97
17196,-2.282282,110.615737,1,0.5,4.42
17197,-2.282282,110.619106,2,0.5,4.42
17198,-2.282282,110.622474,2,0.5,19.52
17199,-2.282282,110.625843,2,0.5,19.52
17200,-2.282282,110.669636,1,0.5,6.11
17201,-2.282282,110.673004,1,0.5,6.11
17202,-2.282282,110.676373,1,0.5,6.11
17203,-2.282282,110.679742,1,0.5,6.27
17204,-2.282282,110.68311,1,0.5,6.27
17205,-2.282282,110.686479,1,0.5,6.27
17206,-2.282282,110.696585,1,0.5,2.94
17207,-2.282282,110.699954,1,0.5,2.94
17208,-2.282282,110.71006,1,0.5,1.92
17209,-2.282282,110.713429,1,0.5,1.92
17210,-2.282282,110.716797,1,0.5,1.01
17211,-2.282282,110.720166,1,0.5,1.01
17212,-2.282282,110.827964,1,0.5,2.22
17213,-2.282282,110.831333,2,0.5,3.82
17214,-2.282282,110.834701,1,0.5,3.82
17215,-2.285651,110.339505,1,0.5,9.07
17216,-2.285651,110.342874,1,0.5,9.07
17217,-2.285651,110.346242,1,0.5,9.07
17218,-2.285651,110.349611,1,0.5,10.06
17219,-2.285651,110.615737,1,0.5,4.42
17220,-2.285651,110.619106,2,0.5,5.33
17221,-2.285651,110.622474,2,0.5,19.52
17222,-2.285651,110.625843,2,0.5,19.52
17223,-2.285651,110.669636,1,0.5,6.11
17224,-2.285651,110.673004,1,0.5,6.11
17225,-2.285651,110.676373,2,0.5,6.11
17226,-2.285651,110.679742,2,0.5,6.27
17227,-2.285651,110.68311,2,0.5,6.27
17228,-2.285651,110.686479,1,0.5,6.27
17229,-2.285651,110.696585,1,0.5,2.94
17230,-2.285651,110.699954,1,0.5,2.94
17231,-2.285651,110.71006,1,0.5,1.92
17232,-2.285651,110.713429,1,0.5,1.92
17233,-2.285651,110.716797,1,0.5,1.01
17234,-2.285651,110.720166,1,0.5,1.01
17235,-2.285651,110.827964,1,0.5,2.59
17236,-2.285651,110.831333,1,0.5,2.59
17237,-2.285651,110.834701,1,0.5,2.59
17238,-2.28902,110.339505,1,0.5,9.07
17239,-2.28902,110.342874,1,0.5,9.07
17240,-2.28902,110.346242,1,0.5,9.07
17241,-2.28902,110.349611,1,0.5,10.06
17242,-2.28902,110.555101,1,0.5,4.75
17243,-2.28902,110.558469,1,0.5,4.75
17244,-2.28902,110.561838,1,0.5,4.75
17245,-2.28902,110.612368,1,0.5,7.85
17246,-2.28902,110.615737,2,0.5,7.98
17247,-2.28902,110.619106,3,0.5,7.98
17248,-2.28902,110.622474,3,0.5,19.52
17249,-2.28902,110.625843,2,0.5,19.52
17250,-2.28902,110.676373,1,0.5,2.35
17251,-2.28902,110.679742,2,0.5,6.27
17252,-2.28902,110.68311,2,0.5,6.27
17253,-2.28902,110.686479,2,0.5,6.27
17254,-2.28902,110.689848,1,0.5,2.89
17255,-2.28902,110.693217,1,0.5,2.89
17256,-2.28902,110.71006,1,0.5,1.92
17257,-2.28902,110.713429,1,0.5,1.92
17258,-2.28902,110.716797,1,0.5,1.01
17259,-2.28902,110.720166,1,0.5,1.01
17260,-2.28902,110.827964,1,0.5,2.59
17261,-2.28902,110.831333,1,0.5,2.59
17262,-2.28902,110.834701,1,0.5,2.59
17263,-2.292388,110.339505,1,0.5,9.07
17264,-2.292388,110.342874,1,0.5,9.07
17265,-2.292388,110.346242,1,0.5,9.07
17266,-2.292388,110.555101,1,0.5,4.75
17267,-2.292388,110.558469,1,0.5,4.75
17268,-2.292388,110.561838,1,0.5,4.75
17269,-2.292388,110.612368,1,0.5,7.85
17270,-2.292388,110.615737,2,0.5,7.98
17271,-2.292388,110.619106,3,0.5,7.98
17272,-2.292388,110.622474,2,0.5,7.98
17273,-2.292388,110.625843,1,0.5,5.33
17274,-2.292388,110.65953,1,0.5,13.11
17275,-2.292388,110.662898,1,0.5,13.11
17276,-2.292388,110.666267,1,0.5,13.11
17277,-2.292388,110.676373,1,0.5,2.35
17278,-2.292388,110.679742,1,0.5,2.35
17279,-2.292388,110.68311,1,0.5,2.35
17280,-2.292388,110.686479,1,0.5,3.42
17281,-2.292388,110.689848,1,0.5,3.42
17282,-2.292388,110.693217,1,0.5,3.42
17283,-2.292388,110.827964,1,0.5,2.59
17284,-2.292388,110.831333,1,0.5,2.59
17285,-2.292388,110.834701,1,0.5,2.59
17286,-2.292388,111.023347,1,1.0,10.04
17287,-2.292388,111.026716,1,1.0,10.04
17288,-2.292388,111.030085,1,1.0,10.04
17289,-2.295757,110.137384,1,0.5,8.34
17290,-2.295757,110.140753,1,0.5,8.34
17291,-2.295757,110.144121,1,0.5,8.34
17292,-2.295757,110.235076,1,0.5,5.12
17293,-2.295757,110.238444,1,0.5,5.12
17294,-2.295757,110.555101,1,0.5,4.75
17295,-2.295757,110.558469,1,0.5,4.75
17296,-2.295757,110.561838,1,0.5,4.75
17297,-2.295757,110.612368,1,0.5,7.85
17298,-2.295757,110.615737,2,0.5,7.98
17299,-2.295757,110.619106,2,0.5,7.98
17300,-2.295757,110.622474,1,0.5,7.98
17301,-2.295757,110.65953,1,0.5,13.11
17302,-2.295757,110.662898,3,0.5,13.11
17303,-2.295757,110.666267,4,0.5,13.11
17304,-2.295757,110.669636,3,0.5,2.8
17305,-2.295757,110.686479,1,0.5,3.42
17306,-2.295757,110.689848,1,0.5,3.42
17307,-2.295757,110.693217,1,0.5,3.42
17308,-2.295757,110.696585,2,0.5,4.59
17309,-2.295757,110.699954,2,0.5,4.59
17310,-2.295757,110.703323,2,0.5,4.59
17311,-2.295757,110.871757,1,0.5,28.25
17312,-2.295757,110.875125,1,0.5,28.25
17313,-2.295757,110.878494,1,0.5,28.25
17314,-2.295757,111.023347,1,1.0,10.04
17315,-2.295757,111.026716,1,1.0,10.04
17316,-2.295757,111.030085,1,1.0,10.04
17317,-2.299126,110.137384,1,0.5,8.34
17318,-2.299126,110.140753,1,0.5,8.34
17319,-2.299126,110.144121,1,0.5,8.34
17320,-2.299126,110.235076,1,0.5,5.12
17321,-2.299126,110.238444,1,0.5,5.12
17322,-2.299126,110.662898,1,0.5,13.11
17323,-2.299126,110.666267,3,0.5,13.11
17324,-2.299126,110.669636,4,0.5,13.11
17325,-2.299126,110.673004,3,0.5,2.79
17326,-2.299126,110.699954,2,0.5,4.59
17327,-2.299126,110.703323,2,0.5,4.59
17328,-2.299126,110.706691,2,0.5,4.59
17329,-2.299126,110.750484,1,0.5,2.04
17330,-2.299126,110.753853,1,0.5,2.04
17331,-2.299126,110.871757,1,0.5,28.25
17332,-2.299126,110.875125,1,0.5,28.25
17333,-2.299126,110.878494,1,0.5,28.25
17334,-2.299126,111.023347,1,1.0,10.04
17335,-2.299126,111.026716,1,1.0,10.04
17336,-2.299126,111.030085,1,1.0,10.04
17337,-2.299126,111.04356,1,0.5,2.04
17338,-2.299126,111.046928,1,0.5,2.04
17339,-2.299126,111.050297,1,0.5,2.04
17340,-2.299126,111.09409,1,0.5,5.43
17341,-2.299126,111.097458,1,0.5,5.43
17342,-2.299126,111.100827,1,0.5,5.43
17343,-2.302494,110.137384,1,0.5,8.34
17344,-2.302494,110.140753,1,0.5,8.34
17345,-2.302494,110.144121,1,0.5,8.34
17346,-2.302494,110.235076,1,0.5,5.12
17347,-2.302494,110.238444,1,0.5,5.12
17348,-2.302494,110.666267,2,0.5,2.79
17349,-2.302494,110.669636,2,0.5,2.79
17350,-2.302494,110.673004,2,0.5,2.79
17351,-2.302494,110.750484,1,0.5,2.04
17352,-2.302494,110.753853,1,0.5,2.04
17353,-2.302494,110.871757,1,0.5,28.25
17354,-2.302494,110.875125,1,0.5,28.25
17355,-2.302494,110.878494,1,0.5,28.25
17356,-2.302494,111.023347,1,1.0,10.04
17357,-2.302494,111.026716,1,1.0,10.04
17358,-2.302494,111.030085,1,1.0,10.04
17359,-2.302494,111.04356,1,0.5,2.04
17360,-2.302494,111.046928,1,0.5,2.04
17361,-2.302494,111.050297,1,0.5,2.04
17362,-2.302494,111.09409,1,0.5,5.43
17363,-2.302494,111.097458,1,0.5,5.43
17364,-2.302494,111.100827,2,0.5,5.43
17365,-2.302494,111.104196,2,0.5,6.57
17366,-2.305863,110.137384,1,0.5,8.13
17367,-2.305863,110.140753,1,0.5,8.13
17368,-2.305863,110.144121,1,0.5,8.13
17369,-2.305863,110.14749,1,0.5,8.13
17370,-2.305863,110.278869,1,1.0,25.52
17371,-2.305863,110.282237,1,1.0,25.52
17372,-2.305863,110.288975,1,0.5,8.73
17373,-2.305863,110.292343,1,0.5,8.73
17374,-2.305863,110.295712,1,0.5,8.73
17375,-2.305863,110.750484,1,0.5,2.04
17376,-2.305863,110.753853,1,0.5,2.04
17377,-2.305863,111.04356,1,0.5,2.04
17378,-2.305863,111.046928,1,0.5,2.04
17379,-2.305863,111.050297,1,0.5,2.04
17380,-2.305863,111.09409,1,0.5,5.43
17381,-2.305863,111.097458,1,0.5,5.43
17382,-2.305863,111.100827,2,0.5,5.43
17383,-2.305863,111.104196,2,0.5,6.57
17384,-2.309232,110.140753,1,0.5,8.13
17385,-2.309232,110.144121,1,0.5,8.13
17386,-2.309232,110.14749,1,0.5,8.13
17387,-2.309232,110.150859,1,0.5,8.13
17388,-2.309232,110.282237,1,1.0,25.52
17389,-2.309232,110.285606,1,1.0,25.52
17390,-2.309232,110.292343,1,0.5,8.73
17391,-2.309232,110.295712,1,0.5,8.73
17392,-2.309232,110.299081,1,0.5,8.73
17393,-2.309232,110.625843,1,0.5,8.04
17394,-2.309232,110.629212,1,0.5,8.04
17395,-2.309232,110.63258,1,0.5,8.04
17396,-2.309232,110.703323,1,0.5,4.54
17397,-2.309232,110.706691,1,0.5,4.54
17398,-2.309232,110.71006,1,0.5,4.54
17399,-2.309232,111.04356,1,0.5,5.51
17400,-2.309232,111.046928,1,0.5,5.51
17401,-2.309232,111.050297,1,0.5,5.51
17402,-2.309232,111.070509,1,0.5,5.94
17403,-2.309232,111.073878,1,0.5,5.94
17404,-2.309232,111.100827,1,0.5,3.83
17405,-2.309232,111.104196,1,0.5,3.83
17406,-2.3126,110.140753,1,0.5,8.13
17407,-2.3126,110.144121,1,0.5,8.13
17408,-2.3126,110.14749,1,0.5,8.13
17409,-2.3126,110.150859,1,0.5,8.13
17410,-2.3126,110.154227,1,0.5,8.13
17411,-2.3126,110.282237,1,1.0,25.52
17412,-2.3126,110.285606,1,1.0,25.52
17413,-2.3126,110.292343,1,0.5,8.73
17414,-2.3126,110.295712,1,0.5,8.73
17415,-2.3126,110.299081,1,0.5,8.73
17416,-2.3126,110.534888,1,0.5,45.02
17417,-2.3126,110.538257,1,0.5,45.02
17418,-2.3126,110.541626,2,0.5,45.02
17419,-2.3126,110.544995,1,0.5,12.75
17420,-2.3126,110.625843,1,0.5,8.04
17421,-2.3126,110.629212,1,0.5,8.04
17422,-2.3126,110.63258,1,0.5,8.04
17423,-2.3126,110.703323,1,0.5,4.54
17424,-2.3126,110.706691,1,0.5,4.54
17425,-2.3126,110.71006,1,0.5,4.54
17426,-2.3126,110.827964,1,0.5,7.59
17427,-2.3126,110.831333,1,0.5,7.59
17428,-2.3126,110.834701,1,0.5,7.59
17429,-2.3126,111.04356,1,0.5,5.51
17430,-2.3126,111.046928,1,0.5,5.51
17431,-2.3126,111.050297,1,0.5,5.51
17432,-2.3126,111.053666,1,0.5,9.64
17433,-2.3126,111.057034,1,0.5,9.64
17434,-2.3126,111.060403,1,0.5,9.64
17435,-2.3126,111.070509,1,0.5,5.94
17436,-2.3126,111.073878,1,0.5,5.94
17437,-2.3126,111.100827,1,0.5,3.83
17438,-2.3126,111.104196,1,0.5,3.83
17439,-2.3126,111.107564,1,0.5,3.83
17440,-2.315969,110.14749,1,0.5,8.13
17441,-2.315969,110.150859,1,0.5,8.13
17442,-2.315969,110.154227,1,0.5,8.13
17443,-2.315969,110.2755,1,0.5,12.47
17444,-2.315969,110.278869,1,0.5,12.47
17445,-2.315969,110.282237,1,0.5,12.47
17446,-2.315969,110.534888,1,0.5,45.02
17447,-2.315969,110.538257,1,0.5,45.02
17448,-2.315969,110.541626,2,0.5,45.02
17449,-2.315969,110.544995,2,0.5,12.75
17450,-2.315969,110.548363,1,0.5,3.42
17451,-2.315969,110.551732,1,0.5,3.42
17452,-2.315969,110.666267,1,0.5,18.23
17453,-2.315969,110.669636,1,0.5,18.23
17454,-2.315969,110.703323,1,0.5,4.54
17455,-2.315969,110.706691,1,0.5,4.54
17456,-2.315969,110.71006,1,0.5,4.54
17457,-2.315969,110.730272,1,0.5,66.68
17458,-2.315969,110.733641,1,0.5,66.68
17459,-2.315969,110.737009,1,0.5,66.68
17460,-2.315969,110.774065,1,0.5,3.38
17461,-2.315969,110.777434,1,0.5,3.38
17462,-2.315969,110.827964,1,0.5,7.59
17463,-2.315969,110.831333,1,0.5,7.59
17464,-2.315969,110.834701,1,0.5,7.59
17465,-2.315969,111.050297,1,0.5,17.22
17466,-2.315969,111.053666,2,0.5,17.22
17467,-2.315969,111.057034,2,0.5,17.22
17468,-2.315969,111.060403,1,0.5,9.64
17469,-2.315969,111.070509,1,0.5,5.94
17470,-2.315969,111.073878,1,0.5,5.94
17471,-2.319338,110.2755,1,0.5,19.7
17472,-2.319338,110.278869,1,0.5,19.7
17473,-2.319338,110.282237,1,0.5,19.7
17474,-2.319338,110.534888,1,0.5,45.02
17475,-2.319338,110.538257,1,0.5,45.02
17476,-2.319338,110.541626,2,0.5,45.02
17477,-2.319338,110.544995,2,0.5,12.75
17478,-2.319338,110.548363,1,0.5,3.42
17479,-2.319338,110.551732,1,0.5,3.42
17480,-2.319338,110.666267,1,0.5,18.23
17481,-2.319338,110.669636,2,0.5,18.23
17482,-2.319338,110.673004,1,0.5,3.02
17483,-2.319338,110.676373,1,0.5,3.02
17484,-2.319338,110.730272,1,0.5,66.68
17485,-2.319338,110.733641,1,0.5,66.68
17486,-2.319338,110.737009,1,0.5,51.16
17487,-2.319338,110.740378,1,0.5,51.16
17488,-2.319338,110.774065,1,0.5,3.38
17489,-2.319338,110.777434,1,0.5,3.38
17490,-2.319338,110.827964,1,0.5,7.59
17491,-2.319338,110.831333,1,0.5,7.59
17492,-2.319338,110.834701,1,0.5,7.59
17493,-2.319338,111.050297,1,0.5,17.22
17494,-2.319338,111.053666,2,0.5,17.22
17495,-2.319338,111.057034,2,0.5,17.22
17496,-2.319338,111.060403,1,0.5,9.64
17497,-2.322706,110.2755,1,0.5,19.7
17498,-2.322706,110.278869,1,0.5,19.7
17499,-2.322706,110.282237,1,0.5,19.7
17500,-2.322706,110.541626,1,0.5,12.75
17501,-2.322706,110.544995,2,0.5,12.75
17502,-2.322706,110.548363,1,0.5,3.42
17503,-2.322706,110.551732,1,0.5,3.42
17504,-2.322706,110.669636,1,0.5,3.02
17505,-2.322706,110.673004,1,0.5,3.02
17506,-2.322706,110.676373,1,0.5,3.02
17507,-2.322706,110.730272,1,0.5,66.68
17508,-2.322706,110.733641,1,0.5,66.68
17509,-2.322706,110.737009,1,0.5,51.16
17510,-2.322706,110.740378,1,0.5,51.16
17511,-2.322706,110.774065,1,0.5,3.38
17512,-2.322706,110.777434,1,0.5,3.38
17513,-2.322706,110.982923,1,0.5,6.61
17514,-2.322706,110.986292,1,0.5,6.61
17515,-2.322706,110.989661,1,0.5,6.61
17516,-2.322706,111.050297,1,0.5,17.22
17517,-2.322706,111.053666,1,0.5,17.22
17518,-2.322706,111.057034,1,0.5,17.22
17519,-2.326075,110.258657,1,0.5,6.67
17520,-2.326075,110.262025,1,0.5,6.67
17521,-2.326075,110.2755,1,0.5,19.7
17522,-2.326075,110.278869,1,0.5,19.7
17523,-2.326075,110.282237,1,0.5,19.7
17524,-2.326075,110.544995,1,0.5,3.42
17525,-2.326075,110.548363,1,0.5,3.42
17526,-2.326075,110.551732,1,0.5,3.42
17527,-2.326075,110.669636,1,0.5,3.02
17528,-2.326075,110.673004,1,0.5,3.02
17529,-2.326075,110.676373,1,0.5,3.02
17530,-2.326075,110.918918,1,0.5,5.21
17531,-2.326075,110.922287,1,0.5,5.21
17532,-2.326075,110.925656,1,0.5,5.21
17533,-2.326075,110.949236,1,0.5,3.71
17534,-2.326075,110.952605,1,0.5,3.71
17535,-2.326075,110.955974,1,0.5,3.71
17536,-2.326075,110.982923,1,0.5,6.61
17537,-2.326075,110.986292,1,0.5,6.61
17538,-2.326075,110.989661,1,0.5,6.61
17539,-2.329444,110.258657,1,0.5,6.67
17540,-2.329444,110.262025,1,0.5,6.67
17541,-2.329444,110.679742,1,0.5,125.4
17542,-2.329444,110.68311,1,0.5,125.4
17543,-2.329444,110.686479,1,0.5,125.4
17544,-2.329444,110.885231,1,0.5,4.4
17545,-2.329444,110.8886,1,0.5,4.4
17546,-2.329444,110.891969,1,0.5,4.4
17547,-2.329444,110.918918,1,0.5,5.21
17548,-2.329444,110.922287,1,0.5,3.69
17549,-2.329444,110.925656,1,0.5,3.69
17550,-2.329444,110.929024,1,0.5,3.69
17551,-2.329444,110.949236,1,0.5,3.71
17552,-2.329444,110.952605,1,0.5,3.71
17553,-2.329444,110.955974,1,0.5,3.71
17554,-2.329444,110.982923,1,0.5,6.61
17555,-2.329444,110.986292,1,0.5,6.61
17556,-2.329444,110.989661,1,0.5,6.61
17557,-2.332813,110.679742,1,0.5,125.4
17558,-2.332813,110.68311,1,0.5,125.4
17559,-2.332813,110.686479,1,0.5,125.4
17560,-2.332813,110.790908,1,0.5,1.36
17561,-2.332813,110.794277,1,0.5,1.36
17562,-2.332813,110.885231,1,0.5,4.4
17563,-2.332813,110.8886,1,0.5,4.4
17564,-2.332813,110.891969,1,0.5,4.4
17565,-2.332813,110.918918,1,0.5,5.21
17566,-2.332813,110.922287,1,0.5,3.69
17567,-2.332813,110.925656,1,0.5,3.69
17568,-2.332813,110.929024,1,0.5,3.69
17569,-2.332813,110.949236,1,0.5,3.71
17570,-2.332813,110.952605,1,0.5,3.71
17571,-2.332813,110.955974,1,0.5,3.71
17572,-2.332813,110.982923,1,0.5,3.19
17573,-2.332813,110.986292,1,0.5,3.19
17574,-2.332813,110.989661,1,0.5,3.19
17575,-2.332813,111.050297,1,0.5,0.48
17576,-2.332813,111.053666,1,0.5,0.48
17577,-2.332813,111.057034,1,0.5,0.48
17578,-2.336181,110.679742,1,0.5,125.4
17579,-2.336181,110.68311,1,0.5,125.4
17580,-2.336181,110.686479,1,0.5,125.4
17581,-2.336181,110.790908,1,0.5,1.36
17582,-2.336181,110.794277,1,0.5,1.36
17583,-2.336181,110.885231,1,0.5,5.1
17584,-2.336181,110.8886,1,0.5,5.1
17585,-2.336181,110.891969,1,0.5,5.1
17586,-2.336181,110.895337,1,0.5,5.1
17587,-2.336181,110.902075,1,0.5,4.92
17588,-2.336181,110.905444,1,0.5,4.92
17589,-2.336181,110.908812,1,0.5,4.92
17590,-2.336181,110.925656,1,0.5,3.69
17591,-2.336181,110.929024,1,0.5,3.69
17592,-2.336181,110.932393,1,0.5,3.69
17593,-2.336181,110.986292,1,0.5,3.19
17594,-2.336181,110.989661,1,0.5,3.19
17595,-2.336181,110.993029,1,0.5,3.19
17596,-2.336181,111.01661,1,0.5,2.49
17597,-2.336181,111.019979,1,0.5,2.49
17598,-2.336181,111.023347,1,0.5,2.49
17599,-2.336181,111.050297,1,0.5,0.48
17600,-2.336181,111.053666,1,0.5,0.48
17601,-2.336181,111.057034,1,0.5,0.48
17602,-2.33955,110.265394,1,0.5,4.75
17603,-2.33955,110.268763,1,0.5,4.75
17604,-2.33955,110.272131,1,0.5,4.75
17605,-2.33955,110.83807,1,0.5,4.98
17606,-2.33955,110.841439,1,0.5,4.98
17607,-2.33955,110.844807,1,0.5,4.98
17608,-2.33955,110.848176,1,0.5,4.98
17609,-2.33955,110.8886,1,0.5,5.1
17610,-2.33955,110.891969,1,0.5,5.1
17611,-2.33955,110.895337,1,0.5,5.1
17612,-2.33955,110.902075,1,0.5,4.92
17613,-2.33955,110.905444,1,0.5,4.92
17614,-2.33955,110.908812,1,0.5,4.92
17615,-2.33955,110.986292,1,0.5,3.19
17616,-2.33955,110.989661,1,0.5,3.19
17617,-2.33955,110.993029,1,0.5,3.19
17618,-2.33955,111.01661,1,0.5,2.49
17619,-2.33955,111.019979,1,0.5,2.49
17620,-2.33955,111.023347,1,0.5,2.49
17621,-2.33955,111.050297,1,0.5,0.48
17622,-2.33955,111.053666,1,0.5,0.48
17623,-2.33955,111.057034,1,0.5,0.48
17624,-2.342919,110.265394,1,0.5,4.75
17625,-2.342919,110.268763,1,0.5,4.75
17626,-2.342919,110.272131,1,0.5,4.75
17627,-2.342919,110.757222,1,0.5,8.36
17628,-2.342919,110.76059,1,0.5,8.36
17629,-2.342919,110.763959,1,0.5,8.36
17630,-2.342919,110.83807,1,0.5,4.98
17631,-2.342919,110.841439,1,0.5,4.98
17632,-2.342919,110.844807,1,0.5,4.98
17633,-2.342919,110.848176,1,0.5,4.98
17634,-2.342919,110.8886,1,0.5,5.1
17635,-2.342919,110.891969,1,0.5,5.1
17636,-2.342919,110.895337,1,0.5,5.1
17637,-2.342919,110.902075,1,0.5,4.92
17638,-2.342919,110.905444,1,0.5,4.92
17639,-2.342919,110.908812,1,0.5,4.92
17640,-2.342919,111.01661,1,0.5,2.49
17641,-2.342919,111.019979,1,0.5,2.49
17642,-2.342919,111.023347,1,0.5,2.49
17643,-2.342919,111.030085,2,0.5,12.83
17644,-2.342919,111.033453,2,0.5,12.83
17645,-2.342919,111.036822,2,0.5,12.83
17646,-2.346287,110.258657,1,0.5,11.79
17647,-2.346287,110.262025,1,0.5,11.79
17648,-2.346287,110.265394,2,0.5,11.79
17649,-2.346287,110.268763,1,0.5,4.75
17650,-2.346287,110.272131,1,0.5,4.75
17651,-2.346287,110.757222,1,0.5,8.36
17652,-2.346287,110.76059,1,0.5,8.36
17653,-2.346287,110.763959,1,0.5,8.36
17654,-2.346287,110.777434,1,0.5,3.58
17655,-2.346287,110.780802,1,0.5,3.58
17656,-2.346287,110.784171,1,0.5,3.58
17657,-2.346287,110.83807,1,0.5,4.98
17658,-2.346287,110.841439,1,0.5,4.98
17659,-2.346287,110.844807,1,0.5,4.98
17660,-2.346287,110.848176,1,0.5,4.98
17661,-2.346287,110.996398,1,0.5,13.49
17662,-2.346287,110.999767,1,0.5,13.49
17663,-2.346287,111.003135,1,0.5,13.49
17664,-2.346287,111.01661,1,0.5,2.29
17665,-2.346287,111.019979,1,0.5,2.29
17666,-2.346287,111.023347,1,0.5,2.29
17667,-2.346287,111.030085,2,0.5,12.83
17668,-2.346287,111.033453,2,0.5,12.83
17669,-2.346287,111.036822,2,0.5,12.83
17670,-2.349656,110.258657,1,0.5,11.79
17671,-2.349656,110.262025,1,0.5,11.79
17672,-2.349656,110.265394,1,0.5,11.79
17673,-2.349656,110.494464,1,0.5,0.73
17674,-2.349656,110.497833,1,0.5,0.73
17675,-2.349656,110.757222,1,0.5,8.36
17676,-2.349656,110.76059,1,0.5,8.36
17677,-2.349656,110.763959,1,0.5,8.36
17678,-2.349656,110.777434,1,0.5,3.58
17679,-2.349656,110.780802,1,0.5,3.58
17680,-2.349656,110.784171,1,0.5,3.58
17681,-2.349656,110.996398,2,0.5,38.13
17682,-2.349656,110.999767,2,0.5,38.13
17683,-2.349656,111.003135,2,0.5,38.13
17684,-2.349656,111.030085,2,0.5,12.83
17685,-2.349656,111.033453,2,0.5,12.83
17686,-2.349656,111.036822,2,0.5,12.83
17687,-2.349656,111.04356,1,0.5,3.94
17688,-2.349656,111.046928,1,0.5,3.94
17689,-2.349656,111.050297,1,0.5,3.45
17690,-2.353025,110.262025,1,0.5,11.79
17691,-2.353025,110.265394,1,0.5,11.79
17692,-2.353025,110.268763,1,0.5,11.79
17693,-2.353025,110.494464,1,0.5,0.73
17694,-2.353025,110.497833,1,0.5,0.73
17695,-2.353025,110.774065,1,0.5,5.3
17696,-2.353025,110.777434,2,0.5,5.3
17697,-2.353025,110.780802,2,0.5,5.3
17698,-2.353025,110.784171,1,0.5,3.58
17699,-2.353025,110.996398,2,0.5,38.13
17700,-2.353025,110.999767,2,0.5,38.13
17701,-2.353025,111.003135,2,0.5,38.13
17702,-2.353025,111.04356,1,0.5,3.94
17703,-2.353025,111.046928,1,0.5,3.94
17704,-2.353025,111.050297,1,0.5,3.45
17705,-2.356393,110.494464,1,0.5,0.73
17706,-2.356393,110.497833,1,0.5,0.73
17707,-2.356393,110.774065,1,0.5,5.3
17708,-2.356393,110.777434,1,0.5,5.3
17709,-2.356393,110.780802,1,0.5,5.3
17710,-2.356393,110.996398,1,0.5,38.13
17711,-2.356393,110.999767,1,0.5,38.13
17712,-2.356393,111.003135,1,0.5,38.13
17713,-2.356393,111.04356,1,0.5,3.94
17714,-2.356393,111.046928,1,0.5,3.94
17715,-2.356393,111.050297,1,0.5,3.45
17716,-2.359762,110.767328,1,0.5,6.35
17717,-2.359762,110.770696,1,0.5,6.35
17718,-2.359762,110.774065,2,0.5,6.35
17719,-2.359762,110.777434,2,0.5,5.3
17720,-2.359762,110.780802,2,0.5,5.3
17721,-2.359762,110.784171,1,0.5,1.85
17722,-2.359762,110.824595,1,0.5,0.77
17723,-2.359762,110.827964,1,0.5,0.77
17724,-2.359762,110.831333,1,0.5,0.77
17725,-2.359762,110.972817,1,0.5,4.18
17726,-2.359762,110.976186,1,0.5,4.18
17727,-2.359762,110.979555,1,0.5,4.18
17728,-2.363131,110.716797,1,0.5,3.3
17729,-2.363131,110.720166,1,0.5,3.3
17730,-2.363131,110.723535,1,0.5,3.3
17731,-2.363131,110.767328,1,0.5,6.35
17732,-2.363131,110.770696,1,0.5,6.35
17733,-2.363131,110.774065,1,0.5,6.35
17734,-2.363131,110.777434,1,0.5,1.85
17735,-2.363131,110.780802,1,0.5,1.85
17736,-2.363131,110.784171,1,0.5,1.85
17737,-2.363131,110.824595,1,0.5,0.77
17738,-2.363131,110.827964,2,0.5,5.5
17739,-2.363131,110.831333,2,0.5,5.5
17740,-2.363131,110.834701,2,0.5,7.44
17741,-2.363131,110.83807,1,0.5,7.44
17742,-2.363131,110.841439,1,0.5,7.44
17743,-2.363131,110.972817,1,0.5,4.18
17744,-2.363131,110.976186,1,0.5,4.18
17745,-2.363131,110.979555,1,0.5,4.18
17746,-2.366499,110.716797,1,0.5,3.3
17747,-2.366499,110.720166,1,0.5,3.3
17748,-2.366499,110.723535,1,0.5,3.3
17749,-2.366499,110.767328,1,0.5,6.35
17750,-2.366499,110.770696,1,0.5,6.35
17751,-2.366499,110.774065,1,0.5,6.35
17752,-2.366499,110.777434,1,0.5,1.85
17753,-2.366499,110.780802,2,0.5,4.34
17754,-2.366499,110.784171,2,0.5,4.34
17755,-2.366499,110.824595,1,0.5,0.77
17756,-2.366499,110.827964,2,0.5,5.5
17757,-2.366499,110.831333,3,0.5,8.33
17758,-2.366499,110.834701,3,0.5,8.33
17759,-2.366499,110.83807,2,0.5,8.33
17760,-2.366499,110.841439,1,0.5,7.44
17761,-2.366499,110.972817,1,0.5,4.18
17762,-2.366499,110.976186,1,0.5,4.18
17763,-2.366499,110.979555,1,0.5,4.18
17764,-2.369868,110.238444,1,0.5,4.41
17765,-2.369868,110.241813,1,0.5,4.41
17766,-2.369868,110.245182,1,0.5,4.41
17767,-2.369868,110.24855,1,0.5,4.41
17768,-2.369868,110.780802,1,0.5,4.34
17769,-2.369868,110.784171,1,0.5,4.34
17770,-2.369868,110.801014,1,1.0,7.8
17771,-2.369868,110.804383,1,1.0,7.8
17772,-2.369868,110.807752,1,1.0,7.8
17773,-2.369868,110.827964,1,0.5,5.5
17774,-2.369868,110.831333,2,0.5,8.33
17775,-2.369868,110.834701,2,0.5,8.33
17776,-2.369868,110.83807,1,0.5,8.33
17777,-2.373237,110.150859,1,0.5,2.61
17778,-2.373237,110.154227,1,0.5,2.61
17779,-2.373237,110.157596,2,0.5,2.75
17780,-2.373237,110.160965,1,0.5,2.75
17781,-2.373237,110.164333,1,0.5,2.75
17782,-2.373237,110.238444,1,0.5,4.35
17783,-2.373237,110.241813,1,0.5,4.35
17784,-2.373237,110.245182,1,0.5,4.35
17785,-2.373237,110.24855,1,0.5,4.41
17786,-2.373237,110.780802,1,0.5,4.34
17787,-2.373237,110.784171,1,0.5,4.34
17788,-2.373237,110.801014,1,1.0,7.8
17789,-2.373237,110.804383,1,1.0,7.8
17790,-2.373237,110.807752,1,1.0,7.8
17791,-2.373237,110.831333,1,0.5,8.33
17792,-2.373237,110.834701,1,0.5,8.33
17793,-2.373237,110.83807,1,0.5,8.33
17794,-2.376605,110.150859,1,0.5,2.61
17795,-2.376605,110.154227,1,0.5,2.61
17796,-2.376605,110.157596,2,0.5,2.75
17797,-2.376605,110.160965,1,0.5,2.75
17798,-2.376605,110.164333,1,0.5,2.75
17799,-2.376605,110.238444,1,0.5,4.35
17800,-2.376605,110.241813,1,0.5,4.35
17801,-2.376605,110.245182,1,0.5,4.35
17802,-2.376605,110.262025,1,0.5,8.28
17803,-2.376605,110.265394,1,0.5,8.28
17804,-2.376605,110.268763,1,0.5,8.28
17805,-2.376605,110.272131,1,0.5,8.28
17806,-2.376605,110.777434,1,0.5,6.76
17807,-2.376605,110.780802,1,0.5,6.76
17808,-2.376605,110.784171,2,0.5,6.76
17809,-2.376605,110.78754,1,0.5,6.38
17810,-2.376605,110.790908,1,0.5,6.38
17811,-2.376605,110.801014,1,1.0,7.8
17812,-2.376605,110.804383,1,1.0,7.8
17813,-2.376605,110.807752,1,1.0,7.8
17814,-2.376605,111.050297,1,0.5,5.17
17815,-2.376605,111.053666,1,0.5,5.17
17816,-2.379974,110.150859,1,0.5,2.61
17817,-2.379974,110.154227,1,0.5,2.61
17818,-2.379974,110.157596,2,0.5,2.75
17819,-2.379974,110.160965,1,0.5,2.75
17820,-2.379974,110.164333,1,0.5,2.75
17821,-2.379974,110.262025,1,0.5,8.28
17822,-2.379974,110.265394,1,0.5,8.28
17823,-2.379974,110.268763,1,0.5,8.28
17824,-2.379974,110.272131,1,0.5,8.28
17825,-2.379974,110.777434,1,0.5,6.76
17826,-2.379974,110.780802,1,0.5,6.76
17827,-2.379974,110.784171,2,0.5,6.76
17828,-2.379974,110.78754,1,0.5,6.38
17829,-2.379974,110.790908,1,0.5,6.38
17830,-2.379974,111.050297,1,0.5,5.17
17831,-2.379974,111.053666,1,0.5,5.17
17832,-2.383343,110.262025,1,0.5,8.28
17833,-2.383343,110.265394,1,0.5,8.28
17834,-2.383343,110.268763,1,0.5,8.28
17835,-2.383343,110.272131,1,0.5,8.28
17836,-2.383343,110.78754,1,0.5,6.38
17837,-2.383343,110.790908,1,0.5,6.38
17838,-2.383343,110.794277,1,0.5,6.38
17839,-2.383343,111.050297,1,0.5,5.17
17840,-2.383343,111.053666,1,0.5,5.17
17841,-2.386711,110.262025,1,0.5,8.28
17842,-2.386711,110.265394,1,0.5,8.28
17843,-2.386711,110.268763,1,0.5,8.28
17844,-2.386711,110.272131,1,0.5,8.28
17845,-2.386711,110.993029,1,0.5,5.64
17846,-2.386711,110.996398,1,0.5,5.64
17847,-2.386711,110.999767,1,0.5,5.64
17848,-2.39008,110.993029,1,0.5,5.64
17849,-2.39008,110.996398,1,0.5,4.99
17850,-2.39008,110.999767,1,0.5,4.99
17851,-2.39008,111.003135,1,0.5,4.99
17852,-2.393449,110.790908,1,0.5,3.08
17853,-2.393449,110.794277,1,0.5,3.08
17854,-2.393449,110.797646,1,0.5,3.08
17855,-2.393449,110.993029,1,0.5,5.64
17856,-2.393449,110.996398,1,0.5,4.99
17857,-2.393449,110.999767,1,0.5,4.99
17858,-2.393449,111.003135,1,0.5,4.99
17859,-2.396817,110.790908,1,0.5,3.08
17860,-2.396817,110.794277,1,0.5,3.08
17861,-2.396817,110.797646,1,0.5,3.08
17862,-2.396817,110.979555,1,0.5,15.47
17863,-2.396817,110.982923,1,0.5,15.47
17864,-2.396817,110.986292,1,0.5,15.47
17865,-2.396817,110.989661,1,0.5,15.47
17866,-2.396817,110.996398,1,0.5,4.99
17867,-2.396817,110.999767,1,0.5,4.99
17868,-2.396817,111.003135,1,0.5,4.99
17869,-2.400186,110.790908,1,0.5,3.08
17870,-2.400186,110.794277,1,0.5,3.08
17871,-2.400186,110.797646,1,0.5,3.08
17872,-2.400186,110.834701,1,0.5,3.24
17873,-2.400186,110.83807,1,0.5,3.24
17874,-2.400186,110.841439,1,0.5,3.24
17875,-2.400186,110.979555,1,0.5,15.47
17876,-2.400186,110.982923,1,0.5,15.47
17877,-2.400186,110.986292,1,0.5,15.47
17878,-2.400186,110.989661,2,0.5,15.47
17879,-2.400186,110.993029,1,0.5,5.61
17880,-2.400186,110.996398,1,0.5,5.61
17881,-2.403555,110.834701,1,0.5,3.24
17882,-2.403555,110.83807,1,0.5,3.24
17883,-2.403555,110.841439,1,0.5,3.24
17884,-2.403555,110.959342,1,0.5,7.13
17885,-2.403555,110.962711,1,0.5,7.13
17886,-2.403555,110.982923,1,0.5,15.47
17887,-2.403555,110.986292,1,0.5,15.47
17888,-2.403555,110.989661,2,0.5,15.47
17889,-2.403555,110.993029,1,0.5,5.61
17890,-2.403555,110.996398,1,0.5,5.61
17891,-2.403555,110.999767,1,0.5,0.4
17892,-2.403555,111.003135,1,0.5,0.4
17893,-2.403555,111.006504,1,0.5,0.4
17894,-2.406924,110.171071,1,0.5,2.64
17895,-2.406924,110.174439,1,0.5,2.64
17896,-2.406924,110.177808,1,0.5,2.64
17897,-2.406924,110.639318,1,1.0,14.6
17898,-2.406924,110.642686,1,1.0,14.6
17899,-2.406924,110.646055,1,1.0,14.6
17900,-2.406924,110.834701,1,0.5,3.24
17901,-2.406924,110.83807,1,0.5,3.24
17902,-2.406924,110.841439,1,0.5,3.24
17903,-2.406924,110.959342,1,0.5,7.13
17904,-2.406924,110.962711,1,0.5,7.13
17905,-2.406924,110.96608,1,0.5,7.13
17906,-2.406924,110.982923,1,0.5,25.7
17907,-2.406924,110.986292,1,0.5,25.7
17908,-2.406924,110.989661,2,0.5,25.7
17909,-2.406924,110.993029,1,0.5,5.61
17910,-2.406924,110.996398,1,0.5,5.61
17911,-2.406924,110.999767,1,0.5,0.4
17912,-2.406924,111.003135,1,0.5,0.4
17913,-2.406924,111.006504,1,0.5,0.4
17914,-2.410292,110.171071,1,0.5,2.64
17915,-2.410292,110.174439,1,0.5,2.64
17916,-2.410292,110.177808,1,0.5,2.64
17917,-2.410292,110.24855,1,0.5,4.66
17918,-2.410292,110.251919,1,0.5,4.66
17919,-2.410292,110.255288,1,0.5,4.66
17920,-2.410292,110.258657,1,0.5,4.66
17921,-2.410292,110.262025,1,0.5,4.66
17922,-2.410292,110.625843,1,0.5,2.64
17923,-2.410292,110.629212,1,0.5,2.64
17924,-2.410292,110.63258,1,0.5,2.64
17925,-2.410292,110.635949,1,0.5,6.45
17926,-2.410292,110.639318,2,0.75,14.6
17927,-2.410292,110.642686,2,0.75,14.6
17928,-2.410292,110.646055,1,1.0,14.6
17929,-2.410292,110.713429,1,0.5,6.33
17930,-2.410292,110.716797,1,0.5,6.33
17931,-2.410292,110.720166,1,0.5,6.33
17932,-2.410292,110.723535,1,0.5,6.33
17933,-2.410292,110.959342,1,0.5,7.13
17934,-2.410292,110.962711,1,0.5,7.13
17935,-2.410292,110.96608,1,0.5,7.13
17936,-2.410292,110.982923,1,0.5,25.7
17937,-2.410292,110.986292,2,0.5,25.7
17938,-2.410292,110.989661,3,0.5,25.7
17939,-2.410292,110.993029,2,0.5,5.61
17940,-2.410292,110.996398,1,0.5,5.61
17941,-2.410292,110.999767,1,0.5,0.4
17942,-2.410292,111.003135,1,0.5,0.4
17943,-2.410292,111.006504,1,0.5,0.4
17944,-2.413661,110.24855,1,0.5,4.66
17945,-2.413661,110.251919,1,0.5,6.34
17946,-2.413661,110.255288,1,0.5,6.34
17947,-2.413661,110.258657,1,0.5,6.34
17948,-2.413661,110.262025,1,0.5,4.66
17949,-2.413661,110.625843,1,0.5,2.64
17950,-2.413661,110.629212,1,0.5,2.64
17951,-2.413661,110.63258,1,0.5,2.64
17952,-2.413661,110.635949,1,0.5,6.45
17953,-2.413661,110.639318,2,0.75,14.6
17954,-2.413661,110.642686,2,0.75,14.6
17955,-2.413661,110.646055,1,1.0,14.6
17956,-2.413661,110.713429,1,0.5,6.33
17957,-2.413661,110.716797,1,0.5,6.33
17958,-2.413661,110.720166,1,0.5,6.33
17959,-2.413661,110.723535,1,0.5,6.33
17960,-2.413661,110.959342,1,0.5,7.13
17961,-2.413661,110.962711,1,0.5,7.13
17962,-2.413661,110.96608,1,0.5,7.13
17963,-2.413661,110.982923,1,0.5,25.7
17964,-2.413661,110.986292,2,0.5,25.7
17965,-2.413661,110.989661,2,0.5,25.7
17966,-2.413661,110.993029,1,0.5,4.63
17967,-2.41703,110.24855,1,0.5,4.66
17968,-2.41703,110.251919,1,0.5,6.34
17969,-2.41703,110.255288,1,0.5,6.34
17970,-2.41703,110.258657,1,0.5,6.34
17971,-2.41703,110.262025,1,0.5,4.66
17972,-2.41703,110.430459,1,0.5,7.2
17973,-2.41703,110.433828,1,0.5,7.2
17974,-2.41703,110.437197,1,0.5,7.2
17975,-2.41703,110.625843,1,0.5,2.64
17976,-2.41703,110.629212,1,0.5,2.64
17977,-2.41703,110.63258,1,0.5,2.64
17978,-2.41703,110.635949,1,0.5,6.45
17979,-2.41703,110.639318,2,0.5,6.45
17980,-2.41703,110.642686,2,0.5,6.45
17981,-2.41703,110.646055,1,0.5,6.45
17982,-2.41703,110.696585,1,0.5,1.88
17983,-2.41703,110.699954,1,0.5,1.88
17984,-2.41703,110.703323,1,0.5,1.88
17985,-2.41703,110.713429,1,0.5,6.33
17986,-2.41703,110.716797,1,0.5,6.33
17987,-2.41703,110.720166,1,0.5,6.33
17988,-2.41703,110.723535,1,0.5,6.33
17989,-2.420398,110.251919,1,0.5,6.34
17990,-2.420398,110.255288,1,0.5,6.34
17991,-2.420398,110.258657,1,0.5,6.34
17992,-2.420398,110.430459,2,0.5,7.73
17993,-2.420398,110.433828,2,0.5,7.73
17994,-2.420398,110.437197,2,0.5,7.73
17995,-2.420398,110.440565,2,0.5,8.36
17996,-2.420398,110.592156,1,0.5,20.82
17997,-2.420398,110.595525,1,0.5,20.82
17998,-2.420398,110.598893,1,0.5,20.82
17999,-2.420398,110.696585,1,0.5,1.88
18000,-2.420398,110.699954,1,0.5,1.88
18001,-2.420398,110.703323,1,0.5,1.88
18002,-2.423767,110.430459,3,0.5,7.73
18003,-2.423767,110.433828,4,0.5,7.73
18004,-2.423767,110.437197,4,0.5,7.73
18005,-2.423767,110.440565,3,0.5,8.36
18006,-2.423767,110.592156,1,0.5,20.82
18007,-2.423767,110.595525,1,0.5,20.82
18008,-2.423767,110.598893,1,0.5,20.82
18009,-2.423767,110.696585,1,0.5,1.88
18010,-2.423767,110.699954,1,0.5,1.88
18011,-2.423767,110.703323,1,0.5,1.88
18012,-2.427136,110.430459,3,0.5,7.73
18013,-2.427136,110.433828,3,0.5,31.74
18014,-2.427136,110.437197,4,0.5,31.74
18015,-2.427136,110.440565,3,0.5,8.36
18016,-2.427136,110.592156,1,0.5,20.82
18017,-2.427136,110.595525,1,0.5,20.82
18018,-2.427136,110.598893,1,0.5,20.82
18019,-2.430504,110.22497,1,0.5,5.43
18020,-2.430504,110.228338,1,0.5,5.43
18021,-2.430504,110.427091,2,0.5,11.69
18022,-2.430504,110.430459,5,0.5,11.69
18023,-2.430504,110.433828,5,0.5,31.74
18024,-2.430504,110.437197,5,0.5,31.74
18025,-2.430504,110.440565,1,0.5,6.53
18026,-2.433873,110.22497,1,0.5,5.43
18027,-2.433873,110.228338,1,0.5,5.43
18028,-2.433873,110.430459,2,0.5,11.69
18029,-2.433873,110.433828,5,0.5,11.69
18030,-2.433873,110.437197,5,0.5,31.74
18031,-2.433873,110.440565,5,0.5,11.69
18032,-2.433873,110.443934,1,0.5,24.49
18033,-2.433873,110.447303,1,0.5,24.49
18034,-2.433873,110.588787,1,0.5,13.57
18035,-2.433873,110.592156,1,0.5,13.57
18036,-2.433873,110.595525,1,0.5,13.57
18037,-2.433873,110.639318,1,0.5,6.95
18038,-2.433873,110.642686,1,0.5,6.95
18039,-2.433873,110.646055,2,0.5,8.8
18040,-2.433873,110.649424,1,0.5,8.8
18041,-2.433873,110.652792,1,0.5,8.8
18042,-2.437242,110.430459,2,0.5,11.69
18043,-2.437242,110.433828,5,0.5,11.69
18044,-2.437242,110.437197,5,0.5,11.69
18045,-2.437242,110.440565,5,0.5,11.69
18046,-2.437242,110.443934,1,0.5,24.49
18047,-2.437242,110.447303,1,0.5,24.49
18048,-2.437242,110.588787,1,0.5,13.57
18049,-2.437242,110.592156,1,0.5,13.57
18050,-2.437242,110.595525,1,0.5,13.57
18051,-2.437242,110.639318,1,0.5,6.95
18052,-2.437242,110.642686,1,0.5,6.95
18053,-2.437242,110.646055,2,0.5,8.8
18054,-2.437242,110.649424,1,0.5,8.8
18055,-2.437242,110.652792,1,0.5,8.8
18056,-2.44061,110.433828,1,0.5,7.69
18057,-2.44061,110.437197,2,0.5,7.69
18058,-2.44061,110.440565,2,0.5,7.69
18059,-2.44061,110.443934,1,0.5,24.49
18060,-2.44061,110.588787,1,0.5,13.57
18061,-2.44061,110.592156,1,0.5,13.57
18062,-2.44061,110.595525,1,0.5,13.57
18063,-2.44061,110.639318,1,0.5,6.95
18064,-2.44061,110.642686,1,0.5,6.95
18065,-2.44061,110.646055,2,0.5,8.8
18066,-2.44061,110.649424,1,0.5,8.8
18067,-2.44061,110.652792,1,0.5,8.8
18068,-2.44061,110.65953,1,0.5,7.01
18069,-2.44061,110.662898,1,0.5,7.01
18070,-2.44061,110.666267,1,0.5,7.01
18071,-2.443979,110.588787,1,0.5,13.57
18072,-2.443979,110.592156,1,0.5,13.57
18073,-2.443979,110.595525,1,0.5,13.57
18074,-2.443979,110.608999,1,0.5,5.82
18075,-2.443979,110.612368,1,0.5,11.34
18076,-2.443979,110.615737,2,0.5,11.34
18077,-2.443979,110.619106,1,0.5,6.06
18078,-2.443979,110.622474,1,0.5,6.06
18079,-2.443979,110.65953,1,0.5,7.01
18080,-2.443979,110.662898,1,0.5,7.01
18081,-2.443979,110.666267,1,0.5,7.01
18082,-2.447348,110.608999,1,0.5,5.82
18083,-2.447348,110.612368,1,0.5,11.34
18084,-2.447348,110.615737,2,0.5,11.34
18085,-2.447348,110.619106,1,0.5,6.06
18086,-2.447348,110.622474,1,0.5,6.06
18087,-2.447348,110.65953,1,0.5,7.01
18088,-2.447348,110.662898,1,0.5,7.01
18089,-2.447348,110.666267,1,0.5,7.01
18090,-2.447348,110.814489,1,0.5,2.85
18091,-2.447348,110.817858,1,0.5,2.85
18092,-2.450716,110.608999,1,0.5,5.82
18093,-2.450716,110.612368,1,0.5,11.34
18094,-2.450716,110.615737,2,0.5,11.34
18095,-2.450716,110.619106,2,0.5,6.06
18096,-2.450716,110.622474,2,0.5,6.06
18097,-2.450716,110.625843,1,0.5,3.33
18098,-2.450716,110.733641,1,0.5,5.87
18099,-2.450716,110.737009,1,0.5,5.87
18100,-2.450716,110.740378,1,0.5,5.87
18101,-2.450716,110.814489,1,0.5,2.85
18102,-2.450716,110.817858,1,0.5,2.85
18103,-2.450716,110.969448,1,0.5,4.65
18104,-2.450716,110.972817,1,0.5,4.65
18105,-2.450716,110.989661,1,0.5,6.04
18106,-2.450716,110.993029,1,0.5,6.04
18107,-2.450716,110.996398,1,0.5,6.04
18108,-2.454085,110.181177,1,0.5,6.99
18109,-2.454085,110.184546,1,0.5,6.99
18110,-2.454085,110.612368,1,0.5,11.34
18111,-2.454085,110.615737,2,0.5,11.34
18112,-2.454085,110.619106,2,0.5,6.06
18113,-2.454085,110.622474,2,0.5,6.06
18114,-2.454085,110.625843,1,0.5,3.33
18115,-2.454085,110.646055,1,0.5,8.61
18116,-2.454085,110.649424,1,0.5,8.61
18117,-2.454085,110.652792,1,0.5,8.61
18118,-2.454085,110.656161,1,0.5,10.94
18119,-2.454085,110.662898,1,0.5,4.8
18120,-2.454085,110.666267,1,0.5,4.8
18121,-2.454085,110.669636,1,0.5,4.8
18122,-2.454085,110.733641,1,0.5,5.87
18123,-2.454085,110.737009,1,0.5,5.87
18124,-2.454085,110.740378,1,0.5,5.87
18125,-2.454085,110.814489,1,0.5,2.85
18126,-2.454085,110.817858,1,0.5,2.85
18127,-2.454085,110.969448,1,0.5,4.65
18128,-2.454085,110.972817,1,0.5,4.65
18129,-2.454085,110.989661,1,0.5,6.04
18130,-2.454085,110.993029,1,0.5,6.04
18131,-2.454085,110.996398,1,0.5,6.04
18132,-2.457454,110.181177,1,0.5,6.99
18133,-2.457454,110.184546,1,0.5,6.99
18134,-2.457454,110.619106,1,0.5,3.33
18135,-2.457454,110.622474,1,0.5,3.33
18136,-2.457454,110.625843,1,0.5,3.33
18137,-2.457454,110.646055,1,0.5,8.61
18138,-2.457454,110.649424,1,0.5,8.61
18139,-2.457454,110.652792,1,0.5,8.61
18140,-2.457454,110.656161,1,0.5,10.94
18141,-2.457454,110.662898,1,0.5,4.8
18142,-2.457454,110.666267,1,0.5,4.8
18143,-2.457454,110.669636,1,0.5,4.8
18144,-2.457454,110.733641,1,0.5,5.06
18145,-2.457454,110.737009,1,0.5,5.06
18146,-2.457454,110.740378,1,0.5,5.06
18147,-2.457454,110.969448,1,0.5,4.65
18148,-2.457454,110.972817,1,0.5,4.65
18149,-2.460822,110.497833,1,0.5,2.69
18150,-2.460822,110.501202,1,0.5,2.69
18151,-2.460822,110.50457,1,0.5,2.69
18152,-2.460822,110.646055,1,0.5,8.61
18153,-2.460822,110.649424,1,0.5,8.61
18154,-2.460822,110.652792,1,0.5,8.61
18155,-2.460822,110.656161,1,0.5,10.94
18156,-2.460822,110.662898,1,0.5,4.8
18157,-2.460822,110.666267,1,0.5,4.8
18158,-2.460822,110.669636,2,0.5,4.94
18159,-2.460822,110.673004,1,0.5,4.94
18160,-2.460822,110.676373,1,0.5,4.94
18161,-2.460822,110.733641,1,0.5,5.06
18162,-2.460822,110.737009,1,0.5,5.06
18163,-2.460822,110.740378,1,0.5,5.06
18164,-2.464191,110.497833,1,0.5,2.69
18165,-2.464191,110.501202,1,0.5,2.69
18166,-2.464191,110.50457,1,0.5,2.69
18167,-2.464191,110.669636,1,0.5,4.94
18168,-2.464191,110.673004,1,0.5,4.94
18169,-2.464191,110.676373,1,0.5,4.94
18170,-2.464191,110.699954,1,0.5,7.05
18171,-2.464191,110.703323,1,0.5,7.05
18172,-2.464191,110.706691,1,0.5,7.05
18173,-2.464191,110.733641,1,0.5,5.06
18174,-2.464191,110.737009,1,0.5,5.06
18175,-2.464191,110.740378,1,0.5,5.06
18176,-2.46756,110.673004,1,0.5,4.94
18177,-2.46756,110.676373,1,0.5,4.94
18178,-2.46756,110.679742,1,0.5,4.94
18179,-2.46756,110.703323,1,0.5,7.05
18180,-2.46756,110.706691,1,0.5,7.05
18181,-2.46756,110.71006,1,0.5,7.05
18182,-2.470928,110.524782,1,0.5,9.46
18183,-2.470928,110.528151,1,0.5,9.46
18184,-2.470928,110.53152,1,0.5,9.46
18185,-2.470928,110.534888,1,0.5,9.46
18186,-2.470928,110.703323,1,0.5,7.05
18187,-2.470928,110.706691,1,0.5,7.05
18188,-2.470928,110.71006,1,0.5,7.05
18189,-2.474297,110.524782,1,0.5,9.46
18190,-2.474297,110.528151,1,0.5,9.46
18191,-2.474297,110.53152,1,0.5,9.46
18192,-2.474297,110.534888,1,0.5,9.46
18193,-2.477666,110.521414,1,0.5,5.42
18194,-2.477666,110.524782,1,0.5,9.46
18195,-2.477666,110.528151,1,0.5,9.46
18196,-2.477666,110.53152,1,0.5,9.46
18197,-2.477666,110.534888,1,0.5,9.46
18198,-2.477666,110.639318,1,0.5,6.38
18199,-2.477666,110.642686,1,0.5,6.38
18200,-2.477666,110.646055,1,0.5,6.38
18201,-2.477666,110.777434,1,0.5,21.5
18202,-2.477666,110.780802,1,0.5,21.5
18203,-2.477666,110.784171,1,0.5,21.5
18204,-2.477666,110.895337,1,0.5,3.8
18205,-2.477666,110.898706,1,0.5,3.8
18206,-2.477666,110.902075,1,0.5,3.8
18207,-2.481035,110.484358,1,0.5,31.59
18208,-2.481035,110.487727,1,0.5,31.59
18209,-2.481035,110.491096,1,0.5,31.59
18210,-2.481035,110.494464,1,0.5,8.05
18211,-2.481035,110.521414,1,0.5,5.42
18212,-2.481035,110.524782,1,0.5,5.42
18213,-2.481035,110.528151,1,0.5,5.42
18214,-2.481035,110.53152,1,0.5,5.42
18215,-2.481035,110.639318,1,0.5,8.72
18216,-2.481035,110.642686,1,0.5,8.72
18217,-2.481035,110.646055,1,0.5,8.72
18218,-2.481035,110.777434,1,0.5,21.5
18219,-2.481035,110.780802,1,0.5,21.5
18220,-2.481035,110.784171,1,0.5,21.5
18221,-2.481035,110.78754,1,0.5,11.22
18222,-2.481035,110.895337,1,0.5,3.8
18223,-2.481035,110.898706,1,0.5,3.8
18224,-2.481035,110.902075,1,0.5,3.8
18225,-2.484403,110.484358,1,0.5,31.59
18226,-2.484403,110.487727,1,0.5,31.59
18227,-2.484403,110.491096,1,0.5,31.59
18228,-2.484403,110.494464,1,0.5,5.77
18229,-2.484403,110.497833,1,0.5,5.77
18230,-2.484403,110.521414,1,0.5,5.42
18231,-2.484403,110.524782,1,0.5,5.42
18232,-2.484403,110.528151,1,0.5,5.42
18233,-2.484403,110.53152,1,0.5,5.42
18234,-2.484403,110.639318,1,0.5,8.72
18235,-2.484403,110.642686,1,0.5,8.72
18236,-2.484403,110.646055,1,0.5,8.72
18237,-2.484403,110.666267,1,0.5,3.39
18238,-2.484403,110.669636,1,0.5,3.39
18239,-2.484403,110.673004,1,0.5,3.39
18240,-2.484403,110.777434,1,0.5,21.5
18241,-2.484403,110.780802,1,0.5,21.5
18242,-2.484403,110.784171,1,0.5,21.5
18243,-2.484403,110.78754,1,0.5,11.22
18244,-2.484403,110.895337,1,0.5,3.8
18245,-2.484403,110.898706,1,0.5,3.8
18246,-2.484403,110.902075,1,0.5,3.8
18247,-2.487772,110.484358,1,0.5,8.94
18248,-2.487772,110.487727,1,0.5,8.94
18249,-2.487772,110.491096,1,0.5,8.94
18250,-2.487772,110.494464,1,0.5,5.77
18251,-2.487772,110.497833,1,0.5,5.77
18252,-2.487772,110.639318,1,0.5,8.72
18253,-2.487772,110.642686,1,0.5,8.72
18254,-2.487772,110.646055,1,0.5,8.72
18255,-2.487772,110.666267,1,0.5,3.39
18256,-2.487772,110.669636,1,0.5,3.39
18257,-2.487772,110.673004,1,0.5,3.39
18258,-2.487772,110.780802,1,0.5,11.22
18259,-2.487772,110.784171,1,0.5,11.22
18260,-2.487772,110.78754,1,0.5,11.22
18261,-2.491141,110.484358,1,0.5,8.94
18262,-2.491141,110.487727,1,0.5,8.94
18263,-2.491141,110.491096,1,0.5,8.94
18264,-2.491141,110.615737,1,0.5,5.57
18265,-2.491141,110.619106,1,0.5,5.57
18266,-2.491141,110.639318,1,0.5,8.72
18267,-2.491141,110.642686,1,0.5,8.72
18268,-2.491141,110.646055,1,0.5,8.72
18269,-2.491141,110.666267,1,0.5,3.39
18270,-2.491141,110.669636,1,0.5,3.39
18271,-2.491141,110.673004,1,0.5,3.39
18272,-2.494509,110.191283,1,0.5,1.31
18273,-2.494509,110.194652,1,0.5,1.31
18274,-2.494509,110.19802,1,0.5,1.31
18275,-2.494509,110.241813,1,0.5,12.85
18276,-2.494509,110.245182,1,0.5,12.85
18277,-2.494509,110.24855,1,0.5,12.85
18278,-2.494509,110.251919,1,0.5,12.85
18279,-2.494509,110.484358,1,0.5,8.94
18280,-2.494509,110.487727,1,0.5,8.94
18281,-2.494509,110.491096,1,0.5,8.94
18282,-2.494509,110.615737,1,0.5,5.57
18283,-2.494509,110.619106,1,0.5,5.57
18284,-2.497878,110.191283,1,0.5,1.31
18285,-2.497878,110.194652,1,0.5,1.31
18286,-2.497878,110.19802,1,0.5,1.31
18287,-2.497878,110.241813,1,0.5,12.85
18288,-2.497878,110.245182,1,0.5,12.85
18289,-2.497878,110.24855,1,0.5,12.85
18290,-2.497878,110.251919,1,0.5,12.85
18291,-2.497878,110.255288,1,0.5,4.07
18292,-2.497878,110.477621,1,0.5,7.32
18293,-2.497878,110.48099,1,0.5,7.32
18294,-2.497878,110.484358,1,0.5,7.32
18295,-2.497878,110.615737,1,0.5,5.57
18296,-2.497878,110.619106,1,0.5,5.57
18297,-2.497878,110.918918,1,0.5,5.6
18298,-2.497878,110.922287,1,0.5,5.6
18299,-2.497878,110.925656,1,0.5,5.6
18300,-2.501247,110.241813,1,0.5,12.85
18301,-2.501247,110.245182,1,0.5,12.85
18302,-2.501247,110.24855,1,0.5,12.85
18303,-2.501247,110.251919,1,0.5,12.85
18304,-2.501247,110.255288,1,0.5,4.07
18305,-2.501247,110.477621,1,0.5,7.32
18306,-2.501247,110.48099,1,0.5,7.32
18307,-2.501247,110.484358,1,0.5,7.32
18308,-2.501247,110.497833,1,0.5,45.78
18309,-2.501247,110.501202,1,0.5,45.78
18310,-2.501247,110.50457,1,0.5,45.78
18311,-2.501247,110.922287,1,0.5,5.6
18312,-2.501247,110.925656,1,0.5,5.6
18313,-2.501247,110.929024,1,0.5,5.6
18314,-2.504615,110.24855,1,0.5,4.07
18315,-2.504615,110.251919,1,0.5,4.07
18316,-2.504615,110.255288,1,0.5,4.07
18317,-2.504615,110.477621,1,0.5,7.32
18318,-2.504615,110.48099,1,0.5,7.32
18319,-2.504615,110.484358,1,0.5,7.32
18320,-2.504615,110.497833,1,0.5,45.78
18321,-2.504615,110.501202,1,0.5,45.78
18322,-2.504615,110.50457,1,0.5,45.78
18323,-2.504615,110.922287,1,0.5,5.6
18324,-2.504615,110.925656,1,0.5,5.6
18325,-2.504615,110.929024,1,0.5,5.6
18326,-2.504615,110.962711,1,0.5,4.77
18327,-2.504615,110.96608,1,0.5,6.89
18328,-2.504615,110.969448,1,0.5,6.89
18329,-2.504615,110.972817,1,0.5,6.89
18330,-2.507984,110.477621,1,0.5,7.32
18331,-2.507984,110.48099,1,0.5,7.32
18332,-2.507984,110.484358,1,0.5,7.32
18333,-2.507984,110.497833,1,0.5,45.78
18334,-2.507984,110.501202,1,0.5,45.78
18335,-2.507984,110.50457,1,0.5,45.78
18336,-2.507984,110.922287,1,0.5,2.28
18337,-2.507984,110.925656,1,0.5,2.28
18338,-2.507984,110.962711,1,0.5,4.77
18339,-2.507984,110.96608,1,0.5,6.89
18340,-2.507984,110.969448,1,0.5,6.89
18341,-2.507984,110.972817,1,0.5,6.89
18342,-2.507984,111.006504,1,0.5,9.1
18343,-2.507984,111.009873,1,0.5,9.1
18344,-2.511353,110.615737,1,0.5,5.97
18345,-2.511353,110.619106,1,0.5,5.97
18346,-2.511353,110.622474,1,0.5,5.97
18347,-2.511353,110.871757,1,0.5,0.54
18348,-2.511353,110.875125,1,0.5,0.54
18349,-2.511353,110.878494,1,0.5,0.54
18350,-2.511353,110.922287,1,0.5,2.28
18351,-2.511353,110.925656,1,0.5,2.28
18352,-2.511353,110.962711,1,0.5,4.77
18353,-2.511353,110.96608,1,0.5,6.89
18354,-2.511353,110.969448,1,0.5,6.89
18355,-2.511353,110.972817,1,0.5,6.89
18356,-2.511353,111.006504,1,0.5,9.1
18357,-2.511353,111.009873,1,0.5,9.1
18358,-2.511353,111.04356,1,0.5,6.34
18359,-2.511353,111.046928,1,0.5,6.34
18360,-2.514721,110.615737,1,0.5,5.97
18361,-2.514721,110.619106,1,0.5,5.97
18362,-2.514721,110.622474,1,0.5,5.97
18363,-2.514721,110.871757,1,0.5,0.54
18364,-2.514721,110.875125,1,0.5,0.54
18365,-2.514721,110.878494,1,0.5,0.54
18366,-2.514721,110.922287,1,0.5,2.28
18367,-2.514721,110.925656,1,0.5,2.28
18368,-2.514721,110.96608,1,0.5,2.52
18369,-2.514721,110.969448,1,0.5,2.52
18370,-2.514721,110.972817,1,0.5,2.52
18371,-2.514721,111.006504,1,0.5,9.1
18372,-2.514721,111.009873,1,0.5,9.1
18373,-2.514721,111.04356,1,0.5,6.34
18374,-2.514721,111.046928,1,0.5,6.34
18375,-2.51809,110.538257,1,0.5,5.7
18376,-2.51809,110.541626,1,0.5,5.7
18377,-2.51809,110.544995,1,0.5,5.7
18378,-2.51809,110.615737,1,0.5,5.97
18379,-2.51809,110.619106,2,0.5,6.88
18380,-2.51809,110.622474,2,0.5,6.88
18381,-2.51809,110.625843,1,0.5,6.88
18382,-2.51809,110.666267,1,0.5,6.14
18383,-2.51809,110.669636,1,0.5,6.14
18384,-2.51809,110.673004,1,0.5,6.14
18385,-2.51809,110.871757,1,0.5,0.54
18386,-2.51809,110.875125,1,0.5,0.54
18387,-2.51809,110.878494,1,0.5,0.54
18388,-2.51809,110.96608,1,0.5,2.52
18389,-2.51809,110.969448,1,0.5,2.52
18390,-2.51809,110.972817,1,0.5,2.52
18391,-2.51809,111.04356,1,0.5,6.34
18392,-2.51809,111.046928,1,0.5,6.34
18393,-2.521459,110.538257,1,0.5,5.7
18394,-2.521459,110.541626,1,0.5,5.7
18395,-2.521459,110.544995,1,0.5,5.7
18396,-2.521459,110.619106,1,0.5,6.88
18397,-2.521459,110.622474,1,0.5,6.88
18398,-2.521459,110.625843,1,0.5,6.88
18399,-2.521459,110.666267,1,0.5,6.14
18400,-2.521459,110.669636,1,0.5,6.14
18401,-2.521459,110.673004,1,0.5,6.14
18402,-2.521459,110.96608,1,0.5,2.52
18403,-2.521459,110.969448,1,0.5,2.52
18404,-2.521459,110.972817,1,0.5,2.52
18405,-2.521459,111.073878,1,0.5,4.31
18406,-2.521459,111.077246,1,0.5,4.31
18407,-2.521459,111.080615,1,0.5,4.31
18408,-2.524827,110.538257,1,0.5,5.7
18409,-2.524827,110.541626,1,0.5,5.7
18410,-2.524827,110.544995,1,0.5,5.7
18411,-2.524827,110.619106,1,0.5,6.88
18412,-2.524827,110.622474,1,0.5,6.88
18413,-2.524827,110.625843,1,0.5,6.88
18414,-2.524827,110.666267,1,0.5,6.14
18415,-2.524827,110.669636,1,0.5,6.14
18416,-2.524827,110.673004,1,0.5,6.14
18417,-2.524827,111.073878,1,0.5,4.31
18418,-2.524827,111.077246,1,0.5,4.31
18419,-2.524827,111.080615,1,0.5,4.31
18420,-2.528196,111.073878,1,0.5,4.31
18421,-2.528196,111.077246,1,0.5,4.31
18422,-2.528196,111.080615,1,0.5,4.31
18423,-2.531565,110.258657,1,0.5,4.26
18424,-2.531565,110.262025,1,0.5,4.26
18425,-2.531565,110.265394,1,0.5,4.26
18426,-2.534933,110.251919,1,0.5,1.86
18427,-2.534933,110.255288,1,0.5,1.86
18428,-2.534933,110.258657,1,0.5,4.26
18429,-2.534933,110.262025,1,0.5,4.26
18430,-2.534933,110.265394,1,0.5,4.26
18431,-2.534933,111.009873,1,0.5,2.96
18432,-2.534933,111.013241,1,0.5,2.96
18433,-2.534933,111.01661,1,0.5,2.96
18434,-2.538302,110.251919,1,0.5,1.86
18435,-2.538302,110.255288,1,0.5,1.86
18436,-2.538302,110.258657,1,0.5,4.26
18437,-2.538302,110.262025,1,0.5,4.26
18438,-2.538302,110.265394,1,0.5,4.26
18439,-2.538302,110.467515,1,0.5,2.34
18440,-2.538302,110.470884,1,0.5,2.34
18441,-2.538302,110.474252,1,0.5,2.34
18442,-2.538302,110.993029,1,0.5,10.72
18443,-2.538302,110.996398,1,0.5,10.72
18444,-2.538302,110.999767,1,0.5,10.72
18445,-2.538302,111.003135,1,0.5,10.72
18446,-2.538302,111.013241,1,0.5,2.96
18447,-2.538302,111.01661,1,0.5,2.96
18448,-2.538302,111.019979,1,0.5,2.96
18449,-2.541671,110.467515,1,0.5,2.34
18450,-2.541671,110.470884,1,0.5,2.34
18451,-2.541671,110.474252,1,0.5,2.34
18452,-2.541671,110.996398,1,0.5,10.72
18453,-2.541671,110.999767,1,0.5,10.72
18454,-2.541671,111.003135,1,0.5,10.72
18455,-2.541671,111.013241,1,0.5,2.96
18456,-2.541671,111.01661,1,0.5,2.96
18457,-2.541671,111.019979,1,0.5,2.96
18458,-2.545039,110.413616,1,0.5,4.21
18459,-2.545039,110.416985,1,0.5,4.21
18460,-2.545039,110.420353,1,0.5,4.21
18461,-2.545039,111.030085,1,0.5,8.0
18462,-2.545039,111.033453,1,0.5,8.0
18463,-2.545039,111.036822,1,0.5,8.0
18464,-2.548408,110.413616,1,0.5,4.21
18465,-2.548408,110.416985,1,0.5,4.21
18466,-2.548408,110.420353,1,0.5,4.21
18467,-2.548408,111.030085,1,0.5,8.0
18468,-2.548408,111.033453,1,0.5,8.0
18469,-2.548408,111.036822,1,0.5,8.0
18470,-2.551777,110.295712,1,0.5,4.14
18471,-2.551777,110.299081,1,0.5,4.14
18472,-2.551777,110.302449,1,0.5,4.14
18473,-2.551777,110.413616,1,0.5,4.21
18474,-2.551777,110.416985,1,0.5,4.21
18475,-2.551777,110.420353,1,0.5,4.21
18476,-2.551777,110.703323,1,0.5,1.24
18477,-2.551777,110.706691,1,0.5,1.24
18478,-2.551777,110.71006,1,0.5,0.54
18479,-2.551777,111.030085,1,0.5,8.0
18480,-2.551777,111.033453,1,0.5,8.0
18481,-2.551777,111.036822,1,0.5,8.0
18482,-2.555146,110.295712,1,0.5,4.14
18483,-2.555146,110.299081,1,0.5,4.14
18484,-2.555146,110.302449,1,0.5,4.14
18485,-2.555146,110.416985,1,0.5,0.39
18486,-2.555146,110.420353,1,0.5,0.39
18487,-2.555146,110.423722,1,0.5,0.39
18488,-2.555146,110.460777,1,0.5,7.19
18489,-2.555146,110.464146,1,0.5,7.19
18490,-2.555146,110.467515,1,0.5,7.19
18491,-2.555146,110.470884,1,0.5,27.92
18492,-2.555146,110.474252,1,0.5,27.92
18493,-2.555146,110.686479,1,0.5,5.41
18494,-2.555146,110.689848,1,0.5,5.41
18495,-2.555146,110.693217,1,0.5,5.41
18496,-2.555146,110.703323,1,0.5,1.24
18497,-2.555146,110.706691,1,0.5,1.24
18498,-2.555146,110.71006,1,0.5,0.54
18499,-2.555146,110.713429,1,0.5,0.54
18500,-2.558514,110.201389,1,0.5,2.39
18501,-2.558514,110.204758,1,0.5,2.39
18502,-2.558514,110.208126,1,0.5,2.39
18503,-2.558514,110.299081,1,0.5,4.14
18504,-2.558514,110.302449,1,0.5,4.14
18505,-2.558514,110.305818,1,0.5,4.14
18506,-2.558514,110.416985,1,0.5,0.39
18507,-2.558514,110.420353,2,0.5,9.9
18508,-2.558514,110.423722,2,0.5,9.9
18509,-2.558514,110.427091,1,0.5,9.9
18510,-2.558514,110.460777,1,0.5,7.19
18511,-2.558514,110.464146,1,0.5,7.19
18512,-2.558514,110.467515,1,0.5,7.19
18513,-2.558514,110.470884,1,0.5,35.08
18514,-2.558514,110.474252,1,0.5,35.08
18515,-2.558514,110.686479,1,0.5,5.41
18516,-2.558514,110.689848,1,0.5,5.41
18517,-2.558514,110.693217,1,0.5,5.41
18518,-2.558514,110.703323,1,0.5,1.24
18519,-2.558514,110.706691,1,0.5,1.24
18520,-2.558514,110.71006,1,0.5,0.54
18521,-2.558514,110.713429,1,0.5,0.54
18522,-2.561883,110.201389,1,0.5,2.39
18523,-2.561883,110.204758,1,0.5,2.39
18524,-2.561883,110.208126,1,0.5,2.39
18525,-2.561883,110.416985,1,0.5,0.39
18526,-2.561883,110.420353,2,0.5,9.9
18527,-2.561883,110.423722,2,0.5,9.9
18528,-2.561883,110.427091,1,0.5,9.9
18529,-2.561883,110.467515,1,0.5,6.0
18530,-2.561883,110.470884,1,0.5,35.08
18531,-2.561883,110.474252,2,0.5,35.08
18532,-2.561883,110.477621,1,0.5,27.92
18533,-2.561883,110.48099,1,0.5,20.02
18534,-2.561883,110.686479,1,0.5,5.41
18535,-2.561883,110.689848,1,0.5,5.41
18536,-2.561883,110.693217,1,0.5,5.41
18537,-2.561883,110.699954,1,0.5,1.14
18538,-2.561883,110.703323,1,0.5,1.14
18539,-2.561883,110.706691,1,0.5,1.14
18540,-2.561883,110.71006,1,0.5,0.54
18541,-2.561883,110.713429,1,0.5,0.54
18542,-2.561883,110.871757,1,0.5,1.17
18543,-2.561883,110.875125,1,0.5,1.17
18544,-2.561883,110.878494,1,0.5,1.31
18545,-2.561883,110.881863,1,0.5,1.31
18546,-2.561883,110.885231,1,0.5,1.31
18547,-2.565252,110.420353,1,0.5,9.9
18548,-2.565252,110.423722,1,0.5,9.9
18549,-2.565252,110.427091,1,0.5,9.9
18550,-2.565252,110.470884,2,0.5,35.08
18551,-2.565252,110.474252,2,0.5,35.08
18552,-2.565252,110.477621,1,0.5,27.92
18553,-2.565252,110.48099,1,0.5,20.02
18554,-2.565252,110.555101,1,0.5,4.65
18555,-2.565252,110.558469,1,0.5,4.65
18556,-2.565252,110.561838,1,0.5,4.65
18557,-2.565252,110.686479,1,0.5,5.41
18558,-2.565252,110.689848,1,0.5,5.41
18559,-2.565252,110.693217,1,0.5,5.41
18560,-2.565252,110.699954,1,0.5,1.14
18561,-2.565252,110.703323,1,0.5,1.14
18562,-2.565252,110.706691,1,0.5,1.14
18563,-2.565252,110.871757,1,0.5,1.17
18564,-2.565252,110.875125,1,0.5,1.17
18565,-2.565252,110.878494,1,0.5,1.31
18566,-2.565252,110.881863,1,0.5,1.31
18567,-2.565252,110.885231,1,0.5,1.31
18568,-2.56862,110.201389,2,0.5,8.71
18569,-2.56862,110.204758,2,0.5,8.71
18570,-2.56862,110.208126,2,0.5,8.71
18571,-2.56862,110.420353,1,0.5,3.56
18572,-2.56862,110.423722,1,0.5,3.56
18573,-2.56862,110.427091,1,0.5,3.56
18574,-2.56862,110.470884,1,0.5,10.75
18575,-2.56862,110.474252,1,0.5,20.02
18576,-2.56862,110.477621,1,0.5,20.02
18577,-2.56862,110.48099,1,0.5,20.02
18578,-2.56862,110.555101,1,0.5,4.65
18579,-2.56862,110.558469,1,0.5,4.65
18580,-2.56862,110.561838,1,0.5,4.65
18581,-2.56862,110.699954,1,0.5,1.14
18582,-2.56862,110.703323,1,0.5,1.14
18583,-2.56862,110.706691,1,0.5,1.14
18584,-2.56862,110.871757,1,0.5,1.17
18585,-2.56862,110.875125,1,0.5,1.17
18586,-2.56862,110.878494,1,0.5,1.31
18587,-2.56862,110.881863,1,0.5,1.31
18588,-2.56862,110.885231,1,0.5,1.31
18589,-2.571989,110.201389,2,0.5,8.71
18590,-2.571989,110.204758,2,0.5,8.71
18591,-2.571989,110.208126,2,0.5,8.71
18592,-2.571989,110.221601,1,0.5,3.47
18593,-2.571989,110.22497,1,0.5,3.47
18594,-2.571989,110.262025,1,0.5,2.14
18595,-2.571989,110.265394,1,0.5,2.14
18596,-2.571989,110.268763,1,0.5,2.14
18597,-2.571989,110.555101,1,0.5,4.65
18598,-2.571989,110.558469,1,0.5,4.65
18599,-2.571989,110.561838,1,0.5,4.65
18600,-2.571989,110.878494,1,0.5,1.31
18601,-2.571989,110.881863,1,0.5,5.36
18602,-2.571989,110.885231,1,0.5,5.36
18603,-2.571989,110.8886,1,0.5,5.36
18604,-2.575358,110.201389,2,0.5,8.71
18605,-2.575358,110.204758,2,0.5,8.71
18606,-2.575358,110.208126,2,0.5,8.71
18607,-2.575358,110.221601,1,0.5,3.47
18608,-2.575358,110.22497,1,0.5,3.47
18609,-2.575358,110.262025,1,0.5,2.14
18610,-2.575358,110.265394,1,0.5,2.14
18611,-2.575358,110.268763,1,0.5,2.14
18612,-2.575358,110.868388,1,0.5,3.58
18613,-2.575358,110.871757,1,0.5,3.58
18614,-2.575358,110.875125,1,0.5,3.58
18615,-2.575358,110.878494,1,0.5,3.58
18616,-2.575358,110.881863,1,0.5,5.36
18617,-2.575358,110.885231,1,0.5,5.36
18618,-2.575358,110.8886,1,0.5,5.36
18619,-2.575358,110.891969,1,0.5,3.56
18620,-2.578726,110.221601,1,0.5,10.68
18621,-2.578726,110.22497,1,0.5,11.24
18622,-2.578726,110.228338,1,0.5,11.24
18623,-2.578726,110.231707,1,0.5,11.24
18624,-2.578726,110.262025,1,0.5,2.14
18625,-2.578726,110.265394,1,0.5,2.14
18626,-2.578726,110.268763,1,0.5,2.14
18627,-2.578726,110.662898,1,0.5,18.37
18628,-2.578726,110.666267,1,0.5,18.37
18629,-2.578726,110.669636,1,0.5,18.37
18630,-2.578726,110.868388,1,0.5,3.58
18631,-2.578726,110.871757,1,0.5,3.58
18632,-2.578726,110.875125,1,0.5,3.58
18633,-2.578726,110.878494,1,0.5,3.58
18634,-2.578726,110.881863,1,0.5,5.36
18635,-2.578726,110.885231,1,0.5,5.36
18636,-2.578726,110.8886,1,0.5,5.36
18637,-2.578726,110.891969,1,0.5,3.56
18638,-2.582095,110.221601,1,0.5,10.68
18639,-2.582095,110.22497,1,0.5,11.24
18640,-2.582095,110.228338,1,0.5,11.24
18641,-2.582095,110.231707,1,0.5,11.24
18642,-2.582095,110.262025,1,0.5,2.14
18643,-2.582095,110.265394,1,0.5,2.14
18644,-2.582095,110.268763,1,0.5,2.14
18645,-2.582095,110.656161,1,0.5,9.12
18646,-2.582095,110.65953,1,0.5,9.12
18647,-2.582095,110.662898,1,0.5,18.37
18648,-2.582095,110.666267,1,0.5,18.37
18649,-2.582095,110.669636,1,0.5,18.37
18650,-2.582095,110.871757,1,0.5,3.58
18651,-2.582095,110.875125,1,0.5,3.58
18652,-2.582095,110.878494,2,0.5,3.58
18653,-2.582095,110.881863,2,0.5,3.5
18654,-2.582095,110.885231,1,0.5,3.5
18655,-2.582095,110.8886,1,0.5,3.5
18656,-2.582095,110.891969,1,0.5,3.56
18657,-2.582095,110.895337,1,0.5,3.56
18658,-2.585464,110.221601,1,0.5,10.68
18659,-2.585464,110.22497,1,0.5,10.68
18660,-2.585464,110.228338,1,0.5,10.68
18661,-2.585464,110.245182,1,0.5,2.28
18662,-2.585464,110.24855,1,0.5,2.28
18663,-2.585464,110.339505,1,0.5,2.64
18664,-2.585464,110.342874,1,0.5,2.64
18665,-2.585464,110.346242,1,0.5,2.64
18666,-2.585464,110.656161,1,0.5,9.12
18667,-2.585464,110.65953,1,0.5,9.12
18668,-2.585464,110.662898,1,0.5,18.37
18669,-2.585464,110.666267,1,0.5,18.37
18670,-2.585464,110.669636,1,0.5,18.37
18671,-2.585464,110.673004,1,0.5,18.37
18672,-2.585464,110.878494,2,0.5,3.5
18673,-2.585464,110.881863,2,0.5,3.5
18674,-2.585464,110.885231,1,0.5,3.5
18675,-2.585464,110.8886,1,0.5,3.5
18676,-2.588832,110.204758,1,0.5,5.94
18677,-2.588832,110.208126,1,0.5,5.94
18678,-2.588832,110.211495,1,0.5,5.94
18679,-2.588832,110.245182,1,0.5,2.28
18680,-2.588832,110.24855,1,0.5,2.28
18681,-2.588832,110.339505,1,0.5,2.64
18682,-2.588832,110.342874,1,0.5,2.64
18683,-2.588832,110.346242,1,0.5,2.64
18684,-2.588832,110.50457,1,0.5,6.87
18685,-2.588832,110.507939,1,0.5,6.87
18686,-2.588832,110.65953,1,0.5,9.12
18687,-2.588832,110.662898,1,0.5,10.34
18688,-2.588832,110.666267,1,0.5,18.37
18689,-2.588832,110.669636,1,0.5,18.37
18690,-2.588832,110.673004,1,0.5,18.37
18691,-2.588832,110.878494,2,0.5,3.5
18692,-2.588832,110.881863,2,0.5,3.5
18693,-2.588832,110.885231,1,0.5,3.5
18694,-2.588832,110.8886,1,0.5,3.5
18695,-2.588832,111.050297,1,0.5,6.53
18696,-2.588832,111.053666,1,0.5,6.53
18697,-2.588832,111.057034,1,0.5,6.53
18698,-2.592201,110.204758,1,0.5,4.53
18699,-2.592201,110.208126,1,0.5,4.53
18700,-2.592201,110.211495,1,0.5,4.53
18701,-2.592201,110.221601,1,0.5,7.02
18702,-2.592201,110.22497,1,0.5,7.02
18703,-2.592201,110.228338,1,0.5,7.02
18704,-2.592201,110.241813,1,0.5,3.91
18705,-2.592201,110.245182,2,0.5,3.91
18706,-2.592201,110.24855,1,0.5,2.28
18707,-2.592201,110.339505,1,0.5,2.64
18708,-2.592201,110.342874,1,0.5,2.64
18709,-2.592201,110.346242,1,0.5,2.64
18710,-2.592201,110.507939,1,0.5,6.87
18711,-2.592201,110.511308,1,0.5,6.87
18712,-2.592201,110.629212,1,0.5,3.64
18713,-2.592201,110.63258,1,0.5,3.64
18714,-2.592201,110.635949,1,0.5,3.64
18715,-2.592201,110.662898,1,0.5,10.34
18716,-2.592201,110.666267,1,0.5,10.34
18717,-2.592201,110.669636,1,0.5,10.34
18718,-2.592201,110.673004,1,0.5,11.95
18719,-2.592201,110.726903,1,1.0,10.64
18720,-2.592201,110.730272,1,1.0,10.64
18721,-2.592201,110.881863,1,0.5,3.5
18722,-2.592201,110.885231,1,0.5,3.5
18723,-2.592201,110.8886,1,0.5,3.5
18724,-2.592201,111.050297,1,0.5,6.53
18725,-2.592201,111.053666,1,0.5,6.53
18726,-2.592201,111.057034,1,0.5,6.53
18727,-2.59557,110.204758,1,0.5,4.53
18728,-2.59557,110.208126,1,0.5,4.53
18729,-2.59557,110.211495,1,0.5,4.53
18730,-2.59557,110.221601,1,0.5,7.02
18731,-2.59557,110.22497,1,0.5,7.02
18732,-2.59557,110.228338,1,0.5,7.02
18733,-2.59557,110.241813,1,0.5,3.91
18734,-2.59557,110.245182,1,0.5,3.91
18735,-2.59557,110.507939,1,0.5,6.87
18736,-2.59557,110.511308,1,0.5,6.87
18737,-2.59557,110.629212,1,0.5,3.64
18738,-2.59557,110.63258,1,0.5,3.64
18739,-2.59557,110.635949,1,0.5,3.64
18740,-2.59557,110.656161,1,0.5,12.96
18741,-2.59557,110.65953,1,0.5,12.96
18742,-2.59557,110.662898,2,0.5,12.96
18743,-2.59557,110.666267,2,0.5,12.96
18744,-2.59557,110.669636,2,0.5,10.34
18745,-2.59557,110.726903,1,1.0,10.64
18746,-2.59557,110.730272,1,1.0,10.64
18747,-2.59557,110.881863,1,0.5,3.5
18748,-2.59557,110.885231,1,0.5,3.5
18749,-2.59557,110.8886,1,0.5,3.5
18750,-2.59557,110.895337,1,0.5,0.86
18751,-2.59557,110.898706,1,0.5,0.86
18752,-2.59557,110.902075,1,0.5,0.86
18753,-2.59557,111.050297,1,0.5,6.53
18754,-2.59557,111.053666,1,0.5,6.53
18755,-2.59557,111.057034,1,0.5,6.53
18756,-2.598938,110.208126,2,0.5,4.53
18757,-2.598938,110.211495,2,0.5,4.53
18758,-2.598938,110.214864,2,0.5,4.53
18759,-2.598938,110.22497,1,0.5,7.02
18760,-2.598938,110.228338,1,0.5,7.02
18761,-2.598938,110.231707,1,0.5,7.02
18762,-2.598938,110.245182,1,0.5,3.91
18763,-2.598938,110.24855,1,0.5,3.91
18764,-2.598938,110.656161,1,0.5,12.96
18765,-2.598938,110.65953,1,0.5,12.96
18766,-2.598938,110.662898,2,0.5,12.96
18767,-2.598938,110.666267,2,0.5,12.96
18768,-2.598938,110.669636,2,0.5,10.34
18769,-2.598938,110.726903,1,1.0,10.64
18770,-2.598938,110.730272,1,1.0,10.64
18771,-2.598938,110.895337,1,0.5,0.86
18772,-2.598938,110.898706,1,0.5,0.86
18773,-2.598938,110.902075,1,0.5,0.86
18774,-2.598938,111.050297,1,0.5,6.53
18775,-2.598938,111.053666,1,0.5,6.53
18776,-2.598938,111.057034,1,0.5,6.53
18777,-2.602307,110.208126,1,0.5,4.26
18778,-2.602307,110.211495,1,0.5,4.26
18779,-2.602307,110.214864,2,0.5,5.35
18780,-2.602307,110.218232,1,0.5,5.35
18781,-2.602307,110.221601,1,0.5,5.35
18782,-2.602307,110.332768,1,0.5,5.54
18783,-2.602307,110.336136,1,0.5,5.54
18784,-2.602307,110.339505,1,0.5,5.54
18785,-2.602307,110.656161,1,0.5,12.96
18786,-2.602307,110.65953,1,0.5,12.96
18787,-2.602307,110.662898,1,0.5,12.96
18788,-2.602307,110.666267,1,0.5,12.96
18789,-2.602307,110.669636,1,0.5,8.77
18790,-2.602307,110.676373,1,0.5,25.33
18791,-2.602307,110.679742,1,0.5,25.33
18792,-2.602307,110.68311,1,0.5,25.33
18793,-2.602307,110.895337,1,0.5,0.86
18794,-2.602307,110.898706,1,0.5,0.86
18795,-2.602307,110.902075,1,0.5,0.86
18796,-2.602307,111.050297,1,0.5,6.53
18797,-2.602307,111.053666,1,0.5,6.53
18798,-2.602307,111.057034,1,0.5,6.53
18799,-2.605676,110.214864,1,0.5,2.28
18800,-2.605676,110.218232,1,0.5,2.28
18801,-2.605676,110.221601,1,0.5,2.28
18802,-2.605676,110.309187,1,0.5,3.52
18803,-2.605676,110.312555,1,0.5,6.67
18804,-2.605676,110.315924,1,0.5,6.67
18805,-2.605676,110.319293,1,0.5,6.67
18806,-2.605676,110.332768,1,0.5,5.54
18807,-2.605676,110.336136,1,0.5,5.54
18808,-2.605676,110.339505,1,0.5,5.54
18809,-2.605676,110.656161,1,0.5,12.96
18810,-2.605676,110.65953,1,0.5,12.96
18811,-2.605676,110.662898,1,0.5,12.96
18812,-2.605676,110.666267,1,0.5,12.96
18813,-2.605676,110.669636,1,0.5,8.77
18814,-2.605676,110.676373,1,0.5,25.33
18815,-2.605676,110.679742,1,0.5,25.33
18816,-2.605676,110.68311,1,0.5,25.33
18817,-2.605676,110.686479,1,0.5,6.37
18818,-2.609044,110.214864,1,0.5,2.28
18819,-2.609044,110.218232,1,0.5,2.28
18820,-2.609044,110.221601,1,0.5,2.28
18821,-2.609044,110.299081,1,0.5,2.16
18822,-2.609044,110.302449,1,0.5,2.16
18823,-2.609044,110.305818,1,0.5,2.16
18824,-2.609044,110.309187,1,1.0,21.61
18825,-2.609044,110.312555,1,1.0,21.61
18826,-2.609044,110.315924,1,1.0,21.61
18827,-2.609044,110.319293,1,0.5,6.67
18828,-2.609044,110.332768,1,0.5,5.54
18829,-2.609044,110.336136,1,0.5,5.54
18830,-2.609044,110.339505,1,0.5,5.54
18831,-2.609044,110.467515,1,0.5,8.03
18832,-2.609044,110.470884,1,0.5,8.03
18833,-2.609044,110.474252,1,0.5,8.03
18834,-2.609044,110.676373,1,0.5,25.33
18835,-2.609044,110.679742,1,0.5,25.33
18836,-2.609044,110.68311,1,0.5,25.33
18837,-2.609044,110.686479,1,0.5,6.37
18838,-2.609044,110.952605,1,0.5,94.02
18839,-2.609044,110.955974,1,0.5,94.02
18840,-2.609044,110.959342,1,0.5,94.02
18841,-2.612413,110.299081,1,0.5,2.16
18842,-2.612413,110.302449,1,0.5,2.16
18843,-2.612413,110.305818,1,0.5,2.16
18844,-2.612413,110.309187,1,1.0,21.61
18845,-2.612413,110.312555,1,1.0,21.61
18846,-2.612413,110.315924,1,1.0,21.61
18847,-2.612413,110.319293,1,0.5,6.67
18848,-2.612413,110.467515,1,0.5,8.03
18849,-2.612413,110.470884,1,0.5,8.03
18850,-2.612413,110.474252,1,0.5,8.03
18851,-2.612413,110.952605,1,0.5,94.02
18852,-2.612413,110.955974,1,0.5,94.02
18853,-2.612413,110.959342,1,0.5,94.02
18854,-2.615782,110.299081,1,0.5,2.16
18855,-2.615782,110.302449,1,0.5,2.16
18856,-2.615782,110.305818,1,0.5,2.16
18857,-2.615782,110.309187,1,1.0,21.61
18858,-2.615782,110.312555,1,1.0,21.61
18859,-2.615782,110.315924,1,1.0,21.61
18860,-2.615782,110.319293,1,0.5,6.63
18861,-2.615782,110.467515,1,0.5,8.03
18862,-2.615782,110.470884,1,0.5,8.03
18863,-2.615782,110.474252,1,0.5,8.03
18864,-2.619151,110.309187,1,0.5,21.61
18865,-2.619151,110.312555,1,0.5,21.61
18866,-2.619151,110.315924,1,0.5,21.61
18867,-2.619151,110.467515,1,0.5,8.03
18868,-2.619151,110.470884,1,0.5,8.03
18869,-2.619151,110.474252,1,0.5,8.03
18870,-2.619151,111.14462,1,0.5,5.99
18871,-2.622519,110.309187,1,0.5,21.61
18872,-2.622519,110.312555,1,0.5,21.61
18873,-2.622519,110.315924,1,0.5,21.61
18874,-2.622519,110.477621,1,0.5,4.48
18875,-2.622519,110.48099,1,0.5,4.48
18876,-2.622519,110.484358,1,0.5,4.48
18877,-2.622519,111.14462,1,0.5,6.78
18878,-2.622519,111.147989,1,0.5,6.78
18879,-2.625888,110.356348,1,0.5,9.6
18880,-2.625888,110.359717,1,0.5,9.6
18881,-2.625888,110.363086,1,0.5,9.6
18882,-2.625888,110.477621,1,0.5,4.48
18883,-2.625888,110.48099,1,0.5,4.48
18884,-2.625888,110.484358,1,0.5,4.48
18885,-2.625888,111.14462,1,0.5,6.78
18886,-2.625888,111.147989,1,0.5,6.78
18887,-2.629257,110.356348,1,0.5,9.6
18888,-2.629257,110.359717,2,0.5,9.6
18889,-2.629257,110.363086,2,0.5,9.6
18890,-2.629257,110.366454,1,0.5,3.75
18891,-2.629257,110.48099,1,0.5,4.48
18892,-2.629257,110.484358,1,0.5,4.48
18893,-2.629257,110.487727,1,0.5,4.48
18894,-2.629257,110.996398,1,0.5,8.56
18895,-2.629257,110.999767,1,0.5,8.56
18896,-2.629257,111.003135,1,0.5,8.56
18897,-2.629257,111.006504,1,0.5,24.61
18898,-2.629257,111.009873,1,0.5,24.61
18899,-2.629257,111.013241,1,0.5,24.61
18900,-2.629257,111.14462,1,0.5,6.78
18901,-2.629257,111.147989,1,0.5,6.78
18902,-2.629257,111.151357,1,0.5,6.78
18903,-2.632625,110.218232,1,0.5,3.86
18904,-2.632625,110.221601,1,0.5,3.86
18905,-2.632625,110.22497,1,0.5,3.86
18906,-2.632625,110.359717,1,0.5,9.6
18907,-2.632625,110.363086,2,0.5,9.6
18908,-2.632625,110.366454,2,0.5,9.6
18909,-2.632625,110.369823,1,0.5,3.75
18910,-2.632625,110.993029,1,0.5,8.56
18911,-2.632625,110.996398,1,0.5,8.56
18912,-2.632625,110.999767,1,0.5,8.56
18913,-2.632625,111.003135,1,0.5,8.56
18914,-2.632625,111.006504,1,0.5,24.61
18915,-2.632625,111.009873,1,0.5,24.61
18916,-2.632625,111.013241,1,0.5,24.61
18917,-2.632625,111.14462,1,0.5,6.78
18918,-2.632625,111.147989,1,0.5,8.85
18919,-2.632625,111.151357,1,0.5,8.85
18920,-2.632625,111.154726,1,0.5,8.85
18921,-2.635994,110.221601,1,0.5,3.86
18922,-2.635994,110.22497,1,0.5,3.86
18923,-2.635994,110.228338,1,0.5,3.86
18924,-2.635994,110.363086,1,0.5,3.75
18925,-2.635994,110.366454,1,0.5,3.75
18926,-2.635994,110.369823,1,0.5,3.75
18927,-2.635994,110.993029,1,0.5,8.56
18928,-2.635994,110.996398,1,1.0,8.56
18929,-2.635994,110.999767,1,1.0,8.56
18930,-2.635994,111.003135,1,1.0,8.56
18931,-2.639363,110.221601,1,0.5,3.86
18932,-2.639363,110.22497,1,0.5,3.86
18933,-2.639363,110.228338,1,0.5,3.86
18934,-2.639363,110.363086,1,0.5,4.7
18935,-2.639363,110.366454,1,0.5,4.7
18936,-2.639363,110.622474,1,0.5,7.83
18937,-2.639363,110.625843,1,0.5,7.83
18938,-2.639363,110.993029,1,0.5,8.56
18939,-2.639363,110.996398,1,1.0,8.56
18940,-2.639363,110.999767,1,1.0,8.56
18941,-2.639363,111.003135,1,1.0,8.56
18942,-2.642731,110.622474,1,0.5,7.83
18943,-2.642731,110.625843,1,0.5,7.83
18944,-2.642731,110.646055,1,0.5,3.29
18945,-2.642731,110.649424,1,0.5,45.23
18946,-2.642731,110.652792,1,0.5,45.23
18947,-2.642731,110.656161,1,0.5,45.23
18948,-2.642731,110.996398,1,1.0,8.56
18949,-2.642731,110.999767,1,1.0,8.56
18950,-2.642731,111.003135,1,1.0,8.56
18951,-2.6461,110.285606,1,0.5,8.2
18952,-2.6461,110.288975,1,0.5,8.2
18953,-2.6461,110.292343,1,0.5,8.2
18954,-2.6461,110.457409,1,0.5,7.39
18955,-2.6461,110.460777,1,0.5,7.39
18956,-2.6461,110.464146,1,0.5,7.39
18957,-2.6461,110.622474,1,0.5,7.83
18958,-2.6461,110.625843,1,0.5,7.83
18959,-2.6461,110.646055,1,0.5,3.29
18960,-2.6461,110.649424,1,0.5,45.23
18961,-2.6461,110.652792,1,0.5,45.23
18962,-2.6461,110.656161,1,0.5,45.23
18963,-2.649469,110.285606,1,0.5,8.2
18964,-2.649469,110.288975,1,0.5,8.37
18965,-2.649469,110.292343,1,0.5,8.37
18966,-2.649469,110.295712,1,0.5,8.37
18967,-2.649469,110.457409,1,0.5,7.39
18968,-2.649469,110.460777,1,0.5,7.39
18969,-2.649469,110.464146,1,0.5,7.39
18970,-2.649469,110.649424,1,0.5,45.23
18971,-2.649469,110.652792,1,0.5,45.23
18972,-2.649469,110.656161,1,0.5,45.23
18973,-2.652837,110.285606,1,0.5,8.2
18974,-2.652837,110.288975,1,0.5,8.37
18975,-2.652837,110.292343,1,0.5,8.37
18976,-2.652837,110.295712,1,0.5,8.37
18977,-2.652837,110.457409,1,0.5,7.39
18978,-2.652837,110.460777,2,0.5,12.35
18979,-2.652837,110.464146,2,0.5,12.35
18980,-2.652837,110.467515,1,0.5,12.35
18981,-2.652837,110.848176,1,0.5,4.07
18982,-2.652837,110.851545,1,0.5,4.07
18983,-2.652837,110.854913,1,0.5,4.07
18984,-2.656206,110.288975,1,0.5,8.37
18985,-2.656206,110.292343,1,0.5,8.37
18986,-2.656206,110.295712,1,0.5,8.37
18987,-2.656206,110.457409,2,0.5,7.39
18988,-2.656206,110.460777,2,0.5,12.35
18989,-2.656206,110.464146,2,0.5,12.35
18990,-2.656206,110.467515,1,0.5,12.35
18991,-2.656206,110.65953,1,0.5,1.83
18992,-2.656206,110.662898,1,0.5,1.83
18993,-2.656206,110.666267,1,0.5,1.83
18994,-2.656206,110.848176,1,0.5,4.07
18995,-2.656206,110.851545,1,0.5,4.07
18996,-2.656206,110.854913,1,0.5,4.07
18997,-2.659575,110.288975,1,0.5,8.37
18998,-2.659575,110.292343,1,0.5,8.37
18999,-2.659575,110.295712,1,0.5,8.37
19000,-2.659575,110.457409,1,0.5,4.25
19001,-2.659575,110.460777,1,0.5,4.98
19002,-2.659575,110.464146,1,0.5,4.98
19003,-2.659575,110.467515,1,0.5,4.98
19004,-2.659575,110.65953,1,0.5,8.69
19005,-2.659575,110.662898,1,0.5,8.69
19006,-2.659575,110.666267,1,0.5,8.69
19007,-2.659575,110.669636,1,0.5,9.6
19008,-2.659575,110.851545,1,0.5,4.07
19009,-2.659575,110.854913,1,0.5,4.07
19010,-2.659575,110.858282,1,0.5,4.07
19011,-2.662943,110.457409,1,0.5,4.25
19012,-2.662943,110.460777,1,0.5,4.25
19013,-2.662943,110.464146,1,0.5,4.25
19014,-2.662943,110.507939,1,0.5,9.46
19015,-2.662943,110.511308,1,0.5,9.46
19016,-2.662943,110.514676,1,0.5,9.46
19017,-2.662943,110.662898,1,0.5,8.69
19018,-2.662943,110.666267,1,0.5,8.69
19019,-2.662943,110.669636,1,0.5,8.69
19020,-2.662943,110.673004,1,0.5,32.13
19021,-2.662943,111.046928,1,0.5,10.18
19022,-2.662943,111.050297,1,0.5,10.18
19023,-2.662943,111.053666,1,0.5,10.18
19024,-2.662943,111.057034,1,0.5,10.18
19025,-2.662943,111.161463,1,0.5,6.79
19026,-2.666312,110.427091,1,0.5,14.57
19027,-2.666312,110.430459,1,0.5,14.57
19028,-2.666312,110.433828,1,0.5,14.57
19029,-2.666312,110.457409,1,0.5,4.25
19030,-2.666312,110.460777,1,0.5,4.25
19031,-2.666312,110.464146,1,0.5,4.25
19032,-2.666312,110.501202,1,0.5,6.65
19033,-2.666312,110.50457,1,0.5,9.46
19034,-2.666312,110.507939,1,0.5,9.46
19035,-2.666312,110.511308,1,0.5,9.46
19036,-2.666312,110.514676,1,0.5,9.46
19037,-2.666312,110.518045,1,0.5,9.46
19038,-2.666312,110.521414,1,0.5,4.47
19039,-2.666312,110.524782,2,0.5,7.38
19040,-2.666312,110.528151,1,0.5,7.38
19041,-2.666312,110.53152,1,0.5,7.38
19042,-2.666312,110.544995,1,0.5,3.21
19043,-2.666312,110.548363,1,0.5,3.21
19044,-2.666312,110.551732,1,0.5,3.21
19045,-2.666312,110.656161,1,0.5,0.97
19046,-2.666312,110.65953,1,0.5,7.25
19047,-2.666312,110.662898,1,0.5,8.69
19048,-2.666312,110.666267,1,0.5,8.69
19049,-2.666312,110.669636,1,0.5,8.69
19050,-2.666312,110.673004,1,0.5,32.13
19051,-2.666312,111.046928,1,0.5,10.18
19052,-2.666312,111.050297,1,0.5,10.18
19053,-2.666312,111.053666,1,0.5,10.18
19054,-2.666312,111.057034,1,0.5,10.18
19055,-2.666312,111.161463,1,0.5,6.79
19056,-2.669681,110.37656,1,0.5,14.82
19057,-2.669681,110.379929,1,0.5,14.82
19058,-2.669681,110.383298,1,0.5,14.82
19059,-2.669681,110.430459,1,0.5,14.57
19060,-2.669681,110.433828,1,0.5,14.57
19061,-2.669681,110.437197,1,0.5,14.57
19062,-2.669681,110.501202,1,0.5,6.65
19063,-2.669681,110.50457,1,0.5,9.46
19064,-2.669681,110.507939,1,0.5,9.46
19065,-2.669681,110.511308,1,0.5,9.46
19066,-2.669681,110.514676,1,0.5,9.46
19067,-2.669681,110.518045,1,0.5,9.46
19068,-2.669681,110.521414,1,0.5,4.47
19069,-2.669681,110.524782,2,0.5,7.38
19070,-2.669681,110.528151,1,0.5,7.38
19071,-2.669681,110.53152,1,0.5,7.38
19072,-2.669681,110.544995,1,0.5,3.21
19073,-2.669681,110.548363,1,0.5,3.21
19074,-2.669681,110.551732,1,0.5,3.21
19075,-2.669681,110.652792,1,0.5,1.59
19076,-2.669681,110.656161,2,0.5,1.59
19077,-2.669681,110.65953,3,0.5,7.25
19078,-2.669681,110.662898,3,0.5,7.25
19079,-2.669681,110.666267,2,0.5,7.25
19080,-2.669681,110.669636,1,0.5,0.69
19081,-2.669681,110.807752,1,0.5,0.89
19082,-2.669681,110.81112,1,0.5,0.89
19083,-2.669681,110.814489,1,0.5,0.89
19084,-2.669681,111.046928,1,0.5,10.18
19085,-2.669681,111.050297,1,0.5,10.18
19086,-2.669681,111.053666,1,0.5,10.18
19087,-2.669681,111.063772,1,0.5,2.27
19088,-2.669681,111.06714,1,0.5,2.27
19089,-2.669681,111.070509,1,0.5,2.27
19090,-2.673049,110.319293,1,0.5,4.32
19091,-2.673049,110.322661,1,0.5,4.32
19092,-2.673049,110.32603,1,0.5,4.32
19093,-2.673049,110.329399,1,0.5,4.32
19094,-2.673049,110.37656,1,0.5,14.82
19095,-2.673049,110.379929,1,0.5,14.82
19096,-2.673049,110.383298,1,0.5,14.82
19097,-2.673049,110.430459,1,0.5,14.57
19098,-2.673049,110.433828,1,0.5,14.57
19099,-2.673049,110.437197,1,0.5,14.57
19100,-2.673049,110.501202,1,0.5,6.65
19101,-2.673049,110.50457,1,0.5,9.46
19102,-2.673049,110.507939,1,0.5,9.46
19103,-2.673049,110.511308,1,0.5,9.46
19104,-2.673049,110.514676,1,0.5,9.46
19105,-2.673049,110.524782,1,0.5,7.38
19106,-2.673049,110.528151,1,0.5,7.38
19107,-2.673049,110.53152,1,0.5,7.38
19108,-2.673049,110.544995,1,0.5,3.21
19109,-2.673049,110.548363,1,0.5,3.21
19110,-2.673049,110.551732,1,0.5,3.21
19111,-2.673049,110.652792,1,0.5,1.59
19112,-2.673049,110.656161,2,0.5,1.59
19113,-2.673049,110.65953,3,0.5,6.32
19114,-2.673049,110.662898,3,0.5,6.32
19115,-2.673049,110.666267,2,0.5,6.32
19116,-2.673049,110.804383,1,0.5,0.78
19117,-2.673049,110.807752,1,0.5,0.89
19118,-2.673049,110.81112,1,0.5,0.89
19119,-2.673049,110.814489,1,0.5,0.89
19120,-2.673049,111.060403,1,0.5,3.77
19121,-2.673049,111.063772,2,0.5,3.77
19122,-2.673049,111.06714,2,0.5,3.77
19123,-2.673049,111.070509,1,0.5,2.27
19124,-2.676418,110.319293,1,0.5,4.32
19125,-2.676418,110.322661,1,0.5,4.32
19126,-2.676418,110.32603,1,0.5,4.32
19127,-2.676418,110.329399,1,0.5,4.32
19128,-2.676418,110.430459,1,0.5,10.18
19129,-2.676418,110.433828,1,0.5,10.18
19130,-2.676418,110.437197,1,0.5,10.18
19131,-2.676418,110.45404,1,0.5,2.51
19132,-2.676418,110.457409,1,0.5,2.51
19133,-2.676418,110.460777,1,0.5,2.51
19134,-2.676418,110.649424,1,0.5,0.48
19135,-2.676418,110.652792,1,0.5,1.59
19136,-2.676418,110.656161,1,0.5,1.59
19137,-2.676418,110.65953,2,0.5,1.59
19138,-2.676418,110.662898,1,0.5,0.43
19139,-2.676418,110.666267,1,0.5,0.43
19140,-2.676418,110.804383,1,0.5,0.78
19141,-2.676418,110.807752,1,0.5,0.89
19142,-2.676418,110.81112,2,0.5,4.06
19143,-2.676418,110.814489,2,0.5,4.06
19144,-2.676418,110.817858,1,0.5,4.06
19145,-2.676418,111.060403,1,0.5,3.77
19146,-2.676418,111.063772,1,0.5,3.77
19147,-2.676418,111.06714,1,0.5,3.77
19148,-2.679787,110.319293,1,0.5,4.32
19149,-2.679787,110.322661,1,0.5,4.32
19150,-2.679787,110.32603,1,0.5,4.32
19151,-2.679787,110.329399,1,0.5,4.32
19152,-2.679787,110.339505,1,0.5,22.76
19153,-2.679787,110.342874,1,0.5,22.76
19154,-2.679787,110.346242,1,0.5,22.76
19155,-2.679787,110.349611,1,0.5,12.59
19156,-2.679787,110.37656,1,0.5,4.46
19157,-2.679787,110.379929,1,0.5,4.46
19158,-2.679787,110.383298,1,0.5,4.46
19159,-2.679787,110.45404,1,0.5,2.51
19160,-2.679787,110.457409,1,0.5,2.51
19161,-2.679787,110.460777,1,0.5,2.51
19162,-2.679787,110.548363,1,0.5,12.22
19163,-2.679787,110.551732,1,0.5,12.22
19164,-2.679787,110.649424,1,0.5,0.48
19165,-2.679787,110.652792,1,0.5,0.48
19166,-2.679787,110.747115,1,0.5,2.95
19167,-2.679787,110.750484,1,0.5,2.95
19168,-2.679787,110.753853,1,0.5,2.95
19169,-2.679787,110.804383,1,0.5,0.78
19170,-2.679787,110.807752,1,0.5,0.78
19171,-2.679787,110.81112,2,0.5,4.06
19172,-2.679787,110.814489,1,0.5,4.06
19173,-2.679787,110.817858,1,0.5,4.06
19174,-2.679787,111.060403,1,0.5,3.77
19175,-2.679787,111.063772,1,0.5,3.77
19176,-2.679787,111.06714,1,0.5,3.77
19177,-2.683155,110.339505,1,0.5,22.76
19178,-2.683155,110.342874,1,0.5,22.76
19179,-2.683155,110.346242,1,0.5,22.76
19180,-2.683155,110.349611,1,0.5,12.59
19181,-2.683155,110.37656,1,0.5,4.46
19182,-2.683155,110.379929,1,0.5,4.46
19183,-2.683155,110.383298,1,0.5,4.46
19184,-2.683155,110.548363,1,0.5,12.22
19185,-2.683155,110.551732,1,0.5,12.22
19186,-2.683155,110.649424,1,0.5,0.48
19187,-2.683155,110.652792,1,0.5,0.48
19188,-2.683155,110.747115,1,0.5,2.95
19189,-2.683155,110.750484,1,0.5,2.95
19190,-2.683155,110.753853,1,0.5,2.95
19191,-2.683155,110.81112,1,0.5,4.06
19192,-2.683155,110.814489,1,0.5,4.06
19193,-2.683155,110.817858,1,0.5,4.06
19194,-2.686524,110.339505,1,0.5,22.76
19195,-2.686524,110.342874,1,0.5,22.76
19196,-2.686524,110.346242,1,0.5,22.76
19197,-2.686524,110.349611,1,0.5,12.59
19198,-2.686524,110.373192,1,0.5,6.04
19199,-2.686524,110.37656,2,0.5,6.04
19200,-2.686524,110.379929,2,0.5,6.04
19201,-2.686524,110.383298,1,0.5,4.46
19202,-2.686524,110.521414,1,0.5,5.79
19203,-2.686524,110.524782,1,0.5,5.79
19204,-2.686524,110.528151,1,0.5,5.79
19205,-2.686524,110.747115,1,0.5,2.95
19206,-2.686524,110.750484,1,0.5,2.95
19207,-2.686524,110.753853,1,0.5,2.95
19208,-2.686524,110.81112,1,0.5,5.71
19209,-2.686524,110.814489,1,0.5,5.71
19210,-2.686524,110.817858,2,0.5,63.57
19211,-2.686524,110.821226,1,0.5,63.57
19212,-2.686524,110.824595,1,1.0,158.67
19213,-2.686524,110.827964,1,1.0,158.67
19214,-2.686524,110.831333,1,1.0,158.67
19215,-2.689893,110.373192,1,0.5,6.04
19216,-2.689893,110.37656,1,0.5,6.04
19217,-2.689893,110.379929,1,0.5,6.04
19218,-2.689893,110.521414,1,0.5,5.79
19219,-2.689893,110.524782,1,0.5,5.79
19220,-2.689893,110.528151,1,0.5,5.79
19221,-2.689893,110.81112,1,0.5,5.42
19222,-2.689893,110.814489,1,0.5,5.42
19223,-2.689893,110.817858,2,0.5,63.57
19224,-2.689893,110.821226,1,0.5,63.57
19225,-2.689893,110.824595,1,1.0,158.67
19226,-2.689893,110.827964,1,1.0,158.67
19227,-2.689893,110.831333,1,1.0,158.67
19228,-2.693262,110.373192,1,0.5,6.04
19229,-2.693262,110.37656,1,0.5,6.04
19230,-2.693262,110.379929,1,0.5,5.51
19231,-2.693262,110.383298,1,0.5,5.51
19232,-2.693262,110.386666,1,0.5,5.51
19233,-2.693262,110.521414,1,0.5,5.79
19234,-2.693262,110.524782,1,0.5,5.79
19235,-2.693262,110.528151,1,0.5,5.79
19236,-2.693262,110.81112,1,0.5,5.42
19237,-2.693262,110.814489,1,0.5,5.42
19238,-2.693262,110.817858,2,0.5,63.57
19239,-2.693262,110.821226,1,0.5,63.57
19240,-2.693262,110.824595,1,1.0,158.67
19241,-2.693262,110.827964,1,1.0,158.67
19242,-2.693262,110.831333,1,1.0,158.67
19243,-2.69663,110.342874,1,0.5,27.88
19244,-2.69663,110.346242,1,0.5,27.88
19245,-2.69663,110.349611,1,0.5,27.88
19246,-2.69663,110.35298,1,0.5,27.88
19247,-2.69663,110.356348,1,0.5,27.88
19248,-2.69663,110.379929,1,0.5,5.51
19249,-2.69663,110.383298,1,0.5,5.51
19250,-2.69663,110.386666,2,0.5,5.67
19251,-2.69663,110.390035,1,0.5,5.67
19252,-2.69663,110.393404,1,0.5,5.67
19253,-2.69663,110.400141,1,0.5,3.29
19254,-2.69663,110.40351,1,0.5,3.29
19255,-2.69663,110.406879,1,0.5,3.29
19256,-2.69663,110.410247,1,0.5,3.29
19257,-2.69663,110.413616,1,0.5,10.75
19258,-2.69663,110.416985,1,0.5,7.41
19259,-2.69663,110.420353,1,0.5,7.41
19260,-2.69663,110.423722,1,0.5,7.41
19261,-2.69663,110.427091,1,0.5,7.77
19262,-2.69663,110.430459,1,0.5,7.77
19263,-2.69663,110.494464,1,0.5,0.67
19264,-2.69663,110.497833,2,0.75,13.6
19265,-2.69663,110.501202,2,0.75,13.6
19266,-2.69663,110.50457,1,1.0,13.6
19267,-2.69663,110.814489,2,0.5,5.71
19268,-2.69663,110.817858,2,0.5,5.71
19269,-2.69663,110.821226,3,0.5,63.57
19270,-2.69663,110.824595,1,0.5,63.57
19271,-2.69663,110.827964,1,0.5,63.57
19272,-2.69663,110.831333,1,0.5,63.57
19273,-2.699999,110.329399,1,0.5,3.92
19274,-2.699999,110.332768,1,0.5,3.92
19275,-2.699999,110.336136,1,0.5,3.92
19276,-2.699999,110.342874,1,0.5,27.88
19277,-2.699999,110.346242,1,0.5,27.88
19278,-2.699999,110.349611,1,0.5,10.01
19279,-2.699999,110.35298,1,0.5,10.01
19280,-2.699999,110.356348,1,0.5,10.01
19281,-2.699999,110.379929,1,0.5,5.51
19282,-2.699999,110.383298,1,0.5,5.51
19283,-2.699999,110.386666,2,0.5,5.67
19284,-2.699999,110.390035,1,0.5,5.67
19285,-2.699999,110.393404,1,0.5,5.67
19286,-2.699999,110.400141,1,0.5,3.29
19287,-2.699999,110.40351,1,0.5,3.29
19288,-2.699999,110.406879,1,0.5,3.29
19289,-2.699999,110.410247,1,0.5,3.29
19290,-2.699999,110.413616,1,0.5,2.58
19291,-2.699999,110.416985,1,0.5,7.41
19292,-2.699999,110.420353,1,0.5,7.41
19293,-2.699999,110.423722,1,0.5,7.41
19294,-2.699999,110.427091,1,0.5,7.77
19295,-2.699999,110.430459,1,0.5,7.77
19296,-2.699999,110.494464,1,0.5,0.67
19297,-2.699999,110.497833,2,0.75,13.6
19298,-2.699999,110.501202,2,0.75,13.6
19299,-2.699999,110.50457,1,1.0,13.6
19300,-2.699999,110.774065,1,0.5,4.67
19301,-2.699999,110.777434,1,0.5,4.67
19302,-2.699999,110.814489,1,0.5,5.09
19303,-2.699999,110.817858,1,0.5,5.09
19304,-2.699999,110.821226,1,0.5,5.09
19305,-2.703368,110.312555,1,0.5,5.74
19306,-2.703368,110.315924,1,0.5,5.74
19307,-2.703368,110.319293,1,0.5,5.74
19308,-2.703368,110.322661,1,0.5,7.02
19309,-2.703368,110.32603,1,0.5,7.02
19310,-2.703368,110.329399,2,0.5,7.02
19311,-2.703368,110.332768,1,0.5,3.92
19312,-2.703368,110.336136,1,0.5,3.92
19313,-2.703368,110.342874,1,0.5,27.88
19314,-2.703368,110.346242,1,0.5,27.88
19315,-2.703368,110.349611,1,0.5,10.01
19316,-2.703368,110.35298,1,0.5,10.01
19317,-2.703368,110.356348,1,0.5,10.01
19318,-2.703368,110.386666,1,0.5,5.67
19319,-2.703368,110.390035,1,0.5,5.67
19320,-2.703368,110.393404,1,0.5,5.67
19321,-2.703368,110.400141,1,0.5,3.29
19322,-2.703368,110.40351,1,0.5,3.29
19323,-2.703368,110.406879,1,0.5,3.29
19324,-2.703368,110.410247,1,0.5,3.29
19325,-2.703368,110.413616,1,0.5,2.58
19326,-2.703368,110.416985,1,0.5,7.41
19327,-2.703368,110.420353,1,0.5,7.41
19328,-2.703368,110.423722,1,0.5,7.41
19329,-2.703368,110.497833,1,0.5,0.67
19330,-2.703368,110.501202,2,0.75,13.6
19331,-2.703368,110.50457,2,0.75,13.6
19332,-2.703368,110.507939,1,1.0,13.6
19333,-2.703368,110.774065,1,0.5,4.67
19334,-2.703368,110.777434,1,0.5,4.67
19335,-2.703368,110.814489,1,0.5,5.09
19336,-2.703368,110.817858,1,0.5,5.09
19337,-2.703368,110.821226,1,0.5,5.09
19338,-2.706736,110.309187,1,0.5,5.28
19339,-2.706736,110.312555,1,0.5,5.28
19340,-2.706736,110.315924,1,0.5,5.28
19341,-2.706736,110.319293,1,0.5,5.74
19342,-2.706736,110.322661,1,0.5,7.02
19343,-2.706736,110.32603,1,0.5,7.02
19344,-2.706736,110.329399,2,0.5,7.02
19345,-2.706736,110.332768,1,0.5,3.92
19346,-2.706736,110.336136,1,0.5,3.92
19347,-2.706736,110.342874,1,0.5,10.01
19348,-2.706736,110.346242,1,0.5,10.01
19349,-2.706736,110.349611,1,0.5,10.01
19350,-2.706736,110.35298,1,0.5,10.01
19351,-2.706736,110.356348,1,0.5,10.01
19352,-2.706736,110.359717,1,0.5,10.01
19353,-2.706736,110.393404,1,0.5,2.61
19354,-2.706736,110.396773,1,0.5,2.61
19355,-2.706736,110.416985,1,0.5,2.58
19356,-2.706736,110.420353,1,0.5,2.58
19357,-2.706736,110.491096,1,0.5,4.21
19358,-2.706736,110.494464,1,0.5,4.21
19359,-2.706736,110.534888,1,0.5,4.76
19360,-2.706736,110.538257,1,0.5,4.76
19361,-2.706736,110.541626,1,0.5,4.76
19362,-2.710105,110.312555,1,0.5,5.28
19363,-2.710105,110.315924,1,0.5,5.28
19364,-2.710105,110.319293,1,0.5,5.28
19365,-2.710105,110.322661,1,0.5,5.74
19366,-2.710105,110.32603,1,0.5,7.02
19367,-2.710105,110.329399,1,0.5,11.43
19368,-2.710105,110.332768,1,0.5,11.43
19369,-2.710105,110.336136,1,0.5,11.43
19370,-2.710105,110.491096,1,0.5,4.21
19371,-2.710105,110.494464,1,0.5,4.21
19372,-2.710105,110.528151,1,0.5,4.65
19373,-2.710105,110.53152,1,0.5,4.65
19374,-2.710105,110.534888,2,0.5,4.76
19375,-2.710105,110.538257,1,0.5,4.76
19376,-2.710105,110.541626,1,0.5,4.76
19377,-2.710105,110.797646,1,0.5,16.57
19378,-2.710105,110.801014,1,0.5,16.57
19379,-2.710105,110.804383,1,0.5,16.57
19380,-2.713474,110.312555,1,0.5,5.28
19381,-2.713474,110.315924,1,0.5,5.28
19382,-2.713474,110.319293,1,0.5,5.28
19383,-2.713474,110.32603,1,0.5,5.81
19384,-2.713474,110.329399,1,0.5,11.43
19385,-2.713474,110.332768,1,0.5,11.43
19386,-2.713474,110.336136,1,0.5,11.43
19387,-2.713474,110.339505,1,0.5,19.28
19388,-2.713474,110.342874,1,0.5,19.28
19389,-2.713474,110.491096,1,0.5,4.21
19390,-2.713474,110.494464,1,0.5,4.21
19391,-2.713474,110.528151,1,0.5,4.65
19392,-2.713474,110.53152,1,0.5,4.65
19393,-2.713474,110.534888,1,0.5,4.65
19394,-2.713474,110.797646,1,0.5,16.57
19395,-2.713474,110.801014,1,0.5,16.57
19396,-2.713474,110.804383,1,0.5,16.57
19397,-2.713474,110.807752,1,0.5,3.71
19398,-2.713474,110.81112,1,0.5,3.71
19399,-2.713474,110.814489,1,0.5,3.71
19400,-2.716842,110.32603,1,0.5,5.81
19401,-2.716842,110.329399,1,0.5,11.43
19402,-2.716842,110.332768,1,0.5,11.43
19403,-2.716842,110.336136,1,1.0,19.28
19404,-2.716842,110.339505,1,1.0,19.28
19405,-2.716842,110.342874,2,0.75,20.25
19406,-2.716842,110.346242,1,0.5,20.25
19407,-2.716842,110.349611,1,0.5,20.25
19408,-2.716842,110.416985,1,0.5,6.57
19409,-2.716842,110.420353,1,0.5,6.57
19410,-2.716842,110.423722,1,0.5,6.57
19411,-2.716842,110.528151,1,0.5,4.65
19412,-2.716842,110.53152,1,0.5,4.65
19413,-2.716842,110.534888,1,0.5,4.65
19414,-2.716842,110.807752,1,0.5,3.71
19415,-2.716842,110.81112,1,0.5,3.71
19416,-2.716842,110.814489,1,0.5,3.71
19417,-2.720211,110.32603,1,0.5,5.81
19418,-2.720211,110.329399,1,0.5,5.81
19419,-2.720211,110.332768,1,0.5,5.81
19420,-2.720211,110.336136,1,1.0,19.28
19421,-2.720211,110.339505,1,1.0,19.28
19422,-2.720211,110.342874,2,0.75,20.25
19423,-2.720211,110.346242,1,0.5,20.25
19424,-2.720211,110.349611,1,0.5,20.25
19425,-2.720211,110.413616,1,0.5,7.56
19426,-2.720211,110.416985,1,0.5,6.57
19427,-2.720211,110.420353,1,0.5,7.56
19428,-2.720211,110.423722,1,0.5,7.56
19429,-2.720211,110.427091,1,0.5,7.56
19430,-2.720211,110.474252,1,0.5,6.24
19431,-2.720211,110.477621,1,0.5,6.24
19432,-2.720211,110.81112,1,0.5,5.34
19433,-2.720211,110.814489,1,0.5,5.34
19434,-2.72358,110.299081,1,0.5,13.45
19435,-2.72358,110.302449,1,0.5,13.45
19436,-2.72358,110.305818,1,0.5,13.45
19437,-2.72358,110.332768,1,0.5,15.3
19438,-2.72358,110.336136,2,0.75,19.28
19439,-2.72358,110.339505,2,0.75,19.28
19440,-2.72358,110.342874,2,0.75,20.25
19441,-2.72358,110.346242,1,0.5,20.25
19442,-2.72358,110.349611,1,0.5,20.25
19443,-2.72358,110.413616,1,0.5,7.56
19444,-2.72358,110.416985,1,0.5,6.57
19445,-2.72358,110.420353,1,0.5,7.56
19446,-2.72358,110.423722,1,0.5,7.56
19447,-2.72358,110.427091,1,0.5,7.56
19448,-2.72358,110.474252,1,0.5,6.24
19449,-2.72358,110.477621,1,0.5,6.24
19450,-2.72358,110.81112,1,0.5,5.34
19451,-2.72358,110.814489,1,0.5,5.34
19452,-2.72358,110.817858,1,0.5,4.22
19453,-2.726948,110.299081,1,0.5,13.45
19454,-2.726948,110.302449,1,0.5,13.45
19455,-2.726948,110.305818,1,0.5,13.45
19456,-2.726948,110.332768,1,0.5,15.3
19457,-2.726948,110.336136,1,0.5,15.3
19458,-2.726948,110.339505,1,0.5,15.3
19459,-2.726948,110.342874,1,0.5,20.25
19460,-2.726948,110.346242,1,0.5,20.25
19461,-2.726948,110.349611,1,0.5,20.25
19462,-2.726948,110.413616,1,0.5,7.56
19463,-2.726948,110.416985,1,0.5,7.56
19464,-2.726948,110.420353,1,0.5,7.56
19465,-2.726948,110.423722,1,0.5,7.56
19466,-2.726948,110.427091,1,0.5,7.56
19467,-2.726948,110.474252,1,0.5,6.24
19468,-2.726948,110.477621,1,0.5,6.24
19469,-2.726948,110.78754,1,0.5,51.91
19470,-2.726948,110.790908,1,0.5,51.91
19471,-2.726948,110.794277,1,1.0,51.91
19472,-2.726948,110.797646,1,1.0,51.91
19473,-2.726948,110.801014,1,1.0,51.91
19474,-2.726948,110.81112,1,0.5,5.34
19475,-2.726948,110.814489,1,0.5,5.34
19476,-2.726948,110.817858,1,0.5,4.22
19477,-2.726948,110.865019,1,0.5,6.23
19478,-2.726948,110.868388,1,0.5,6.23
19479,-2.730317,110.117172,1,0.5,4.85
19480,-2.730317,110.120541,1,0.5,4.85
19481,-2.730317,110.123909,1,0.5,4.85
19482,-2.730317,110.127278,1,0.5,4.85
19483,-2.730317,110.299081,1,0.5,13.45
19484,-2.730317,110.302449,1,0.5,13.45
19485,-2.730317,110.305818,1,0.5,13.45
19486,-2.730317,110.332768,1,0.5,15.3
19487,-2.730317,110.336136,1,0.5,15.3
19488,-2.730317,110.339505,1,0.5,15.3
19489,-2.730317,110.342874,1,0.5,11.46
19490,-2.730317,110.346242,1,0.5,11.46
19491,-2.730317,110.349611,1,0.5,11.46
19492,-2.730317,110.78754,1,0.5,51.91
19493,-2.730317,110.790908,1,0.5,51.91
19494,-2.730317,110.794277,1,1.0,51.91
19495,-2.730317,110.797646,1,1.0,51.91
19496,-2.730317,110.801014,1,1.0,51.91
19497,-2.730317,110.81112,1,0.5,4.22
19498,-2.730317,110.814489,1,0.5,4.22
19499,-2.730317,110.817858,1,0.5,4.22
19500,-2.730317,110.865019,1,0.5,6.23
19501,-2.730317,110.868388,1,0.5,6.23
19502,-2.733686,110.117172,1,0.5,4.85
19503,-2.733686,110.120541,1,0.5,4.85
19504,-2.733686,110.123909,1,0.5,4.85
19505,-2.733686,110.305818,1,0.5,7.77
19506,-2.733686,110.309187,1,0.5,7.77
19507,-2.733686,110.312555,1,0.5,5.34
19508,-2.733686,110.332768,1,0.5,15.91
19509,-2.733686,110.336136,1,0.5,15.91
19510,-2.733686,110.339505,1,0.5,15.91
19511,-2.733686,110.342874,1,0.5,11.46
19512,-2.733686,110.346242,1,0.5,11.46
19513,-2.733686,110.349611,1,0.5,11.46
19514,-2.733686,110.35298,1,0.5,8.75
19515,-2.733686,110.356348,1,0.5,8.75
19516,-2.733686,110.437197,1,0.5,0.65
19517,-2.733686,110.440565,1,0.5,0.65
19518,-2.733686,110.790908,1,0.5,51.91
19519,-2.733686,110.794277,1,0.5,51.91
19520,-2.733686,110.797646,1,1.0,51.91
19521,-2.733686,110.801014,1,1.0,51.91
19522,-2.733686,110.804383,1,1.0,51.91
19523,-2.733686,110.814489,1,0.5,1.19
19524,-2.733686,110.817858,1,0.5,1.19
19525,-2.733686,110.868388,1,0.5,6.23
19526,-2.733686,110.871757,1,0.5,6.23
19527,-2.737054,110.063273,1,0.5,3.12
19528,-2.737054,110.066642,1,0.5,3.12
19529,-2.737054,110.117172,1,0.5,4.85
19530,-2.737054,110.120541,1,0.5,4.85
19531,-2.737054,110.123909,1,0.5,4.85
19532,-2.737054,110.305818,1,0.5,7.77
19533,-2.737054,110.309187,1,0.5,7.77
19534,-2.737054,110.312555,1,0.5,5.34
19535,-2.737054,110.349611,1,0.5,8.75
19536,-2.737054,110.35298,1,0.5,8.75
19537,-2.737054,110.356348,1,0.5,8.75
19538,-2.737054,110.437197,1,0.5,0.65
19539,-2.737054,110.440565,1,0.5,0.65
19540,-2.737054,110.518045,1,0.5,1.42
19541,-2.737054,110.521414,1,0.5,1.42
19542,-2.737054,110.524782,1,0.5,1.42
19543,-2.737054,110.797646,1,0.5,31.34
19544,-2.737054,110.801014,1,0.5,31.34
19545,-2.737054,110.804383,1,0.5,31.34
19546,-2.737054,110.814489,1,0.5,13.68
19547,-2.737054,110.817858,1,0.5,13.68
19548,-2.740423,110.063273,1,0.5,5.98
19549,-2.740423,110.066642,1,0.5,5.98
19550,-2.740423,110.305818,1,0.5,7.77
19551,-2.740423,110.309187,1,0.5,7.77
19552,-2.740423,110.312555,1,0.5,5.34
19553,-2.740423,110.437197,1,0.5,0.65
19554,-2.740423,110.440565,1,0.5,0.65
19555,-2.740423,110.521414,1,0.5,1.42
19556,-2.740423,110.524782,1,0.5,1.42
19557,-2.740423,110.528151,1,0.5,1.42
19558,-2.740423,110.797646,1,0.5,31.34
19559,-2.740423,110.801014,1,0.5,31.34
19560,-2.740423,110.804383,1,0.5,31.34
19561,-2.743792,110.063273,1,0.5,5.98
19562,-2.743792,110.066642,1,0.5,5.98
19563,-2.743792,110.521414,1,0.5,1.42
19564,-2.743792,110.524782,1,0.5,1.42
19565,-2.743792,110.528151,1,0.5,1.42
19566,-2.743792,110.53152,1,0.5,1.36
19567,-2.743792,110.797646,1,0.5,31.34
19568,-2.743792,110.801014,1,0.5,31.34
19569,-2.743792,110.804383,1,0.5,31.34
19570,-2.74716,110.494464,1,0.5,2.88
19571,-2.74716,110.497833,1,0.5,2.88
19572,-2.74716,110.501202,1,0.5,2.88
19573,-2.74716,110.521414,1,0.5,1.42
19574,-2.74716,110.524782,1,0.5,1.42
19575,-2.74716,110.528151,1,0.5,1.42
19576,-2.74716,110.53152,1,0.5,1.02
19577,-2.74716,110.814489,1,0.5,5.84
19578,-2.74716,110.817858,1,0.5,5.84
19579,-2.74716,110.821226,1,0.5,5.84
19580,-2.750529,110.420353,1,0.5,6.9
19581,-2.750529,110.423722,1,0.5,6.9
19582,-2.750529,110.427091,1,0.5,6.9
19583,-2.750529,110.430459,1,0.5,6.9
19584,-2.750529,110.457409,1,0.5,5.1
19585,-2.750529,110.460777,1,0.5,5.1
19586,-2.750529,110.464146,1,0.5,5.1
19587,-2.750529,110.494464,1,0.5,2.88
19588,-2.750529,110.497833,1,0.5,2.88
19589,-2.750529,110.501202,1,0.5,2.88
19590,-2.750529,110.521414,1,0.5,1.66
19591,-2.750529,110.524782,1,0.5,1.66
19592,-2.750529,110.528151,1,0.5,1.66
19593,-2.750529,110.53152,1,0.5,1.02
19594,-2.750529,110.814489,1,0.5,5.84
19595,-2.750529,110.817858,1,0.5,5.84
19596,-2.750529,110.821226,1,0.5,5.84
19597,-2.750529,110.824595,1,1.0,10.27
19598,-2.750529,110.827964,1,1.0,10.27
19599,-2.753898,110.416985,1,0.5,8.08
19600,-2.753898,110.420353,1,0.5,6.9
19601,-2.753898,110.423722,1,0.5,6.9
19602,-2.753898,110.427091,1,0.5,6.9
19603,-2.753898,110.430459,1,0.5,6.9
19604,-2.753898,110.433828,1,0.5,10.51
19605,-2.753898,110.437197,1,0.5,10.51
19606,-2.753898,110.440565,1,0.5,10.51
19607,-2.753898,110.457409,1,0.5,5.1
19608,-2.753898,110.460777,1,0.5,5.1
19609,-2.753898,110.464146,1,0.5,5.1
19610,-2.753898,110.494464,1,0.5,2.88
19611,-2.753898,110.497833,1,0.5,2.88
19612,-2.753898,110.501202,1,0.5,2.88
19613,-2.753898,110.814489,1,0.5,5.84
19614,-2.753898,110.817858,1,0.5,5.84
19615,-2.753898,110.821226,1,0.5,5.84
19616,-2.753898,110.824595,1,1.0,10.27
19617,-2.753898,110.827964,1,1.0,10.27
19618,-2.757266,110.416985,1,0.5,8.08
19619,-2.757266,110.420353,1,0.5,6.9
19620,-2.757266,110.423722,1,0.5,6.9
19621,-2.757266,110.427091,1,0.5,6.9
19622,-2.757266,110.430459,1,0.5,6.9
19623,-2.757266,110.433828,1,0.5,10.51
19624,-2.757266,110.437197,1,0.5,10.51
19625,-2.757266,110.440565,1,0.5,10.51
19626,-2.757266,110.457409,1,0.5,12.95
19627,-2.757266,110.460777,1,0.5,12.95
19628,-2.757266,110.464146,1,0.5,12.95
19629,-2.757266,110.494464,1,0.5,6.37
19630,-2.757266,110.497833,1,0.5,6.37
19631,-2.757266,110.511308,1,0.5,3.46
19632,-2.757266,110.514676,1,0.5,3.46
19633,-2.757266,110.518045,1,0.5,3.46
19634,-2.757266,110.801014,1,0.5,3.77
19635,-2.757266,110.804383,1,0.5,3.77
19636,-2.757266,110.807752,1,0.5,3.77
19637,-2.757266,110.824595,1,1.0,10.27
19638,-2.757266,110.827964,1,1.0,10.27
19639,-2.760635,110.416985,1,0.5,8.08
19640,-2.760635,110.420353,1,0.5,8.08
19641,-2.760635,110.423722,1,0.5,8.08
19642,-2.760635,110.427091,1,0.5,8.08
19643,-2.760635,110.433828,1,0.5,10.51
19644,-2.760635,110.437197,1,0.5,10.51
19645,-2.760635,110.440565,1,0.5,10.51
19646,-2.760635,110.457409,1,0.5,12.95
19647,-2.760635,110.460777,1,0.5,12.95
19648,-2.760635,110.464146,1,0.5,12.95
19649,-2.760635,110.494464,1,0.5,6.37
19650,-2.760635,110.497833,1,0.5,6.37
19651,-2.760635,110.511308,1,0.5,3.46
19652,-2.760635,110.514676,1,0.5,3.46
19653,-2.760635,110.518045,1,0.5,3.46
19654,-2.760635,110.524782,1,0.5,4.38
19655,-2.760635,110.528151,1,0.5,4.38
19656,-2.760635,110.53152,1,0.5,4.38
19657,-2.760635,110.797646,1,0.5,3.77
19658,-2.760635,110.801014,1,0.5,3.77
19659,-2.760635,110.804383,1,0.5,3.77
19660,-2.760635,110.807752,1,0.5,3.77
19661,-2.760635,110.912181,1,0.5,1.95
19662,-2.760635,110.91555,1,0.5,7.45
19663,-2.760635,110.918918,1,0.5,7.45
19664,-2.760635,110.922287,1,0.5,7.45
19665,-2.760635,110.925656,1,0.5,4.52
19666,-2.764004,110.379929,1,1.0,6.99
19667,-2.764004,110.383298,1,1.0,6.99
19668,-2.764004,110.386666,1,1.0,6.99
19669,-2.764004,110.457409,1,0.5,12.95
19670,-2.764004,110.460777,1,0.5,12.95
19671,-2.764004,110.464146,1,0.5,12.95
19672,-2.764004,110.511308,1,0.5,3.46
19673,-2.764004,110.514676,1,0.5,3.46
19674,-2.764004,110.518045,2,0.5,4.07
19675,-2.764004,110.521414,1,0.5,4.07
19676,-2.764004,110.524782,1,0.5,4.38
19677,-2.764004,110.528151,1,0.5,4.38
19678,-2.764004,110.53152,1,0.5,4.38
19679,-2.764004,110.797646,1,0.5,3.77
19680,-2.764004,110.801014,1,0.5,3.77
19681,-2.764004,110.804383,1,0.5,3.77
19682,-2.764004,110.807752,1,0.5,3.77
19683,-2.764004,110.912181,1,0.5,1.95
19684,-2.764004,110.91555,1,0.5,7.45
19685,-2.764004,110.918918,1,0.5,7.45
19686,-2.764004,110.922287,1,0.5,7.45
19687,-2.764004,110.925656,1,0.5,4.52
19688,-2.767373,110.379929,1,1.0,6.99
19689,-2.767373,110.383298,1,1.0,6.99
19690,-2.767373,110.386666,1,1.0,6.99
19691,-2.767373,110.457409,1,0.5,12.95
19692,-2.767373,110.460777,1,0.5,12.95
19693,-2.767373,110.464146,1,0.5,12.95
19694,-2.767373,110.518045,1,0.5,4.07
19695,-2.767373,110.521414,1,0.5,4.07
19696,-2.767373,110.524782,1,0.5,4.38
19697,-2.767373,110.528151,1,0.5,4.38
19698,-2.767373,110.53152,1,0.5,4.38
19699,-2.767373,110.797646,1,0.5,3.77
19700,-2.767373,110.801014,1,0.5,3.77
19701,-2.767373,110.804383,1,0.5,3.77
19702,-2.767373,110.807752,1,0.5,3.77
19703,-2.767373,110.91555,1,0.5,1.95
19704,-2.767373,110.918918,1,0.5,1.95
19705,-2.767373,110.922287,1,0.5,1.95
19706,-2.767373,110.925656,1,0.5,4.52
19707,-2.767373,110.929024,1,0.5,4.52
19708,-2.770741,110.379929,1,1.0,6.99
19709,-2.770741,110.383298,1,1.0,6.99
19710,-2.770741,110.386666,1,1.0,6.99
19711,-2.770741,110.474252,1,0.5,5.65
19712,-2.770741,110.477621,1,0.5,5.65
19713,-2.770741,110.48099,1,0.5,5.65
19714,-2.770741,110.484358,1,0.5,4.95
19715,-2.770741,110.875125,1,0.5,0.91
19716,-2.770741,110.878494,1,0.5,0.91
19717,-2.770741,110.881863,1,0.5,0.91
19718,-2.77411,110.474252,1,0.5,5.65
19719,-2.77411,110.477621,1,0.5,5.65
19720,-2.77411,110.48099,1,0.5,5.65
19721,-2.77411,110.484358,1,0.5,4.95
19722,-2.77411,110.834701,1,0.5,8.57
19723,-2.77411,110.83807,1,0.5,8.57
19724,-2.77411,110.841439,1,0.5,8.57
19725,-2.77411,110.844807,1,0.5,8.57
19726,-2.77411,110.875125,1,0.5,1.61
19727,-2.77411,110.878494,1,0.5,1.61
19728,-2.77411,110.881863,1,0.5,1.61
19729,-2.777479,110.413616,1,0.5,3.94
19730,-2.777479,110.416985,1,0.5,3.94
19731,-2.777479,110.477621,1,0.5,5.65
19732,-2.777479,110.48099,1,0.5,5.65
19733,-2.777479,110.484358,1,0.5,5.65
19734,-2.777479,110.487727,1,0.5,4.95
19735,-2.777479,110.834701,1,0.5,6.42
19736,-2.777479,110.83807,1,0.5,6.42
19737,-2.777479,110.841439,1,0.5,6.42
19738,-2.777479,110.844807,1,0.5,6.42
19739,-2.777479,110.875125,1,0.5,1.61
19740,-2.777479,110.878494,1,0.5,1.61
19741,-2.777479,110.881863,1,0.5,1.61
19742,-2.780847,110.416985,1,0.5,3.94
19743,-2.780847,110.420353,1,0.5,3.94
19744,-2.780847,110.474252,1,0.5,2.98
19745,-2.780847,110.477621,1,0.5,5.9
19746,-2.780847,110.48099,2,0.5,31.45
19747,-2.780847,110.484358,2,0.5,31.45
19748,-2.780847,110.487727,1,0.5,31.45
19749,-2.780847,110.491096,1,0.5,31.45
19750,-2.780847,110.834701,1,0.5,6.42
19751,-2.780847,110.83807,1,0.5,6.42
19752,-2.780847,110.841439,2,0.5,6.42
19753,-2.780847,110.844807,2,0.5,6.42
19754,-2.780847,110.848176,1,0.5,4.31
19755,-2.780847,110.875125,1,0.5,1.61
19756,-2.780847,110.878494,1,0.5,1.61
19757,-2.780847,110.881863,1,0.5,1.61
19758,-2.784216,110.474252,1,0.5,2.98
19759,-2.784216,110.477621,1,0.5,5.9
19760,-2.784216,110.48099,2,0.5,31.45
19761,-2.784216,110.484358,2,0.5,31.45
19762,-2.784216,110.487727,1,0.5,31.45
19763,-2.784216,110.491096,1,0.5,31.45
19764,-2.784216,110.834701,2,0.5,7.82
19765,-2.784216,110.83807,2,0.5,9.2
19766,-2.784216,110.841439,2,0.5,9.2
19767,-2.784216,110.844807,2,0.5,9.2
19768,-2.784216,110.848176,1,0.5,4.31
19769,-2.787585,110.346242,1,0.5,3.46
19770,-2.787585,110.349611,1,0.5,3.46
19771,-2.787585,110.35298,1,0.5,3.46
19772,-2.787585,110.474252,1,0.5,2.98
19773,-2.787585,110.477621,1,0.5,4.87
19774,-2.787585,110.48099,2,0.5,31.45
19775,-2.787585,110.484358,2,0.5,31.45
19776,-2.787585,110.487727,1,0.5,31.45
19777,-2.787585,110.834701,1,0.5,7.82
19778,-2.787585,110.83807,1,0.5,9.2
19779,-2.787585,110.841439,1,0.5,9.2
19780,-2.787585,110.844807,1,0.5,9.2
19781,-2.787585,110.848176,1,0.5,3.72
19782,-2.790953,110.295712,1,0.5,7.41
19783,-2.790953,110.299081,1,0.5,11.65
19784,-2.790953,110.302449,1,0.5,11.65
19785,-2.790953,110.305818,1,0.5,11.65
19786,-2.790953,110.346242,1,0.5,3.46
19787,-2.790953,110.349611,1,0.5,3.46
19788,-2.790953,110.35298,1,0.5,3.46
19789,-2.790953,110.834701,1,0.5,7.82
19790,-2.790953,110.83807,1,0.5,9.2
19791,-2.790953,110.841439,1,0.5,9.2
19792,-2.790953,110.844807,1,0.5,9.2
19793,-2.790953,110.848176,1,0.5,3.72
19794,-2.794322,110.295712,1,0.5,7.41
19795,-2.794322,110.299081,1,0.5,11.65
19796,-2.794322,110.302449,1,0.5,11.65
19797,-2.794322,110.305818,1,0.5,11.65
19798,-2.794322,110.346242,1,0.5,3.46
19799,-2.794322,110.349611,1,0.5,3.46
19800,-2.794322,110.35298,1,0.5,3.46
19801,-2.794322,110.834701,1,0.5,2.86
19802,-2.794322,110.83807,1,0.5,2.86
19803,-2.794322,110.841439,1,0.5,2.86
19804,-2.797691,110.295712,1,0.5,7.41
19805,-2.797691,110.299081,1,0.5,7.41
19806,-2.797691,110.302449,1,0.5,7.41
19807,-2.797691,110.420353,1,0.5,5.18
19808,-2.797691,110.423722,1,0.5,5.18
19809,-2.797691,110.427091,1,0.5,5.18
19810,-2.797691,110.83807,1,0.5,6.34
19811,-2.797691,110.841439,1,0.5,6.34
19812,-2.797691,110.844807,1,0.5,6.34
19813,-2.797691,110.848176,1,0.5,6.86
19814,-2.801059,110.309187,1,0.5,3.89
19815,-2.801059,110.312555,1,0.5,3.89
19816,-2.801059,110.315924,1,0.5,3.89
19817,-2.801059,110.420353,1,0.5,5.18
19818,-2.801059,110.423722,1,0.5,5.18
19819,-2.801059,110.427091,1,0.5,5.18
19820,-2.801059,110.497833,1,0.5,21.65
19821,-2.801059,110.501202,1,0.5,21.65
19822,-2.801059,110.50457,1,0.5,21.65
19823,-2.801059,110.83807,1,0.5,6.34
19824,-2.801059,110.841439,1,0.5,6.34
19825,-2.801059,110.844807,1,0.5,6.34
19826,-2.801059,110.848176,1,0.5,6.86
19827,-2.804428,110.309187,1,0.5,3.89
19828,-2.804428,110.312555,1,0.5,3.89
19829,-2.804428,110.315924,1,0.5,3.89
19830,-2.804428,110.420353,1,0.5,5.18
19831,-2.804428,110.423722,1,0.5,5.18
19832,-2.804428,110.427091,1,0.5,5.18
19833,-2.804428,110.497833,1,0.5,21.65
19834,-2.804428,110.501202,1,0.5,21.65
19835,-2.804428,110.50457,1,0.5,21.65
19836,-2.804428,110.841439,1,0.5,6.34
19837,-2.804428,110.844807,1,0.5,6.34
19838,-2.804428,110.848176,1,0.5,6.34
19839,-2.804428,110.851545,1,0.5,6.86
19840,-2.807797,110.497833,1,0.5,21.65
19841,-2.807797,110.501202,1,0.5,21.65
19842,-2.807797,110.50457,1,0.5,21.65
19843,-2.807797,110.844807,1,0.5,6.86
19844,-2.807797,110.848176,1,0.5,6.86
19845,-2.807797,110.851545,1,0.5,6.86
19846,-2.811165,110.265394,1,0.5,3.07
19847,-2.811165,110.268763,1,0.5,3.07
19848,-2.811165,110.272131,1,0.5,3.07
19849,-2.811165,110.477621,1,0.5,4.65
19850,-2.811165,110.48099,2,0.5,19.84
19851,-2.811165,110.484358,2,0.5,19.84
19852,-2.811165,110.497833,1,0.5,10.0
19853,-2.811165,110.501202,1,0.5,10.0
19854,-2.811165,110.50457,1,0.5,10.0
19855,-2.814534,110.265394,1,0.5,3.07
19856,-2.814534,110.268763,1,0.5,3.07
19857,-2.814534,110.272131,1,0.5,3.07
19858,-2.814534,110.48099,1,0.5,4.65
19859,-2.814534,110.484358,2,0.5,19.84
19860,-2.814534,110.487727,2,0.5,19.84
19861,-2.814534,110.518045,1,0.5,5.34
19862,-2.814534,110.521414,1,0.5,5.34
19863,-2.814534,110.524782,1,0.5,5.34
19864,-2.817903,110.262025,1,0.5,3.33
19865,-2.817903,110.265394,1,0.5,3.33
19866,-2.817903,110.268763,1,0.5,11.34
19867,-2.817903,110.272131,1,0.5,11.34
19868,-2.817903,110.2755,1,0.5,11.34
19869,-2.817903,110.484358,1,0.5,19.84
19870,-2.817903,110.487727,1,0.5,19.84
19871,-2.817903,110.494464,1,0.5,3.73
19872,-2.817903,110.497833,1,0.5,3.73
19873,-2.817903,110.501202,1,0.5,3.73
19874,-2.817903,110.514676,1,0.5,3.98
19875,-2.817903,110.518045,1,0.5,5.34
19876,-2.817903,110.521414,1,0.5,5.34
19877,-2.817903,110.524782,1,0.5,5.34
19878,-2.817903,110.528151,1,0.5,5.9
19879,-2.821271,110.265394,1,0.5,4.15
19880,-2.821271,110.268763,1,0.5,4.15
19881,-2.821271,110.272131,1,0.5,4.15
19882,-2.821271,110.2755,1,0.5,11.34
19883,-2.821271,110.309187,1,0.5,4.65
19884,-2.821271,110.312555,1,0.5,4.65
19885,-2.821271,110.315924,1,0.5,4.65
19886,-2.821271,110.457409,1,0.5,3.58
19887,-2.821271,110.460777,1,0.5,3.58
19888,-2.821271,110.464146,1,0.5,3.58
19889,-2.821271,110.484358,1,0.5,19.84
19890,-2.821271,110.487727,1,0.5,19.84
19891,-2.821271,110.494464,1,0.5,3.73
19892,-2.821271,110.497833,1,0.5,3.73
19893,-2.821271,110.501202,1,0.5,3.73
19894,-2.821271,110.514676,1,0.5,3.98
19895,-2.821271,110.518045,1,0.5,5.34
19896,-2.821271,110.521414,1,0.5,5.34
19897,-2.821271,110.524782,1,0.5,5.34
19898,-2.821271,110.528151,1,0.5,5.9
19899,-2.82464,110.265394,1,0.5,4.15
19900,-2.82464,110.268763,1,0.5,6.29
19901,-2.82464,110.272131,1,0.5,6.29
19902,-2.82464,110.2755,1,0.5,11.34
19903,-2.82464,110.309187,1,0.5,4.65
19904,-2.82464,110.312555,1,0.5,4.65
19905,-2.82464,110.315924,1,0.5,4.65
19906,-2.82464,110.35298,1,0.5,3.88
19907,-2.82464,110.356348,1,0.5,3.88
19908,-2.82464,110.359717,1,0.5,3.88
19909,-2.82464,110.457409,1,0.5,3.58
19910,-2.82464,110.460777,1,0.5,3.58
19911,-2.82464,110.464146,1,0.5,3.58
19912,-2.82464,110.494464,1,0.5,3.73
19913,-2.82464,110.497833,1,0.5,3.73
19914,-2.82464,110.501202,1,0.5,3.73
19915,-2.82464,110.514676,1,0.5,3.98
19916,-2.82464,110.518045,1,0.5,3.98
19917,-2.82464,110.521414,2,0.5,4.87
19918,-2.82464,110.524782,1,0.5,4.87
19919,-2.82464,110.528151,1,0.5,4.87
19920,-2.828009,110.265394,1,0.5,4.15
19921,-2.828009,110.268763,1,0.5,6.29
19922,-2.828009,110.272131,1,0.5,6.29
19923,-2.828009,110.309187,1,0.5,4.65
19924,-2.828009,110.312555,1,0.5,4.65
19925,-2.828009,110.315924,1,0.5,4.65
19926,-2.828009,110.35298,1,0.5,3.88
19927,-2.828009,110.356348,1,0.5,3.88
19928,-2.828009,110.359717,1,0.5,3.88
19929,-2.828009,110.521414,1,0.5,4.87
19930,-2.828009,110.524782,1,0.5,4.87
19931,-2.828009,110.528151,1,0.5,4.87
19932,-2.828009,110.538257,1,0.5,12.38
19933,-2.828009,110.541626,1,0.5,12.38
19934,-2.828009,110.544995,1,0.5,12.38
19935,-2.831377,110.268763,1,0.5,0.8
19936,-2.831377,110.272131,1,0.5,0.8
19937,-2.831377,110.2755,1,0.5,0.8
19938,-2.831377,110.278869,1,0.5,0.8
19939,-2.831377,110.282237,1,0.5,0.43
19940,-2.831377,110.285606,1,0.5,0.43
19941,-2.831377,110.288975,1,0.5,0.43
19942,-2.831377,110.309187,1,0.5,4.65
19943,-2.831377,110.312555,2,0.5,6.37
19944,-2.831377,110.315924,2,0.5,6.37
19945,-2.831377,110.35298,1,0.5,3.88
19946,-2.831377,110.356348,1,0.5,3.88
19947,-2.831377,110.359717,1,0.5,3.88
19948,-2.831377,110.494464,1,0.5,3.95
19949,-2.831377,110.497833,1,0.5,3.95
19950,-2.831377,110.501202,1,0.5,3.95
19951,-2.831377,110.521414,1,0.5,4.87
19952,-2.831377,110.524782,1,0.5,4.87
19953,-2.831377,110.528151,1,0.5,4.87
19954,-2.831377,110.538257,1,0.5,12.38
19955,-2.831377,110.541626,1,0.5,12.38
19956,-2.831377,110.544995,1,0.5,12.38
19957,-2.831377,110.568575,1,0.5,4.24
19958,-2.831377,110.571944,1,0.5,4.24
19959,-2.834746,110.268763,1,0.5,0.8
19960,-2.834746,110.272131,1,0.5,0.8
19961,-2.834746,110.2755,1,0.5,0.8
19962,-2.834746,110.278869,1,0.5,0.8
19963,-2.834746,110.282237,1,0.5,0.43
19964,-2.834746,110.285606,1,0.5,0.43
19965,-2.834746,110.288975,1,0.5,0.43
19966,-2.834746,110.312555,1,0.5,6.37
19967,-2.834746,110.315924,1,0.5,6.37
19968,-2.834746,110.494464,1,0.5,3.95
19969,-2.834746,110.497833,1,0.5,3.95
19970,-2.834746,110.501202,1,0.5,3.95
19971,-2.834746,110.521414,1,0.5,6.26
19972,-2.834746,110.524782,1,0.5,6.26
19973,-2.834746,110.528151,1,0.5,6.26
19974,-2.834746,110.538257,1,0.5,12.38
19975,-2.834746,110.541626,1,0.5,12.38
19976,-2.834746,110.544995,1,0.5,12.38
19977,-2.834746,110.558469,1,0.5,3.5
19978,-2.834746,110.561838,1,0.5,3.5
19979,-2.834746,110.565207,1,0.5,3.5
19980,-2.834746,110.568575,1,0.5,4.24
19981,-2.834746,110.571944,1,0.5,4.24
19982,-2.838115,110.268763,1,0.5,0.8
19983,-2.838115,110.272131,1,0.5,0.8
19984,-2.838115,110.2755,1,0.5,0.8
19985,-2.838115,110.278869,1,0.5,0.8
19986,-2.838115,110.282237,1,0.5,0.43
19987,-2.838115,110.285606,1,0.5,0.43
19988,-2.838115,110.288975,1,0.5,0.43
19989,-2.838115,110.312555,1,0.5,6.37
19990,-2.838115,110.315924,1,0.5,6.37
19991,-2.838115,110.420353,1,0.5,36.59
19992,-2.838115,110.423722,1,0.5,36.59
19993,-2.838115,110.494464,1,0.5,3.95
19994,-2.838115,110.497833,1,0.5,3.95
19995,-2.838115,110.501202,1,0.5,3.95
19996,-2.838115,110.558469,1,0.5,3.5
19997,-2.838115,110.561838,1,0.5,3.5
19998,-2.838115,110.565207,1,0.5,3.5
19999,-2.841484,110.268763,1,0.5,0.8
20000,-2.841484,110.272131,1,0.5,0.8
20001,-2.841484,110.2755,1,0.5,0.8
20002,-2.841484,110.278869,1,0.5,0.8
20003,-2.841484,110.413616,1,0.5,6.06
20004,-2.841484,110.416985,1,0.5,6.06
20005,-2.841484,110.420353,1,0.5,6.06
20006,-2.841484,110.423722,1,0.5,36.59
20007,-2.841484,110.477621,1,0.5,4.95
20008,-2.841484,110.48099,1,0.5,4.95
20009,-2.841484,110.484358,1,0.5,4.95
20010,-2.841484,110.565207,1,0.5,3.5
20011,-2.844852,110.319293,1,0.5,8.59
20012,-2.844852,110.322661,1,0.5,8.59
20013,-2.844852,110.32603,1,0.5,8.59
20014,-2.844852,110.413616,1,0.5,6.06
20015,-2.844852,110.416985,1,0.5,6.06
20016,-2.844852,110.420353,1,0.5,36.59
20017,-2.844852,110.423722,1,0.5,36.59
20018,-2.844852,110.427091,1,0.5,36.59
20019,-2.844852,110.430459,1,0.5,36.59
20020,-2.844852,110.477621,2,0.5,4.95
20021,-2.844852,110.48099,2,0.5,4.95
20022,-2.844852,110.484358,2,0.5,4.95
20023,-2.848221,110.319293,1,0.5,8.59
20024,-2.848221,110.322661,1,0.5,8.59
20025,-2.848221,110.32603,1,0.5,8.59
20026,-2.848221,110.413616,1,0.5,6.06
20027,-2.848221,110.416985,1,0.5,6.06
20028,-2.848221,110.420353,1,0.5,36.59
20029,-2.848221,110.423722,1,0.5,36.59
20030,-2.848221,110.427091,1,0.5,36.59
20031,-2.848221,110.430459,1,0.5,36.59
20032,-2.848221,110.48099,2,0.5,4.95
20033,-2.848221,110.484358,2,0.5,4.95
20034,-2.848221,110.487727,2,0.5,4.95
20035,-2.848221,110.501202,1,0.5,5.09
20036,-2.848221,110.50457,1,0.5,5.09
20037,-2.848221,110.507939,1,0.5,5.09
20038,-2.85159,110.319293,1,0.5,8.59
20039,-2.85159,110.322661,1,0.5,8.59
20040,-2.85159,110.32603,1,0.5,8.59
20041,-2.85159,110.416985,1,0.5,6.06
20042,-2.85159,110.420353,1,0.5,6.06
20043,-2.85159,110.423722,1,0.5,36.59
20044,-2.85159,110.427091,1,0.5,36.59
20045,-2.85159,110.430459,1,0.5,36.59
20046,-2.85159,110.433828,1,0.5,2.29
20047,-2.85159,110.48099,1,0.5,1.96
20048,-2.85159,110.484358,1,0.5,1.96
20049,-2.85159,110.487727,1,0.5,1.96
20050,-2.85159,110.501202,1,0.5,5.09
20051,-2.85159,110.50457,1,0.5,5.09
20052,-2.85159,110.507939,1,0.5,5.09
20053,-2.854958,110.423722,1,0.5,2.29
20054,-2.854958,110.427091,1,0.5,2.29
20055,-2.854958,110.430459,1,0.5,2.29
20056,-2.854958,110.433828,1,0.5,2.29
20057,-2.854958,110.470884,1,0.5,4.27
20058,-2.854958,110.474252,1,0.5,4.27
20059,-2.854958,110.477621,1,0.5,4.27
20060,-2.854958,110.501202,1,0.5,5.09
20061,-2.854958,110.50457,1,0.5,5.09
20062,-2.854958,110.507939,1,0.5,5.09
20063,-2.858327,110.464146,1,0.5,5.5
20064,-2.858327,110.467515,1,0.5,5.5
20065,-2.858327,110.470884,1,0.5,5.5
20066,-2.858327,110.474252,1,0.5,4.27
20067,-2.858327,110.477621,1,0.5,4.27
20068,-2.861696,110.464146,1,0.5,5.5
20069,-2.861696,110.467515,1,0.5,5.5
20070,-2.861696,110.470884,1,0.5,5.5
20071,-2.861696,110.474252,1,0.5,4.27
20072,-2.861696,110.477621,1,0.5,4.27
20073,-2.865064,110.464146,1,0.5,5.5
20074,-2.865064,110.467515,1,0.5,5.5
20075,-2.865064,110.470884,1,0.5,5.5
20076,-2.878539,110.258657,1,0.5,6.03
20077,-2.878539,110.262025,1,0.5,6.03
20078,-2.878539,110.265394,1,0.5,6.03
20079,-2.881908,110.258657,1,0.5,6.03
20080,-2.881908,110.262025,1,0.5,6.03
20081,-2.881908,110.265394,1,0.5,6.03
20082,-2.885276,110.258657,1,0.5,6.03
20083,-2.885276,110.262025,1,0.5,6.03
20084,-2.885276,110.265394,1,0.5,6.03
20085,-2.892014,110.322661,1,0.5,11.51
20086,-2.892014,110.32603,1,0.5,11.51
20087,-2.892014,110.329399,1,0.5,11.51
20088,-2.892014,110.413616,1,0.5,7.52
20089,-2.892014,110.416985,1,0.5,7.52
20090,-2.892014,110.420353,1,0.5,7.52
20091,-2.895382,110.319293,1,0.5,16.09
20092,-2.895382,110.322661,1,0.5,16.09
20093,-2.895382,110.32603,1,0.5,16.09
20094,-2.895382,110.329399,1,0.5,16.09
20095,-2.895382,110.332768,1,0.5,16.09
20096,-2.895382,110.413616,1,0.5,7.52
20097,-2.895382,110.416985,1,0.5,7.52
20098,-2.895382,110.420353,1,0.5,7.52
20099,-2.898751,110.305818,1,0.5,8.5
20100,-2.898751,110.309187,1,0.5,8.5
20101,-2.898751,110.319293,1,0.5,16.09
20102,-2.898751,110.322661,1,0.5,11.51
20103,-2.898751,110.32603,1,0.5,11.51
20104,-2.898751,110.329399,1,0.5,11.51
20105,-2.898751,110.332768,1,0.5,16.09
20106,-2.898751,110.413616,1,0.5,7.52
20107,-2.898751,110.416985,1,0.5,7.52
20108,-2.90212,110.305818,1,0.5,8.5
20109,-2.90212,110.309187,1,0.5,8.5
20110,-2.90212,110.319293,1,0.5,16.09
20111,-2.90212,110.322661,1,0.5,11.51
20112,-2.90212,110.32603,1,0.5,11.51
20113,-2.90212,110.329399,1,0.5,11.51
20114,-2.90212,110.332768,1,0.5,16.09
20115,-2.905488,110.305818,1,0.5,8.5
20116,-2.905488,110.309187,1,0.5,8.5
20117,-2.905488,110.322661,1,0.5,11.51
20118,-2.905488,110.32603,1,0.5,11.51
20119,-2.905488,110.329399,1,0.5,11.51
20120,-2.915595,110.309187,1,0.5,15.44
20121,-2.915595,110.312555,1,0.5,15.44
20122,-2.915595,110.315924,1,0.5,15.44
20123,-2.918963,110.309187,1,0.5,15.44
20124,-2.918963,110.312555,1,0.5,15.44
20125,-2.918963,110.315924,1,0.5,15.44
20126,-2.959387,110.706691,1,0.5,3.96
20127,-2.959387,110.71006,1,0.5,3.96
20128,-2.959387,110.713429,1,0.5,3.96
20129,-2.959387,110.716797,1,0.5,8.34
20130,-2.959387,110.720166,1,0.5,8.34
20131,-2.959387,110.723535,1,0.5,8.34
20132,-2.962756,110.706691,1,0.5,3.96
20133,-2.962756,110.71006,1,0.5,3.96
20134,-2.962756,110.713429,1,0.5,3.96
20135,-2.962756,110.716797,1,0.5,8.34
20136,-2.962756,110.720166,1,0.5,8.34
20137,-2.962756,110.723535,1,0.5,8.34
20138,-2.966125,110.716797,1,0.5,8.34
20139,-2.966125,110.720166,1,0.5,8.34
20140,-2.966125,110.723535,1,0.5,8.34
20141,-2.996443,110.639318,1,0.5,4.3
20142,-2.996443,110.642686,1,0.5,4.3
20143,-2.999812,110.639318,1,0.5,4.3
20144,-2.999812,110.642686,1,0.5,4.3
20145,-3.00318,110.639318,1,0.5,4.3
20146,-3.00318,110.642686,1,0.5,4.3
